category,item_name,unit
RC・コンクリート工事,AE減水剤（1L）,L
RC・コンクリート工事,PC板（プレキャスト 1m2）,m2
RC・コンクリート工事,Uカット工法（1m）,m
RC・コンクリート工事,アラミド繊維シート補強（1㎡・材工込み）,㎡
RC・コンクリート工事,アンカーボルト（M12×600）,本
RC・コンクリート工事,アンカーボルト（M16×600）,本
RC・コンクリート工事,アンカー打込み（M12 1本）,本
RC・コンクリート工事,エポキシ樹脂注入キット（低圧注入器+樹脂 10本セット）,セット
RC・コンクリート工事,エポキシ樹脂注入材（1kg）,kg
RC・コンクリート工事,エポキシ樹脂注入（1箇所）,箇所
RC・コンクリート工事,クラックシール工法（1m）,m
RC・コンクリート工事,グラウト材（25kg）,袋
RC・コンクリート工事,ケミカルアンカー（M12用 380ml）,本
RC・コンクリート工事,ケミカルアンカー（M16用 380ml）,本
RC・コンクリート工事,コア抜き（Φ100 1箇所）,箇所
RC・コンクリート工事,コア抜き（Φ150 1箇所）,箇所
RC・コンクリート工事,コンクリートカッター（1m）,m
RC・コンクリート工事,コンクリート工事副材 AE減水剤（1kg）,個
RC・コンクリート工事,コンクリート工事副材 コンクリート打設ポンプ車 1日,個
RC・コンクリート工事,コンクリート工事副材 バイブレーター 先端φ40 レンタル1日,個
RC・コンクリート工事,コンクリート工事副材 収縮低減剤（1L）,個
RC・コンクリート工事,コンクリート工事副材 墨出し用墨（チョーク 赤 1本）,個
RC・コンクリート工事,コンクリート工事副材 急結剤（1kg）,個
RC・コンクリート工事,コンクリート工事副材 水中不分離性混和剤（1kg）,個
RC・コンクリート工事,コンクリート工事副材 膨張材（1kg）,個
RC・コンクリート工事,コンクリート工事副材 防水剤（コンクリート用 1kg）,個
RC・コンクリート工事,コンクリート工事副材 養生シート（ポリエチレン 5m×50m）,個
RC・コンクリート工事,コンクリート工事副材 養生テープ（50mm×25m）,個
RC・コンクリート工事,コンクリート工事副材 高性能AE減水剤（1kg）,個
RC・コンクリート工事,コンクリート打設（ポンプ車込み 1m3）,m3
RC・コンクリート工事,コンクリート混和剤（AE減水剤 20L）,缶
RC・コンクリート工事,コンクリート混和剤（促進剤 20L）,缶
RC・コンクリート工事,コンクリート混和剤（収縮低減剤 20L）,缶
RC・コンクリート工事,コンクリート混和剤（繊維補強材 20L）,缶
RC・コンクリート工事,コンクリート混和剤（遅延剤 20L）,缶
RC・コンクリート工事,コンクリート混和剤（高性能AE減水剤 20L）,缶
RC・コンクリート工事,コンクリート表面仕上げ（金鏝 1m2）,m2
RC・コンクリート工事,コンクリート養生（1m2）,m2
RC・コンクリート工事,コンパネ用釘 CN50（1kg）,kg
RC・コンクリート工事,コンパネ用釘 CN75（1kg）,kg
RC・コンクリート工事,コーナー定規（2000mm）,本
RC・コンクリート工事,ジャパンホームシールド PHC杭 φ300×深10m（1本）,式
RC・コンクリート工事,ジャパンホームシールド PHC杭 φ400×深12m（1本）,式
RC・コンクリート工事,ジャパンホームシールド アンダーピニング工法（1箇所）,式
RC・コンクリート工事,ジャパンホームシールド エコジオ工法（砕石パイル）φ400×深5m,式
RC・コンクリート工事,ジャパンホームシールド スウェーデン式サウンディング（SS試験）,式
RC・コンクリート工事,ジャパンホームシールド ボーリング調査（1本・標準貫入試験）,式
RC・コンクリート工事,ジャパンホームシールド 地盤保証（10年）,式
RC・コンクリート工事,ジャパンホームシールド 地盤解析・判定レポート,式
RC・コンクリート工事,ジャパンホームシールド 平板載荷試験,式
RC・コンクリート工事,ジャパンホームシールド 柱状改良 φ600×深10m（1本）,式
RC・コンクリート工事,ジャパンホームシールド 柱状改良 φ600×深2m（1本）,式
RC・コンクリート工事,ジャパンホームシールド 柱状改良 φ600×深5m（1本）,式
RC・コンクリート工事,ジャパンホームシールド 柱状改良 φ600×深8m（1本）,式
RC・コンクリート工事,ジャパンホームシールド 薬液注入工法（1m³）,式
RC・コンクリート工事,ジャパンホームシールド 表層改良 深1.0m（1㎡）,式
RC・コンクリート工事,ジャパンホームシールド 表層改良工法（セメント系 1㎡・深0.5m）,式
RC・コンクリート工事,ジャパンホームシールド 鋼管杭 φ114.3×深5m（1本）,式
RC・コンクリート工事,ジャパンホームシールド 鋼管杭 φ114.3×深8m（1本）,式
RC・コンクリート工事,ジャパンホームシールド 鋼管杭 φ139.8×深10m（1本）,式
RC・コンクリート工事,ジャパンホームシールド 鋼管杭 回転貫入工法（1本）,式
RC・コンクリート工事,スペーサー（60mm）,個
RC・コンクリート工事,セパレーター,本
RC・コンクリート工事,セパレーター（W型 250mm）,本
RC・コンクリート工事,セパレーター（W型 300mm）,本
RC・コンクリート工事,セパレーター（W型 400mm）,本
RC・コンクリート工事,ダンプ（10t 1台）,日
RC・コンクリート工事,ダンプ（4t 1台）,日
RC・コンクリート工事,バックホウ（0.45m3 1日）,日
RC・コンクリート工事,バックホウ（0.7m3 1日）,日
RC・コンクリート工事,ピーコン（Pコン）,個
RC・コンクリート工事,フォームタイ,個
RC・コンクリート工事,フォームタイ（コーン付き）,個
RC・コンクリート工事,ホールダウン金物（HD15）,個
RC・コンクリート工事,ランマー締固め（1m2）,m2
RC・コンクリート工事,割栗地業（150mm 1m2）,m2
RC・コンクリート工事,収縮低減剤（1L）,L
RC・コンクリート工事,固化材 セメント系（25kg）,袋
RC・コンクリート工事,固化材 特殊タイプ（腐植土対応 25kg）,袋
RC・コンクリート工事,固化材 高炉セメント（25kg）,袋
RC・コンクリート工事,土壌汚染調査（1式）,式
RC・コンクリート工事,地盤ネット PHC杭 φ300×深10m（1本）,式
RC・コンクリート工事,地盤ネット PHC杭 φ400×深12m（1本）,式
RC・コンクリート工事,地盤ネット アンダーピニング工法（1箇所）,式
RC・コンクリート工事,地盤ネット エコジオ工法（砕石パイル）φ400×深5m,式
RC・コンクリート工事,地盤ネット スウェーデン式サウンディング（SS試験）,式
RC・コンクリート工事,地盤ネット ボーリング調査（1本・標準貫入試験）,式
RC・コンクリート工事,地盤ネット 地盤保証（10年）,式
RC・コンクリート工事,地盤ネット 地盤解析・判定レポート,式
RC・コンクリート工事,地盤ネット 平板載荷試験,式
RC・コンクリート工事,地盤ネット 柱状改良 φ600×深10m（1本）,式
RC・コンクリート工事,地盤ネット 柱状改良 φ600×深2m（1本）,式
RC・コンクリート工事,地盤ネット 柱状改良 φ600×深5m（1本）,式
RC・コンクリート工事,地盤ネット 柱状改良 φ600×深8m（1本）,式
RC・コンクリート工事,地盤ネット 薬液注入工法（1m³）,式
RC・コンクリート工事,地盤ネット 表層改良 深1.0m（1㎡）,式
RC・コンクリート工事,地盤ネット 表層改良工法（セメント系 1㎡・深0.5m）,式
RC・コンクリート工事,地盤ネット 鋼管杭 φ114.3×深5m（1本）,式
RC・コンクリート工事,地盤ネット 鋼管杭 φ114.3×深8m（1本）,式
RC・コンクリート工事,地盤ネット 鋼管杭 φ139.8×深10m（1本）,式
RC・コンクリート工事,地盤ネット 鋼管杭 回転貫入工法（1本）,式
RC・コンクリート工事,地盤調査 SWS（5点）,式
RC・コンクリート工事,地盤調査 ボーリング（1本 15m）,本
RC・コンクリート工事,型枠パネル（鋼製 1m2）リース,m2/月
RC・コンクリート工事,型枠リース（1m2月）,m2
RC・コンクリート工事,型枠・コンクリート資材（コンクリート用バイブレーター（レンタル 1日））,日
RC・コンクリート工事,型枠・コンクリート資材（スペーサー 30mm）,個
RC・コンクリート工事,型枠・コンクリート資材（スペーサー 60mm）,個
RC・コンクリート工事,型枠・コンクリート資材（セパレーター）,本
RC・コンクリート工事,型枠・コンクリート資材（フォームタイ）,個
RC・コンクリート工事,型枠・コンクリート資材（型枠合板 12mm）,枚
RC・コンクリート工事,型枠・コンクリート資材（型枠合板 15mm）,枚
RC・コンクリート工事,型枠・コンクリート資材（型枠合板 18mm）,枚
RC・コンクリート工事,型枠・コンクリート資材（鉄筋スペーサー 骨材）,個
RC・コンクリート工事,型枠剥離剤（18L）,缶
RC・コンクリート工事,型枠合板 コンクリート型枠合板 12mm 600×1800,枚
RC・コンクリート工事,型枠合板 コンクリート型枠合板 12mm 900×1800,枚
RC・コンクリート工事,型枠合板 コンクリート型枠合板 15mm 900×1800,枚
RC・コンクリート工事,型枠合板 コンクリート型枠合板 18mm（重用）,枚
RC・コンクリート工事,型枠合板 メラミン型枠（鏡面仕上げ用）12mm,枚
RC・コンクリート工事,型枠合板 塗装型枠合板（離型剤付き）12mm,枚
RC・コンクリート工事,型枠合板（12mm）,枚
RC・コンクリート工事,型枠合板（コンパネ 12mm 3×6）,枚
RC・コンクリート工事,型枠合板（コンパネ 12mm 3×9）,枚
RC・コンクリート工事,型枠大工（1m2）,m2
RC・コンクリート工事,型枠大引き（H鋼 3m）,本
RC・コンクリート工事,型枠用コーナー金物,個
RC・コンクリート工事,型枠用番線（#16 1kg）,kg
RC・コンクリート工事,型枠補修テープ（1巻）,巻
RC・コンクリート工事,型枠設置・解体費（1m2）,m2
RC・コンクリート工事,型枠金物 Pコン（コーン型 100個）,袋
RC・コンクリート工事,型枠金物 セパレーター W150（100本）,袋
RC・コンクリート工事,型枠金物 セパレーター W200（100本）,袋
RC・コンクリート工事,型枠金物 セパレーター W250（100本）,袋
RC・コンクリート工事,型枠金物 セパレーター W300（100本）,袋
RC・コンクリート工事,型枠金物 テーパーピン（100個）,袋
RC・コンクリート工事,型枠金物 ネジ式ホームタイ（50個）,袋
RC・コンクリート工事,型枠金物 バタ角（90×90 4m）,袋
RC・コンクリート工事,型枠金物 フォームタイ（100個）,袋
RC・コンクリート工事,型枠金物 単管バタ締め金具（10個）,袋
RC・コンクリート工事,型枠金物 型枠剥離剤（18L缶）,袋
RC・コンクリート工事,型枠金物 型枠用釘（2kg）,袋
RC・コンクリート工事,型枠金物 平タイ（100本）,袋
RC・コンクリート工事,型枠金物 端太角（48×90 4m）,袋
RC・コンクリート工事,型枠金物 締め付けナット（100個）,袋
RC・コンクリート工事,型枠金物 養生キャップ φ16（100個）,袋
RC・コンクリート工事,埋戻し（1m3）,m3
RC・コンクリート工事,基礎増し打ち（1箇所・910mm幅）,箇所
RC・コンクリート工事,基礎補強のための床解体・復旧,式
RC・コンクリート工事,基礎診断・耐震診断（専門家）,式
RC・コンクリート工事,場所打ちコンクリート杭 Φ600（1m）,m
RC・コンクリート工事,大成基礎設計 PHC杭 φ300×深10m（1本）,式
RC・コンクリート工事,大成基礎設計 PHC杭 φ400×深12m（1本）,式
RC・コンクリート工事,大成基礎設計 アンダーピニング工法（1箇所）,式
RC・コンクリート工事,大成基礎設計 エコジオ工法（砕石パイル）φ400×深5m,式
RC・コンクリート工事,大成基礎設計 スウェーデン式サウンディング（SS試験）,式
RC・コンクリート工事,大成基礎設計 ボーリング調査（1本・標準貫入試験）,式
RC・コンクリート工事,大成基礎設計 地盤保証（10年）,式
RC・コンクリート工事,大成基礎設計 地盤解析・判定レポート,式
RC・コンクリート工事,大成基礎設計 平板載荷試験,式
RC・コンクリート工事,大成基礎設計 柱状改良 φ600×深10m（1本）,式
RC・コンクリート工事,大成基礎設計 柱状改良 φ600×深2m（1本）,式
RC・コンクリート工事,大成基礎設計 柱状改良 φ600×深5m（1本）,式
RC・コンクリート工事,大成基礎設計 柱状改良 φ600×深8m（1本）,式
RC・コンクリート工事,大成基礎設計 薬液注入工法（1m³）,式
RC・コンクリート工事,大成基礎設計 表層改良 深1.0m（1㎡）,式
RC・コンクリート工事,大成基礎設計 表層改良工法（セメント系 1㎡・深0.5m）,式
RC・コンクリート工事,大成基礎設計 鋼管杭 φ114.3×深5m（1本）,式
RC・コンクリート工事,大成基礎設計 鋼管杭 φ114.3×深8m（1本）,式
RC・コンクリート工事,大成基礎設計 鋼管杭 φ139.8×深10m（1本）,式
RC・コンクリート工事,大成基礎設計 鋼管杭 回転貫入工法（1本）,式
RC・コンクリート工事,布基礎→ベタ基礎全面打ち直し,式
RC・コンクリート工事,急結剤（1kg）,kg
RC・コンクリート工事,捨てコンクリート用砂,m3
RC・コンクリート工事,捨てコン（50mm 1m2）,m2
RC・コンクリート工事,掘削（人力 1m3）,m3
RC・コンクリート工事,掘削（重機 1m3）,m3
RC・コンクリート工事,支保工 パイプサポート（3m）,本
RC・コンクリート工事,支保工 パイプサポート（4m）,本
RC・コンクリート工事,断熱材（スタイロ50mm）,m2
RC・コンクリート工事,既製コンクリート杭 PHC Φ300（1m）,m
RC・コンクリート工事,既製コンクリート杭 PHC Φ400（1m）,m
RC・コンクリート工事,日本地盤コンサルタント PHC杭 φ300×深10m（1本）,式
RC・コンクリート工事,日本地盤コンサルタント PHC杭 φ400×深12m（1本）,式
RC・コンクリート工事,日本地盤コンサルタント アンダーピニング工法（1箇所）,式
RC・コンクリート工事,日本地盤コンサルタント エコジオ工法（砕石パイル）φ400×深5m,式
RC・コンクリート工事,日本地盤コンサルタント スウェーデン式サウンディング（SS試験）,式
RC・コンクリート工事,日本地盤コンサルタント ボーリング調査（1本・標準貫入試験）,式
RC・コンクリート工事,日本地盤コンサルタント 地盤保証（10年）,式
RC・コンクリート工事,日本地盤コンサルタント 地盤解析・判定レポート,式
RC・コンクリート工事,日本地盤コンサルタント 平板載荷試験,式
RC・コンクリート工事,日本地盤コンサルタント 柱状改良 φ600×深10m（1本）,式
RC・コンクリート工事,日本地盤コンサルタント 柱状改良 φ600×深2m（1本）,式
RC・コンクリート工事,日本地盤コンサルタント 柱状改良 φ600×深5m（1本）,式
RC・コンクリート工事,日本地盤コンサルタント 柱状改良 φ600×深8m（1本）,式
RC・コンクリート工事,日本地盤コンサルタント 薬液注入工法（1m³）,式
RC・コンクリート工事,日本地盤コンサルタント 表層改良 深1.0m（1㎡）,式
RC・コンクリート工事,日本地盤コンサルタント 表層改良工法（セメント系 1㎡・深0.5m）,式
RC・コンクリート工事,日本地盤コンサルタント 鋼管杭 φ114.3×深5m（1本）,式
RC・コンクリート工事,日本地盤コンサルタント 鋼管杭 φ114.3×深8m（1本）,式
RC・コンクリート工事,日本地盤コンサルタント 鋼管杭 φ139.8×深10m（1本）,式
RC・コンクリート工事,日本地盤コンサルタント 鋼管杭 回転貫入工法（1本）,式
RC・コンクリート工事,東洋テック PHC杭 φ300×深10m（1本）,式
RC・コンクリート工事,東洋テック PHC杭 φ400×深12m（1本）,式
RC・コンクリート工事,東洋テック アンダーピニング工法（1箇所）,式
RC・コンクリート工事,東洋テック エコジオ工法（砕石パイル）φ400×深5m,式
RC・コンクリート工事,東洋テック スウェーデン式サウンディング（SS試験）,式
RC・コンクリート工事,東洋テック ボーリング調査（1本・標準貫入試験）,式
RC・コンクリート工事,東洋テック 地盤保証（10年）,式
RC・コンクリート工事,東洋テック 地盤解析・判定レポート,式
RC・コンクリート工事,東洋テック 平板載荷試験,式
RC・コンクリート工事,東洋テック 柱状改良 φ600×深10m（1本）,式
RC・コンクリート工事,東洋テック 柱状改良 φ600×深2m（1本）,式
RC・コンクリート工事,東洋テック 柱状改良 φ600×深5m（1本）,式
RC・コンクリート工事,東洋テック 柱状改良 φ600×深8m（1本）,式
RC・コンクリート工事,東洋テック 薬液注入工法（1m³）,式
RC・コンクリート工事,東洋テック 表層改良 深1.0m（1㎡）,式
RC・コンクリート工事,東洋テック 表層改良工法（セメント系 1㎡・深0.5m）,式
RC・コンクリート工事,東洋テック 鋼管杭 φ114.3×深5m（1本）,式
RC・コンクリート工事,東洋テック 鋼管杭 φ114.3×深8m（1本）,式
RC・コンクリート工事,東洋テック 鋼管杭 φ139.8×深10m（1本）,式
RC・コンクリート工事,東洋テック 鋼管杭 回転貫入工法（1本）,式
RC・コンクリート工事,水抜きパイプ（Φ20）,本
RC・コンクリート工事,炭素繊維シート（CF-1mm 500mm×50m）,巻
RC・コンクリート工事,無収縮モルタル（25kg）,袋
RC・コンクリート工事,生コンクリート 18-12-20 早強ポルトランド,m³
RC・コンクリート工事,生コンクリート 18-12-20 普通ポルトランド,m³
RC・コンクリート工事,生コンクリート 18-12-25 早強ポルトランド,m³
RC・コンクリート工事,生コンクリート 18-12-25 普通ポルトランド,m³
RC・コンクリート工事,生コンクリート 18-12-40 早強ポルトランド,m³
RC・コンクリート工事,生コンクリート 18-12-40 普通ポルトランド,m³
RC・コンクリート工事,生コンクリート 18-15-20 早強ポルトランド,m³
RC・コンクリート工事,生コンクリート 18-15-20 普通ポルトランド,m³
RC・コンクリート工事,生コンクリート 18-15-25 早強ポルトランド,m³
RC・コンクリート工事,生コンクリート 18-15-25 普通ポルトランド,m³
RC・コンクリート工事,生コンクリート 18-15-40 早強ポルトランド,m³
RC・コンクリート工事,生コンクリート 18-15-40 普通ポルトランド,m³
RC・コンクリート工事,生コンクリート 18-18-20 早強ポルトランド,m³
RC・コンクリート工事,生コンクリート 18-18-20 普通ポルトランド,m³
RC・コンクリート工事,生コンクリート 18-18-25 早強ポルトランド,m³
RC・コンクリート工事,生コンクリート 18-18-25 普通ポルトランド,m³
RC・コンクリート工事,生コンクリート 18-18-40 早強ポルトランド,m³
RC・コンクリート工事,生コンクリート 18-18-40 普通ポルトランド,m³
RC・コンクリート工事,生コンクリート 18-21-20 早強ポルトランド,m³
RC・コンクリート工事,生コンクリート 18-21-20 普通ポルトランド,m³
RC・コンクリート工事,生コンクリート 18-21-25 早強ポルトランド,m³
RC・コンクリート工事,生コンクリート 18-21-25 普通ポルトランド,m³
RC・コンクリート工事,生コンクリート 18-21-40 早強ポルトランド,m³
RC・コンクリート工事,生コンクリート 18-21-40 普通ポルトランド,m³
RC・コンクリート工事,生コンクリート 18-8-20 早強ポルトランド,m³
RC・コンクリート工事,生コンクリート 18-8-20 普通ポルトランド,m³
RC・コンクリート工事,生コンクリート 18-8-25 早強ポルトランド,m³
RC・コンクリート工事,生コンクリート 18-8-25 普通ポルトランド,m³
RC・コンクリート工事,生コンクリート 18-8-40 早強ポルトランド,m³
RC・コンクリート工事,生コンクリート 18-8-40 普通ポルトランド,m³
RC・コンクリート工事,生コンクリート 21-12-20 早強ポルトランド,m³
RC・コンクリート工事,生コンクリート 21-12-20 普通ポルトランド,m³
RC・コンクリート工事,生コンクリート 21-12-25 早強ポルトランド,m³
RC・コンクリート工事,生コンクリート 21-12-25 普通ポルトランド,m³
RC・コンクリート工事,生コンクリート 21-12-40 早強ポルトランド,m³
RC・コンクリート工事,生コンクリート 21-12-40 普通ポルトランド,m³
RC・コンクリート工事,生コンクリート 21-15-20 早強ポルトランド,m³
RC・コンクリート工事,生コンクリート 21-15-20 普通ポルトランド,m³
RC・コンクリート工事,生コンクリート 21-15-25 早強ポルトランド,m³
RC・コンクリート工事,生コンクリート 21-15-25 普通ポルトランド,m³
RC・コンクリート工事,生コンクリート 21-15-40 早強ポルトランド,m³
RC・コンクリート工事,生コンクリート 21-15-40 普通ポルトランド,m³
RC・コンクリート工事,生コンクリート 21-18-20 早強ポルトランド,m³
RC・コンクリート工事,生コンクリート 21-18-20 普通ポルトランド,m³
RC・コンクリート工事,生コンクリート 21-18-25 早強ポルトランド,m³
RC・コンクリート工事,生コンクリート 21-18-25 普通ポルトランド,m³
RC・コンクリート工事,生コンクリート 21-18-40 早強ポルトランド,m³
RC・コンクリート工事,生コンクリート 21-18-40 普通ポルトランド,m³
RC・コンクリート工事,生コンクリート 21-21-20 早強ポルトランド,m³
RC・コンクリート工事,生コンクリート 21-21-20 普通ポルトランド,m³
RC・コンクリート工事,生コンクリート 21-21-25 早強ポルトランド,m³
RC・コンクリート工事,生コンクリート 21-21-25 普通ポルトランド,m³
RC・コンクリート工事,生コンクリート 21-21-40 早強ポルトランド,m³
RC・コンクリート工事,生コンクリート 21-21-40 普通ポルトランド,m³
RC・コンクリート工事,生コンクリート 21-8-20 早強ポルトランド,m³
RC・コンクリート工事,生コンクリート 21-8-20 普通ポルトランド,m³
RC・コンクリート工事,生コンクリート 21-8-25 早強ポルトランド,m³
RC・コンクリート工事,生コンクリート 21-8-25 普通ポルトランド,m³
RC・コンクリート工事,生コンクリート 21-8-40 早強ポルトランド,m³
RC・コンクリート工事,生コンクリート 21-8-40 普通ポルトランド,m³
RC・コンクリート工事,生コンクリート 24-12-20 早強ポルトランド,m³
RC・コンクリート工事,生コンクリート 24-12-20 普通ポルトランド,m³
RC・コンクリート工事,生コンクリート 24-12-25 早強ポルトランド,m³
RC・コンクリート工事,生コンクリート 24-12-25 普通ポルトランド,m³
RC・コンクリート工事,生コンクリート 24-12-40 早強ポルトランド,m³
RC・コンクリート工事,生コンクリート 24-12-40 普通ポルトランド,m³
RC・コンクリート工事,生コンクリート 24-15-20 早強ポルトランド,m³
RC・コンクリート工事,生コンクリート 24-15-20 普通ポルトランド,m³
RC・コンクリート工事,生コンクリート 24-15-25 早強ポルトランド,m³
RC・コンクリート工事,生コンクリート 24-15-25 普通ポルトランド,m³
RC・コンクリート工事,生コンクリート 24-15-40 早強ポルトランド,m³
RC・コンクリート工事,生コンクリート 24-15-40 普通ポルトランド,m³
RC・コンクリート工事,生コンクリート 24-18-20 早強ポルトランド,m³
RC・コンクリート工事,生コンクリート 24-18-20 普通ポルトランド,m³
RC・コンクリート工事,生コンクリート 24-18-25 早強ポルトランド,m³
RC・コンクリート工事,生コンクリート 24-18-25 普通ポルトランド,m³
RC・コンクリート工事,生コンクリート 24-18-40 早強ポルトランド,m³
RC・コンクリート工事,生コンクリート 24-18-40 普通ポルトランド,m³
RC・コンクリート工事,生コンクリート 24-21-20 早強ポルトランド,m³
RC・コンクリート工事,生コンクリート 24-21-20 普通ポルトランド,m³
RC・コンクリート工事,生コンクリート 24-21-25 早強ポルトランド,m³
RC・コンクリート工事,生コンクリート 24-21-25 普通ポルトランド,m³
RC・コンクリート工事,生コンクリート 24-21-40 早強ポルトランド,m³
RC・コンクリート工事,生コンクリート 24-21-40 普通ポルトランド,m³
RC・コンクリート工事,生コンクリート 24-8-20 早強ポルトランド,m³
RC・コンクリート工事,生コンクリート 24-8-20 普通ポルトランド,m³
RC・コンクリート工事,生コンクリート 24-8-25 早強ポルトランド,m³
RC・コンクリート工事,生コンクリート 24-8-25 普通ポルトランド,m³
RC・コンクリート工事,生コンクリート 24-8-40 早強ポルトランド,m³
RC・コンクリート工事,生コンクリート 24-8-40 普通ポルトランド,m³
RC・コンクリート工事,生コンクリート 27-12-20 早強ポルトランド,m³
RC・コンクリート工事,生コンクリート 27-12-20 普通ポルトランド,m³
RC・コンクリート工事,生コンクリート 27-12-25 早強ポルトランド,m³
RC・コンクリート工事,生コンクリート 27-12-25 普通ポルトランド,m³
RC・コンクリート工事,生コンクリート 27-12-40 早強ポルトランド,m³
RC・コンクリート工事,生コンクリート 27-12-40 普通ポルトランド,m³
RC・コンクリート工事,生コンクリート 27-15-20 早強ポルトランド,m³
RC・コンクリート工事,生コンクリート 27-15-20 普通ポルトランド,m³
RC・コンクリート工事,生コンクリート 27-15-25 早強ポルトランド,m³
RC・コンクリート工事,生コンクリート 27-15-25 普通ポルトランド,m³
RC・コンクリート工事,生コンクリート 27-15-40 早強ポルトランド,m³
RC・コンクリート工事,生コンクリート 27-15-40 普通ポルトランド,m³
RC・コンクリート工事,生コンクリート 27-18-20 早強ポルトランド,m³
RC・コンクリート工事,生コンクリート 27-18-20 普通ポルトランド,m³
RC・コンクリート工事,生コンクリート 27-18-25 早強ポルトランド,m³
RC・コンクリート工事,生コンクリート 27-18-25 普通ポルトランド,m³
RC・コンクリート工事,生コンクリート 27-18-40 早強ポルトランド,m³
RC・コンクリート工事,生コンクリート 27-18-40 普通ポルトランド,m³
RC・コンクリート工事,生コンクリート 27-21-20 早強ポルトランド,m³
RC・コンクリート工事,生コンクリート 27-21-20 普通ポルトランド,m³
RC・コンクリート工事,生コンクリート 27-21-25 早強ポルトランド,m³
RC・コンクリート工事,生コンクリート 27-21-25 普通ポルトランド,m³
RC・コンクリート工事,生コンクリート 27-21-40 早強ポルトランド,m³
RC・コンクリート工事,生コンクリート 27-21-40 普通ポルトランド,m³
RC・コンクリート工事,生コンクリート 27-8-20 早強ポルトランド,m³
RC・コンクリート工事,生コンクリート 27-8-20 普通ポルトランド,m³
RC・コンクリート工事,生コンクリート 27-8-25 早強ポルトランド,m³
RC・コンクリート工事,生コンクリート 27-8-25 普通ポルトランド,m³
RC・コンクリート工事,生コンクリート 27-8-40 早強ポルトランド,m³
RC・コンクリート工事,生コンクリート 27-8-40 普通ポルトランド,m³
RC・コンクリート工事,生コンクリート 30-12-20 早強ポルトランド,m³
RC・コンクリート工事,生コンクリート 30-12-20 普通ポルトランド,m³
RC・コンクリート工事,生コンクリート 30-12-25 早強ポルトランド,m³
RC・コンクリート工事,生コンクリート 30-12-25 普通ポルトランド,m³
RC・コンクリート工事,生コンクリート 30-12-40 早強ポルトランド,m³
RC・コンクリート工事,生コンクリート 30-12-40 普通ポルトランド,m³
RC・コンクリート工事,生コンクリート 30-15-20 早強ポルトランド,m³
RC・コンクリート工事,生コンクリート 30-15-20 普通ポルトランド,m³
RC・コンクリート工事,生コンクリート 30-15-25 早強ポルトランド,m³
RC・コンクリート工事,生コンクリート 30-15-25 普通ポルトランド,m³
RC・コンクリート工事,生コンクリート 30-15-40 早強ポルトランド,m³
RC・コンクリート工事,生コンクリート 30-15-40 普通ポルトランド,m³
RC・コンクリート工事,生コンクリート 30-18-20 早強ポルトランド,m³
RC・コンクリート工事,生コンクリート 30-18-20 普通ポルトランド,m³
RC・コンクリート工事,生コンクリート 30-18-25 早強ポルトランド,m³
RC・コンクリート工事,生コンクリート 30-18-25 普通ポルトランド,m³
RC・コンクリート工事,生コンクリート 30-18-40 早強ポルトランド,m³
RC・コンクリート工事,生コンクリート 30-18-40 普通ポルトランド,m³
RC・コンクリート工事,生コンクリート 30-21-20 早強ポルトランド,m³
RC・コンクリート工事,生コンクリート 30-21-20 普通ポルトランド,m³
RC・コンクリート工事,生コンクリート 30-21-25 早強ポルトランド,m³
RC・コンクリート工事,生コンクリート 30-21-25 普通ポルトランド,m³
RC・コンクリート工事,生コンクリート 30-21-40 早強ポルトランド,m³
RC・コンクリート工事,生コンクリート 30-21-40 普通ポルトランド,m³
RC・コンクリート工事,生コンクリート 30-8-20 早強ポルトランド,m³
RC・コンクリート工事,生コンクリート 30-8-20 普通ポルトランド,m³
RC・コンクリート工事,生コンクリート 30-8-25 早強ポルトランド,m³
RC・コンクリート工事,生コンクリート 30-8-25 普通ポルトランド,m³
RC・コンクリート工事,生コンクリート 30-8-40 早強ポルトランド,m³
RC・コンクリート工事,生コンクリート 30-8-40 普通ポルトランド,m³
RC・コンクリート工事,生コンクリート 33-12-20 早強ポルトランド,m³
RC・コンクリート工事,生コンクリート 33-12-20 普通ポルトランド,m³
RC・コンクリート工事,生コンクリート 33-12-25 早強ポルトランド,m³
RC・コンクリート工事,生コンクリート 33-12-25 普通ポルトランド,m³
RC・コンクリート工事,生コンクリート 33-12-40 早強ポルトランド,m³
RC・コンクリート工事,生コンクリート 33-12-40 普通ポルトランド,m³
RC・コンクリート工事,生コンクリート 33-15-20 早強ポルトランド,m³
RC・コンクリート工事,生コンクリート 33-15-20 普通ポルトランド,m³
RC・コンクリート工事,生コンクリート 33-15-25 早強ポルトランド,m³
RC・コンクリート工事,生コンクリート 33-15-25 普通ポルトランド,m³
RC・コンクリート工事,生コンクリート 33-15-40 早強ポルトランド,m³
RC・コンクリート工事,生コンクリート 33-15-40 普通ポルトランド,m³
RC・コンクリート工事,生コンクリート 33-18-20 早強ポルトランド,m³
RC・コンクリート工事,生コンクリート 33-18-20 普通ポルトランド,m³
RC・コンクリート工事,生コンクリート 33-18-25 早強ポルトランド,m³
RC・コンクリート工事,生コンクリート 33-18-25 普通ポルトランド,m³
RC・コンクリート工事,生コンクリート 33-18-40 早強ポルトランド,m³
RC・コンクリート工事,生コンクリート 33-18-40 普通ポルトランド,m³
RC・コンクリート工事,生コンクリート 33-21-20 早強ポルトランド,m³
RC・コンクリート工事,生コンクリート 33-21-20 普通ポルトランド,m³
RC・コンクリート工事,生コンクリート 33-21-25 早強ポルトランド,m³
RC・コンクリート工事,生コンクリート 33-21-25 普通ポルトランド,m³
RC・コンクリート工事,生コンクリート 33-21-40 早強ポルトランド,m³
RC・コンクリート工事,生コンクリート 33-21-40 普通ポルトランド,m³
RC・コンクリート工事,生コンクリート 33-8-20 早強ポルトランド,m³
RC・コンクリート工事,生コンクリート 33-8-20 普通ポルトランド,m³
RC・コンクリート工事,生コンクリート 33-8-25 早強ポルトランド,m³
RC・コンクリート工事,生コンクリート 33-8-25 普通ポルトランド,m³
RC・コンクリート工事,生コンクリート 33-8-40 早強ポルトランド,m³
RC・コンクリート工事,生コンクリート 33-8-40 普通ポルトランド,m³
RC・コンクリート工事,生コンクリート 36-12-20 早強ポルトランド,m³
RC・コンクリート工事,生コンクリート 36-12-20 普通ポルトランド,m³
RC・コンクリート工事,生コンクリート 36-12-25 早強ポルトランド,m³
RC・コンクリート工事,生コンクリート 36-12-25 普通ポルトランド,m³
RC・コンクリート工事,生コンクリート 36-12-40 早強ポルトランド,m³
RC・コンクリート工事,生コンクリート 36-12-40 普通ポルトランド,m³
RC・コンクリート工事,生コンクリート 36-15-20 早強ポルトランド,m³
RC・コンクリート工事,生コンクリート 36-15-20 普通ポルトランド,m³
RC・コンクリート工事,生コンクリート 36-15-25 早強ポルトランド,m³
RC・コンクリート工事,生コンクリート 36-15-25 普通ポルトランド,m³
RC・コンクリート工事,生コンクリート 36-15-40 早強ポルトランド,m³
RC・コンクリート工事,生コンクリート 36-15-40 普通ポルトランド,m³
RC・コンクリート工事,生コンクリート 36-18-20 早強ポルトランド,m³
RC・コンクリート工事,生コンクリート 36-18-20 普通ポルトランド,m³
RC・コンクリート工事,生コンクリート 36-18-25 早強ポルトランド,m³
RC・コンクリート工事,生コンクリート 36-18-25 普通ポルトランド,m³
RC・コンクリート工事,生コンクリート 36-18-40 早強ポルトランド,m³
RC・コンクリート工事,生コンクリート 36-18-40 普通ポルトランド,m³
RC・コンクリート工事,生コンクリート 36-21-20 早強ポルトランド,m³
RC・コンクリート工事,生コンクリート 36-21-20 普通ポルトランド,m³
RC・コンクリート工事,生コンクリート 36-21-25 早強ポルトランド,m³
RC・コンクリート工事,生コンクリート 36-21-25 普通ポルトランド,m³
RC・コンクリート工事,生コンクリート 36-21-40 早強ポルトランド,m³
RC・コンクリート工事,生コンクリート 36-21-40 普通ポルトランド,m³
RC・コンクリート工事,生コンクリート 36-8-20 早強ポルトランド,m³
RC・コンクリート工事,生コンクリート 36-8-20 普通ポルトランド,m³
RC・コンクリート工事,生コンクリート 36-8-25 早強ポルトランド,m³
RC・コンクリート工事,生コンクリート 36-8-25 普通ポルトランド,m³
RC・コンクリート工事,生コンクリート 36-8-40 早強ポルトランド,m³
RC・コンクリート工事,生コンクリート 36-8-40 普通ポルトランド,m³
RC・コンクリート工事,生コンクリート 42-12-20 早強ポルトランド,m³
RC・コンクリート工事,生コンクリート 42-12-20 普通ポルトランド,m³
RC・コンクリート工事,生コンクリート 42-12-25 早強ポルトランド,m³
RC・コンクリート工事,生コンクリート 42-12-25 普通ポルトランド,m³
RC・コンクリート工事,生コンクリート 42-15-20 早強ポルトランド,m³
RC・コンクリート工事,生コンクリート 42-15-20 普通ポルトランド,m³
RC・コンクリート工事,生コンクリート 42-15-25 早強ポルトランド,m³
RC・コンクリート工事,生コンクリート 42-15-25 普通ポルトランド,m³
RC・コンクリート工事,生コンクリート 42-18-20 早強ポルトランド,m³
RC・コンクリート工事,生コンクリート 42-18-20 普通ポルトランド,m³
RC・コンクリート工事,生コンクリート 42-18-25 早強ポルトランド,m³
RC・コンクリート工事,生コンクリート 42-18-25 普通ポルトランド,m³
RC・コンクリート工事,生コンクリート 42-21-20 早強ポルトランド,m³
RC・コンクリート工事,生コンクリート 42-21-20 普通ポルトランド,m³
RC・コンクリート工事,生コンクリート 42-21-25 早強ポルトランド,m³
RC・コンクリート工事,生コンクリート 42-21-25 普通ポルトランド,m³
RC・コンクリート工事,生コンクリート 42-8-20 早強ポルトランド,m³
RC・コンクリート工事,生コンクリート 42-8-20 普通ポルトランド,m³
RC・コンクリート工事,生コンクリート 42-8-25 早強ポルトランド,m³
RC・コンクリート工事,生コンクリート 42-8-25 普通ポルトランド,m³
RC・コンクリート工事,生コンクリート 45-12-20 早強ポルトランド,m³
RC・コンクリート工事,生コンクリート 45-12-20 普通ポルトランド,m³
RC・コンクリート工事,生コンクリート 45-12-25 早強ポルトランド,m³
RC・コンクリート工事,生コンクリート 45-12-25 普通ポルトランド,m³
RC・コンクリート工事,生コンクリート 45-15-20 早強ポルトランド,m³
RC・コンクリート工事,生コンクリート 45-15-20 普通ポルトランド,m³
RC・コンクリート工事,生コンクリート 45-15-25 早強ポルトランド,m³
RC・コンクリート工事,生コンクリート 45-15-25 普通ポルトランド,m³
RC・コンクリート工事,生コンクリート 45-18-20 早強ポルトランド,m³
RC・コンクリート工事,生コンクリート 45-18-20 普通ポルトランド,m³
RC・コンクリート工事,生コンクリート 45-18-25 早強ポルトランド,m³
RC・コンクリート工事,生コンクリート 45-18-25 普通ポルトランド,m³
RC・コンクリート工事,生コンクリート 45-21-20 早強ポルトランド,m³
RC・コンクリート工事,生コンクリート 45-21-20 普通ポルトランド,m³
RC・コンクリート工事,生コンクリート 45-21-25 早強ポルトランド,m³
RC・コンクリート工事,生コンクリート 45-21-25 普通ポルトランド,m³
RC・コンクリート工事,生コンクリート 45-8-20 早強ポルトランド,m³
RC・コンクリート工事,生コンクリート 45-8-20 普通ポルトランド,m³
RC・コンクリート工事,生コンクリート 45-8-25 早強ポルトランド,m³
RC・コンクリート工事,生コンクリート 45-8-25 普通ポルトランド,m³
RC・コンクリート工事,生コンクリート 60-12-20 早強ポルトランド,m³
RC・コンクリート工事,生コンクリート 60-12-20 普通ポルトランド,m³
RC・コンクリート工事,生コンクリート 60-12-25 早強ポルトランド,m³
RC・コンクリート工事,生コンクリート 60-12-25 普通ポルトランド,m³
RC・コンクリート工事,生コンクリート 60-15-20 早強ポルトランド,m³
RC・コンクリート工事,生コンクリート 60-15-20 普通ポルトランド,m³
RC・コンクリート工事,生コンクリート 60-15-25 早強ポルトランド,m³
RC・コンクリート工事,生コンクリート 60-15-25 普通ポルトランド,m³
RC・コンクリート工事,生コンクリート 60-18-20 早強ポルトランド,m³
RC・コンクリート工事,生コンクリート 60-18-20 普通ポルトランド,m³
RC・コンクリート工事,生コンクリート 60-18-25 早強ポルトランド,m³
RC・コンクリート工事,生コンクリート 60-18-25 普通ポルトランド,m³
RC・コンクリート工事,生コンクリート 60-21-20 早強ポルトランド,m³
RC・コンクリート工事,生コンクリート 60-21-20 普通ポルトランド,m³
RC・コンクリート工事,生コンクリート 60-21-25 早強ポルトランド,m³
RC・コンクリート工事,生コンクリート 60-21-25 普通ポルトランド,m³
RC・コンクリート工事,生コンクリート 60-8-20 早強ポルトランド,m³
RC・コンクリート工事,生コンクリート 60-8-20 普通ポルトランド,m³
RC・コンクリート工事,生コンクリート 60-8-25 早強ポルトランド,m³
RC・コンクリート工事,生コンクリート 60-8-25 普通ポルトランド,m³
RC・コンクリート工事,生コンクリート（18-18-20）,m3
RC・コンクリート工事,生コンクリート（21-18-20）,m3
RC・コンクリート工事,生コン（12-18-20 冬期）,m3
RC・コンクリート工事,生コン（12-18-20 夏期）,m3
RC・コンクリート工事,生コン（12-18-20 通常）,m3
RC・コンクリート工事,生コン（18-18-20 冬期）,m3
RC・コンクリート工事,生コン（18-18-20 夏期）,m3
RC・コンクリート工事,生コン（18-18-20 通常）,m3
RC・コンクリート工事,生コン（21-18-20 冬期）,m3
RC・コンクリート工事,生コン（21-18-20 夏期）,m3
RC・コンクリート工事,生コン（21-18-20 通常）,m3
RC・コンクリート工事,生コン（24-18-20 冬期）,m3
RC・コンクリート工事,生コン（24-18-20 夏期）,m3
RC・コンクリート工事,生コン（24-18-20 通常）,m3
RC・コンクリート工事,生コン（27-18-20 冬期）,m3
RC・コンクリート工事,生コン（27-18-20 夏期）,m3
RC・コンクリート工事,生コン（27-18-20 通常）,m3
RC・コンクリート工事,生コン（30-18-20 冬期）,m3
RC・コンクリート工事,生コン（30-18-20 夏期）,m3
RC・コンクリート工事,生コン（30-18-20 通常）,m3
RC・コンクリート工事,砕石地業（150mm 1m2）,m2
RC・コンクリート工事,砕石（RC-40）,m3
RC・コンクリート工事,繊維補強材（PP繊維 1kg）,kg
RC・コンクリート工事,遅延剤（1L）,L
RC・コンクリート工事,鉄筋スペーサー（骨材）,個
RC・コンクリート工事,鉄筋（D10）,ton
RC・コンクリート工事,鉄筋（D13）,ton
RC・コンクリート工事,鉄筋（D16）,ton
RC・コンクリート工事,鋼管杭 Φ114.3×4mm（1m）,m
RC・コンクリート工事,鋼管杭 Φ89.1×4mm（1m）,m
RC・コンクリート工事,鋼管杭先端翼（Φ250 1個）,個
RC・コンクリート工事,鋼繊維（スチールファイバー 1kg）,kg
RC・コンクリート工事,防水剤（1L）,L
RC・コンクリート工事,防湿フィルム（0.1mm）,m2
RC・コンクリート工事,防錆塗料 変性エポキシ（4kg）,缶
RC・コンクリート工事,面木（2000mm）,本
RC・コンクリート工事,高性能AE減水剤（1L）,L
アスベスト調査・除去（全レベル対応）,アスベスト除去専門業者 アスベスト レベル1 吹付けアスベスト除去（1㎡）,式
アスベスト調査・除去（全レベル対応）,アスベスト除去専門業者 アスベスト レベル1 廃棄物処分（1㎡分）,式
アスベスト調査・除去（全レベル対応）,アスベスト除去専門業者 アスベスト レベル1 除去後気中濃度測定,式
アスベスト調査・除去（全レベル対応）,アスベスト除去専門業者 アスベスト レベル2 石綿含有断熱材除去（1m）,式
アスベスト調査・除去（全レベル対応）,アスベスト除去専門業者 アスベスト レベル2 石綿含有耐火被覆除去（1㎡）,式
アスベスト調査・除去（全レベル対応）,アスベスト除去専門業者 アスベスト レベル3 石綿含有建材 撤去（1㎡）,式
アスベスト調査・除去（全レベル対応）,アスベスト除去専門業者 アスベスト 事前調査 建材サンプリング（1検体）,式
アスベスト調査・除去（全レベル対応）,アスベスト除去専門業者 アスベスト 石綿スレート屋根 撤去（1㎡）,式
アスベスト調査・除去（全レベル対応）,アスベスト除去専門業者 アスベスト 石綿分析（位相差顕微鏡法 1試料）,式
アスベスト調査・除去（全レベル対応）,アスベスト除去専門業者 アスベスト 石綿分析（電子顕微鏡法 精密）,式
アスベスト調査・除去（全レベル対応）,アスベスト除去専門業者 アスベスト 石綿含有外壁サイディング 撤去（1㎡）,式
アスベスト調査・除去（全レベル対応）,アスベスト除去専門業者 アスベスト 石綿含有床材（ビニル床タイル）撤去,式
アスベスト調査・除去（全レベル対応）,アスベスト除去専門業者 アスベスト 石綿含有建材調査 全棟（30坪以下）,式
アスベスト調査・除去（全レベル対応）,アスベスト除去専門業者 アスベスト 石綿廃棄物 二重梱包処分（1㎡）,式
アスベスト調査・除去（全レベル対応）,アスベスト除去専門業者 アスベスト 石綿廃棄物 最終処分（溶融固化）1t,式
アスベスト調査・除去（全レベル対応）,アスベスト除去専門業者 アスベスト 石綿除去作業主任者 日当,式
アスベスト調査・除去（全レベル対応）,アスベスト除去専門業者 アスベスト 負圧隔離養生 設置・撤去（1式）,式
アスベスト調査・除去（全レベル対応）,アスベ対策センター アスベスト レベル1 吹付けアスベスト除去（1㎡）,式
アスベスト調査・除去（全レベル対応）,アスベ対策センター アスベスト レベル1 廃棄物処分（1㎡分）,式
アスベスト調査・除去（全レベル対応）,アスベ対策センター アスベスト レベル1 除去後気中濃度測定,式
アスベスト調査・除去（全レベル対応）,アスベ対策センター アスベスト レベル2 石綿含有断熱材除去（1m）,式
アスベスト調査・除去（全レベル対応）,アスベ対策センター アスベスト レベル2 石綿含有耐火被覆除去（1㎡）,式
アスベスト調査・除去（全レベル対応）,アスベ対策センター アスベスト レベル3 石綿含有建材 撤去（1㎡）,式
アスベスト調査・除去（全レベル対応）,アスベ対策センター アスベスト 事前調査 建材サンプリング（1検体）,式
アスベスト調査・除去（全レベル対応）,アスベ対策センター アスベスト 石綿スレート屋根 撤去（1㎡）,式
アスベスト調査・除去（全レベル対応）,アスベ対策センター アスベスト 石綿分析（位相差顕微鏡法 1試料）,式
アスベスト調査・除去（全レベル対応）,アスベ対策センター アスベスト 石綿分析（電子顕微鏡法 精密）,式
アスベスト調査・除去（全レベル対応）,アスベ対策センター アスベスト 石綿含有外壁サイディング 撤去（1㎡）,式
アスベスト調査・除去（全レベル対応）,アスベ対策センター アスベスト 石綿含有床材（ビニル床タイル）撤去,式
アスベスト調査・除去（全レベル対応）,アスベ対策センター アスベスト 石綿含有建材調査 全棟（30坪以下）,式
アスベスト調査・除去（全レベル対応）,アスベ対策センター アスベスト 石綿廃棄物 二重梱包処分（1㎡）,式
アスベスト調査・除去（全レベル対応）,アスベ対策センター アスベスト 石綿廃棄物 最終処分（溶融固化）1t,式
アスベスト調査・除去（全レベル対応）,アスベ対策センター アスベスト 石綿除去作業主任者 日当,式
アスベスト調査・除去（全レベル対応）,アスベ対策センター アスベスト 負圧隔離養生 設置・撤去（1式）,式
アスベスト調査・除去（全レベル対応）,エヌエス環境 アスベスト レベル1 吹付けアスベスト除去（1㎡）,式
アスベスト調査・除去（全レベル対応）,エヌエス環境 アスベスト レベル1 廃棄物処分（1㎡分）,式
アスベスト調査・除去（全レベル対応）,エヌエス環境 アスベスト レベル1 除去後気中濃度測定,式
アスベスト調査・除去（全レベル対応）,エヌエス環境 アスベスト レベル2 石綿含有断熱材除去（1m）,式
アスベスト調査・除去（全レベル対応）,エヌエス環境 アスベスト レベル2 石綿含有耐火被覆除去（1㎡）,式
アスベスト調査・除去（全レベル対応）,エヌエス環境 アスベスト レベル3 石綿含有建材 撤去（1㎡）,式
アスベスト調査・除去（全レベル対応）,エヌエス環境 アスベスト 事前調査 建材サンプリング（1検体）,式
アスベスト調査・除去（全レベル対応）,エヌエス環境 アスベスト 石綿スレート屋根 撤去（1㎡）,式
アスベスト調査・除去（全レベル対応）,エヌエス環境 アスベスト 石綿分析（位相差顕微鏡法 1試料）,式
アスベスト調査・除去（全レベル対応）,エヌエス環境 アスベスト 石綿分析（電子顕微鏡法 精密）,式
アスベスト調査・除去（全レベル対応）,エヌエス環境 アスベスト 石綿含有外壁サイディング 撤去（1㎡）,式
アスベスト調査・除去（全レベル対応）,エヌエス環境 アスベスト 石綿含有床材（ビニル床タイル）撤去,式
アスベスト調査・除去（全レベル対応）,エヌエス環境 アスベスト 石綿含有建材調査 全棟（30坪以下）,式
アスベスト調査・除去（全レベル対応）,エヌエス環境 アスベスト 石綿廃棄物 二重梱包処分（1㎡）,式
アスベスト調査・除去（全レベル対応）,エヌエス環境 アスベスト 石綿廃棄物 最終処分（溶融固化）1t,式
アスベスト調査・除去（全レベル対応）,エヌエス環境 アスベスト 石綿除去作業主任者 日当,式
アスベスト調査・除去（全レベル対応）,エヌエス環境 アスベスト 負圧隔離養生 設置・撤去（1式）,式
アスベスト調査・除去（全レベル対応）,日本環境調査研究所 アスベスト レベル1 吹付けアスベスト除去（1㎡）,式
アスベスト調査・除去（全レベル対応）,日本環境調査研究所 アスベスト レベル1 廃棄物処分（1㎡分）,式
アスベスト調査・除去（全レベル対応）,日本環境調査研究所 アスベスト レベル1 除去後気中濃度測定,式
アスベスト調査・除去（全レベル対応）,日本環境調査研究所 アスベスト レベル2 石綿含有断熱材除去（1m）,式
アスベスト調査・除去（全レベル対応）,日本環境調査研究所 アスベスト レベル2 石綿含有耐火被覆除去（1㎡）,式
アスベスト調査・除去（全レベル対応）,日本環境調査研究所 アスベスト レベル3 石綿含有建材 撤去（1㎡）,式
アスベスト調査・除去（全レベル対応）,日本環境調査研究所 アスベスト 事前調査 建材サンプリング（1検体）,式
アスベスト調査・除去（全レベル対応）,日本環境調査研究所 アスベスト 石綿スレート屋根 撤去（1㎡）,式
アスベスト調査・除去（全レベル対応）,日本環境調査研究所 アスベスト 石綿分析（位相差顕微鏡法 1試料）,式
アスベスト調査・除去（全レベル対応）,日本環境調査研究所 アスベスト 石綿分析（電子顕微鏡法 精密）,式
アスベスト調査・除去（全レベル対応）,日本環境調査研究所 アスベスト 石綿含有外壁サイディング 撤去（1㎡）,式
アスベスト調査・除去（全レベル対応）,日本環境調査研究所 アスベスト 石綿含有床材（ビニル床タイル）撤去,式
アスベスト調査・除去（全レベル対応）,日本環境調査研究所 アスベスト 石綿含有建材調査 全棟（30坪以下）,式
アスベスト調査・除去（全レベル対応）,日本環境調査研究所 アスベスト 石綿廃棄物 二重梱包処分（1㎡）,式
アスベスト調査・除去（全レベル対応）,日本環境調査研究所 アスベスト 石綿廃棄物 最終処分（溶融固化）1t,式
アスベスト調査・除去（全レベル対応）,日本環境調査研究所 アスベスト 石綿除去作業主任者 日当,式
アスベスト調査・除去（全レベル対応）,日本環境調査研究所 アスベスト 負圧隔離養生 設置・撤去（1式）,式
エアコン・空調,エアコンスリーブ（φ70）,個
エアコン・空調,エアコンフィルター清掃（1台）,台
エアコン・空調,エアコン冷媒回収（1台）,台
エアコン・空調,エアコン冷媒補充（1台）,台
エアコン・空調,エアコン専用コンセント工事,箇所
エアコン・空調,エアコン本体クリーニング（1台）,台
エアコン・空調,エアコン配管カバー（1m）,m
エアコン・空調,コロナ エアコン 10畳用 スタンダード,台
エアコン・空調,コロナ エアコン 10畳用 プレミアム,台
エアコン・空調,コロナ エアコン 10畳用 ミドル,台
エアコン・空調,コロナ エアコン 14畳用 スタンダード,台
エアコン・空調,コロナ エアコン 14畳用 プレミアム,台
エアコン・空調,コロナ エアコン 14畳用 ミドル,台
エアコン・空調,コロナ エアコン 18畳用 スタンダード,台
エアコン・空調,コロナ エアコン 18畳用 ミドル,台
エアコン・空調,コロナ エアコン 6畳用 スタンダード,台
エアコン・空調,コロナ エアコン 6畳用 プレミアム,台
エアコン・空調,コロナ エアコン 6畳用 ミドル,台
エアコン・空調,コロナ エアコン 8畳用 スタンダード,台
エアコン・空調,コロナ エアコン 8畳用 プレミアム,台
エアコン・空調,コロナ エアコン 8畳用 ミドル,台
エアコン・空調,シャープ エアコン 10畳用 2.8kW エントリー 暖房メイン（寒冷地仕様）,台
エアコン・空調,シャープ エアコン 10畳用 2.8kW エントリー 標準仕様,台
エアコン・空調,シャープ エアコン 10畳用 2.8kW エントリー 空気清浄フィルター付き,台
エアコン・空調,シャープ エアコン 10畳用 2.8kW エントリー 自動掃除機能付き,台
エアコン・空調,シャープ エアコン 10畳用 2.8kW スタンダード AI自動運転,台
エアコン・空調,シャープ エアコン 10畳用 2.8kW スタンダード 暖房メイン（寒冷地仕様）,台
エアコン・空調,シャープ エアコン 10畳用 2.8kW スタンダード 標準仕様,台
エアコン・空調,シャープ エアコン 10畳用 2.8kW スタンダード 空気清浄フィルター付き,台
エアコン・空調,シャープ エアコン 10畳用 2.8kW スタンダード 自動掃除機能付き,台
エアコン・空調,シャープ エアコン 10畳用 2.8kW 上位 AI自動運転,台
エアコン・空調,シャープ エアコン 10畳用 2.8kW 上位 暖房メイン（寒冷地仕様）,台
エアコン・空調,シャープ エアコン 10畳用 2.8kW 上位 標準仕様,台
エアコン・空調,シャープ エアコン 10畳用 2.8kW 上位 空気清浄フィルター付き,台
エアコン・空調,シャープ エアコン 10畳用 2.8kW 上位 自動掃除機能付き,台
エアコン・空調,シャープ エアコン 10畳用 2.8kW 最上位 AI自動運転,台
エアコン・空調,シャープ エアコン 10畳用 2.8kW 最上位 暖房メイン（寒冷地仕様）,台
エアコン・空調,シャープ エアコン 10畳用 2.8kW 最上位 標準仕様,台
エアコン・空調,シャープ エアコン 10畳用 2.8kW 最上位 空気清浄フィルター付き,台
エアコン・空調,シャープ エアコン 10畳用 2.8kW 最上位 自動掃除機能付き,台
エアコン・空調,シャープ エアコン 10畳用 スタンダード,台
エアコン・空調,シャープ エアコン 10畳用 ハイスペック,台
エアコン・空調,シャープ エアコン 10畳用 プレミアム,台
エアコン・空調,シャープ エアコン 10畳用 ミドル,台
エアコン・空調,シャープ エアコン 10畳用 最上位モデル,台
エアコン・空調,シャープ エアコン 12畳用 3.6kW エントリー 暖房メイン（寒冷地仕様）,台
エアコン・空調,シャープ エアコン 12畳用 3.6kW エントリー 標準仕様,台
エアコン・空調,シャープ エアコン 12畳用 3.6kW エントリー 空気清浄フィルター付き,台
エアコン・空調,シャープ エアコン 12畳用 3.6kW エントリー 自動掃除機能付き,台
エアコン・空調,シャープ エアコン 12畳用 3.6kW スタンダード AI自動運転,台
エアコン・空調,シャープ エアコン 12畳用 3.6kW スタンダード 暖房メイン（寒冷地仕様）,台
エアコン・空調,シャープ エアコン 12畳用 3.6kW スタンダード 標準仕様,台
エアコン・空調,シャープ エアコン 12畳用 3.6kW スタンダード 空気清浄フィルター付き,台
エアコン・空調,シャープ エアコン 12畳用 3.6kW スタンダード 自動掃除機能付き,台
エアコン・空調,シャープ エアコン 12畳用 3.6kW 上位 AI自動運転,台
エアコン・空調,シャープ エアコン 12畳用 3.6kW 上位 暖房メイン（寒冷地仕様）,台
エアコン・空調,シャープ エアコン 12畳用 3.6kW 上位 標準仕様,台
エアコン・空調,シャープ エアコン 12畳用 3.6kW 上位 空気清浄フィルター付き,台
エアコン・空調,シャープ エアコン 12畳用 3.6kW 上位 自動掃除機能付き,台
エアコン・空調,シャープ エアコン 12畳用 3.6kW 最上位 AI自動運転,台
エアコン・空調,シャープ エアコン 12畳用 3.6kW 最上位 暖房メイン（寒冷地仕様）,台
エアコン・空調,シャープ エアコン 12畳用 3.6kW 最上位 標準仕様,台
エアコン・空調,シャープ エアコン 12畳用 3.6kW 最上位 空気清浄フィルター付き,台
エアコン・空調,シャープ エアコン 12畳用 3.6kW 最上位 自動掃除機能付き,台
エアコン・空調,シャープ エアコン 14畳用 4.0kW エントリー 暖房メイン（寒冷地仕様）,台
エアコン・空調,シャープ エアコン 14畳用 4.0kW エントリー 標準仕様,台
エアコン・空調,シャープ エアコン 14畳用 4.0kW エントリー 空気清浄フィルター付き,台
エアコン・空調,シャープ エアコン 14畳用 4.0kW エントリー 自動掃除機能付き,台
エアコン・空調,シャープ エアコン 14畳用 4.0kW スタンダード AI自動運転,台
エアコン・空調,シャープ エアコン 14畳用 4.0kW スタンダード 暖房メイン（寒冷地仕様）,台
エアコン・空調,シャープ エアコン 14畳用 4.0kW スタンダード 標準仕様,台
エアコン・空調,シャープ エアコン 14畳用 4.0kW スタンダード 空気清浄フィルター付き,台
エアコン・空調,シャープ エアコン 14畳用 4.0kW スタンダード 自動掃除機能付き,台
エアコン・空調,シャープ エアコン 14畳用 4.0kW 上位 AI自動運転,台
エアコン・空調,シャープ エアコン 14畳用 4.0kW 上位 暖房メイン（寒冷地仕様）,台
エアコン・空調,シャープ エアコン 14畳用 4.0kW 上位 標準仕様,台
エアコン・空調,シャープ エアコン 14畳用 4.0kW 上位 空気清浄フィルター付き,台
エアコン・空調,シャープ エアコン 14畳用 4.0kW 上位 自動掃除機能付き,台
エアコン・空調,シャープ エアコン 14畳用 4.0kW 最上位 AI自動運転,台
エアコン・空調,シャープ エアコン 14畳用 4.0kW 最上位 暖房メイン（寒冷地仕様）,台
エアコン・空調,シャープ エアコン 14畳用 4.0kW 最上位 標準仕様,台
エアコン・空調,シャープ エアコン 14畳用 4.0kW 最上位 空気清浄フィルター付き,台
エアコン・空調,シャープ エアコン 14畳用 4.0kW 最上位 自動掃除機能付き,台
エアコン・空調,シャープ エアコン 14畳用 スタンダード,台
エアコン・空調,シャープ エアコン 14畳用 ハイスペック,台
エアコン・空調,シャープ エアコン 14畳用 プレミアム,台
エアコン・空調,シャープ エアコン 14畳用 ミドル,台
エアコン・空調,シャープ エアコン 14畳用 最上位モデル,台
エアコン・空調,シャープ エアコン 18畳用 5.6kW エントリー 暖房メイン（寒冷地仕様）,台
エアコン・空調,シャープ エアコン 18畳用 5.6kW エントリー 標準仕様,台
エアコン・空調,シャープ エアコン 18畳用 5.6kW エントリー 空気清浄フィルター付き,台
エアコン・空調,シャープ エアコン 18畳用 5.6kW エントリー 自動掃除機能付き,台
エアコン・空調,シャープ エアコン 18畳用 5.6kW スタンダード AI自動運転,台
エアコン・空調,シャープ エアコン 18畳用 5.6kW スタンダード 暖房メイン（寒冷地仕様）,台
エアコン・空調,シャープ エアコン 18畳用 5.6kW スタンダード 標準仕様,台
エアコン・空調,シャープ エアコン 18畳用 5.6kW スタンダード 空気清浄フィルター付き,台
エアコン・空調,シャープ エアコン 18畳用 5.6kW スタンダード 自動掃除機能付き,台
エアコン・空調,シャープ エアコン 18畳用 5.6kW 上位 AI自動運転,台
エアコン・空調,シャープ エアコン 18畳用 5.6kW 上位 暖房メイン（寒冷地仕様）,台
エアコン・空調,シャープ エアコン 18畳用 5.6kW 上位 標準仕様,台
エアコン・空調,シャープ エアコン 18畳用 5.6kW 上位 空気清浄フィルター付き,台
エアコン・空調,シャープ エアコン 18畳用 5.6kW 上位 自動掃除機能付き,台
エアコン・空調,シャープ エアコン 18畳用 5.6kW 最上位 AI自動運転,台
エアコン・空調,シャープ エアコン 18畳用 5.6kW 最上位 暖房メイン（寒冷地仕様）,台
エアコン・空調,シャープ エアコン 18畳用 5.6kW 最上位 標準仕様,台
エアコン・空調,シャープ エアコン 18畳用 5.6kW 最上位 空気清浄フィルター付き,台
エアコン・空調,シャープ エアコン 18畳用 5.6kW 最上位 自動掃除機能付き,台
エアコン・空調,シャープ エアコン 18畳用 スタンダード,台
エアコン・空調,シャープ エアコン 18畳用 ハイスペック,台
エアコン・空調,シャープ エアコン 18畳用 プレミアム,台
エアコン・空調,シャープ エアコン 18畳用 ミドル,台
エアコン・空調,シャープ エアコン 18畳用 最上位モデル,台
エアコン・空調,シャープ エアコン 20畳用 6.3kW エントリー 暖房メイン（寒冷地仕様）,台
エアコン・空調,シャープ エアコン 20畳用 6.3kW エントリー 標準仕様,台
エアコン・空調,シャープ エアコン 20畳用 6.3kW エントリー 空気清浄フィルター付き,台
エアコン・空調,シャープ エアコン 20畳用 6.3kW エントリー 自動掃除機能付き,台
エアコン・空調,シャープ エアコン 20畳用 6.3kW スタンダード AI自動運転,台
エアコン・空調,シャープ エアコン 20畳用 6.3kW スタンダード 暖房メイン（寒冷地仕様）,台
エアコン・空調,シャープ エアコン 20畳用 6.3kW スタンダード 標準仕様,台
エアコン・空調,シャープ エアコン 20畳用 6.3kW スタンダード 空気清浄フィルター付き,台
エアコン・空調,シャープ エアコン 20畳用 6.3kW スタンダード 自動掃除機能付き,台
エアコン・空調,シャープ エアコン 20畳用 6.3kW 上位 AI自動運転,台
エアコン・空調,シャープ エアコン 20畳用 6.3kW 上位 暖房メイン（寒冷地仕様）,台
エアコン・空調,シャープ エアコン 20畳用 6.3kW 上位 標準仕様,台
エアコン・空調,シャープ エアコン 20畳用 6.3kW 上位 空気清浄フィルター付き,台
エアコン・空調,シャープ エアコン 20畳用 6.3kW 上位 自動掃除機能付き,台
エアコン・空調,シャープ エアコン 20畳用 6.3kW 最上位 AI自動運転,台
エアコン・空調,シャープ エアコン 20畳用 6.3kW 最上位 暖房メイン（寒冷地仕様）,台
エアコン・空調,シャープ エアコン 20畳用 6.3kW 最上位 標準仕様,台
エアコン・空調,シャープ エアコン 20畳用 6.3kW 最上位 空気清浄フィルター付き,台
エアコン・空調,シャープ エアコン 20畳用 6.3kW 最上位 自動掃除機能付き,台
エアコン・空調,シャープ エアコン 20畳用 スタンダード,台
エアコン・空調,シャープ エアコン 20畳用 ハイスペック,台
エアコン・空調,シャープ エアコン 20畳用 プレミアム,台
エアコン・空調,シャープ エアコン 20畳用 ミドル,台
エアコン・空調,シャープ エアコン 20畳用 最上位モデル,台
エアコン・空調,シャープ エアコン 23畳用 7.1kW エントリー 暖房メイン（寒冷地仕様）,台
エアコン・空調,シャープ エアコン 23畳用 7.1kW エントリー 標準仕様,台
エアコン・空調,シャープ エアコン 23畳用 7.1kW エントリー 空気清浄フィルター付き,台
エアコン・空調,シャープ エアコン 23畳用 7.1kW エントリー 自動掃除機能付き,台
エアコン・空調,シャープ エアコン 23畳用 7.1kW スタンダード AI自動運転,台
エアコン・空調,シャープ エアコン 23畳用 7.1kW スタンダード 暖房メイン（寒冷地仕様）,台
エアコン・空調,シャープ エアコン 23畳用 7.1kW スタンダード 標準仕様,台
エアコン・空調,シャープ エアコン 23畳用 7.1kW スタンダード 空気清浄フィルター付き,台
エアコン・空調,シャープ エアコン 23畳用 7.1kW スタンダード 自動掃除機能付き,台
エアコン・空調,シャープ エアコン 23畳用 7.1kW 上位 AI自動運転,台
エアコン・空調,シャープ エアコン 23畳用 7.1kW 上位 暖房メイン（寒冷地仕様）,台
エアコン・空調,シャープ エアコン 23畳用 7.1kW 上位 標準仕様,台
エアコン・空調,シャープ エアコン 23畳用 7.1kW 上位 空気清浄フィルター付き,台
エアコン・空調,シャープ エアコン 23畳用 7.1kW 上位 自動掃除機能付き,台
エアコン・空調,シャープ エアコン 23畳用 7.1kW 最上位 AI自動運転,台
エアコン・空調,シャープ エアコン 23畳用 7.1kW 最上位 暖房メイン（寒冷地仕様）,台
エアコン・空調,シャープ エアコン 23畳用 7.1kW 最上位 標準仕様,台
エアコン・空調,シャープ エアコン 23畳用 7.1kW 最上位 空気清浄フィルター付き,台
エアコン・空調,シャープ エアコン 23畳用 7.1kW 最上位 自動掃除機能付き,台
エアコン・空調,シャープ エアコン 6畳用 2.2kW エントリー 暖房メイン（寒冷地仕様）,台
エアコン・空調,シャープ エアコン 6畳用 2.2kW エントリー 標準仕様,台
エアコン・空調,シャープ エアコン 6畳用 2.2kW エントリー 空気清浄フィルター付き,台
エアコン・空調,シャープ エアコン 6畳用 2.2kW エントリー 自動掃除機能付き,台
エアコン・空調,シャープ エアコン 6畳用 2.2kW スタンダード AI自動運転,台
エアコン・空調,シャープ エアコン 6畳用 2.2kW スタンダード 暖房メイン（寒冷地仕様）,台
エアコン・空調,シャープ エアコン 6畳用 2.2kW スタンダード 標準仕様,台
エアコン・空調,シャープ エアコン 6畳用 2.2kW スタンダード 空気清浄フィルター付き,台
エアコン・空調,シャープ エアコン 6畳用 2.2kW スタンダード 自動掃除機能付き,台
エアコン・空調,シャープ エアコン 6畳用 2.2kW 上位 AI自動運転,台
エアコン・空調,シャープ エアコン 6畳用 2.2kW 上位 暖房メイン（寒冷地仕様）,台
エアコン・空調,シャープ エアコン 6畳用 2.2kW 上位 標準仕様,台
エアコン・空調,シャープ エアコン 6畳用 2.2kW 上位 空気清浄フィルター付き,台
エアコン・空調,シャープ エアコン 6畳用 2.2kW 上位 自動掃除機能付き,台
エアコン・空調,シャープ エアコン 6畳用 スタンダード,台
エアコン・空調,シャープ エアコン 6畳用 ハイスペック,台
エアコン・空調,シャープ エアコン 6畳用 プレミアム,台
エアコン・空調,シャープ エアコン 6畳用 ミドル,台
エアコン・空調,シャープ エアコン 6畳用 最上位モデル,台
エアコン・空調,シャープ エアコン 8畳用 2.5kW エントリー 暖房メイン（寒冷地仕様）,台
エアコン・空調,シャープ エアコン 8畳用 2.5kW エントリー 標準仕様,台
エアコン・空調,シャープ エアコン 8畳用 2.5kW エントリー 空気清浄フィルター付き,台
エアコン・空調,シャープ エアコン 8畳用 2.5kW エントリー 自動掃除機能付き,台
エアコン・空調,シャープ エアコン 8畳用 2.5kW スタンダード AI自動運転,台
エアコン・空調,シャープ エアコン 8畳用 2.5kW スタンダード 暖房メイン（寒冷地仕様）,台
エアコン・空調,シャープ エアコン 8畳用 2.5kW スタンダード 標準仕様,台
エアコン・空調,シャープ エアコン 8畳用 2.5kW スタンダード 空気清浄フィルター付き,台
エアコン・空調,シャープ エアコン 8畳用 2.5kW スタンダード 自動掃除機能付き,台
エアコン・空調,シャープ エアコン 8畳用 2.5kW 上位 AI自動運転,台
エアコン・空調,シャープ エアコン 8畳用 2.5kW 上位 暖房メイン（寒冷地仕様）,台
エアコン・空調,シャープ エアコン 8畳用 2.5kW 上位 標準仕様,台
エアコン・空調,シャープ エアコン 8畳用 2.5kW 上位 空気清浄フィルター付き,台
エアコン・空調,シャープ エアコン 8畳用 2.5kW 上位 自動掃除機能付き,台
エアコン・空調,シャープ エアコン 8畳用 2.5kW 最上位 AI自動運転,台
エアコン・空調,シャープ エアコン 8畳用 2.5kW 最上位 暖房メイン（寒冷地仕様）,台
エアコン・空調,シャープ エアコン 8畳用 2.5kW 最上位 標準仕様,台
エアコン・空調,シャープ エアコン 8畳用 2.5kW 最上位 空気清浄フィルター付き,台
エアコン・空調,シャープ エアコン 8畳用 2.5kW 最上位 自動掃除機能付き,台
エアコン・空調,シャープ エアコン 8畳用 スタンダード,台
エアコン・空調,シャープ エアコン 8畳用 ハイスペック,台
エアコン・空調,シャープ エアコン 8畳用 プレミアム,台
エアコン・空調,シャープ エアコン 8畳用 ミドル,台
エアコン・空調,シャープ エアコン 8畳用 最上位モデル,台
エアコン・空調,スパイラルダクト φ100 ステンレス SUS304 1m,m
エアコン・空調,スパイラルダクト φ100 亜鉛鋼板（標準） 1m,m
エアコン・空調,スパイラルダクト φ1000 ステンレス SUS304 1m,m
エアコン・空調,スパイラルダクト φ1000 亜鉛鋼板（標準） 1m,m
エアコン・空調,スパイラルダクト φ125 ステンレス SUS304 1m,m
エアコン・空調,スパイラルダクト φ125 亜鉛鋼板（標準） 1m,m
エアコン・空調,スパイラルダクト φ1250 ステンレス SUS304 1m,m
エアコン・空調,スパイラルダクト φ1250 亜鉛鋼板（標準） 1m,m
エアコン・空調,スパイラルダクト φ150 ステンレス SUS304 1m,m
エアコン・空調,スパイラルダクト φ150 亜鉛鋼板（標準） 1m,m
エアコン・空調,スパイラルダクト φ175 ステンレス SUS304 1m,m
エアコン・空調,スパイラルダクト φ175 亜鉛鋼板（標準） 1m,m
エアコン・空調,スパイラルダクト φ200 ステンレス SUS304 1m,m
エアコン・空調,スパイラルダクト φ200 亜鉛鋼板（標準） 1m,m
エアコン・空調,スパイラルダクト φ250 ステンレス SUS304 1m,m
エアコン・空調,スパイラルダクト φ250 亜鉛鋼板（標準） 1m,m
エアコン・空調,スパイラルダクト φ300 ステンレス SUS304 1m,m
エアコン・空調,スパイラルダクト φ300 亜鉛鋼板（標準） 1m,m
エアコン・空調,スパイラルダクト φ350 ステンレス SUS304 1m,m
エアコン・空調,スパイラルダクト φ350 亜鉛鋼板（標準） 1m,m
エアコン・空調,スパイラルダクト φ400 ステンレス SUS304 1m,m
エアコン・空調,スパイラルダクト φ400 亜鉛鋼板（標準） 1m,m
エアコン・空調,スパイラルダクト φ450 ステンレス SUS304 1m,m
エアコン・空調,スパイラルダクト φ450 亜鉛鋼板（標準） 1m,m
エアコン・空調,スパイラルダクト φ500 ステンレス SUS304 1m,m
エアコン・空調,スパイラルダクト φ500 亜鉛鋼板（標準） 1m,m
エアコン・空調,スパイラルダクト φ600 ステンレス SUS304 1m,m
エアコン・空調,スパイラルダクト φ600 亜鉛鋼板（標準） 1m,m
エアコン・空調,スパイラルダクト φ75 ステンレス SUS304 1m,m
エアコン・空調,スパイラルダクト φ75 亜鉛鋼板（標準） 1m,m
エアコン・空調,スパイラルダクト φ800 ステンレス SUS304 1m,m
エアコン・空調,スパイラルダクト φ800 亜鉛鋼板（標準） 1m,m
エアコン・空調,スパイラルダクト φ900 ステンレス SUS304 1m,m
エアコン・空調,スパイラルダクト φ900 亜鉛鋼板（標準） 1m,m
エアコン・空調,ダイキン エアコン 10畳用 2.8kW エントリー 暖房メイン（寒冷地仕様）,台
エアコン・空調,ダイキン エアコン 10畳用 2.8kW エントリー 標準仕様,台
エアコン・空調,ダイキン エアコン 10畳用 2.8kW エントリー 空気清浄フィルター付き,台
エアコン・空調,ダイキン エアコン 10畳用 2.8kW エントリー 自動掃除機能付き,台
エアコン・空調,ダイキン エアコン 10畳用 2.8kW スタンダード AI自動運転,台
エアコン・空調,ダイキン エアコン 10畳用 2.8kW スタンダード 暖房メイン（寒冷地仕様）,台
エアコン・空調,ダイキン エアコン 10畳用 2.8kW スタンダード 標準仕様,台
エアコン・空調,ダイキン エアコン 10畳用 2.8kW スタンダード 空気清浄フィルター付き,台
エアコン・空調,ダイキン エアコン 10畳用 2.8kW スタンダード 自動掃除機能付き,台
エアコン・空調,ダイキン エアコン 10畳用 2.8kW 上位 AI自動運転,台
エアコン・空調,ダイキン エアコン 10畳用 2.8kW 上位 加湿機能付き,台
エアコン・空調,ダイキン エアコン 10畳用 2.8kW 上位 暖房メイン（寒冷地仕様）,台
エアコン・空調,ダイキン エアコン 10畳用 2.8kW 上位 標準仕様,台
エアコン・空調,ダイキン エアコン 10畳用 2.8kW 上位 空気清浄フィルター付き,台
エアコン・空調,ダイキン エアコン 10畳用 2.8kW 上位 自動掃除機能付き,台
エアコン・空調,ダイキン エアコン 10畳用 2.8kW 最上位 AI自動運転,台
エアコン・空調,ダイキン エアコン 10畳用 2.8kW 最上位 加湿機能付き,台
エアコン・空調,ダイキン エアコン 10畳用 2.8kW 最上位 暖房メイン（寒冷地仕様）,台
エアコン・空調,ダイキン エアコン 10畳用 2.8kW 最上位 標準仕様,台
エアコン・空調,ダイキン エアコン 10畳用 2.8kW 最上位 空気清浄フィルター付き,台
エアコン・空調,ダイキン エアコン 10畳用 2.8kW 最上位 自動掃除機能付き,台
エアコン・空調,ダイキン エアコン 10畳用 スタンダード,台
エアコン・空調,ダイキン エアコン 10畳用 ハイスペック,台
エアコン・空調,ダイキン エアコン 10畳用 プレミアム,台
エアコン・空調,ダイキン エアコン 10畳用 ミドル,台
エアコン・空調,ダイキン エアコン 10畳用 最上位モデル,台
エアコン・空調,ダイキン エアコン 12畳用 3.6kW エントリー 暖房メイン（寒冷地仕様）,台
エアコン・空調,ダイキン エアコン 12畳用 3.6kW エントリー 標準仕様,台
エアコン・空調,ダイキン エアコン 12畳用 3.6kW エントリー 空気清浄フィルター付き,台
エアコン・空調,ダイキン エアコン 12畳用 3.6kW エントリー 自動掃除機能付き,台
エアコン・空調,ダイキン エアコン 12畳用 3.6kW スタンダード AI自動運転,台
エアコン・空調,ダイキン エアコン 12畳用 3.6kW スタンダード 暖房メイン（寒冷地仕様）,台
エアコン・空調,ダイキン エアコン 12畳用 3.6kW スタンダード 標準仕様,台
エアコン・空調,ダイキン エアコン 12畳用 3.6kW スタンダード 空気清浄フィルター付き,台
エアコン・空調,ダイキン エアコン 12畳用 3.6kW スタンダード 自動掃除機能付き,台
エアコン・空調,ダイキン エアコン 12畳用 3.6kW 上位 AI自動運転,台
エアコン・空調,ダイキン エアコン 12畳用 3.6kW 上位 加湿機能付き,台
エアコン・空調,ダイキン エアコン 12畳用 3.6kW 上位 暖房メイン（寒冷地仕様）,台
エアコン・空調,ダイキン エアコン 12畳用 3.6kW 上位 標準仕様,台
エアコン・空調,ダイキン エアコン 12畳用 3.6kW 上位 空気清浄フィルター付き,台
エアコン・空調,ダイキン エアコン 12畳用 3.6kW 上位 自動掃除機能付き,台
エアコン・空調,ダイキン エアコン 12畳用 3.6kW 最上位 AI自動運転,台
エアコン・空調,ダイキン エアコン 12畳用 3.6kW 最上位 加湿機能付き,台
エアコン・空調,ダイキン エアコン 12畳用 3.6kW 最上位 暖房メイン（寒冷地仕様）,台
エアコン・空調,ダイキン エアコン 12畳用 3.6kW 最上位 標準仕様,台
エアコン・空調,ダイキン エアコン 12畳用 3.6kW 最上位 空気清浄フィルター付き,台
エアコン・空調,ダイキン エアコン 12畳用 3.6kW 最上位 自動掃除機能付き,台
エアコン・空調,ダイキン エアコン 14畳用 4.0kW エントリー 暖房メイン（寒冷地仕様）,台
エアコン・空調,ダイキン エアコン 14畳用 4.0kW エントリー 標準仕様,台
エアコン・空調,ダイキン エアコン 14畳用 4.0kW エントリー 空気清浄フィルター付き,台
エアコン・空調,ダイキン エアコン 14畳用 4.0kW エントリー 自動掃除機能付き,台
エアコン・空調,ダイキン エアコン 14畳用 4.0kW スタンダード AI自動運転,台
エアコン・空調,ダイキン エアコン 14畳用 4.0kW スタンダード 暖房メイン（寒冷地仕様）,台
エアコン・空調,ダイキン エアコン 14畳用 4.0kW スタンダード 標準仕様,台
エアコン・空調,ダイキン エアコン 14畳用 4.0kW スタンダード 空気清浄フィルター付き,台
エアコン・空調,ダイキン エアコン 14畳用 4.0kW スタンダード 自動掃除機能付き,台
エアコン・空調,ダイキン エアコン 14畳用 4.0kW 上位 AI自動運転,台
エアコン・空調,ダイキン エアコン 14畳用 4.0kW 上位 加湿機能付き,台
エアコン・空調,ダイキン エアコン 14畳用 4.0kW 上位 暖房メイン（寒冷地仕様）,台
エアコン・空調,ダイキン エアコン 14畳用 4.0kW 上位 標準仕様,台
エアコン・空調,ダイキン エアコン 14畳用 4.0kW 上位 空気清浄フィルター付き,台
エアコン・空調,ダイキン エアコン 14畳用 4.0kW 上位 自動掃除機能付き,台
エアコン・空調,ダイキン エアコン 14畳用 4.0kW 最上位 AI自動運転,台
エアコン・空調,ダイキン エアコン 14畳用 4.0kW 最上位 加湿機能付き,台
エアコン・空調,ダイキン エアコン 14畳用 4.0kW 最上位 暖房メイン（寒冷地仕様）,台
エアコン・空調,ダイキン エアコン 14畳用 4.0kW 最上位 標準仕様,台
エアコン・空調,ダイキン エアコン 14畳用 4.0kW 最上位 空気清浄フィルター付き,台
エアコン・空調,ダイキン エアコン 14畳用 4.0kW 最上位 自動掃除機能付き,台
エアコン・空調,ダイキン エアコン 14畳用 スタンダード,台
エアコン・空調,ダイキン エアコン 14畳用 スタンダード（本体+標準取付）,台
エアコン・空調,ダイキン エアコン 14畳用 ハイスペック,台
エアコン・空調,ダイキン エアコン 14畳用 プレミアム,台
エアコン・空調,ダイキン エアコン 14畳用 ミドル,台
エアコン・空調,ダイキン エアコン 14畳用 最上位モデル,台
エアコン・空調,ダイキン エアコン 18畳用 5.6kW エントリー 暖房メイン（寒冷地仕様）,台
エアコン・空調,ダイキン エアコン 18畳用 5.6kW エントリー 標準仕様,台
エアコン・空調,ダイキン エアコン 18畳用 5.6kW エントリー 空気清浄フィルター付き,台
エアコン・空調,ダイキン エアコン 18畳用 5.6kW エントリー 自動掃除機能付き,台
エアコン・空調,ダイキン エアコン 18畳用 5.6kW スタンダード AI自動運転,台
エアコン・空調,ダイキン エアコン 18畳用 5.6kW スタンダード 暖房メイン（寒冷地仕様）,台
エアコン・空調,ダイキン エアコン 18畳用 5.6kW スタンダード 標準仕様,台
エアコン・空調,ダイキン エアコン 18畳用 5.6kW スタンダード 空気清浄フィルター付き,台
エアコン・空調,ダイキン エアコン 18畳用 5.6kW スタンダード 自動掃除機能付き,台
エアコン・空調,ダイキン エアコン 18畳用 5.6kW 上位 AI自動運転,台
エアコン・空調,ダイキン エアコン 18畳用 5.6kW 上位 加湿機能付き,台
エアコン・空調,ダイキン エアコン 18畳用 5.6kW 上位 暖房メイン（寒冷地仕様）,台
エアコン・空調,ダイキン エアコン 18畳用 5.6kW 上位 標準仕様,台
エアコン・空調,ダイキン エアコン 18畳用 5.6kW 上位 空気清浄フィルター付き,台
エアコン・空調,ダイキン エアコン 18畳用 5.6kW 上位 自動掃除機能付き,台
エアコン・空調,ダイキン エアコン 18畳用 5.6kW 最上位 AI自動運転,台
エアコン・空調,ダイキン エアコン 18畳用 5.6kW 最上位 加湿機能付き,台
エアコン・空調,ダイキン エアコン 18畳用 5.6kW 最上位 暖房メイン（寒冷地仕様）,台
エアコン・空調,ダイキン エアコン 18畳用 5.6kW 最上位 標準仕様,台
エアコン・空調,ダイキン エアコン 18畳用 5.6kW 最上位 空気清浄フィルター付き,台
エアコン・空調,ダイキン エアコン 18畳用 5.6kW 最上位 自動掃除機能付き,台
エアコン・空調,ダイキン エアコン 18畳用 スタンダード,台
エアコン・空調,ダイキン エアコン 18畳用 ハイスペック,台
エアコン・空調,ダイキン エアコン 18畳用 プレミアム,台
エアコン・空調,ダイキン エアコン 18畳用 ミドル,台
エアコン・空調,ダイキン エアコン 18畳用 最上位モデル,台
エアコン・空調,ダイキン エアコン 20畳用 6.3kW エントリー 暖房メイン（寒冷地仕様）,台
エアコン・空調,ダイキン エアコン 20畳用 6.3kW エントリー 標準仕様,台
エアコン・空調,ダイキン エアコン 20畳用 6.3kW エントリー 空気清浄フィルター付き,台
エアコン・空調,ダイキン エアコン 20畳用 6.3kW エントリー 自動掃除機能付き,台
エアコン・空調,ダイキン エアコン 20畳用 6.3kW スタンダード AI自動運転,台
エアコン・空調,ダイキン エアコン 20畳用 6.3kW スタンダード 暖房メイン（寒冷地仕様）,台
エアコン・空調,ダイキン エアコン 20畳用 6.3kW スタンダード 標準仕様,台
エアコン・空調,ダイキン エアコン 20畳用 6.3kW スタンダード 空気清浄フィルター付き,台
エアコン・空調,ダイキン エアコン 20畳用 6.3kW スタンダード 自動掃除機能付き,台
エアコン・空調,ダイキン エアコン 20畳用 6.3kW 上位 AI自動運転,台
エアコン・空調,ダイキン エアコン 20畳用 6.3kW 上位 加湿機能付き,台
エアコン・空調,ダイキン エアコン 20畳用 6.3kW 上位 暖房メイン（寒冷地仕様）,台
エアコン・空調,ダイキン エアコン 20畳用 6.3kW 上位 標準仕様,台
エアコン・空調,ダイキン エアコン 20畳用 6.3kW 上位 空気清浄フィルター付き,台
エアコン・空調,ダイキン エアコン 20畳用 6.3kW 上位 自動掃除機能付き,台
エアコン・空調,ダイキン エアコン 20畳用 6.3kW 最上位 AI自動運転,台
エアコン・空調,ダイキン エアコン 20畳用 6.3kW 最上位 加湿機能付き,台
エアコン・空調,ダイキン エアコン 20畳用 6.3kW 最上位 暖房メイン（寒冷地仕様）,台
エアコン・空調,ダイキン エアコン 20畳用 6.3kW 最上位 標準仕様,台
エアコン・空調,ダイキン エアコン 20畳用 6.3kW 最上位 空気清浄フィルター付き,台
エアコン・空調,ダイキン エアコン 20畳用 6.3kW 最上位 自動掃除機能付き,台
エアコン・空調,ダイキン エアコン 20畳用 スタンダード,台
エアコン・空調,ダイキン エアコン 20畳用 ハイスペック,台
エアコン・空調,ダイキン エアコン 20畳用 プレミアム,台
エアコン・空調,ダイキン エアコン 20畳用 ミドル,台
エアコン・空調,ダイキン エアコン 20畳用 最上位モデル,台
エアコン・空調,ダイキン エアコン 23畳用 7.1kW エントリー 暖房メイン（寒冷地仕様）,台
エアコン・空調,ダイキン エアコン 23畳用 7.1kW エントリー 標準仕様,台
エアコン・空調,ダイキン エアコン 23畳用 7.1kW エントリー 空気清浄フィルター付き,台
エアコン・空調,ダイキン エアコン 23畳用 7.1kW エントリー 自動掃除機能付き,台
エアコン・空調,ダイキン エアコン 23畳用 7.1kW スタンダード AI自動運転,台
エアコン・空調,ダイキン エアコン 23畳用 7.1kW スタンダード 暖房メイン（寒冷地仕様）,台
エアコン・空調,ダイキン エアコン 23畳用 7.1kW スタンダード 標準仕様,台
エアコン・空調,ダイキン エアコン 23畳用 7.1kW スタンダード 空気清浄フィルター付き,台
エアコン・空調,ダイキン エアコン 23畳用 7.1kW スタンダード 自動掃除機能付き,台
エアコン・空調,ダイキン エアコン 23畳用 7.1kW 上位 AI自動運転,台
エアコン・空調,ダイキン エアコン 23畳用 7.1kW 上位 加湿機能付き,台
エアコン・空調,ダイキン エアコン 23畳用 7.1kW 上位 暖房メイン（寒冷地仕様）,台
エアコン・空調,ダイキン エアコン 23畳用 7.1kW 上位 標準仕様,台
エアコン・空調,ダイキン エアコン 23畳用 7.1kW 上位 空気清浄フィルター付き,台
エアコン・空調,ダイキン エアコン 23畳用 7.1kW 上位 自動掃除機能付き,台
エアコン・空調,ダイキン エアコン 23畳用 7.1kW 最上位 AI自動運転,台
エアコン・空調,ダイキン エアコン 23畳用 7.1kW 最上位 加湿機能付き,台
エアコン・空調,ダイキン エアコン 23畳用 7.1kW 最上位 暖房メイン（寒冷地仕様）,台
エアコン・空調,ダイキン エアコン 23畳用 7.1kW 最上位 標準仕様,台
エアコン・空調,ダイキン エアコン 23畳用 7.1kW 最上位 空気清浄フィルター付き,台
エアコン・空調,ダイキン エアコン 23畳用 7.1kW 最上位 自動掃除機能付き,台
エアコン・空調,ダイキン エアコン 6畳用 2.2kW エントリー 暖房メイン（寒冷地仕様）,台
エアコン・空調,ダイキン エアコン 6畳用 2.2kW エントリー 標準仕様,台
エアコン・空調,ダイキン エアコン 6畳用 2.2kW エントリー 空気清浄フィルター付き,台
エアコン・空調,ダイキン エアコン 6畳用 2.2kW エントリー 自動掃除機能付き,台
エアコン・空調,ダイキン エアコン 6畳用 2.2kW スタンダード AI自動運転,台
エアコン・空調,ダイキン エアコン 6畳用 2.2kW スタンダード 暖房メイン（寒冷地仕様）,台
エアコン・空調,ダイキン エアコン 6畳用 2.2kW スタンダード 標準仕様,台
エアコン・空調,ダイキン エアコン 6畳用 2.2kW スタンダード 空気清浄フィルター付き,台
エアコン・空調,ダイキン エアコン 6畳用 2.2kW スタンダード 自動掃除機能付き,台
エアコン・空調,ダイキン エアコン 6畳用 2.2kW 上位 AI自動運転,台
エアコン・空調,ダイキン エアコン 6畳用 2.2kW 上位 加湿機能付き,台
エアコン・空調,ダイキン エアコン 6畳用 2.2kW 上位 暖房メイン（寒冷地仕様）,台
エアコン・空調,ダイキン エアコン 6畳用 2.2kW 上位 標準仕様,台
エアコン・空調,ダイキン エアコン 6畳用 2.2kW 上位 空気清浄フィルター付き,台
エアコン・空調,ダイキン エアコン 6畳用 2.2kW 上位 自動掃除機能付き,台
エアコン・空調,ダイキン エアコン 6畳用 スタンダード,台
エアコン・空調,ダイキン エアコン 6畳用 スタンダード（本体+標準取付）,台
エアコン・空調,ダイキン エアコン 6畳用 ハイスペック,台
エアコン・空調,ダイキン エアコン 6畳用 プレミアム,台
エアコン・空調,ダイキン エアコン 6畳用 ミドル,台
エアコン・空調,ダイキン エアコン 6畳用 最上位モデル,台
エアコン・空調,ダイキン エアコン 8畳用 2.5kW エントリー 暖房メイン（寒冷地仕様）,台
エアコン・空調,ダイキン エアコン 8畳用 2.5kW エントリー 標準仕様,台
エアコン・空調,ダイキン エアコン 8畳用 2.5kW エントリー 空気清浄フィルター付き,台
エアコン・空調,ダイキン エアコン 8畳用 2.5kW エントリー 自動掃除機能付き,台
エアコン・空調,ダイキン エアコン 8畳用 2.5kW スタンダード AI自動運転,台
エアコン・空調,ダイキン エアコン 8畳用 2.5kW スタンダード 暖房メイン（寒冷地仕様）,台
エアコン・空調,ダイキン エアコン 8畳用 2.5kW スタンダード 標準仕様,台
エアコン・空調,ダイキン エアコン 8畳用 2.5kW スタンダード 空気清浄フィルター付き,台
エアコン・空調,ダイキン エアコン 8畳用 2.5kW スタンダード 自動掃除機能付き,台
エアコン・空調,ダイキン エアコン 8畳用 2.5kW 上位 AI自動運転,台
エアコン・空調,ダイキン エアコン 8畳用 2.5kW 上位 加湿機能付き,台
エアコン・空調,ダイキン エアコン 8畳用 2.5kW 上位 暖房メイン（寒冷地仕様）,台
エアコン・空調,ダイキン エアコン 8畳用 2.5kW 上位 標準仕様,台
エアコン・空調,ダイキン エアコン 8畳用 2.5kW 上位 空気清浄フィルター付き,台
エアコン・空調,ダイキン エアコン 8畳用 2.5kW 上位 自動掃除機能付き,台
エアコン・空調,ダイキン エアコン 8畳用 2.5kW 最上位 AI自動運転,台
エアコン・空調,ダイキン エアコン 8畳用 2.5kW 最上位 加湿機能付き,台
エアコン・空調,ダイキン エアコン 8畳用 2.5kW 最上位 暖房メイン（寒冷地仕様）,台
エアコン・空調,ダイキン エアコン 8畳用 2.5kW 最上位 標準仕様,台
エアコン・空調,ダイキン エアコン 8畳用 2.5kW 最上位 空気清浄フィルター付き,台
エアコン・空調,ダイキン エアコン 8畳用 2.5kW 最上位 自動掃除機能付き,台
エアコン・空調,ダイキン エアコン 8畳用 スタンダード,台
エアコン・空調,ダイキン エアコン 8畳用 ハイスペック,台
エアコン・空調,ダイキン エアコン 8畳用 プレミアム,台
エアコン・空調,ダイキン エアコン 8畳用 ミドル,台
エアコン・空調,ダイキン エアコン 8畳用 最上位モデル,台
エアコン・空調,ダイキン 業務用壁掛け（3馬力）,台
エアコン・空調,ダイキン 業務用天吊（4方向 2.5馬力）,台
エアコン・空調,ダイキン 業務用天吊（4方向 4馬力）,台
エアコン・空調,ダイキン 業務用天吊（4方向 6馬力）,台
エアコン・空調,ダイキン 業務用天吊（4方向 8馬力）,台
エアコン・空調,ダイキン（全館空調） CO2センサー 室内用（HEMS連動）,台
エアコン・空調,ダイキン（全館空調） 全熱交換換気 大型 400m³/h,台
エアコン・空調,ダイキン（全館空調） 全館空調 120〜160㎡対応 大型,台
エアコン・空調,ダイキン（全館空調） 全館空調 200㎡以上 業務用クラス,台
エアコン・空調,ダイキン（全館空調） 全館空調 スマート制御盤,台
エアコン・空調,ダイキン（全館空調） 全館空調 チャンバーボックス,台
エアコン・空調,ダイキン（全館空調） 全館空調 吹出口グリル（天井 200×200）,台
エアコン・空調,ダイキン（全館空調） 全館空調 風量調整ダンパー,台
エアコン・空調,ダイキン（全館空調） 全館空調システム 本体 80〜120㎡対応,台
エアコン・空調,ダイキン（全館空調） 全館空調用 給気ダクト（φ150 1m）,台
エアコン・空調,ダイキン（全館空調） 全館空調用 還気ダクト（φ200 1m）,台
エアコン・空調,ダイキン（全館空調） 床下冷暖房システム（基礎断熱必須）,台
エアコン・空調,ダイキン（全館空調） 輻射冷暖房 壁型パネル（1m²）,台
エアコン・空調,ダイキン（全館空調） 輻射冷暖房パネル 天井型（1m）,台
エアコン・空調,ダイキン（業務用） 全熱交換機 業務用 800m³/h,台
エアコン・空調,ダイキン（業務用） 壁掛形 業務用 2.2kW（小型店舗）,台
エアコン・空調,ダイキン（業務用） 天井カセット形 2方向 2HP（6kW）,台
エアコン・空調,ダイキン（業務用） 天井カセット形 2方向 3HP（9kW）,台
エアコン・空調,ダイキン（業務用） 天井カセット形 4方向 10HP（30kW）,台
エアコン・空調,ダイキン（業務用） 天井カセット形 4方向 3HP（9kW）,台
エアコン・空調,ダイキン（業務用） 天井カセット形 4方向 5HP（15kW）,台
エアコン・空調,ダイキン（業務用） 天井カセット形 4方向 8HP（24kW）,台
エアコン・空調,ダイキン（業務用） 天井埋込ダクト形 3HP,台
エアコン・空調,ダイキン（業務用） 天井埋込ダクト形 8HP,台
エアコン・空調,ダイキン（業務用） 天吊形 3HP（倉庫・バックヤード）,台
エアコン・空調,ダイキン（業務用） 床置き形 3HP（ショーケース向き）,台
エアコン・空調,ダイキン（業務用） 業務用マルチ 室外機 16HP,台
エアコン・空調,ダイキン（業務用） 業務用マルチエアコン 室外機 8HP,台
エアコン・空調,ダクト清掃（1m）,m
エアコン・空調,ダクト附属品 アネモ型吹出口 φ300,個
エアコン・空調,ダクト附属品 フレキシブルダクト φ150×3m,個
エアコン・空調,ダクト附属品 フレキシブルダクト φ200×3m,個
エアコン・空調,ダクト附属品 防火ダンパー φ150（温度ヒューズ）,個
エアコン・空調,ダクト附属品 防火ダンパー φ200,個
エアコン・空調,ダクト附属品 防火ダンパー φ300,個
エアコン・空調,ダクト附属品 風量調整ダンパー φ150,個
エアコン・空調,ダクト附属品 風量調整ダンパー φ200,個
エアコン・空調,デンソー（全館空調） CO2センサー 室内用（HEMS連動）,台
エアコン・空調,デンソー（全館空調） 全熱交換換気 大型 400m³/h,台
エアコン・空調,デンソー（全館空調） 全館空調 120〜160㎡対応 大型,台
エアコン・空調,デンソー（全館空調） 全館空調 200㎡以上 業務用クラス,台
エアコン・空調,デンソー（全館空調） 全館空調 スマート制御盤,台
エアコン・空調,デンソー（全館空調） 全館空調 チャンバーボックス,台
エアコン・空調,デンソー（全館空調） 全館空調 吹出口グリル（天井 200×200）,台
エアコン・空調,デンソー（全館空調） 全館空調 風量調整ダンパー,台
エアコン・空調,デンソー（全館空調） 全館空調システム 本体 80〜120㎡対応,台
エアコン・空調,デンソー（全館空調） 全館空調用 給気ダクト（φ150 1m）,台
エアコン・空調,デンソー（全館空調） 全館空調用 還気ダクト（φ200 1m）,台
エアコン・空調,デンソー（全館空調） 床下冷暖房システム（基礎断熱必須）,台
エアコン・空調,デンソー（全館空調） 輻射冷暖房 壁型パネル（1m²）,台
エアコン・空調,デンソー（全館空調） 輻射冷暖房パネル 天井型（1m）,台
エアコン・空調,パナソニック エアコン 10畳用 2.8kW エントリー 暖房メイン（寒冷地仕様）,台
エアコン・空調,パナソニック エアコン 10畳用 2.8kW エントリー 標準仕様,台
エアコン・空調,パナソニック エアコン 10畳用 2.8kW エントリー 空気清浄フィルター付き,台
エアコン・空調,パナソニック エアコン 10畳用 2.8kW エントリー 自動掃除機能付き,台
エアコン・空調,パナソニック エアコン 10畳用 2.8kW スタンダード AI自動運転,台
エアコン・空調,パナソニック エアコン 10畳用 2.8kW スタンダード 換気機能付き,台
エアコン・空調,パナソニック エアコン 10畳用 2.8kW スタンダード 暖房メイン（寒冷地仕様）,台
エアコン・空調,パナソニック エアコン 10畳用 2.8kW スタンダード 標準仕様,台
エアコン・空調,パナソニック エアコン 10畳用 2.8kW スタンダード 空気清浄フィルター付き,台
エアコン・空調,パナソニック エアコン 10畳用 2.8kW スタンダード 自動掃除機能付き,台
エアコン・空調,パナソニック エアコン 10畳用 2.8kW 上位 AI自動運転,台
エアコン・空調,パナソニック エアコン 10畳用 2.8kW 上位 加湿機能付き,台
エアコン・空調,パナソニック エアコン 10畳用 2.8kW 上位 換気機能付き,台
エアコン・空調,パナソニック エアコン 10畳用 2.8kW 上位 暖房メイン（寒冷地仕様）,台
エアコン・空調,パナソニック エアコン 10畳用 2.8kW 上位 標準仕様,台
エアコン・空調,パナソニック エアコン 10畳用 2.8kW 上位 空気清浄フィルター付き,台
エアコン・空調,パナソニック エアコン 10畳用 2.8kW 上位 自動掃除機能付き,台
エアコン・空調,パナソニック エアコン 10畳用 2.8kW 最上位 AI自動運転,台
エアコン・空調,パナソニック エアコン 10畳用 2.8kW 最上位 加湿機能付き,台
エアコン・空調,パナソニック エアコン 10畳用 2.8kW 最上位 換気機能付き,台
エアコン・空調,パナソニック エアコン 10畳用 2.8kW 最上位 暖房メイン（寒冷地仕様）,台
エアコン・空調,パナソニック エアコン 10畳用 2.8kW 最上位 標準仕様,台
エアコン・空調,パナソニック エアコン 10畳用 2.8kW 最上位 空気清浄フィルター付き,台
エアコン・空調,パナソニック エアコン 10畳用 2.8kW 最上位 自動掃除機能付き,台
エアコン・空調,パナソニック エアコン 10畳用 スタンダード,台
エアコン・空調,パナソニック エアコン 10畳用 ハイスペック,台
エアコン・空調,パナソニック エアコン 10畳用 プレミアム,台
エアコン・空調,パナソニック エアコン 10畳用 ミドル,台
エアコン・空調,パナソニック エアコン 10畳用 最上位モデル,台
エアコン・空調,パナソニック エアコン 12畳用 3.6kW エントリー 暖房メイン（寒冷地仕様）,台
エアコン・空調,パナソニック エアコン 12畳用 3.6kW エントリー 標準仕様,台
エアコン・空調,パナソニック エアコン 12畳用 3.6kW エントリー 空気清浄フィルター付き,台
エアコン・空調,パナソニック エアコン 12畳用 3.6kW エントリー 自動掃除機能付き,台
エアコン・空調,パナソニック エアコン 12畳用 3.6kW スタンダード AI自動運転,台
エアコン・空調,パナソニック エアコン 12畳用 3.6kW スタンダード 換気機能付き,台
エアコン・空調,パナソニック エアコン 12畳用 3.6kW スタンダード 暖房メイン（寒冷地仕様）,台
エアコン・空調,パナソニック エアコン 12畳用 3.6kW スタンダード 標準仕様,台
エアコン・空調,パナソニック エアコン 12畳用 3.6kW スタンダード 空気清浄フィルター付き,台
エアコン・空調,パナソニック エアコン 12畳用 3.6kW スタンダード 自動掃除機能付き,台
エアコン・空調,パナソニック エアコン 12畳用 3.6kW 上位 AI自動運転,台
エアコン・空調,パナソニック エアコン 12畳用 3.6kW 上位 加湿機能付き,台
エアコン・空調,パナソニック エアコン 12畳用 3.6kW 上位 換気機能付き,台
エアコン・空調,パナソニック エアコン 12畳用 3.6kW 上位 暖房メイン（寒冷地仕様）,台
エアコン・空調,パナソニック エアコン 12畳用 3.6kW 上位 標準仕様,台
エアコン・空調,パナソニック エアコン 12畳用 3.6kW 上位 空気清浄フィルター付き,台
エアコン・空調,パナソニック エアコン 12畳用 3.6kW 上位 自動掃除機能付き,台
エアコン・空調,パナソニック エアコン 12畳用 3.6kW 最上位 AI自動運転,台
エアコン・空調,パナソニック エアコン 12畳用 3.6kW 最上位 加湿機能付き,台
エアコン・空調,パナソニック エアコン 12畳用 3.6kW 最上位 換気機能付き,台
エアコン・空調,パナソニック エアコン 12畳用 3.6kW 最上位 暖房メイン（寒冷地仕様）,台
エアコン・空調,パナソニック エアコン 12畳用 3.6kW 最上位 標準仕様,台
エアコン・空調,パナソニック エアコン 12畳用 3.6kW 最上位 空気清浄フィルター付き,台
エアコン・空調,パナソニック エアコン 12畳用 3.6kW 最上位 自動掃除機能付き,台
エアコン・空調,パナソニック エアコン 14畳用 4.0kW エントリー 暖房メイン（寒冷地仕様）,台
エアコン・空調,パナソニック エアコン 14畳用 4.0kW エントリー 標準仕様,台
エアコン・空調,パナソニック エアコン 14畳用 4.0kW エントリー 空気清浄フィルター付き,台
エアコン・空調,パナソニック エアコン 14畳用 4.0kW エントリー 自動掃除機能付き,台
エアコン・空調,パナソニック エアコン 14畳用 4.0kW スタンダード AI自動運転,台
エアコン・空調,パナソニック エアコン 14畳用 4.0kW スタンダード 換気機能付き,台
エアコン・空調,パナソニック エアコン 14畳用 4.0kW スタンダード 暖房メイン（寒冷地仕様）,台
エアコン・空調,パナソニック エアコン 14畳用 4.0kW スタンダード 標準仕様,台
エアコン・空調,パナソニック エアコン 14畳用 4.0kW スタンダード 空気清浄フィルター付き,台
エアコン・空調,パナソニック エアコン 14畳用 4.0kW スタンダード 自動掃除機能付き,台
エアコン・空調,パナソニック エアコン 14畳用 4.0kW 上位 AI自動運転,台
エアコン・空調,パナソニック エアコン 14畳用 4.0kW 上位 加湿機能付き,台
エアコン・空調,パナソニック エアコン 14畳用 4.0kW 上位 換気機能付き,台
エアコン・空調,パナソニック エアコン 14畳用 4.0kW 上位 暖房メイン（寒冷地仕様）,台
エアコン・空調,パナソニック エアコン 14畳用 4.0kW 上位 標準仕様,台
エアコン・空調,パナソニック エアコン 14畳用 4.0kW 上位 空気清浄フィルター付き,台
エアコン・空調,パナソニック エアコン 14畳用 4.0kW 上位 自動掃除機能付き,台
エアコン・空調,パナソニック エアコン 14畳用 4.0kW 最上位 AI自動運転,台
エアコン・空調,パナソニック エアコン 14畳用 4.0kW 最上位 加湿機能付き,台
エアコン・空調,パナソニック エアコン 14畳用 4.0kW 最上位 換気機能付き,台
エアコン・空調,パナソニック エアコン 14畳用 4.0kW 最上位 暖房メイン（寒冷地仕様）,台
エアコン・空調,パナソニック エアコン 14畳用 4.0kW 最上位 標準仕様,台
エアコン・空調,パナソニック エアコン 14畳用 4.0kW 最上位 空気清浄フィルター付き,台
エアコン・空調,パナソニック エアコン 14畳用 4.0kW 最上位 自動掃除機能付き,台
エアコン・空調,パナソニック エアコン 14畳用 スタンダード,台
エアコン・空調,パナソニック エアコン 14畳用 ハイスペック,台
エアコン・空調,パナソニック エアコン 14畳用 プレミアム,台
エアコン・空調,パナソニック エアコン 14畳用 ミドル,台
エアコン・空調,パナソニック エアコン 14畳用 最上位モデル,台
エアコン・空調,パナソニック エアコン 18畳用 5.6kW エントリー 暖房メイン（寒冷地仕様）,台
エアコン・空調,パナソニック エアコン 18畳用 5.6kW エントリー 標準仕様,台
エアコン・空調,パナソニック エアコン 18畳用 5.6kW エントリー 空気清浄フィルター付き,台
エアコン・空調,パナソニック エアコン 18畳用 5.6kW エントリー 自動掃除機能付き,台
エアコン・空調,パナソニック エアコン 18畳用 5.6kW スタンダード AI自動運転,台
エアコン・空調,パナソニック エアコン 18畳用 5.6kW スタンダード 換気機能付き,台
エアコン・空調,パナソニック エアコン 18畳用 5.6kW スタンダード 暖房メイン（寒冷地仕様）,台
エアコン・空調,パナソニック エアコン 18畳用 5.6kW スタンダード 標準仕様,台
エアコン・空調,パナソニック エアコン 18畳用 5.6kW スタンダード 空気清浄フィルター付き,台
エアコン・空調,パナソニック エアコン 18畳用 5.6kW スタンダード 自動掃除機能付き,台
エアコン・空調,パナソニック エアコン 18畳用 5.6kW 上位 AI自動運転,台
エアコン・空調,パナソニック エアコン 18畳用 5.6kW 上位 加湿機能付き,台
エアコン・空調,パナソニック エアコン 18畳用 5.6kW 上位 換気機能付き,台
エアコン・空調,パナソニック エアコン 18畳用 5.6kW 上位 暖房メイン（寒冷地仕様）,台
エアコン・空調,パナソニック エアコン 18畳用 5.6kW 上位 標準仕様,台
エアコン・空調,パナソニック エアコン 18畳用 5.6kW 上位 空気清浄フィルター付き,台
エアコン・空調,パナソニック エアコン 18畳用 5.6kW 上位 自動掃除機能付き,台
エアコン・空調,パナソニック エアコン 18畳用 5.6kW 最上位 AI自動運転,台
エアコン・空調,パナソニック エアコン 18畳用 5.6kW 最上位 加湿機能付き,台
エアコン・空調,パナソニック エアコン 18畳用 5.6kW 最上位 換気機能付き,台
エアコン・空調,パナソニック エアコン 18畳用 5.6kW 最上位 暖房メイン（寒冷地仕様）,台
エアコン・空調,パナソニック エアコン 18畳用 5.6kW 最上位 標準仕様,台
エアコン・空調,パナソニック エアコン 18畳用 5.6kW 最上位 空気清浄フィルター付き,台
エアコン・空調,パナソニック エアコン 18畳用 5.6kW 最上位 自動掃除機能付き,台
エアコン・空調,パナソニック エアコン 18畳用 スタンダード,台
エアコン・空調,パナソニック エアコン 18畳用 ハイスペック,台
エアコン・空調,パナソニック エアコン 18畳用 プレミアム,台
エアコン・空調,パナソニック エアコン 18畳用 ミドル,台
エアコン・空調,パナソニック エアコン 18畳用 最上位モデル,台
エアコン・空調,パナソニック エアコン 20畳用 6.3kW エントリー 暖房メイン（寒冷地仕様）,台
エアコン・空調,パナソニック エアコン 20畳用 6.3kW エントリー 標準仕様,台
エアコン・空調,パナソニック エアコン 20畳用 6.3kW エントリー 空気清浄フィルター付き,台
エアコン・空調,パナソニック エアコン 20畳用 6.3kW エントリー 自動掃除機能付き,台
エアコン・空調,パナソニック エアコン 20畳用 6.3kW スタンダード AI自動運転,台
エアコン・空調,パナソニック エアコン 20畳用 6.3kW スタンダード 換気機能付き,台
エアコン・空調,パナソニック エアコン 20畳用 6.3kW スタンダード 暖房メイン（寒冷地仕様）,台
エアコン・空調,パナソニック エアコン 20畳用 6.3kW スタンダード 標準仕様,台
エアコン・空調,パナソニック エアコン 20畳用 6.3kW スタンダード 空気清浄フィルター付き,台
エアコン・空調,パナソニック エアコン 20畳用 6.3kW スタンダード 自動掃除機能付き,台
エアコン・空調,パナソニック エアコン 20畳用 6.3kW 上位 AI自動運転,台
エアコン・空調,パナソニック エアコン 20畳用 6.3kW 上位 加湿機能付き,台
エアコン・空調,パナソニック エアコン 20畳用 6.3kW 上位 換気機能付き,台
エアコン・空調,パナソニック エアコン 20畳用 6.3kW 上位 暖房メイン（寒冷地仕様）,台
エアコン・空調,パナソニック エアコン 20畳用 6.3kW 上位 標準仕様,台
エアコン・空調,パナソニック エアコン 20畳用 6.3kW 上位 空気清浄フィルター付き,台
エアコン・空調,パナソニック エアコン 20畳用 6.3kW 上位 自動掃除機能付き,台
エアコン・空調,パナソニック エアコン 20畳用 6.3kW 最上位 AI自動運転,台
エアコン・空調,パナソニック エアコン 20畳用 6.3kW 最上位 加湿機能付き,台
エアコン・空調,パナソニック エアコン 20畳用 6.3kW 最上位 換気機能付き,台
エアコン・空調,パナソニック エアコン 20畳用 6.3kW 最上位 暖房メイン（寒冷地仕様）,台
エアコン・空調,パナソニック エアコン 20畳用 6.3kW 最上位 標準仕様,台
エアコン・空調,パナソニック エアコン 20畳用 6.3kW 最上位 空気清浄フィルター付き,台
エアコン・空調,パナソニック エアコン 20畳用 6.3kW 最上位 自動掃除機能付き,台
エアコン・空調,パナソニック エアコン 20畳用 スタンダード,台
エアコン・空調,パナソニック エアコン 20畳用 ハイスペック,台
エアコン・空調,パナソニック エアコン 20畳用 プレミアム,台
エアコン・空調,パナソニック エアコン 20畳用 ミドル,台
エアコン・空調,パナソニック エアコン 20畳用 最上位モデル,台
エアコン・空調,パナソニック エアコン 23畳用 7.1kW エントリー 暖房メイン（寒冷地仕様）,台
エアコン・空調,パナソニック エアコン 23畳用 7.1kW エントリー 標準仕様,台
エアコン・空調,パナソニック エアコン 23畳用 7.1kW エントリー 空気清浄フィルター付き,台
エアコン・空調,パナソニック エアコン 23畳用 7.1kW エントリー 自動掃除機能付き,台
エアコン・空調,パナソニック エアコン 23畳用 7.1kW スタンダード AI自動運転,台
エアコン・空調,パナソニック エアコン 23畳用 7.1kW スタンダード 換気機能付き,台
エアコン・空調,パナソニック エアコン 23畳用 7.1kW スタンダード 暖房メイン（寒冷地仕様）,台
エアコン・空調,パナソニック エアコン 23畳用 7.1kW スタンダード 標準仕様,台
エアコン・空調,パナソニック エアコン 23畳用 7.1kW スタンダード 空気清浄フィルター付き,台
エアコン・空調,パナソニック エアコン 23畳用 7.1kW スタンダード 自動掃除機能付き,台
エアコン・空調,パナソニック エアコン 23畳用 7.1kW 上位 AI自動運転,台
エアコン・空調,パナソニック エアコン 23畳用 7.1kW 上位 加湿機能付き,台
エアコン・空調,パナソニック エアコン 23畳用 7.1kW 上位 換気機能付き,台
エアコン・空調,パナソニック エアコン 23畳用 7.1kW 上位 暖房メイン（寒冷地仕様）,台
エアコン・空調,パナソニック エアコン 23畳用 7.1kW 上位 標準仕様,台
エアコン・空調,パナソニック エアコン 23畳用 7.1kW 上位 空気清浄フィルター付き,台
エアコン・空調,パナソニック エアコン 23畳用 7.1kW 上位 自動掃除機能付き,台
エアコン・空調,パナソニック エアコン 23畳用 7.1kW 最上位 AI自動運転,台
エアコン・空調,パナソニック エアコン 23畳用 7.1kW 最上位 加湿機能付き,台
エアコン・空調,パナソニック エアコン 23畳用 7.1kW 最上位 換気機能付き,台
エアコン・空調,パナソニック エアコン 23畳用 7.1kW 最上位 暖房メイン（寒冷地仕様）,台
エアコン・空調,パナソニック エアコン 23畳用 7.1kW 最上位 標準仕様,台
エアコン・空調,パナソニック エアコン 23畳用 7.1kW 最上位 空気清浄フィルター付き,台
エアコン・空調,パナソニック エアコン 23畳用 7.1kW 最上位 自動掃除機能付き,台
エアコン・空調,パナソニック エアコン 6畳用 2.2kW エントリー 暖房メイン（寒冷地仕様）,台
エアコン・空調,パナソニック エアコン 6畳用 2.2kW エントリー 標準仕様,台
エアコン・空調,パナソニック エアコン 6畳用 2.2kW エントリー 空気清浄フィルター付き,台
エアコン・空調,パナソニック エアコン 6畳用 2.2kW エントリー 自動掃除機能付き,台
エアコン・空調,パナソニック エアコン 6畳用 2.2kW スタンダード AI自動運転,台
エアコン・空調,パナソニック エアコン 6畳用 2.2kW スタンダード 換気機能付き,台
エアコン・空調,パナソニック エアコン 6畳用 2.2kW スタンダード 暖房メイン（寒冷地仕様）,台
エアコン・空調,パナソニック エアコン 6畳用 2.2kW スタンダード 標準仕様,台
エアコン・空調,パナソニック エアコン 6畳用 2.2kW スタンダード 空気清浄フィルター付き,台
エアコン・空調,パナソニック エアコン 6畳用 2.2kW スタンダード 自動掃除機能付き,台
エアコン・空調,パナソニック エアコン 6畳用 2.2kW 上位 AI自動運転,台
エアコン・空調,パナソニック エアコン 6畳用 2.2kW 上位 加湿機能付き,台
エアコン・空調,パナソニック エアコン 6畳用 2.2kW 上位 換気機能付き,台
エアコン・空調,パナソニック エアコン 6畳用 2.2kW 上位 暖房メイン（寒冷地仕様）,台
エアコン・空調,パナソニック エアコン 6畳用 2.2kW 上位 標準仕様,台
エアコン・空調,パナソニック エアコン 6畳用 2.2kW 上位 空気清浄フィルター付き,台
エアコン・空調,パナソニック エアコン 6畳用 2.2kW 上位 自動掃除機能付き,台
エアコン・空調,パナソニック エアコン 6畳用 スタンダード,台
エアコン・空調,パナソニック エアコン 6畳用 ハイスペック,台
エアコン・空調,パナソニック エアコン 6畳用 プレミアム,台
エアコン・空調,パナソニック エアコン 6畳用 ミドル,台
エアコン・空調,パナソニック エアコン 6畳用 最上位モデル,台
エアコン・空調,パナソニック エアコン 8畳用 2.5kW エントリー 暖房メイン（寒冷地仕様）,台
エアコン・空調,パナソニック エアコン 8畳用 2.5kW エントリー 標準仕様,台
エアコン・空調,パナソニック エアコン 8畳用 2.5kW エントリー 空気清浄フィルター付き,台
エアコン・空調,パナソニック エアコン 8畳用 2.5kW エントリー 自動掃除機能付き,台
エアコン・空調,パナソニック エアコン 8畳用 2.5kW スタンダード AI自動運転,台
エアコン・空調,パナソニック エアコン 8畳用 2.5kW スタンダード 換気機能付き,台
エアコン・空調,パナソニック エアコン 8畳用 2.5kW スタンダード 暖房メイン（寒冷地仕様）,台
エアコン・空調,パナソニック エアコン 8畳用 2.5kW スタンダード 標準仕様,台
エアコン・空調,パナソニック エアコン 8畳用 2.5kW スタンダード 空気清浄フィルター付き,台
エアコン・空調,パナソニック エアコン 8畳用 2.5kW スタンダード 自動掃除機能付き,台
エアコン・空調,パナソニック エアコン 8畳用 2.5kW 上位 AI自動運転,台
エアコン・空調,パナソニック エアコン 8畳用 2.5kW 上位 加湿機能付き,台
エアコン・空調,パナソニック エアコン 8畳用 2.5kW 上位 換気機能付き,台
エアコン・空調,パナソニック エアコン 8畳用 2.5kW 上位 暖房メイン（寒冷地仕様）,台
エアコン・空調,パナソニック エアコン 8畳用 2.5kW 上位 標準仕様,台
エアコン・空調,パナソニック エアコン 8畳用 2.5kW 上位 空気清浄フィルター付き,台
エアコン・空調,パナソニック エアコン 8畳用 2.5kW 上位 自動掃除機能付き,台
エアコン・空調,パナソニック エアコン 8畳用 2.5kW 最上位 AI自動運転,台
エアコン・空調,パナソニック エアコン 8畳用 2.5kW 最上位 加湿機能付き,台
エアコン・空調,パナソニック エアコン 8畳用 2.5kW 最上位 換気機能付き,台
エアコン・空調,パナソニック エアコン 8畳用 2.5kW 最上位 暖房メイン（寒冷地仕様）,台
エアコン・空調,パナソニック エアコン 8畳用 2.5kW 最上位 標準仕様,台
エアコン・空調,パナソニック エアコン 8畳用 2.5kW 最上位 空気清浄フィルター付き,台
エアコン・空調,パナソニック エアコン 8畳用 2.5kW 最上位 自動掃除機能付き,台
エアコン・空調,パナソニック エアコン 8畳用 スタンダード,台
エアコン・空調,パナソニック エアコン 8畳用 ハイスペック,台
エアコン・空調,パナソニック エアコン 8畳用 プレミアム,台
エアコン・空調,パナソニック エアコン 8畳用 ミドル,台
エアコン・空調,パナソニック エアコン 8畳用 最上位モデル,台
エアコン・空調,パナソニック（全館空調） 全館空調用 給気ダクト（φ150 1m）,台
エアコン・空調,パナソニック（全館空調） 全館空調用 還気ダクト（φ200 1m）,台
エアコン・空調,パナソニック（業務用） 全熱交換機 業務用 800m³/h,台
エアコン・空調,パナソニック（業務用） 壁掛形 業務用 2.2kW（小型店舗）,台
エアコン・空調,パナソニック（業務用） 天井カセット形 2方向 2HP（6kW）,台
エアコン・空調,パナソニック（業務用） 天井カセット形 2方向 3HP（9kW）,台
エアコン・空調,パナソニック（業務用） 天井カセット形 4方向 10HP（30kW）,台
エアコン・空調,パナソニック（業務用） 天井カセット形 4方向 3HP（9kW）,台
エアコン・空調,パナソニック（業務用） 天井カセット形 4方向 5HP（15kW）,台
エアコン・空調,パナソニック（業務用） 天井カセット形 4方向 8HP（24kW）,台
エアコン・空調,パナソニック（業務用） 天井埋込ダクト形 3HP,台
エアコン・空調,パナソニック（業務用） 天井埋込ダクト形 8HP,台
エアコン・空調,パナソニック（業務用） 天吊形 3HP（倉庫・バックヤード）,台
エアコン・空調,パナソニック（業務用） 床置き形 3HP（ショーケース向き）,台
エアコン・空調,パナソニック（業務用） 業務用マルチ 室外機 16HP,台
エアコン・空調,パナソニック（業務用） 業務用マルチエアコン 室外機 8HP,台
エアコン・空調,三菱重工 エアコン 10畳用 スタンダード,台
エアコン・空調,三菱重工 エアコン 10畳用 プレミアム,台
エアコン・空調,三菱重工 エアコン 10畳用 ミドル,台
エアコン・空調,三菱重工 エアコン 14畳用 スタンダード,台
エアコン・空調,三菱重工 エアコン 14畳用 プレミアム,台
エアコン・空調,三菱重工 エアコン 14畳用 ミドル,台
エアコン・空調,三菱重工 エアコン 18畳用 スタンダード,台
エアコン・空調,三菱重工 エアコン 18畳用 プレミアム,台
エアコン・空調,三菱重工 エアコン 18畳用 ミドル,台
エアコン・空調,三菱重工 エアコン 20畳用 スタンダード,台
エアコン・空調,三菱重工 エアコン 20畳用 プレミアム,台
エアコン・空調,三菱重工 エアコン 20畳用 ミドル,台
エアコン・空調,三菱重工 エアコン 6畳用 スタンダード,台
エアコン・空調,三菱重工 エアコン 6畳用 プレミアム,台
エアコン・空調,三菱重工 エアコン 6畳用 ミドル,台
エアコン・空調,三菱重工 エアコン 8畳用 スタンダード,台
エアコン・空調,三菱重工 エアコン 8畳用 プレミアム,台
エアコン・空調,三菱重工 エアコン 8畳用 ミドル,台
エアコン・空調,三菱電機 MSZ-GE2224 6畳 2.2kW,台
エアコン・空調,三菱電機 MSZ-GE2824 10畳 2.8kW,台
エアコン・空調,三菱電機 MSZ-GE4024 14畳 4.0kW,台
エアコン・空調,三菱電機 エアコン 10畳用 2.8kW エントリー 暖房メイン（寒冷地仕様）,台
エアコン・空調,三菱電機 エアコン 10畳用 2.8kW エントリー 標準仕様,台
エアコン・空調,三菱電機 エアコン 10畳用 2.8kW エントリー 空気清浄フィルター付き,台
エアコン・空調,三菱電機 エアコン 10畳用 2.8kW エントリー 自動掃除機能付き,台
エアコン・空調,三菱電機 エアコン 10畳用 2.8kW スタンダード AI自動運転,台
エアコン・空調,三菱電機 エアコン 10畳用 2.8kW スタンダード 換気機能付き,台
エアコン・空調,三菱電機 エアコン 10畳用 2.8kW スタンダード 暖房メイン（寒冷地仕様）,台
エアコン・空調,三菱電機 エアコン 10畳用 2.8kW スタンダード 標準仕様,台
エアコン・空調,三菱電機 エアコン 10畳用 2.8kW スタンダード 空気清浄フィルター付き,台
エアコン・空調,三菱電機 エアコン 10畳用 2.8kW スタンダード 自動掃除機能付き,台
エアコン・空調,三菱電機 エアコン 10畳用 2.8kW 上位 AI自動運転,台
エアコン・空調,三菱電機 エアコン 10畳用 2.8kW 上位 換気機能付き,台
エアコン・空調,三菱電機 エアコン 10畳用 2.8kW 上位 暖房メイン（寒冷地仕様）,台
エアコン・空調,三菱電機 エアコン 10畳用 2.8kW 上位 標準仕様,台
エアコン・空調,三菱電機 エアコン 10畳用 2.8kW 上位 空気清浄フィルター付き,台
エアコン・空調,三菱電機 エアコン 10畳用 2.8kW 上位 自動掃除機能付き,台
エアコン・空調,三菱電機 エアコン 10畳用 2.8kW 最上位 AI自動運転,台
エアコン・空調,三菱電機 エアコン 10畳用 2.8kW 最上位 換気機能付き,台
エアコン・空調,三菱電機 エアコン 10畳用 2.8kW 最上位 暖房メイン（寒冷地仕様）,台
エアコン・空調,三菱電機 エアコン 10畳用 2.8kW 最上位 標準仕様,台
エアコン・空調,三菱電機 エアコン 10畳用 2.8kW 最上位 空気清浄フィルター付き,台
エアコン・空調,三菱電機 エアコン 10畳用 2.8kW 最上位 自動掃除機能付き,台
エアコン・空調,三菱電機 エアコン 10畳用 スタンダード,台
エアコン・空調,三菱電機 エアコン 10畳用 ハイスペック,台
エアコン・空調,三菱電機 エアコン 10畳用 プレミアム,台
エアコン・空調,三菱電機 エアコン 10畳用 ミドル,台
エアコン・空調,三菱電機 エアコン 10畳用 最上位モデル,台
エアコン・空調,三菱電機 エアコン 12畳用 3.6kW エントリー 暖房メイン（寒冷地仕様）,台
エアコン・空調,三菱電機 エアコン 12畳用 3.6kW エントリー 標準仕様,台
エアコン・空調,三菱電機 エアコン 12畳用 3.6kW エントリー 空気清浄フィルター付き,台
エアコン・空調,三菱電機 エアコン 12畳用 3.6kW エントリー 自動掃除機能付き,台
エアコン・空調,三菱電機 エアコン 12畳用 3.6kW スタンダード AI自動運転,台
エアコン・空調,三菱電機 エアコン 12畳用 3.6kW スタンダード 換気機能付き,台
エアコン・空調,三菱電機 エアコン 12畳用 3.6kW スタンダード 暖房メイン（寒冷地仕様）,台
エアコン・空調,三菱電機 エアコン 12畳用 3.6kW スタンダード 標準仕様,台
エアコン・空調,三菱電機 エアコン 12畳用 3.6kW スタンダード 空気清浄フィルター付き,台
エアコン・空調,三菱電機 エアコン 12畳用 3.6kW スタンダード 自動掃除機能付き,台
エアコン・空調,三菱電機 エアコン 12畳用 3.6kW 上位 AI自動運転,台
エアコン・空調,三菱電機 エアコン 12畳用 3.6kW 上位 換気機能付き,台
エアコン・空調,三菱電機 エアコン 12畳用 3.6kW 上位 暖房メイン（寒冷地仕様）,台
エアコン・空調,三菱電機 エアコン 12畳用 3.6kW 上位 標準仕様,台
エアコン・空調,三菱電機 エアコン 12畳用 3.6kW 上位 空気清浄フィルター付き,台
エアコン・空調,三菱電機 エアコン 12畳用 3.6kW 上位 自動掃除機能付き,台
エアコン・空調,三菱電機 エアコン 12畳用 3.6kW 最上位 AI自動運転,台
エアコン・空調,三菱電機 エアコン 12畳用 3.6kW 最上位 換気機能付き,台
エアコン・空調,三菱電機 エアコン 12畳用 3.6kW 最上位 暖房メイン（寒冷地仕様）,台
エアコン・空調,三菱電機 エアコン 12畳用 3.6kW 最上位 標準仕様,台
エアコン・空調,三菱電機 エアコン 12畳用 3.6kW 最上位 空気清浄フィルター付き,台
エアコン・空調,三菱電機 エアコン 12畳用 3.6kW 最上位 自動掃除機能付き,台
エアコン・空調,三菱電機 エアコン 14畳用 4.0kW エントリー 暖房メイン（寒冷地仕様）,台
エアコン・空調,三菱電機 エアコン 14畳用 4.0kW エントリー 標準仕様,台
エアコン・空調,三菱電機 エアコン 14畳用 4.0kW エントリー 空気清浄フィルター付き,台
エアコン・空調,三菱電機 エアコン 14畳用 4.0kW エントリー 自動掃除機能付き,台
エアコン・空調,三菱電機 エアコン 14畳用 4.0kW スタンダード AI自動運転,台
エアコン・空調,三菱電機 エアコン 14畳用 4.0kW スタンダード 換気機能付き,台
エアコン・空調,三菱電機 エアコン 14畳用 4.0kW スタンダード 暖房メイン（寒冷地仕様）,台
エアコン・空調,三菱電機 エアコン 14畳用 4.0kW スタンダード 標準仕様,台
エアコン・空調,三菱電機 エアコン 14畳用 4.0kW スタンダード 空気清浄フィルター付き,台
エアコン・空調,三菱電機 エアコン 14畳用 4.0kW スタンダード 自動掃除機能付き,台
エアコン・空調,三菱電機 エアコン 14畳用 4.0kW 上位 AI自動運転,台
エアコン・空調,三菱電機 エアコン 14畳用 4.0kW 上位 換気機能付き,台
エアコン・空調,三菱電機 エアコン 14畳用 4.0kW 上位 暖房メイン（寒冷地仕様）,台
エアコン・空調,三菱電機 エアコン 14畳用 4.0kW 上位 標準仕様,台
エアコン・空調,三菱電機 エアコン 14畳用 4.0kW 上位 空気清浄フィルター付き,台
エアコン・空調,三菱電機 エアコン 14畳用 4.0kW 上位 自動掃除機能付き,台
エアコン・空調,三菱電機 エアコン 14畳用 4.0kW 最上位 AI自動運転,台
エアコン・空調,三菱電機 エアコン 14畳用 4.0kW 最上位 換気機能付き,台
エアコン・空調,三菱電機 エアコン 14畳用 4.0kW 最上位 暖房メイン（寒冷地仕様）,台
エアコン・空調,三菱電機 エアコン 14畳用 4.0kW 最上位 標準仕様,台
エアコン・空調,三菱電機 エアコン 14畳用 4.0kW 最上位 空気清浄フィルター付き,台
エアコン・空調,三菱電機 エアコン 14畳用 4.0kW 最上位 自動掃除機能付き,台
エアコン・空調,三菱電機 エアコン 14畳用 スタンダード,台
エアコン・空調,三菱電機 エアコン 14畳用 ハイスペック,台
エアコン・空調,三菱電機 エアコン 14畳用 プレミアム,台
エアコン・空調,三菱電機 エアコン 14畳用 ミドル,台
エアコン・空調,三菱電機 エアコン 14畳用 最上位モデル,台
エアコン・空調,三菱電機 エアコン 18畳用 5.6kW エントリー 暖房メイン（寒冷地仕様）,台
エアコン・空調,三菱電機 エアコン 18畳用 5.6kW エントリー 標準仕様,台
エアコン・空調,三菱電機 エアコン 18畳用 5.6kW エントリー 空気清浄フィルター付き,台
エアコン・空調,三菱電機 エアコン 18畳用 5.6kW エントリー 自動掃除機能付き,台
エアコン・空調,三菱電機 エアコン 18畳用 5.6kW スタンダード AI自動運転,台
エアコン・空調,三菱電機 エアコン 18畳用 5.6kW スタンダード 換気機能付き,台
エアコン・空調,三菱電機 エアコン 18畳用 5.6kW スタンダード 暖房メイン（寒冷地仕様）,台
エアコン・空調,三菱電機 エアコン 18畳用 5.6kW スタンダード 標準仕様,台
エアコン・空調,三菱電機 エアコン 18畳用 5.6kW スタンダード 空気清浄フィルター付き,台
エアコン・空調,三菱電機 エアコン 18畳用 5.6kW スタンダード 自動掃除機能付き,台
エアコン・空調,三菱電機 エアコン 18畳用 5.6kW 上位 AI自動運転,台
エアコン・空調,三菱電機 エアコン 18畳用 5.6kW 上位 換気機能付き,台
エアコン・空調,三菱電機 エアコン 18畳用 5.6kW 上位 暖房メイン（寒冷地仕様）,台
エアコン・空調,三菱電機 エアコン 18畳用 5.6kW 上位 標準仕様,台
エアコン・空調,三菱電機 エアコン 18畳用 5.6kW 上位 空気清浄フィルター付き,台
エアコン・空調,三菱電機 エアコン 18畳用 5.6kW 上位 自動掃除機能付き,台
エアコン・空調,三菱電機 エアコン 18畳用 5.6kW 最上位 AI自動運転,台
エアコン・空調,三菱電機 エアコン 18畳用 5.6kW 最上位 換気機能付き,台
エアコン・空調,三菱電機 エアコン 18畳用 5.6kW 最上位 暖房メイン（寒冷地仕様）,台
エアコン・空調,三菱電機 エアコン 18畳用 5.6kW 最上位 標準仕様,台
エアコン・空調,三菱電機 エアコン 18畳用 5.6kW 最上位 空気清浄フィルター付き,台
エアコン・空調,三菱電機 エアコン 18畳用 5.6kW 最上位 自動掃除機能付き,台
エアコン・空調,三菱電機 エアコン 18畳用 スタンダード,台
エアコン・空調,三菱電機 エアコン 18畳用 ハイスペック,台
エアコン・空調,三菱電機 エアコン 18畳用 プレミアム,台
エアコン・空調,三菱電機 エアコン 18畳用 ミドル,台
エアコン・空調,三菱電機 エアコン 18畳用 最上位モデル,台
エアコン・空調,三菱電機 エアコン 20畳用 6.3kW エントリー 暖房メイン（寒冷地仕様）,台
エアコン・空調,三菱電機 エアコン 20畳用 6.3kW エントリー 標準仕様,台
エアコン・空調,三菱電機 エアコン 20畳用 6.3kW エントリー 空気清浄フィルター付き,台
エアコン・空調,三菱電機 エアコン 20畳用 6.3kW エントリー 自動掃除機能付き,台
エアコン・空調,三菱電機 エアコン 20畳用 6.3kW スタンダード AI自動運転,台
エアコン・空調,三菱電機 エアコン 20畳用 6.3kW スタンダード 換気機能付き,台
エアコン・空調,三菱電機 エアコン 20畳用 6.3kW スタンダード 暖房メイン（寒冷地仕様）,台
エアコン・空調,三菱電機 エアコン 20畳用 6.3kW スタンダード 標準仕様,台
エアコン・空調,三菱電機 エアコン 20畳用 6.3kW スタンダード 空気清浄フィルター付き,台
エアコン・空調,三菱電機 エアコン 20畳用 6.3kW スタンダード 自動掃除機能付き,台
エアコン・空調,三菱電機 エアコン 20畳用 6.3kW 上位 AI自動運転,台
エアコン・空調,三菱電機 エアコン 20畳用 6.3kW 上位 換気機能付き,台
エアコン・空調,三菱電機 エアコン 20畳用 6.3kW 上位 暖房メイン（寒冷地仕様）,台
エアコン・空調,三菱電機 エアコン 20畳用 6.3kW 上位 標準仕様,台
エアコン・空調,三菱電機 エアコン 20畳用 6.3kW 上位 空気清浄フィルター付き,台
エアコン・空調,三菱電機 エアコン 20畳用 6.3kW 上位 自動掃除機能付き,台
エアコン・空調,三菱電機 エアコン 20畳用 6.3kW 最上位 AI自動運転,台
エアコン・空調,三菱電機 エアコン 20畳用 6.3kW 最上位 換気機能付き,台
エアコン・空調,三菱電機 エアコン 20畳用 6.3kW 最上位 暖房メイン（寒冷地仕様）,台
エアコン・空調,三菱電機 エアコン 20畳用 6.3kW 最上位 標準仕様,台
エアコン・空調,三菱電機 エアコン 20畳用 6.3kW 最上位 空気清浄フィルター付き,台
エアコン・空調,三菱電機 エアコン 20畳用 6.3kW 最上位 自動掃除機能付き,台
エアコン・空調,三菱電機 エアコン 20畳用 スタンダード,台
エアコン・空調,三菱電機 エアコン 20畳用 ハイスペック,台
エアコン・空調,三菱電機 エアコン 20畳用 プレミアム,台
エアコン・空調,三菱電機 エアコン 20畳用 ミドル,台
エアコン・空調,三菱電機 エアコン 20畳用 最上位モデル,台
エアコン・空調,三菱電機 エアコン 23畳用 7.1kW エントリー 暖房メイン（寒冷地仕様）,台
エアコン・空調,三菱電機 エアコン 23畳用 7.1kW エントリー 標準仕様,台
エアコン・空調,三菱電機 エアコン 23畳用 7.1kW エントリー 空気清浄フィルター付き,台
エアコン・空調,三菱電機 エアコン 23畳用 7.1kW エントリー 自動掃除機能付き,台
エアコン・空調,三菱電機 エアコン 23畳用 7.1kW スタンダード AI自動運転,台
エアコン・空調,三菱電機 エアコン 23畳用 7.1kW スタンダード 換気機能付き,台
エアコン・空調,三菱電機 エアコン 23畳用 7.1kW スタンダード 暖房メイン（寒冷地仕様）,台
エアコン・空調,三菱電機 エアコン 23畳用 7.1kW スタンダード 標準仕様,台
エアコン・空調,三菱電機 エアコン 23畳用 7.1kW スタンダード 空気清浄フィルター付き,台
エアコン・空調,三菱電機 エアコン 23畳用 7.1kW スタンダード 自動掃除機能付き,台
エアコン・空調,三菱電機 エアコン 23畳用 7.1kW 上位 AI自動運転,台
エアコン・空調,三菱電機 エアコン 23畳用 7.1kW 上位 換気機能付き,台
エアコン・空調,三菱電機 エアコン 23畳用 7.1kW 上位 暖房メイン（寒冷地仕様）,台
エアコン・空調,三菱電機 エアコン 23畳用 7.1kW 上位 標準仕様,台
エアコン・空調,三菱電機 エアコン 23畳用 7.1kW 上位 空気清浄フィルター付き,台
エアコン・空調,三菱電機 エアコン 23畳用 7.1kW 上位 自動掃除機能付き,台
エアコン・空調,三菱電機 エアコン 23畳用 7.1kW 最上位 AI自動運転,台
エアコン・空調,三菱電機 エアコン 23畳用 7.1kW 最上位 換気機能付き,台
エアコン・空調,三菱電機 エアコン 23畳用 7.1kW 最上位 暖房メイン（寒冷地仕様）,台
エアコン・空調,三菱電機 エアコン 23畳用 7.1kW 最上位 標準仕様,台
エアコン・空調,三菱電機 エアコン 23畳用 7.1kW 最上位 空気清浄フィルター付き,台
エアコン・空調,三菱電機 エアコン 23畳用 7.1kW 最上位 自動掃除機能付き,台
エアコン・空調,三菱電機 エアコン 6畳用 2.2kW エントリー 暖房メイン（寒冷地仕様）,台
エアコン・空調,三菱電機 エアコン 6畳用 2.2kW エントリー 標準仕様,台
エアコン・空調,三菱電機 エアコン 6畳用 2.2kW エントリー 空気清浄フィルター付き,台
エアコン・空調,三菱電機 エアコン 6畳用 2.2kW エントリー 自動掃除機能付き,台
エアコン・空調,三菱電機 エアコン 6畳用 2.2kW スタンダード AI自動運転,台
エアコン・空調,三菱電機 エアコン 6畳用 2.2kW スタンダード 換気機能付き,台
エアコン・空調,三菱電機 エアコン 6畳用 2.2kW スタンダード 暖房メイン（寒冷地仕様）,台
エアコン・空調,三菱電機 エアコン 6畳用 2.2kW スタンダード 標準仕様,台
エアコン・空調,三菱電機 エアコン 6畳用 2.2kW スタンダード 空気清浄フィルター付き,台
エアコン・空調,三菱電機 エアコン 6畳用 2.2kW スタンダード 自動掃除機能付き,台
エアコン・空調,三菱電機 エアコン 6畳用 2.2kW 上位 AI自動運転,台
エアコン・空調,三菱電機 エアコン 6畳用 2.2kW 上位 換気機能付き,台
エアコン・空調,三菱電機 エアコン 6畳用 2.2kW 上位 暖房メイン（寒冷地仕様）,台
エアコン・空調,三菱電機 エアコン 6畳用 2.2kW 上位 標準仕様,台
エアコン・空調,三菱電機 エアコン 6畳用 2.2kW 上位 空気清浄フィルター付き,台
エアコン・空調,三菱電機 エアコン 6畳用 2.2kW 上位 自動掃除機能付き,台
エアコン・空調,三菱電機 エアコン 6畳用 スタンダード,台
エアコン・空調,三菱電機 エアコン 6畳用 ハイスペック,台
エアコン・空調,三菱電機 エアコン 6畳用 プレミアム,台
エアコン・空調,三菱電機 エアコン 6畳用 ミドル,台
エアコン・空調,三菱電機 エアコン 6畳用 最上位モデル,台
エアコン・空調,三菱電機 エアコン 8畳用 2.5kW エントリー 暖房メイン（寒冷地仕様）,台
エアコン・空調,三菱電機 エアコン 8畳用 2.5kW エントリー 標準仕様,台
エアコン・空調,三菱電機 エアコン 8畳用 2.5kW エントリー 空気清浄フィルター付き,台
エアコン・空調,三菱電機 エアコン 8畳用 2.5kW エントリー 自動掃除機能付き,台
エアコン・空調,三菱電機 エアコン 8畳用 2.5kW スタンダード AI自動運転,台
エアコン・空調,三菱電機 エアコン 8畳用 2.5kW スタンダード 換気機能付き,台
エアコン・空調,三菱電機 エアコン 8畳用 2.5kW スタンダード 暖房メイン（寒冷地仕様）,台
エアコン・空調,三菱電機 エアコン 8畳用 2.5kW スタンダード 標準仕様,台
エアコン・空調,三菱電機 エアコン 8畳用 2.5kW スタンダード 空気清浄フィルター付き,台
エアコン・空調,三菱電機 エアコン 8畳用 2.5kW スタンダード 自動掃除機能付き,台
エアコン・空調,三菱電機 エアコン 8畳用 2.5kW 上位 AI自動運転,台
エアコン・空調,三菱電機 エアコン 8畳用 2.5kW 上位 換気機能付き,台
エアコン・空調,三菱電機 エアコン 8畳用 2.5kW 上位 暖房メイン（寒冷地仕様）,台
エアコン・空調,三菱電機 エアコン 8畳用 2.5kW 上位 標準仕様,台
エアコン・空調,三菱電機 エアコン 8畳用 2.5kW 上位 空気清浄フィルター付き,台
エアコン・空調,三菱電機 エアコン 8畳用 2.5kW 上位 自動掃除機能付き,台
エアコン・空調,三菱電機 エアコン 8畳用 2.5kW 最上位 AI自動運転,台
エアコン・空調,三菱電機 エアコン 8畳用 2.5kW 最上位 換気機能付き,台
エアコン・空調,三菱電機 エアコン 8畳用 2.5kW 最上位 暖房メイン（寒冷地仕様）,台
エアコン・空調,三菱電機 エアコン 8畳用 2.5kW 最上位 標準仕様,台
エアコン・空調,三菱電機 エアコン 8畳用 2.5kW 最上位 空気清浄フィルター付き,台
エアコン・空調,三菱電機 エアコン 8畳用 2.5kW 最上位 自動掃除機能付き,台
エアコン・空調,三菱電機 エアコン 8畳用 スタンダード,台
エアコン・空調,三菱電機 エアコン 8畳用 ハイスペック,台
エアコン・空調,三菱電機 エアコン 8畳用 プレミアム,台
エアコン・空調,三菱電機 エアコン 8畳用 ミドル,台
エアコン・空調,三菱電機 エアコン 8畳用 最上位モデル,台
エアコン・空調,三菱電機（全館空調） CO2センサー 室内用（HEMS連動）,台
エアコン・空調,三菱電機（全館空調） 全熱交換換気 大型 400m³/h,台
エアコン・空調,三菱電機（全館空調） 全館空調 120〜160㎡対応 大型,台
エアコン・空調,三菱電機（全館空調） 全館空調 200㎡以上 業務用クラス,台
エアコン・空調,三菱電機（全館空調） 全館空調 スマート制御盤,台
エアコン・空調,三菱電機（全館空調） 全館空調 チャンバーボックス,台
エアコン・空調,三菱電機（全館空調） 全館空調 吹出口グリル（天井 200×200）,台
エアコン・空調,三菱電機（全館空調） 全館空調 風量調整ダンパー,台
エアコン・空調,三菱電機（全館空調） 全館空調システム 本体 80〜120㎡対応,台
エアコン・空調,三菱電機（全館空調） 全館空調用 給気ダクト（φ150 1m）,台
エアコン・空調,三菱電機（全館空調） 全館空調用 還気ダクト（φ200 1m）,台
エアコン・空調,三菱電機（全館空調） 床下冷暖房システム（基礎断熱必須）,台
エアコン・空調,三菱電機（全館空調） 輻射冷暖房 壁型パネル（1m²）,台
エアコン・空調,三菱電機（全館空調） 輻射冷暖房パネル 天井型（1m）,台
エアコン・空調,三菱電機（業務用） 全熱交換機 業務用 800m³/h,台
エアコン・空調,三菱電機（業務用） 壁掛形 業務用 2.2kW（小型店舗）,台
エアコン・空調,三菱電機（業務用） 天井カセット形 2方向 2HP（6kW）,台
エアコン・空調,三菱電機（業務用） 天井カセット形 2方向 3HP（9kW）,台
エアコン・空調,三菱電機（業務用） 天井カセット形 4方向 10HP（30kW）,台
エアコン・空調,三菱電機（業務用） 天井カセット形 4方向 3HP（9kW）,台
エアコン・空調,三菱電機（業務用） 天井カセット形 4方向 5HP（15kW）,台
エアコン・空調,三菱電機（業務用） 天井カセット形 4方向 8HP（24kW）,台
エアコン・空調,三菱電機（業務用） 天井埋込ダクト形 3HP,台
エアコン・空調,三菱電機（業務用） 天井埋込ダクト形 8HP,台
エアコン・空調,三菱電機（業務用） 天吊形 3HP（倉庫・バックヤード）,台
エアコン・空調,三菱電機（業務用） 床置き形 3HP（ショーケース向き）,台
エアコン・空調,三菱電機（業務用） 業務用マルチ 室外機 16HP,台
エアコン・空調,三菱電機（業務用） 業務用マルチエアコン 室外機 8HP,台
エアコン・空調,住友不動産（全館空調） CO2センサー 室内用（HEMS連動）,台
エアコン・空調,住友不動産（全館空調） 全熱交換換気 大型 400m³/h,台
エアコン・空調,住友不動産（全館空調） 全館空調 120〜160㎡対応 大型,台
エアコン・空調,住友不動産（全館空調） 全館空調 200㎡以上 業務用クラス,台
エアコン・空調,住友不動産（全館空調） 全館空調 スマート制御盤,台
エアコン・空調,住友不動産（全館空調） 全館空調 チャンバーボックス,台
エアコン・空調,住友不動産（全館空調） 全館空調 吹出口グリル（天井 200×200）,台
エアコン・空調,住友不動産（全館空調） 全館空調 風量調整ダンパー,台
エアコン・空調,住友不動産（全館空調） 全館空調システム 本体 80〜120㎡対応,台
エアコン・空調,住友不動産（全館空調） 全館空調用 給気ダクト（φ150 1m）,台
エアコン・空調,住友不動産（全館空調） 全館空調用 還気ダクト（φ200 1m）,台
エアコン・空調,住友不動産（全館空調） 床下冷暖房システム（基礎断熱必須）,台
エアコン・空調,住友不動産（全館空調） 輻射冷暖房 壁型パネル（1m²）,台
エアコン・空調,住友不動産（全館空調） 輻射冷暖房パネル 天井型（1m）,台
エアコン・空調,冷媒ガス R32（1kg）,kg
エアコン・空調,冷媒ガス R410A（1kg）,kg
エアコン・空調,富士通ゼネラル エアコン 10畳用 2.8kW エントリー 暖房メイン（寒冷地仕様）,台
エアコン・空調,富士通ゼネラル エアコン 10畳用 2.8kW エントリー 標準仕様,台
エアコン・空調,富士通ゼネラル エアコン 10畳用 2.8kW エントリー 空気清浄フィルター付き,台
エアコン・空調,富士通ゼネラル エアコン 10畳用 2.8kW エントリー 自動掃除機能付き,台
エアコン・空調,富士通ゼネラル エアコン 10畳用 2.8kW スタンダード AI自動運転,台
エアコン・空調,富士通ゼネラル エアコン 10畳用 2.8kW スタンダード 暖房メイン（寒冷地仕様）,台
エアコン・空調,富士通ゼネラル エアコン 10畳用 2.8kW スタンダード 標準仕様,台
エアコン・空調,富士通ゼネラル エアコン 10畳用 2.8kW スタンダード 空気清浄フィルター付き,台
エアコン・空調,富士通ゼネラル エアコン 10畳用 2.8kW スタンダード 自動掃除機能付き,台
エアコン・空調,富士通ゼネラル エアコン 10畳用 2.8kW 上位 AI自動運転,台
エアコン・空調,富士通ゼネラル エアコン 10畳用 2.8kW 上位 暖房メイン（寒冷地仕様）,台
エアコン・空調,富士通ゼネラル エアコン 10畳用 2.8kW 上位 標準仕様,台
エアコン・空調,富士通ゼネラル エアコン 10畳用 2.8kW 上位 空気清浄フィルター付き,台
エアコン・空調,富士通ゼネラル エアコン 10畳用 2.8kW 上位 自動掃除機能付き,台
エアコン・空調,富士通ゼネラル エアコン 10畳用 2.8kW 最上位 AI自動運転,台
エアコン・空調,富士通ゼネラル エアコン 10畳用 2.8kW 最上位 暖房メイン（寒冷地仕様）,台
エアコン・空調,富士通ゼネラル エアコン 10畳用 2.8kW 最上位 標準仕様,台
エアコン・空調,富士通ゼネラル エアコン 10畳用 2.8kW 最上位 空気清浄フィルター付き,台
エアコン・空調,富士通ゼネラル エアコン 10畳用 2.8kW 最上位 自動掃除機能付き,台
エアコン・空調,富士通ゼネラル エアコン 10畳用 スタンダード,台
エアコン・空調,富士通ゼネラル エアコン 10畳用 ハイスペック,台
エアコン・空調,富士通ゼネラル エアコン 10畳用 プレミアム,台
エアコン・空調,富士通ゼネラル エアコン 10畳用 ミドル,台
エアコン・空調,富士通ゼネラル エアコン 10畳用 最上位モデル,台
エアコン・空調,富士通ゼネラル エアコン 12畳用 3.6kW エントリー 暖房メイン（寒冷地仕様）,台
エアコン・空調,富士通ゼネラル エアコン 12畳用 3.6kW エントリー 標準仕様,台
エアコン・空調,富士通ゼネラル エアコン 12畳用 3.6kW エントリー 空気清浄フィルター付き,台
エアコン・空調,富士通ゼネラル エアコン 12畳用 3.6kW エントリー 自動掃除機能付き,台
エアコン・空調,富士通ゼネラル エアコン 12畳用 3.6kW スタンダード AI自動運転,台
エアコン・空調,富士通ゼネラル エアコン 12畳用 3.6kW スタンダード 暖房メイン（寒冷地仕様）,台
エアコン・空調,富士通ゼネラル エアコン 12畳用 3.6kW スタンダード 標準仕様,台
エアコン・空調,富士通ゼネラル エアコン 12畳用 3.6kW スタンダード 空気清浄フィルター付き,台
エアコン・空調,富士通ゼネラル エアコン 12畳用 3.6kW スタンダード 自動掃除機能付き,台
エアコン・空調,富士通ゼネラル エアコン 12畳用 3.6kW 上位 AI自動運転,台
エアコン・空調,富士通ゼネラル エアコン 12畳用 3.6kW 上位 暖房メイン（寒冷地仕様）,台
エアコン・空調,富士通ゼネラル エアコン 12畳用 3.6kW 上位 標準仕様,台
エアコン・空調,富士通ゼネラル エアコン 12畳用 3.6kW 上位 空気清浄フィルター付き,台
エアコン・空調,富士通ゼネラル エアコン 12畳用 3.6kW 上位 自動掃除機能付き,台
エアコン・空調,富士通ゼネラル エアコン 12畳用 3.6kW 最上位 AI自動運転,台
エアコン・空調,富士通ゼネラル エアコン 12畳用 3.6kW 最上位 暖房メイン（寒冷地仕様）,台
エアコン・空調,富士通ゼネラル エアコン 12畳用 3.6kW 最上位 標準仕様,台
エアコン・空調,富士通ゼネラル エアコン 12畳用 3.6kW 最上位 空気清浄フィルター付き,台
エアコン・空調,富士通ゼネラル エアコン 12畳用 3.6kW 最上位 自動掃除機能付き,台
エアコン・空調,富士通ゼネラル エアコン 14畳用 4.0kW エントリー 暖房メイン（寒冷地仕様）,台
エアコン・空調,富士通ゼネラル エアコン 14畳用 4.0kW エントリー 標準仕様,台
エアコン・空調,富士通ゼネラル エアコン 14畳用 4.0kW エントリー 空気清浄フィルター付き,台
エアコン・空調,富士通ゼネラル エアコン 14畳用 4.0kW エントリー 自動掃除機能付き,台
エアコン・空調,富士通ゼネラル エアコン 14畳用 4.0kW スタンダード AI自動運転,台
エアコン・空調,富士通ゼネラル エアコン 14畳用 4.0kW スタンダード 暖房メイン（寒冷地仕様）,台
エアコン・空調,富士通ゼネラル エアコン 14畳用 4.0kW スタンダード 標準仕様,台
エアコン・空調,富士通ゼネラル エアコン 14畳用 4.0kW スタンダード 空気清浄フィルター付き,台
エアコン・空調,富士通ゼネラル エアコン 14畳用 4.0kW スタンダード 自動掃除機能付き,台
エアコン・空調,富士通ゼネラル エアコン 14畳用 4.0kW 上位 AI自動運転,台
エアコン・空調,富士通ゼネラル エアコン 14畳用 4.0kW 上位 暖房メイン（寒冷地仕様）,台
エアコン・空調,富士通ゼネラル エアコン 14畳用 4.0kW 上位 標準仕様,台
エアコン・空調,富士通ゼネラル エアコン 14畳用 4.0kW 上位 空気清浄フィルター付き,台
エアコン・空調,富士通ゼネラル エアコン 14畳用 4.0kW 上位 自動掃除機能付き,台
エアコン・空調,富士通ゼネラル エアコン 14畳用 4.0kW 最上位 AI自動運転,台
エアコン・空調,富士通ゼネラル エアコン 14畳用 4.0kW 最上位 暖房メイン（寒冷地仕様）,台
エアコン・空調,富士通ゼネラル エアコン 14畳用 4.0kW 最上位 標準仕様,台
エアコン・空調,富士通ゼネラル エアコン 14畳用 4.0kW 最上位 空気清浄フィルター付き,台
エアコン・空調,富士通ゼネラル エアコン 14畳用 4.0kW 最上位 自動掃除機能付き,台
エアコン・空調,富士通ゼネラル エアコン 14畳用 スタンダード,台
エアコン・空調,富士通ゼネラル エアコン 14畳用 ハイスペック,台
エアコン・空調,富士通ゼネラル エアコン 14畳用 プレミアム,台
エアコン・空調,富士通ゼネラル エアコン 14畳用 ミドル,台
エアコン・空調,富士通ゼネラル エアコン 14畳用 最上位モデル,台
エアコン・空調,富士通ゼネラル エアコン 18畳用 5.6kW エントリー 暖房メイン（寒冷地仕様）,台
エアコン・空調,富士通ゼネラル エアコン 18畳用 5.6kW エントリー 標準仕様,台
エアコン・空調,富士通ゼネラル エアコン 18畳用 5.6kW エントリー 空気清浄フィルター付き,台
エアコン・空調,富士通ゼネラル エアコン 18畳用 5.6kW エントリー 自動掃除機能付き,台
エアコン・空調,富士通ゼネラル エアコン 18畳用 5.6kW スタンダード AI自動運転,台
エアコン・空調,富士通ゼネラル エアコン 18畳用 5.6kW スタンダード 暖房メイン（寒冷地仕様）,台
エアコン・空調,富士通ゼネラル エアコン 18畳用 5.6kW スタンダード 標準仕様,台
エアコン・空調,富士通ゼネラル エアコン 18畳用 5.6kW スタンダード 空気清浄フィルター付き,台
エアコン・空調,富士通ゼネラル エアコン 18畳用 5.6kW スタンダード 自動掃除機能付き,台
エアコン・空調,富士通ゼネラル エアコン 18畳用 5.6kW 上位 AI自動運転,台
エアコン・空調,富士通ゼネラル エアコン 18畳用 5.6kW 上位 暖房メイン（寒冷地仕様）,台
エアコン・空調,富士通ゼネラル エアコン 18畳用 5.6kW 上位 標準仕様,台
エアコン・空調,富士通ゼネラル エアコン 18畳用 5.6kW 上位 空気清浄フィルター付き,台
エアコン・空調,富士通ゼネラル エアコン 18畳用 5.6kW 上位 自動掃除機能付き,台
エアコン・空調,富士通ゼネラル エアコン 18畳用 5.6kW 最上位 AI自動運転,台
エアコン・空調,富士通ゼネラル エアコン 18畳用 5.6kW 最上位 暖房メイン（寒冷地仕様）,台
エアコン・空調,富士通ゼネラル エアコン 18畳用 5.6kW 最上位 標準仕様,台
エアコン・空調,富士通ゼネラル エアコン 18畳用 5.6kW 最上位 空気清浄フィルター付き,台
エアコン・空調,富士通ゼネラル エアコン 18畳用 5.6kW 最上位 自動掃除機能付き,台
エアコン・空調,富士通ゼネラル エアコン 18畳用 スタンダード,台
エアコン・空調,富士通ゼネラル エアコン 18畳用 ハイスペック,台
エアコン・空調,富士通ゼネラル エアコン 18畳用 プレミアム,台
エアコン・空調,富士通ゼネラル エアコン 18畳用 ミドル,台
エアコン・空調,富士通ゼネラル エアコン 18畳用 最上位モデル,台
エアコン・空調,富士通ゼネラル エアコン 20畳用 6.3kW エントリー 暖房メイン（寒冷地仕様）,台
エアコン・空調,富士通ゼネラル エアコン 20畳用 6.3kW エントリー 標準仕様,台
エアコン・空調,富士通ゼネラル エアコン 20畳用 6.3kW エントリー 空気清浄フィルター付き,台
エアコン・空調,富士通ゼネラル エアコン 20畳用 6.3kW エントリー 自動掃除機能付き,台
エアコン・空調,富士通ゼネラル エアコン 20畳用 6.3kW スタンダード AI自動運転,台
エアコン・空調,富士通ゼネラル エアコン 20畳用 6.3kW スタンダード 暖房メイン（寒冷地仕様）,台
エアコン・空調,富士通ゼネラル エアコン 20畳用 6.3kW スタンダード 標準仕様,台
エアコン・空調,富士通ゼネラル エアコン 20畳用 6.3kW スタンダード 空気清浄フィルター付き,台
エアコン・空調,富士通ゼネラル エアコン 20畳用 6.3kW スタンダード 自動掃除機能付き,台
エアコン・空調,富士通ゼネラル エアコン 20畳用 6.3kW 上位 AI自動運転,台
エアコン・空調,富士通ゼネラル エアコン 20畳用 6.3kW 上位 暖房メイン（寒冷地仕様）,台
エアコン・空調,富士通ゼネラル エアコン 20畳用 6.3kW 上位 標準仕様,台
エアコン・空調,富士通ゼネラル エアコン 20畳用 6.3kW 上位 空気清浄フィルター付き,台
エアコン・空調,富士通ゼネラル エアコン 20畳用 6.3kW 上位 自動掃除機能付き,台
エアコン・空調,富士通ゼネラル エアコン 20畳用 6.3kW 最上位 AI自動運転,台
エアコン・空調,富士通ゼネラル エアコン 20畳用 6.3kW 最上位 暖房メイン（寒冷地仕様）,台
エアコン・空調,富士通ゼネラル エアコン 20畳用 6.3kW 最上位 標準仕様,台
エアコン・空調,富士通ゼネラル エアコン 20畳用 6.3kW 最上位 空気清浄フィルター付き,台
エアコン・空調,富士通ゼネラル エアコン 20畳用 6.3kW 最上位 自動掃除機能付き,台
エアコン・空調,富士通ゼネラル エアコン 20畳用 スタンダード,台
エアコン・空調,富士通ゼネラル エアコン 20畳用 ハイスペック,台
エアコン・空調,富士通ゼネラル エアコン 20畳用 プレミアム,台
エアコン・空調,富士通ゼネラル エアコン 20畳用 ミドル,台
エアコン・空調,富士通ゼネラル エアコン 20畳用 最上位モデル,台
エアコン・空調,富士通ゼネラル エアコン 23畳用 7.1kW エントリー 暖房メイン（寒冷地仕様）,台
エアコン・空調,富士通ゼネラル エアコン 23畳用 7.1kW エントリー 標準仕様,台
エアコン・空調,富士通ゼネラル エアコン 23畳用 7.1kW エントリー 空気清浄フィルター付き,台
エアコン・空調,富士通ゼネラル エアコン 23畳用 7.1kW エントリー 自動掃除機能付き,台
エアコン・空調,富士通ゼネラル エアコン 23畳用 7.1kW スタンダード AI自動運転,台
エアコン・空調,富士通ゼネラル エアコン 23畳用 7.1kW スタンダード 暖房メイン（寒冷地仕様）,台
エアコン・空調,富士通ゼネラル エアコン 23畳用 7.1kW スタンダード 標準仕様,台
エアコン・空調,富士通ゼネラル エアコン 23畳用 7.1kW スタンダード 空気清浄フィルター付き,台
エアコン・空調,富士通ゼネラル エアコン 23畳用 7.1kW スタンダード 自動掃除機能付き,台
エアコン・空調,富士通ゼネラル エアコン 23畳用 7.1kW 上位 AI自動運転,台
エアコン・空調,富士通ゼネラル エアコン 23畳用 7.1kW 上位 暖房メイン（寒冷地仕様）,台
エアコン・空調,富士通ゼネラル エアコン 23畳用 7.1kW 上位 標準仕様,台
エアコン・空調,富士通ゼネラル エアコン 23畳用 7.1kW 上位 空気清浄フィルター付き,台
エアコン・空調,富士通ゼネラル エアコン 23畳用 7.1kW 上位 自動掃除機能付き,台
エアコン・空調,富士通ゼネラル エアコン 23畳用 7.1kW 最上位 AI自動運転,台
エアコン・空調,富士通ゼネラル エアコン 23畳用 7.1kW 最上位 暖房メイン（寒冷地仕様）,台
エアコン・空調,富士通ゼネラル エアコン 23畳用 7.1kW 最上位 標準仕様,台
エアコン・空調,富士通ゼネラル エアコン 23畳用 7.1kW 最上位 空気清浄フィルター付き,台
エアコン・空調,富士通ゼネラル エアコン 23畳用 7.1kW 最上位 自動掃除機能付き,台
エアコン・空調,富士通ゼネラル エアコン 6畳用 2.2kW エントリー 暖房メイン（寒冷地仕様）,台
エアコン・空調,富士通ゼネラル エアコン 6畳用 2.2kW エントリー 標準仕様,台
エアコン・空調,富士通ゼネラル エアコン 6畳用 2.2kW エントリー 空気清浄フィルター付き,台
エアコン・空調,富士通ゼネラル エアコン 6畳用 2.2kW エントリー 自動掃除機能付き,台
エアコン・空調,富士通ゼネラル エアコン 6畳用 2.2kW スタンダード AI自動運転,台
エアコン・空調,富士通ゼネラル エアコン 6畳用 2.2kW スタンダード 暖房メイン（寒冷地仕様）,台
エアコン・空調,富士通ゼネラル エアコン 6畳用 2.2kW スタンダード 標準仕様,台
エアコン・空調,富士通ゼネラル エアコン 6畳用 2.2kW スタンダード 空気清浄フィルター付き,台
エアコン・空調,富士通ゼネラル エアコン 6畳用 2.2kW スタンダード 自動掃除機能付き,台
エアコン・空調,富士通ゼネラル エアコン 6畳用 2.2kW 上位 AI自動運転,台
エアコン・空調,富士通ゼネラル エアコン 6畳用 2.2kW 上位 暖房メイン（寒冷地仕様）,台
エアコン・空調,富士通ゼネラル エアコン 6畳用 2.2kW 上位 標準仕様,台
エアコン・空調,富士通ゼネラル エアコン 6畳用 2.2kW 上位 空気清浄フィルター付き,台
エアコン・空調,富士通ゼネラル エアコン 6畳用 2.2kW 上位 自動掃除機能付き,台
エアコン・空調,富士通ゼネラル エアコン 6畳用 スタンダード,台
エアコン・空調,富士通ゼネラル エアコン 6畳用 ハイスペック,台
エアコン・空調,富士通ゼネラル エアコン 6畳用 プレミアム,台
エアコン・空調,富士通ゼネラル エアコン 6畳用 ミドル,台
エアコン・空調,富士通ゼネラル エアコン 6畳用 最上位モデル,台
エアコン・空調,富士通ゼネラル エアコン 8畳用 2.5kW エントリー 暖房メイン（寒冷地仕様）,台
エアコン・空調,富士通ゼネラル エアコン 8畳用 2.5kW エントリー 標準仕様,台
エアコン・空調,富士通ゼネラル エアコン 8畳用 2.5kW エントリー 空気清浄フィルター付き,台
エアコン・空調,富士通ゼネラル エアコン 8畳用 2.5kW エントリー 自動掃除機能付き,台
エアコン・空調,富士通ゼネラル エアコン 8畳用 2.5kW スタンダード AI自動運転,台
エアコン・空調,富士通ゼネラル エアコン 8畳用 2.5kW スタンダード 暖房メイン（寒冷地仕様）,台
エアコン・空調,富士通ゼネラル エアコン 8畳用 2.5kW スタンダード 標準仕様,台
エアコン・空調,富士通ゼネラル エアコン 8畳用 2.5kW スタンダード 空気清浄フィルター付き,台
エアコン・空調,富士通ゼネラル エアコン 8畳用 2.5kW スタンダード 自動掃除機能付き,台
エアコン・空調,富士通ゼネラル エアコン 8畳用 2.5kW 上位 AI自動運転,台
エアコン・空調,富士通ゼネラル エアコン 8畳用 2.5kW 上位 暖房メイン（寒冷地仕様）,台
エアコン・空調,富士通ゼネラル エアコン 8畳用 2.5kW 上位 標準仕様,台
エアコン・空調,富士通ゼネラル エアコン 8畳用 2.5kW 上位 空気清浄フィルター付き,台
エアコン・空調,富士通ゼネラル エアコン 8畳用 2.5kW 上位 自動掃除機能付き,台
エアコン・空調,富士通ゼネラル エアコン 8畳用 2.5kW 最上位 AI自動運転,台
エアコン・空調,富士通ゼネラル エアコン 8畳用 2.5kW 最上位 暖房メイン（寒冷地仕様）,台
エアコン・空調,富士通ゼネラル エアコン 8畳用 2.5kW 最上位 標準仕様,台
エアコン・空調,富士通ゼネラル エアコン 8畳用 2.5kW 最上位 空気清浄フィルター付き,台
エアコン・空調,富士通ゼネラル エアコン 8畳用 2.5kW 最上位 自動掃除機能付き,台
エアコン・空調,富士通ゼネラル エアコン 8畳用 スタンダード,台
エアコン・空調,富士通ゼネラル エアコン 8畳用 ハイスペック,台
エアコン・空調,富士通ゼネラル エアコン 8畳用 プレミアム,台
エアコン・空調,富士通ゼネラル エアコン 8畳用 ミドル,台
エアコン・空調,富士通ゼネラル エアコン 8畳用 最上位モデル,台
エアコン・空調,富士通ゼネラル（業務用） 全熱交換機 業務用 800m³/h,台
エアコン・空調,富士通ゼネラル（業務用） 壁掛形 業務用 2.2kW（小型店舗）,台
エアコン・空調,富士通ゼネラル（業務用） 天井カセット形 2方向 2HP（6kW）,台
エアコン・空調,富士通ゼネラル（業務用） 天井カセット形 2方向 3HP（9kW）,台
エアコン・空調,富士通ゼネラル（業務用） 天井カセット形 4方向 10HP（30kW）,台
エアコン・空調,富士通ゼネラル（業務用） 天井カセット形 4方向 3HP（9kW）,台
エアコン・空調,富士通ゼネラル（業務用） 天井カセット形 4方向 5HP（15kW）,台
エアコン・空調,富士通ゼネラル（業務用） 天井カセット形 4方向 8HP（24kW）,台
エアコン・空調,富士通ゼネラル（業務用） 天井埋込ダクト形 3HP,台
エアコン・空調,富士通ゼネラル（業務用） 天井埋込ダクト形 8HP,台
エアコン・空調,富士通ゼネラル（業務用） 天吊形 3HP（倉庫・バックヤード）,台
エアコン・空調,富士通ゼネラル（業務用） 床置き形 3HP（ショーケース向き）,台
エアコン・空調,富士通ゼネラル（業務用） 業務用マルチ 室外機 16HP,台
エアコン・空調,富士通ゼネラル（業務用） 業務用マルチエアコン 室外機 8HP,台
エアコン・空調,換気フィルター交換（1台）,台
エアコン・空調,日立 エアコン 10畳用 2.8kW エントリー 暖房メイン（寒冷地仕様）,台
エアコン・空調,日立 エアコン 10畳用 2.8kW エントリー 標準仕様,台
エアコン・空調,日立 エアコン 10畳用 2.8kW エントリー 空気清浄フィルター付き,台
エアコン・空調,日立 エアコン 10畳用 2.8kW エントリー 自動掃除機能付き,台
エアコン・空調,日立 エアコン 10畳用 2.8kW スタンダード AI自動運転,台
エアコン・空調,日立 エアコン 10畳用 2.8kW スタンダード 暖房メイン（寒冷地仕様）,台
エアコン・空調,日立 エアコン 10畳用 2.8kW スタンダード 標準仕様,台
エアコン・空調,日立 エアコン 10畳用 2.8kW スタンダード 空気清浄フィルター付き,台
エアコン・空調,日立 エアコン 10畳用 2.8kW スタンダード 自動掃除機能付き,台
エアコン・空調,日立 エアコン 10畳用 2.8kW 上位 AI自動運転,台
エアコン・空調,日立 エアコン 10畳用 2.8kW 上位 暖房メイン（寒冷地仕様）,台
エアコン・空調,日立 エアコン 10畳用 2.8kW 上位 標準仕様,台
エアコン・空調,日立 エアコン 10畳用 2.8kW 上位 空気清浄フィルター付き,台
エアコン・空調,日立 エアコン 10畳用 2.8kW 上位 自動掃除機能付き,台
エアコン・空調,日立 エアコン 10畳用 2.8kW 最上位 AI自動運転,台
エアコン・空調,日立 エアコン 10畳用 2.8kW 最上位 暖房メイン（寒冷地仕様）,台
エアコン・空調,日立 エアコン 10畳用 2.8kW 最上位 標準仕様,台
エアコン・空調,日立 エアコン 10畳用 2.8kW 最上位 空気清浄フィルター付き,台
エアコン・空調,日立 エアコン 10畳用 2.8kW 最上位 自動掃除機能付き,台
エアコン・空調,日立 エアコン 10畳用 スタンダード,台
エアコン・空調,日立 エアコン 10畳用 ハイスペック,台
エアコン・空調,日立 エアコン 10畳用 プレミアム,台
エアコン・空調,日立 エアコン 10畳用 ミドル,台
エアコン・空調,日立 エアコン 10畳用 最上位モデル,台
エアコン・空調,日立 エアコン 12畳用 3.6kW エントリー 暖房メイン（寒冷地仕様）,台
エアコン・空調,日立 エアコン 12畳用 3.6kW エントリー 標準仕様,台
エアコン・空調,日立 エアコン 12畳用 3.6kW エントリー 空気清浄フィルター付き,台
エアコン・空調,日立 エアコン 12畳用 3.6kW エントリー 自動掃除機能付き,台
エアコン・空調,日立 エアコン 12畳用 3.6kW スタンダード AI自動運転,台
エアコン・空調,日立 エアコン 12畳用 3.6kW スタンダード 暖房メイン（寒冷地仕様）,台
エアコン・空調,日立 エアコン 12畳用 3.6kW スタンダード 標準仕様,台
エアコン・空調,日立 エアコン 12畳用 3.6kW スタンダード 空気清浄フィルター付き,台
エアコン・空調,日立 エアコン 12畳用 3.6kW スタンダード 自動掃除機能付き,台
エアコン・空調,日立 エアコン 12畳用 3.6kW 上位 AI自動運転,台
エアコン・空調,日立 エアコン 12畳用 3.6kW 上位 暖房メイン（寒冷地仕様）,台
エアコン・空調,日立 エアコン 12畳用 3.6kW 上位 標準仕様,台
エアコン・空調,日立 エアコン 12畳用 3.6kW 上位 空気清浄フィルター付き,台
エアコン・空調,日立 エアコン 12畳用 3.6kW 上位 自動掃除機能付き,台
エアコン・空調,日立 エアコン 12畳用 3.6kW 最上位 AI自動運転,台
エアコン・空調,日立 エアコン 12畳用 3.6kW 最上位 暖房メイン（寒冷地仕様）,台
エアコン・空調,日立 エアコン 12畳用 3.6kW 最上位 標準仕様,台
エアコン・空調,日立 エアコン 12畳用 3.6kW 最上位 空気清浄フィルター付き,台
エアコン・空調,日立 エアコン 12畳用 3.6kW 最上位 自動掃除機能付き,台
エアコン・空調,日立 エアコン 14畳用 4.0kW エントリー 暖房メイン（寒冷地仕様）,台
エアコン・空調,日立 エアコン 14畳用 4.0kW エントリー 標準仕様,台
エアコン・空調,日立 エアコン 14畳用 4.0kW エントリー 空気清浄フィルター付き,台
エアコン・空調,日立 エアコン 14畳用 4.0kW エントリー 自動掃除機能付き,台
エアコン・空調,日立 エアコン 14畳用 4.0kW スタンダード AI自動運転,台
エアコン・空調,日立 エアコン 14畳用 4.0kW スタンダード 暖房メイン（寒冷地仕様）,台
エアコン・空調,日立 エアコン 14畳用 4.0kW スタンダード 標準仕様,台
エアコン・空調,日立 エアコン 14畳用 4.0kW スタンダード 空気清浄フィルター付き,台
エアコン・空調,日立 エアコン 14畳用 4.0kW スタンダード 自動掃除機能付き,台
エアコン・空調,日立 エアコン 14畳用 4.0kW 上位 AI自動運転,台
エアコン・空調,日立 エアコン 14畳用 4.0kW 上位 暖房メイン（寒冷地仕様）,台
エアコン・空調,日立 エアコン 14畳用 4.0kW 上位 標準仕様,台
エアコン・空調,日立 エアコン 14畳用 4.0kW 上位 空気清浄フィルター付き,台
エアコン・空調,日立 エアコン 14畳用 4.0kW 上位 自動掃除機能付き,台
エアコン・空調,日立 エアコン 14畳用 4.0kW 最上位 AI自動運転,台
エアコン・空調,日立 エアコン 14畳用 4.0kW 最上位 暖房メイン（寒冷地仕様）,台
エアコン・空調,日立 エアコン 14畳用 4.0kW 最上位 標準仕様,台
エアコン・空調,日立 エアコン 14畳用 4.0kW 最上位 空気清浄フィルター付き,台
エアコン・空調,日立 エアコン 14畳用 4.0kW 最上位 自動掃除機能付き,台
エアコン・空調,日立 エアコン 14畳用 スタンダード,台
エアコン・空調,日立 エアコン 14畳用 ハイスペック,台
エアコン・空調,日立 エアコン 14畳用 プレミアム,台
エアコン・空調,日立 エアコン 14畳用 ミドル,台
エアコン・空調,日立 エアコン 14畳用 最上位モデル,台
エアコン・空調,日立 エアコン 18畳用 5.6kW エントリー 暖房メイン（寒冷地仕様）,台
エアコン・空調,日立 エアコン 18畳用 5.6kW エントリー 標準仕様,台
エアコン・空調,日立 エアコン 18畳用 5.6kW エントリー 空気清浄フィルター付き,台
エアコン・空調,日立 エアコン 18畳用 5.6kW エントリー 自動掃除機能付き,台
エアコン・空調,日立 エアコン 18畳用 5.6kW スタンダード AI自動運転,台
エアコン・空調,日立 エアコン 18畳用 5.6kW スタンダード 暖房メイン（寒冷地仕様）,台
エアコン・空調,日立 エアコン 18畳用 5.6kW スタンダード 標準仕様,台
エアコン・空調,日立 エアコン 18畳用 5.6kW スタンダード 空気清浄フィルター付き,台
エアコン・空調,日立 エアコン 18畳用 5.6kW スタンダード 自動掃除機能付き,台
エアコン・空調,日立 エアコン 18畳用 5.6kW 上位 AI自動運転,台
エアコン・空調,日立 エアコン 18畳用 5.6kW 上位 暖房メイン（寒冷地仕様）,台
エアコン・空調,日立 エアコン 18畳用 5.6kW 上位 標準仕様,台
エアコン・空調,日立 エアコン 18畳用 5.6kW 上位 空気清浄フィルター付き,台
エアコン・空調,日立 エアコン 18畳用 5.6kW 上位 自動掃除機能付き,台
エアコン・空調,日立 エアコン 18畳用 5.6kW 最上位 AI自動運転,台
エアコン・空調,日立 エアコン 18畳用 5.6kW 最上位 暖房メイン（寒冷地仕様）,台
エアコン・空調,日立 エアコン 18畳用 5.6kW 最上位 標準仕様,台
エアコン・空調,日立 エアコン 18畳用 5.6kW 最上位 空気清浄フィルター付き,台
エアコン・空調,日立 エアコン 18畳用 5.6kW 最上位 自動掃除機能付き,台
エアコン・空調,日立 エアコン 18畳用 スタンダード,台
エアコン・空調,日立 エアコン 18畳用 ハイスペック,台
エアコン・空調,日立 エアコン 18畳用 プレミアム,台
エアコン・空調,日立 エアコン 18畳用 ミドル,台
エアコン・空調,日立 エアコン 18畳用 最上位モデル,台
エアコン・空調,日立 エアコン 20畳用 6.3kW エントリー 暖房メイン（寒冷地仕様）,台
エアコン・空調,日立 エアコン 20畳用 6.3kW エントリー 標準仕様,台
エアコン・空調,日立 エアコン 20畳用 6.3kW エントリー 空気清浄フィルター付き,台
エアコン・空調,日立 エアコン 20畳用 6.3kW エントリー 自動掃除機能付き,台
エアコン・空調,日立 エアコン 20畳用 6.3kW スタンダード AI自動運転,台
エアコン・空調,日立 エアコン 20畳用 6.3kW スタンダード 暖房メイン（寒冷地仕様）,台
エアコン・空調,日立 エアコン 20畳用 6.3kW スタンダード 標準仕様,台
エアコン・空調,日立 エアコン 20畳用 6.3kW スタンダード 空気清浄フィルター付き,台
エアコン・空調,日立 エアコン 20畳用 6.3kW スタンダード 自動掃除機能付き,台
エアコン・空調,日立 エアコン 20畳用 6.3kW 上位 AI自動運転,台
エアコン・空調,日立 エアコン 20畳用 6.3kW 上位 暖房メイン（寒冷地仕様）,台
エアコン・空調,日立 エアコン 20畳用 6.3kW 上位 標準仕様,台
エアコン・空調,日立 エアコン 20畳用 6.3kW 上位 空気清浄フィルター付き,台
エアコン・空調,日立 エアコン 20畳用 6.3kW 上位 自動掃除機能付き,台
エアコン・空調,日立 エアコン 20畳用 6.3kW 最上位 AI自動運転,台
エアコン・空調,日立 エアコン 20畳用 6.3kW 最上位 暖房メイン（寒冷地仕様）,台
エアコン・空調,日立 エアコン 20畳用 6.3kW 最上位 標準仕様,台
エアコン・空調,日立 エアコン 20畳用 6.3kW 最上位 空気清浄フィルター付き,台
エアコン・空調,日立 エアコン 20畳用 6.3kW 最上位 自動掃除機能付き,台
エアコン・空調,日立 エアコン 20畳用 スタンダード,台
エアコン・空調,日立 エアコン 20畳用 ハイスペック,台
エアコン・空調,日立 エアコン 20畳用 プレミアム,台
エアコン・空調,日立 エアコン 20畳用 ミドル,台
エアコン・空調,日立 エアコン 20畳用 最上位モデル,台
エアコン・空調,日立 エアコン 23畳用 7.1kW エントリー 暖房メイン（寒冷地仕様）,台
エアコン・空調,日立 エアコン 23畳用 7.1kW エントリー 標準仕様,台
エアコン・空調,日立 エアコン 23畳用 7.1kW エントリー 空気清浄フィルター付き,台
エアコン・空調,日立 エアコン 23畳用 7.1kW エントリー 自動掃除機能付き,台
エアコン・空調,日立 エアコン 23畳用 7.1kW スタンダード AI自動運転,台
エアコン・空調,日立 エアコン 23畳用 7.1kW スタンダード 暖房メイン（寒冷地仕様）,台
エアコン・空調,日立 エアコン 23畳用 7.1kW スタンダード 標準仕様,台
エアコン・空調,日立 エアコン 23畳用 7.1kW スタンダード 空気清浄フィルター付き,台
エアコン・空調,日立 エアコン 23畳用 7.1kW スタンダード 自動掃除機能付き,台
エアコン・空調,日立 エアコン 23畳用 7.1kW 上位 AI自動運転,台
エアコン・空調,日立 エアコン 23畳用 7.1kW 上位 暖房メイン（寒冷地仕様）,台
エアコン・空調,日立 エアコン 23畳用 7.1kW 上位 標準仕様,台
エアコン・空調,日立 エアコン 23畳用 7.1kW 上位 空気清浄フィルター付き,台
エアコン・空調,日立 エアコン 23畳用 7.1kW 上位 自動掃除機能付き,台
エアコン・空調,日立 エアコン 23畳用 7.1kW 最上位 AI自動運転,台
エアコン・空調,日立 エアコン 23畳用 7.1kW 最上位 暖房メイン（寒冷地仕様）,台
エアコン・空調,日立 エアコン 23畳用 7.1kW 最上位 標準仕様,台
エアコン・空調,日立 エアコン 23畳用 7.1kW 最上位 空気清浄フィルター付き,台
エアコン・空調,日立 エアコン 23畳用 7.1kW 最上位 自動掃除機能付き,台
エアコン・空調,日立 エアコン 6畳用 2.2kW エントリー 暖房メイン（寒冷地仕様）,台
エアコン・空調,日立 エアコン 6畳用 2.2kW エントリー 標準仕様,台
エアコン・空調,日立 エアコン 6畳用 2.2kW エントリー 空気清浄フィルター付き,台
エアコン・空調,日立 エアコン 6畳用 2.2kW エントリー 自動掃除機能付き,台
エアコン・空調,日立 エアコン 6畳用 2.2kW スタンダード AI自動運転,台
エアコン・空調,日立 エアコン 6畳用 2.2kW スタンダード 暖房メイン（寒冷地仕様）,台
エアコン・空調,日立 エアコン 6畳用 2.2kW スタンダード 標準仕様,台
エアコン・空調,日立 エアコン 6畳用 2.2kW スタンダード 空気清浄フィルター付き,台
エアコン・空調,日立 エアコン 6畳用 2.2kW スタンダード 自動掃除機能付き,台
エアコン・空調,日立 エアコン 6畳用 2.2kW 上位 AI自動運転,台
エアコン・空調,日立 エアコン 6畳用 2.2kW 上位 暖房メイン（寒冷地仕様）,台
エアコン・空調,日立 エアコン 6畳用 2.2kW 上位 標準仕様,台
エアコン・空調,日立 エアコン 6畳用 2.2kW 上位 空気清浄フィルター付き,台
エアコン・空調,日立 エアコン 6畳用 2.2kW 上位 自動掃除機能付き,台
エアコン・空調,日立 エアコン 6畳用 スタンダード,台
エアコン・空調,日立 エアコン 6畳用 ハイスペック,台
エアコン・空調,日立 エアコン 6畳用 プレミアム,台
エアコン・空調,日立 エアコン 6畳用 ミドル,台
エアコン・空調,日立 エアコン 6畳用 最上位モデル,台
エアコン・空調,日立 エアコン 8畳用 2.5kW エントリー 暖房メイン（寒冷地仕様）,台
エアコン・空調,日立 エアコン 8畳用 2.5kW エントリー 標準仕様,台
エアコン・空調,日立 エアコン 8畳用 2.5kW エントリー 空気清浄フィルター付き,台
エアコン・空調,日立 エアコン 8畳用 2.5kW エントリー 自動掃除機能付き,台
エアコン・空調,日立 エアコン 8畳用 2.5kW スタンダード AI自動運転,台
エアコン・空調,日立 エアコン 8畳用 2.5kW スタンダード 暖房メイン（寒冷地仕様）,台
エアコン・空調,日立 エアコン 8畳用 2.5kW スタンダード 標準仕様,台
エアコン・空調,日立 エアコン 8畳用 2.5kW スタンダード 空気清浄フィルター付き,台
エアコン・空調,日立 エアコン 8畳用 2.5kW スタンダード 自動掃除機能付き,台
エアコン・空調,日立 エアコン 8畳用 2.5kW 上位 AI自動運転,台
エアコン・空調,日立 エアコン 8畳用 2.5kW 上位 暖房メイン（寒冷地仕様）,台
エアコン・空調,日立 エアコン 8畳用 2.5kW 上位 標準仕様,台
エアコン・空調,日立 エアコン 8畳用 2.5kW 上位 空気清浄フィルター付き,台
エアコン・空調,日立 エアコン 8畳用 2.5kW 上位 自動掃除機能付き,台
エアコン・空調,日立 エアコン 8畳用 2.5kW 最上位 AI自動運転,台
エアコン・空調,日立 エアコン 8畳用 2.5kW 最上位 暖房メイン（寒冷地仕様）,台
エアコン・空調,日立 エアコン 8畳用 2.5kW 最上位 標準仕様,台
エアコン・空調,日立 エアコン 8畳用 2.5kW 最上位 空気清浄フィルター付き,台
エアコン・空調,日立 エアコン 8畳用 2.5kW 最上位 自動掃除機能付き,台
エアコン・空調,日立 エアコン 8畳用 スタンダード,台
エアコン・空調,日立 エアコン 8畳用 ハイスペック,台
エアコン・空調,日立 エアコン 8畳用 プレミアム,台
エアコン・空調,日立 エアコン 8畳用 ミドル,台
エアコン・空調,日立 エアコン 8畳用 最上位モデル,台
エアコン・空調,日立（業務用） 全熱交換機 業務用 800m³/h,台
エアコン・空調,日立（業務用） 壁掛形 業務用 2.2kW（小型店舗）,台
エアコン・空調,日立（業務用） 天井カセット形 2方向 2HP（6kW）,台
エアコン・空調,日立（業務用） 天井カセット形 2方向 3HP（9kW）,台
エアコン・空調,日立（業務用） 天井カセット形 4方向 10HP（30kW）,台
エアコン・空調,日立（業務用） 天井カセット形 4方向 3HP（9kW）,台
エアコン・空調,日立（業務用） 天井カセット形 4方向 5HP（15kW）,台
エアコン・空調,日立（業務用） 天井カセット形 4方向 8HP（24kW）,台
エアコン・空調,日立（業務用） 天井埋込ダクト形 3HP,台
エアコン・空調,日立（業務用） 天井埋込ダクト形 8HP,台
エアコン・空調,日立（業務用） 天吊形 3HP（倉庫・バックヤード）,台
エアコン・空調,日立（業務用） 床置き形 3HP（ショーケース向き）,台
エアコン・空調,日立（業務用） 業務用マルチ 室外機 16HP,台
エアコン・空調,日立（業務用） 業務用マルチエアコン 室外機 8HP,台
エアコン・空調,東芝 エアコン 10畳用 2.8kW エントリー 暖房メイン（寒冷地仕様）,台
エアコン・空調,東芝 エアコン 10畳用 2.8kW エントリー 標準仕様,台
エアコン・空調,東芝 エアコン 10畳用 2.8kW エントリー 空気清浄フィルター付き,台
エアコン・空調,東芝 エアコン 10畳用 2.8kW エントリー 自動掃除機能付き,台
エアコン・空調,東芝 エアコン 10畳用 2.8kW スタンダード AI自動運転,台
エアコン・空調,東芝 エアコン 10畳用 2.8kW スタンダード 暖房メイン（寒冷地仕様）,台
エアコン・空調,東芝 エアコン 10畳用 2.8kW スタンダード 標準仕様,台
エアコン・空調,東芝 エアコン 10畳用 2.8kW スタンダード 空気清浄フィルター付き,台
エアコン・空調,東芝 エアコン 10畳用 2.8kW スタンダード 自動掃除機能付き,台
エアコン・空調,東芝 エアコン 10畳用 2.8kW 上位 AI自動運転,台
エアコン・空調,東芝 エアコン 10畳用 2.8kW 上位 暖房メイン（寒冷地仕様）,台
エアコン・空調,東芝 エアコン 10畳用 2.8kW 上位 標準仕様,台
エアコン・空調,東芝 エアコン 10畳用 2.8kW 上位 空気清浄フィルター付き,台
エアコン・空調,東芝 エアコン 10畳用 2.8kW 上位 自動掃除機能付き,台
エアコン・空調,東芝 エアコン 10畳用 2.8kW 最上位 AI自動運転,台
エアコン・空調,東芝 エアコン 10畳用 2.8kW 最上位 暖房メイン（寒冷地仕様）,台
エアコン・空調,東芝 エアコン 10畳用 2.8kW 最上位 標準仕様,台
エアコン・空調,東芝 エアコン 10畳用 2.8kW 最上位 空気清浄フィルター付き,台
エアコン・空調,東芝 エアコン 10畳用 2.8kW 最上位 自動掃除機能付き,台
エアコン・空調,東芝 エアコン 10畳用 スタンダード,台
エアコン・空調,東芝 エアコン 10畳用 ハイスペック,台
エアコン・空調,東芝 エアコン 10畳用 プレミアム,台
エアコン・空調,東芝 エアコン 10畳用 ミドル,台
エアコン・空調,東芝 エアコン 10畳用 最上位モデル,台
エアコン・空調,東芝 エアコン 12畳用 3.6kW エントリー 暖房メイン（寒冷地仕様）,台
エアコン・空調,東芝 エアコン 12畳用 3.6kW エントリー 標準仕様,台
エアコン・空調,東芝 エアコン 12畳用 3.6kW エントリー 空気清浄フィルター付き,台
エアコン・空調,東芝 エアコン 12畳用 3.6kW エントリー 自動掃除機能付き,台
エアコン・空調,東芝 エアコン 12畳用 3.6kW スタンダード AI自動運転,台
エアコン・空調,東芝 エアコン 12畳用 3.6kW スタンダード 暖房メイン（寒冷地仕様）,台
エアコン・空調,東芝 エアコン 12畳用 3.6kW スタンダード 標準仕様,台
エアコン・空調,東芝 エアコン 12畳用 3.6kW スタンダード 空気清浄フィルター付き,台
エアコン・空調,東芝 エアコン 12畳用 3.6kW スタンダード 自動掃除機能付き,台
エアコン・空調,東芝 エアコン 12畳用 3.6kW 上位 AI自動運転,台
エアコン・空調,東芝 エアコン 12畳用 3.6kW 上位 暖房メイン（寒冷地仕様）,台
エアコン・空調,東芝 エアコン 12畳用 3.6kW 上位 標準仕様,台
エアコン・空調,東芝 エアコン 12畳用 3.6kW 上位 空気清浄フィルター付き,台
エアコン・空調,東芝 エアコン 12畳用 3.6kW 上位 自動掃除機能付き,台
エアコン・空調,東芝 エアコン 12畳用 3.6kW 最上位 AI自動運転,台
エアコン・空調,東芝 エアコン 12畳用 3.6kW 最上位 暖房メイン（寒冷地仕様）,台
エアコン・空調,東芝 エアコン 12畳用 3.6kW 最上位 標準仕様,台
エアコン・空調,東芝 エアコン 12畳用 3.6kW 最上位 空気清浄フィルター付き,台
エアコン・空調,東芝 エアコン 12畳用 3.6kW 最上位 自動掃除機能付き,台
エアコン・空調,東芝 エアコン 14畳用 4.0kW エントリー 暖房メイン（寒冷地仕様）,台
エアコン・空調,東芝 エアコン 14畳用 4.0kW エントリー 標準仕様,台
エアコン・空調,東芝 エアコン 14畳用 4.0kW エントリー 空気清浄フィルター付き,台
エアコン・空調,東芝 エアコン 14畳用 4.0kW エントリー 自動掃除機能付き,台
エアコン・空調,東芝 エアコン 14畳用 4.0kW スタンダード AI自動運転,台
エアコン・空調,東芝 エアコン 14畳用 4.0kW スタンダード 暖房メイン（寒冷地仕様）,台
エアコン・空調,東芝 エアコン 14畳用 4.0kW スタンダード 標準仕様,台
エアコン・空調,東芝 エアコン 14畳用 4.0kW スタンダード 空気清浄フィルター付き,台
エアコン・空調,東芝 エアコン 14畳用 4.0kW スタンダード 自動掃除機能付き,台
エアコン・空調,東芝 エアコン 14畳用 4.0kW 上位 AI自動運転,台
エアコン・空調,東芝 エアコン 14畳用 4.0kW 上位 暖房メイン（寒冷地仕様）,台
エアコン・空調,東芝 エアコン 14畳用 4.0kW 上位 標準仕様,台
エアコン・空調,東芝 エアコン 14畳用 4.0kW 上位 空気清浄フィルター付き,台
エアコン・空調,東芝 エアコン 14畳用 4.0kW 上位 自動掃除機能付き,台
エアコン・空調,東芝 エアコン 14畳用 4.0kW 最上位 AI自動運転,台
エアコン・空調,東芝 エアコン 14畳用 4.0kW 最上位 暖房メイン（寒冷地仕様）,台
エアコン・空調,東芝 エアコン 14畳用 4.0kW 最上位 標準仕様,台
エアコン・空調,東芝 エアコン 14畳用 4.0kW 最上位 空気清浄フィルター付き,台
エアコン・空調,東芝 エアコン 14畳用 4.0kW 最上位 自動掃除機能付き,台
エアコン・空調,東芝 エアコン 14畳用 スタンダード,台
エアコン・空調,東芝 エアコン 14畳用 ハイスペック,台
エアコン・空調,東芝 エアコン 14畳用 プレミアム,台
エアコン・空調,東芝 エアコン 14畳用 ミドル,台
エアコン・空調,東芝 エアコン 14畳用 最上位モデル,台
エアコン・空調,東芝 エアコン 18畳用 5.6kW エントリー 暖房メイン（寒冷地仕様）,台
エアコン・空調,東芝 エアコン 18畳用 5.6kW エントリー 標準仕様,台
エアコン・空調,東芝 エアコン 18畳用 5.6kW エントリー 空気清浄フィルター付き,台
エアコン・空調,東芝 エアコン 18畳用 5.6kW エントリー 自動掃除機能付き,台
エアコン・空調,東芝 エアコン 18畳用 5.6kW スタンダード AI自動運転,台
エアコン・空調,東芝 エアコン 18畳用 5.6kW スタンダード 暖房メイン（寒冷地仕様）,台
エアコン・空調,東芝 エアコン 18畳用 5.6kW スタンダード 標準仕様,台
エアコン・空調,東芝 エアコン 18畳用 5.6kW スタンダード 空気清浄フィルター付き,台
エアコン・空調,東芝 エアコン 18畳用 5.6kW スタンダード 自動掃除機能付き,台
エアコン・空調,東芝 エアコン 18畳用 5.6kW 上位 AI自動運転,台
エアコン・空調,東芝 エアコン 18畳用 5.6kW 上位 暖房メイン（寒冷地仕様）,台
エアコン・空調,東芝 エアコン 18畳用 5.6kW 上位 標準仕様,台
エアコン・空調,東芝 エアコン 18畳用 5.6kW 上位 空気清浄フィルター付き,台
エアコン・空調,東芝 エアコン 18畳用 5.6kW 上位 自動掃除機能付き,台
エアコン・空調,東芝 エアコン 18畳用 5.6kW 最上位 AI自動運転,台
エアコン・空調,東芝 エアコン 18畳用 5.6kW 最上位 暖房メイン（寒冷地仕様）,台
エアコン・空調,東芝 エアコン 18畳用 5.6kW 最上位 標準仕様,台
エアコン・空調,東芝 エアコン 18畳用 5.6kW 最上位 空気清浄フィルター付き,台
エアコン・空調,東芝 エアコン 18畳用 5.6kW 最上位 自動掃除機能付き,台
エアコン・空調,東芝 エアコン 18畳用 スタンダード,台
エアコン・空調,東芝 エアコン 18畳用 ハイスペック,台
エアコン・空調,東芝 エアコン 18畳用 プレミアム,台
エアコン・空調,東芝 エアコン 18畳用 ミドル,台
エアコン・空調,東芝 エアコン 18畳用 最上位モデル,台
エアコン・空調,東芝 エアコン 20畳用 6.3kW エントリー 暖房メイン（寒冷地仕様）,台
エアコン・空調,東芝 エアコン 20畳用 6.3kW エントリー 標準仕様,台
エアコン・空調,東芝 エアコン 20畳用 6.3kW エントリー 空気清浄フィルター付き,台
エアコン・空調,東芝 エアコン 20畳用 6.3kW エントリー 自動掃除機能付き,台
エアコン・空調,東芝 エアコン 20畳用 6.3kW スタンダード AI自動運転,台
エアコン・空調,東芝 エアコン 20畳用 6.3kW スタンダード 暖房メイン（寒冷地仕様）,台
エアコン・空調,東芝 エアコン 20畳用 6.3kW スタンダード 標準仕様,台
エアコン・空調,東芝 エアコン 20畳用 6.3kW スタンダード 空気清浄フィルター付き,台
エアコン・空調,東芝 エアコン 20畳用 6.3kW スタンダード 自動掃除機能付き,台
エアコン・空調,東芝 エアコン 20畳用 6.3kW 上位 AI自動運転,台
エアコン・空調,東芝 エアコン 20畳用 6.3kW 上位 暖房メイン（寒冷地仕様）,台
エアコン・空調,東芝 エアコン 20畳用 6.3kW 上位 標準仕様,台
エアコン・空調,東芝 エアコン 20畳用 6.3kW 上位 空気清浄フィルター付き,台
エアコン・空調,東芝 エアコン 20畳用 6.3kW 上位 自動掃除機能付き,台
エアコン・空調,東芝 エアコン 20畳用 6.3kW 最上位 AI自動運転,台
エアコン・空調,東芝 エアコン 20畳用 6.3kW 最上位 暖房メイン（寒冷地仕様）,台
エアコン・空調,東芝 エアコン 20畳用 6.3kW 最上位 標準仕様,台
エアコン・空調,東芝 エアコン 20畳用 6.3kW 最上位 空気清浄フィルター付き,台
エアコン・空調,東芝 エアコン 20畳用 6.3kW 最上位 自動掃除機能付き,台
エアコン・空調,東芝 エアコン 20畳用 スタンダード,台
エアコン・空調,東芝 エアコン 20畳用 ハイスペック,台
エアコン・空調,東芝 エアコン 20畳用 プレミアム,台
エアコン・空調,東芝 エアコン 20畳用 ミドル,台
エアコン・空調,東芝 エアコン 20畳用 最上位モデル,台
エアコン・空調,東芝 エアコン 23畳用 7.1kW エントリー 暖房メイン（寒冷地仕様）,台
エアコン・空調,東芝 エアコン 23畳用 7.1kW エントリー 標準仕様,台
エアコン・空調,東芝 エアコン 23畳用 7.1kW エントリー 空気清浄フィルター付き,台
エアコン・空調,東芝 エアコン 23畳用 7.1kW エントリー 自動掃除機能付き,台
エアコン・空調,東芝 エアコン 23畳用 7.1kW スタンダード AI自動運転,台
エアコン・空調,東芝 エアコン 23畳用 7.1kW スタンダード 暖房メイン（寒冷地仕様）,台
エアコン・空調,東芝 エアコン 23畳用 7.1kW スタンダード 標準仕様,台
エアコン・空調,東芝 エアコン 23畳用 7.1kW スタンダード 空気清浄フィルター付き,台
エアコン・空調,東芝 エアコン 23畳用 7.1kW スタンダード 自動掃除機能付き,台
エアコン・空調,東芝 エアコン 23畳用 7.1kW 上位 AI自動運転,台
エアコン・空調,東芝 エアコン 23畳用 7.1kW 上位 暖房メイン（寒冷地仕様）,台
エアコン・空調,東芝 エアコン 23畳用 7.1kW 上位 標準仕様,台
エアコン・空調,東芝 エアコン 23畳用 7.1kW 上位 空気清浄フィルター付き,台
エアコン・空調,東芝 エアコン 23畳用 7.1kW 上位 自動掃除機能付き,台
エアコン・空調,東芝 エアコン 23畳用 7.1kW 最上位 AI自動運転,台
エアコン・空調,東芝 エアコン 23畳用 7.1kW 最上位 暖房メイン（寒冷地仕様）,台
エアコン・空調,東芝 エアコン 23畳用 7.1kW 最上位 標準仕様,台
エアコン・空調,東芝 エアコン 23畳用 7.1kW 最上位 空気清浄フィルター付き,台
エアコン・空調,東芝 エアコン 23畳用 7.1kW 最上位 自動掃除機能付き,台
エアコン・空調,東芝 エアコン 6畳用 2.2kW エントリー 暖房メイン（寒冷地仕様）,台
エアコン・空調,東芝 エアコン 6畳用 2.2kW エントリー 標準仕様,台
エアコン・空調,東芝 エアコン 6畳用 2.2kW エントリー 空気清浄フィルター付き,台
エアコン・空調,東芝 エアコン 6畳用 2.2kW エントリー 自動掃除機能付き,台
エアコン・空調,東芝 エアコン 6畳用 2.2kW スタンダード AI自動運転,台
エアコン・空調,東芝 エアコン 6畳用 2.2kW スタンダード 暖房メイン（寒冷地仕様）,台
エアコン・空調,東芝 エアコン 6畳用 2.2kW スタンダード 標準仕様,台
エアコン・空調,東芝 エアコン 6畳用 2.2kW スタンダード 空気清浄フィルター付き,台
エアコン・空調,東芝 エアコン 6畳用 2.2kW スタンダード 自動掃除機能付き,台
エアコン・空調,東芝 エアコン 6畳用 2.2kW 上位 AI自動運転,台
エアコン・空調,東芝 エアコン 6畳用 2.2kW 上位 暖房メイン（寒冷地仕様）,台
エアコン・空調,東芝 エアコン 6畳用 2.2kW 上位 標準仕様,台
エアコン・空調,東芝 エアコン 6畳用 2.2kW 上位 空気清浄フィルター付き,台
エアコン・空調,東芝 エアコン 6畳用 2.2kW 上位 自動掃除機能付き,台
エアコン・空調,東芝 エアコン 6畳用 スタンダード,台
エアコン・空調,東芝 エアコン 6畳用 ハイスペック,台
エアコン・空調,東芝 エアコン 6畳用 プレミアム,台
エアコン・空調,東芝 エアコン 6畳用 ミドル,台
エアコン・空調,東芝 エアコン 6畳用 最上位モデル,台
エアコン・空調,東芝 エアコン 8畳用 2.5kW エントリー 暖房メイン（寒冷地仕様）,台
エアコン・空調,東芝 エアコン 8畳用 2.5kW エントリー 標準仕様,台
エアコン・空調,東芝 エアコン 8畳用 2.5kW エントリー 空気清浄フィルター付き,台
エアコン・空調,東芝 エアコン 8畳用 2.5kW エントリー 自動掃除機能付き,台
エアコン・空調,東芝 エアコン 8畳用 2.5kW スタンダード AI自動運転,台
エアコン・空調,東芝 エアコン 8畳用 2.5kW スタンダード 暖房メイン（寒冷地仕様）,台
エアコン・空調,東芝 エアコン 8畳用 2.5kW スタンダード 標準仕様,台
エアコン・空調,東芝 エアコン 8畳用 2.5kW スタンダード 空気清浄フィルター付き,台
エアコン・空調,東芝 エアコン 8畳用 2.5kW スタンダード 自動掃除機能付き,台
エアコン・空調,東芝 エアコン 8畳用 2.5kW 上位 AI自動運転,台
エアコン・空調,東芝 エアコン 8畳用 2.5kW 上位 暖房メイン（寒冷地仕様）,台
エアコン・空調,東芝 エアコン 8畳用 2.5kW 上位 標準仕様,台
エアコン・空調,東芝 エアコン 8畳用 2.5kW 上位 空気清浄フィルター付き,台
エアコン・空調,東芝 エアコン 8畳用 2.5kW 上位 自動掃除機能付き,台
エアコン・空調,東芝 エアコン 8畳用 2.5kW 最上位 AI自動運転,台
エアコン・空調,東芝 エアコン 8畳用 2.5kW 最上位 暖房メイン（寒冷地仕様）,台
エアコン・空調,東芝 エアコン 8畳用 2.5kW 最上位 標準仕様,台
エアコン・空調,東芝 エアコン 8畳用 2.5kW 最上位 空気清浄フィルター付き,台
エアコン・空調,東芝 エアコン 8畳用 2.5kW 最上位 自動掃除機能付き,台
エアコン・空調,東芝 エアコン 8畳用 スタンダード,台
エアコン・空調,東芝 エアコン 8畳用 ハイスペック,台
エアコン・空調,東芝 エアコン 8畳用 プレミアム,台
エアコン・空調,東芝 エアコン 8畳用 ミドル,台
エアコン・空調,東芝 エアコン 8畳用 最上位モデル,台
エアコン・空調,東芝（業務用） 全熱交換機 業務用 800m³/h,台
エアコン・空調,東芝（業務用） 壁掛形 業務用 2.2kW（小型店舗）,台
エアコン・空調,東芝（業務用） 天井カセット形 2方向 2HP（6kW）,台
エアコン・空調,東芝（業務用） 天井カセット形 2方向 3HP（9kW）,台
エアコン・空調,東芝（業務用） 天井カセット形 4方向 10HP（30kW）,台
エアコン・空調,東芝（業務用） 天井カセット形 4方向 3HP（9kW）,台
エアコン・空調,東芝（業務用） 天井カセット形 4方向 5HP（15kW）,台
エアコン・空調,東芝（業務用） 天井カセット形 4方向 8HP（24kW）,台
エアコン・空調,東芝（業務用） 天井埋込ダクト形 3HP,台
エアコン・空調,東芝（業務用） 天井埋込ダクト形 8HP,台
エアコン・空調,東芝（業務用） 天吊形 3HP（倉庫・バックヤード）,台
エアコン・空調,東芝（業務用） 床置き形 3HP（ショーケース向き）,台
エアコン・空調,東芝（業務用） 業務用マルチ 室外機 16HP,台
エアコン・空調,東芝（業務用） 業務用マルチエアコン 室外機 8HP,台
エアコン・空調,業務用エアコン清掃（天カセ 1台）,台
ガス設備・配管,LPGガス設備一式（住宅用）,式
ガス設備・配管,ガスボンベ格納庫（2本用）,台
ガス設備・配管,ガスメーター交換（マイコン）,台
ガス設備・配管,ガス器具接続工事（1箇所）,箇所
ガス設備・配管,ガス漏れ警報器,台
ガス設備・配管,ガス管（白ガス管 15A 1m）,m
ガス設備・配管,ガス管（白ガス管 20A 1m）,m
ガス設備・配管,ガス管（白ガス管 25A 1m）,m
ガス設備・配管,ガス管（白ガス管 32A 1m）,m
ガス設備・配管,ガス配管工事（屋内 1m）,m
ガス設備・配管,ガス配管工事（屋外 1m）,m
ガス設備・配管,パロマ（ガス設備） ガス設備 LPガスバルク貯槽 1000L,個
ガス設備・配管,パロマ（ガス設備） ガス設備 LPガスバルク貯槽 500L,個
ガス設備・配管,パロマ（ガス設備） ガス設備 LPガスボンベ架台 2本立て,個
ガス設備・配管,パロマ（ガス設備） ガス設備 LPガス自動切替調整器,個
ガス設備・配管,パロマ（ガス設備） ガス設備 LPガス調整器（2段式）,個
ガス設備・配管,パロマ（ガス設備） ガス設備 ガスコック 20A（埋設用）,個
ガス設備・配管,パロマ（ガス設備） ガス設備 ガスフレキ管 13A 0.5m,個
ガス設備・配管,パロマ（ガス設備） ガス設備 ガスフレキ管 13A 1.0m,個
ガス設備・配管,パロマ（ガス設備） ガス設備 ガスフレキ管 20A 1.0m,個
ガス設備・配管,パロマ（ガス設備） ガス設備 ガスマイコンメーター 10号,個
ガス設備・配管,パロマ（ガス設備） ガス設備 ガスマイコンメーター 16号,個
ガス設備・配管,パロマ（ガス設備） ガス設備 ガスマイコンメーター 6号,個
ガス設備・配管,パロマ（ガス設備） ガス設備 ガス栓 オス口 1/2,個
ガス設備・配管,パロマ（ガス設備） ガス設備 ガス栓 ヒューズ機能付き,個
ガス設備・配管,パロマ（ガス設備） ガス設備 ガス用エルボ 15A,個
ガス設備・配管,パロマ（ガス設備） ガス設備 ガス用ソケット 15A,個
ガス設備・配管,パロマ（ガス設備） ガス設備 ガス用ポリエチレン管 φ25（埋設）,個
ガス設備・配管,パロマ（ガス設備） ガス設備 ガス用ポリエチレン管 φ40,個
ガス設備・配管,パロマ（ガス設備） ガス設備 ガス用ポリエチレン管 φ50,個
ガス設備・配管,パロマ（ガス設備） ガス設備 ガス用ユニオン 20A,個
ガス設備・配管,パロマ（ガス設備） ガス設備 ガス用レジューサー 25×20,個
ガス設備・配管,パロマ（ガス設備） ガス設備 ガス用銅管 15A（1m）,個
ガス設備・配管,パロマ（ガス設備） ガス設備 ガス用鋼管 SGP 25A（1m）,個
ガス設備・配管,パロマ（ガス設備） ガス設備 ガス警報器（LPガス用）,個
ガス設備・配管,パロマ（ガス設備） ガス設備 ガス警報器（都市ガス用）,個
ガス設備・配管,パロマ（ガス設備） ガス設備 ガス遮断弁（地震感知）,個
ガス設備・配管,パロマ（ガス設備） ガス設備 ガス遮断装置（マイコン）,個
ガス設備・配管,パロマ（ガス設備） ガス設備 集中ガスメーターBOX（4戸用）,個
ガス設備・配管,リンナイ（ガス） ガス設備 LPガスバルク貯槽 1000L,個
ガス設備・配管,リンナイ（ガス） ガス設備 LPガスバルク貯槽 500L,個
ガス設備・配管,リンナイ（ガス） ガス設備 LPガスボンベ架台 2本立て,個
ガス設備・配管,リンナイ（ガス） ガス設備 LPガス自動切替調整器,個
ガス設備・配管,リンナイ（ガス） ガス設備 LPガス調整器（2段式）,個
ガス設備・配管,リンナイ（ガス） ガス設備 ガスコック 20A（埋設用）,個
ガス設備・配管,リンナイ（ガス） ガス設備 ガスフレキ管 13A 0.5m,個
ガス設備・配管,リンナイ（ガス） ガス設備 ガスフレキ管 13A 1.0m,個
ガス設備・配管,リンナイ（ガス） ガス設備 ガスフレキ管 20A 1.0m,個
ガス設備・配管,リンナイ（ガス） ガス設備 ガスマイコンメーター 10号,個
ガス設備・配管,リンナイ（ガス） ガス設備 ガスマイコンメーター 16号,個
ガス設備・配管,リンナイ（ガス） ガス設備 ガスマイコンメーター 6号,個
ガス設備・配管,リンナイ（ガス） ガス設備 ガス栓 オス口 1/2,個
ガス設備・配管,リンナイ（ガス） ガス設備 ガス栓 ヒューズ機能付き,個
ガス設備・配管,リンナイ（ガス） ガス設備 ガス用エルボ 15A,個
ガス設備・配管,リンナイ（ガス） ガス設備 ガス用ソケット 15A,個
ガス設備・配管,リンナイ（ガス） ガス設備 ガス用ポリエチレン管 φ25（埋設）,個
ガス設備・配管,リンナイ（ガス） ガス設備 ガス用ポリエチレン管 φ40,個
ガス設備・配管,リンナイ（ガス） ガス設備 ガス用ポリエチレン管 φ50,個
ガス設備・配管,リンナイ（ガス） ガス設備 ガス用ユニオン 20A,個
ガス設備・配管,リンナイ（ガス） ガス設備 ガス用レジューサー 25×20,個
ガス設備・配管,リンナイ（ガス） ガス設備 ガス用銅管 15A（1m）,個
ガス設備・配管,リンナイ（ガス） ガス設備 ガス用鋼管 SGP 25A（1m）,個
ガス設備・配管,リンナイ（ガス） ガス設備 ガス警報器（LPガス用）,個
ガス設備・配管,リンナイ（ガス） ガス設備 ガス警報器（都市ガス用）,個
ガス設備・配管,リンナイ（ガス） ガス設備 ガス遮断弁（地震感知）,個
ガス設備・配管,リンナイ（ガス） ガス設備 ガス遮断装置（マイコン）,個
ガス設備・配管,リンナイ（ガス） ガス設備 集中ガスメーターBOX（4戸用）,個
ガス設備・配管,大阪ガス（設備） ガス設備 LPガスバルク貯槽 1000L,個
ガス設備・配管,大阪ガス（設備） ガス設備 LPガスバルク貯槽 500L,個
ガス設備・配管,大阪ガス（設備） ガス設備 LPガスボンベ架台 2本立て,個
ガス設備・配管,大阪ガス（設備） ガス設備 LPガス自動切替調整器,個
ガス設備・配管,大阪ガス（設備） ガス設備 LPガス調整器（2段式）,個
ガス設備・配管,大阪ガス（設備） ガス設備 ガスコック 20A（埋設用）,個
ガス設備・配管,大阪ガス（設備） ガス設備 ガスフレキ管 13A 0.5m,個
ガス設備・配管,大阪ガス（設備） ガス設備 ガスフレキ管 13A 1.0m,個
ガス設備・配管,大阪ガス（設備） ガス設備 ガスフレキ管 20A 1.0m,個
ガス設備・配管,大阪ガス（設備） ガス設備 ガスマイコンメーター 10号,個
ガス設備・配管,大阪ガス（設備） ガス設備 ガスマイコンメーター 16号,個
ガス設備・配管,大阪ガス（設備） ガス設備 ガスマイコンメーター 6号,個
ガス設備・配管,大阪ガス（設備） ガス設備 ガス栓 オス口 1/2,個
ガス設備・配管,大阪ガス（設備） ガス設備 ガス栓 ヒューズ機能付き,個
ガス設備・配管,大阪ガス（設備） ガス設備 ガス用エルボ 15A,個
ガス設備・配管,大阪ガス（設備） ガス設備 ガス用ソケット 15A,個
ガス設備・配管,大阪ガス（設備） ガス設備 ガス用ポリエチレン管 φ25（埋設）,個
ガス設備・配管,大阪ガス（設備） ガス設備 ガス用ポリエチレン管 φ40,個
ガス設備・配管,大阪ガス（設備） ガス設備 ガス用ポリエチレン管 φ50,個
ガス設備・配管,大阪ガス（設備） ガス設備 ガス用ユニオン 20A,個
ガス設備・配管,大阪ガス（設備） ガス設備 ガス用レジューサー 25×20,個
ガス設備・配管,大阪ガス（設備） ガス設備 ガス用銅管 15A（1m）,個
ガス設備・配管,大阪ガス（設備） ガス設備 ガス用鋼管 SGP 25A（1m）,個
ガス設備・配管,大阪ガス（設備） ガス設備 ガス警報器（LPガス用）,個
ガス設備・配管,大阪ガス（設備） ガス設備 ガス警報器（都市ガス用）,個
ガス設備・配管,大阪ガス（設備） ガス設備 ガス遮断弁（地震感知）,個
ガス設備・配管,大阪ガス（設備） ガス設備 ガス遮断装置（マイコン）,個
ガス設備・配管,大阪ガス（設備） ガス設備 集中ガスメーターBOX（4戸用）,個
ガス設備・配管,東京ガス（設備） ガス設備 LPガスバルク貯槽 1000L,個
ガス設備・配管,東京ガス（設備） ガス設備 LPガスバルク貯槽 500L,個
ガス設備・配管,東京ガス（設備） ガス設備 LPガスボンベ架台 2本立て,個
ガス設備・配管,東京ガス（設備） ガス設備 LPガス自動切替調整器,個
ガス設備・配管,東京ガス（設備） ガス設備 LPガス調整器（2段式）,個
ガス設備・配管,東京ガス（設備） ガス設備 ガスコック 20A（埋設用）,個
ガス設備・配管,東京ガス（設備） ガス設備 ガスフレキ管 13A 0.5m,個
ガス設備・配管,東京ガス（設備） ガス設備 ガスフレキ管 13A 1.0m,個
ガス設備・配管,東京ガス（設備） ガス設備 ガスフレキ管 20A 1.0m,個
ガス設備・配管,東京ガス（設備） ガス設備 ガスマイコンメーター 10号,個
ガス設備・配管,東京ガス（設備） ガス設備 ガスマイコンメーター 16号,個
ガス設備・配管,東京ガス（設備） ガス設備 ガスマイコンメーター 6号,個
ガス設備・配管,東京ガス（設備） ガス設備 ガス栓 オス口 1/2,個
ガス設備・配管,東京ガス（設備） ガス設備 ガス栓 ヒューズ機能付き,個
ガス設備・配管,東京ガス（設備） ガス設備 ガス用エルボ 15A,個
ガス設備・配管,東京ガス（設備） ガス設備 ガス用ソケット 15A,個
ガス設備・配管,東京ガス（設備） ガス設備 ガス用ポリエチレン管 φ25（埋設）,個
ガス設備・配管,東京ガス（設備） ガス設備 ガス用ポリエチレン管 φ40,個
ガス設備・配管,東京ガス（設備） ガス設備 ガス用ポリエチレン管 φ50,個
ガス設備・配管,東京ガス（設備） ガス設備 ガス用ユニオン 20A,個
ガス設備・配管,東京ガス（設備） ガス設備 ガス用レジューサー 25×20,個
ガス設備・配管,東京ガス（設備） ガス設備 ガス用銅管 15A（1m）,個
ガス設備・配管,東京ガス（設備） ガス設備 ガス用鋼管 SGP 25A（1m）,個
ガス設備・配管,東京ガス（設備） ガス設備 ガス警報器（LPガス用）,個
ガス設備・配管,東京ガス（設備） ガス設備 ガス警報器（都市ガス用）,個
ガス設備・配管,東京ガス（設備） ガス設備 ガス遮断弁（地震感知）,個
ガス設備・配管,東京ガス（設備） ガス設備 ガス遮断装置（マイコン）,個
ガス設備・配管,東京ガス（設備） ガス設備 集中ガスメーターBOX（4戸用）,個
ガス設備・配管,東邦ガス ガス設備 LPガスバルク貯槽 1000L,個
ガス設備・配管,東邦ガス ガス設備 LPガスバルク貯槽 500L,個
ガス設備・配管,東邦ガス ガス設備 LPガスボンベ架台 2本立て,個
ガス設備・配管,東邦ガス ガス設備 LPガス自動切替調整器,個
ガス設備・配管,東邦ガス ガス設備 LPガス調整器（2段式）,個
ガス設備・配管,東邦ガス ガス設備 ガスコック 20A（埋設用）,個
ガス設備・配管,東邦ガス ガス設備 ガスフレキ管 13A 0.5m,個
ガス設備・配管,東邦ガス ガス設備 ガスフレキ管 13A 1.0m,個
ガス設備・配管,東邦ガス ガス設備 ガスフレキ管 20A 1.0m,個
ガス設備・配管,東邦ガス ガス設備 ガスマイコンメーター 10号,個
ガス設備・配管,東邦ガス ガス設備 ガスマイコンメーター 16号,個
ガス設備・配管,東邦ガス ガス設備 ガスマイコンメーター 6号,個
ガス設備・配管,東邦ガス ガス設備 ガス栓 オス口 1/2,個
ガス設備・配管,東邦ガス ガス設備 ガス栓 ヒューズ機能付き,個
ガス設備・配管,東邦ガス ガス設備 ガス用エルボ 15A,個
ガス設備・配管,東邦ガス ガス設備 ガス用ソケット 15A,個
ガス設備・配管,東邦ガス ガス設備 ガス用ポリエチレン管 φ25（埋設）,個
ガス設備・配管,東邦ガス ガス設備 ガス用ポリエチレン管 φ40,個
ガス設備・配管,東邦ガス ガス設備 ガス用ポリエチレン管 φ50,個
ガス設備・配管,東邦ガス ガス設備 ガス用ユニオン 20A,個
ガス設備・配管,東邦ガス ガス設備 ガス用レジューサー 25×20,個
ガス設備・配管,東邦ガス ガス設備 ガス用銅管 15A（1m）,個
ガス設備・配管,東邦ガス ガス設備 ガス用鋼管 SGP 25A（1m）,個
ガス設備・配管,東邦ガス ガス設備 ガス警報器（LPガス用）,個
ガス設備・配管,東邦ガス ガス設備 ガス警報器（都市ガス用）,個
ガス設備・配管,東邦ガス ガス設備 ガス遮断弁（地震感知）,個
ガス設備・配管,東邦ガス ガス設備 ガス遮断装置（マイコン）,個
ガス設備・配管,東邦ガス ガス設備 集中ガスメーターBOX（4戸用）,個
ガス設備・配管,都市ガス本管引込工事（20A）,式
ガス設備・配管,都市ガス本管引込工事（25A）,式
シロアリ・防蟻工事,シロアリ予防処理 ネオニコチノイド系 30坪以下,式
シロアリ・防蟻工事,シロアリ予防処理 ピレスロイド系 30坪以下,式
シロアリ・防蟻工事,シロアリ予防処理 フィプロニル系 30坪以下,式
シロアリ・防蟻工事,シロアリ予防処理 ホウ酸系 土台・柱 1m²,m²
シロアリ・防蟻工事,シロアリ予防処理（1m2）,m2
シロアリ・防蟻工事,シロアリ保証書発行（10年間）,式
シロアリ・防蟻工事,シロアリ保証書発行（5年間）,式
シロアリ・防蟻工事,シロアリ被害補修 床下 土台部分補修 1箇所,箇所
シロアリ・防蟻工事,シロアリ被害補修 床下 大引補修 1本,本
シロアリ・防蟻工事,シロアリ被害補修 床下 束交換 1本,本
シロアリ・防蟻工事,シロアリ被害補修 柱脚 エポキシ充填補修,箇所
シロアリ・防蟻工事,シロアリ被害調査 30〜50坪 基本料金,式
シロアリ・防蟻工事,シロアリ被害調査 30坪以下 基本料金,式
シロアリ・防蟻工事,シロアリ駆除 バリア工法 30〜50坪,式
シロアリ・防蟻工事,シロアリ駆除 バリア工法 30坪以下,式
シロアリ・防蟻工事,シロアリ駆除 ベイト工法 30坪以下（初期設置）,式
シロアリ・防蟻工事,シロアリ駆除 ベイト工法 30坪以下（年間管理）,式
シロアリ・防蟻工事,シロアリ駆除処理（1m2）,m2
シロアリ・防蟻工事,シロアリ駆除（バリア工法・30坪）,式
シロアリ・防蟻工事,シロアリ駆除（ベイト工法・30坪）,式
シロアリ・防蟻工事,床下乾燥剤 炭八 1袋（2.5L）,袋
シロアリ・防蟻工事,床下換気口 追加設置 基礎用（1箇所）,箇所
シロアリ・防蟻工事,床下換気扇 電動 1台,台
シロアリ・防蟻工事,床下換気扇 電動 2台セット,セット
シロアリ・防蟻工事,床下換気扇設置（シロアリ・湿気対策）,台
シロアリ・防蟻工事,床下換気扇（1台）,台
シロアリ・防蟻工事,床下清掃・消毒 30坪以下,式
シロアリ・防蟻工事,床下点検口（450角）,個
シロアリ・防蟻工事,床下調湿剤（1m2）,m2
シロアリ・防蟻工事,床下調湿材 シリカゲル系 1m²分,袋
シロアリ・防蟻工事,床下調湿材（モイスファーム 1袋=10kg）,袋
シロアリ・防蟻工事,床下防湿コンクリート打設 1m²,m²
シロアリ・防蟻工事,床下防湿シート 0.2mm 1m²,m²
シロアリ・防蟻工事,点検口 設置 床下用 300×300mm,個
シロアリ・防蟻工事,点検口 設置 床下用 450×450mm,個
シロアリ・防蟻工事,蟻道（アリミチ）撤去・清掃 1式,式
シロアリ・防蟻工事,被害土台交換（1間・シロアリ食害）,箇所
シロアリ・防蟻工事,被害材交換（土台 1m）,m
シロアリ・防蟻工事,被害柱全交換（食害重度・1本）,本
シロアリ・防蟻工事,被害柱補修（エポキシ充填）,本
シロアリ・防蟻工事,防湿コンクリート打設（1m2）,m2
シロアリ・防蟻工事,防湿シート（ポリエチレン 0.15mm 50m巻）,巻
シロアリ・防蟻工事,防腐防蟻処理（土台 1m）,m
シロアリ・防蟻工事,防蟻シート ターミダン（ビフェントリン系）1m²,m²
シロアリ・防蟻工事,防蟻シート 基礎下 1m×20m,巻
シロアリ・防蟻工事,防蟻シート 基礎下 2m×20m,巻
シロアリ・防蟻工事,防蟻処理剤エコボロン（10L）,本
スイッチ・コンセント,パナソニック EV充電コンセント WK4331,個
スイッチ・コンセント,パナソニック LANコンセント Cat6,個
スイッチ・コンセント,パナソニック LANコンセント Cat6A,個
スイッチ・コンセント,パナソニック LANコンセント WN4523,個
スイッチ・コンセント,パナソニック USB付コンセント,個
スイッチ・コンセント,パナソニック WN6001B プレート1連 ブラック,枚
スイッチ・コンセント,パナソニック WN6001G プレート1連 グレー,枚
スイッチ・コンセント,パナソニック WN6001H プレート1連 アイボリー,枚
スイッチ・コンセント,パナソニック WN6001SG プレート1連 シャンパンゴールド,枚
スイッチ・コンセント,パナソニック WN6001W プレート1連 ホワイト,枚
スイッチ・コンセント,パナソニック WN6002W プレート2連 ホワイト,枚
スイッチ・コンセント,パナソニック WN6003W プレート3連 ホワイト,枚
スイッチ・コンセント,パナソニック WN6011 プレート コンセントカバー 1個口,枚
スイッチ・コンセント,パナソニック WN6012 プレート コンセントカバー 2個口,枚
スイッチ・コンセント,パナソニック アドバンスシリーズ WTF1501 スイッチ 片切 スクエア シャンパンゴールド,個
スイッチ・コンセント,パナソニック アドバンスシリーズ WTF1501 スイッチ 片切 スクエア ブラック,個
スイッチ・コンセント,パナソニック アドバンスシリーズ WTF1501 スイッチ 片切 スクエア ホワイト,個
スイッチ・コンセント,パナソニック アドバンスシリーズ WTF1501 スイッチ 片切 スクエア ライトグレー,個
スイッチ・コンセント,パナソニック アドバンスシリーズ WTF1502 スイッチ 3路 スクエア シャンパンゴールド,個
スイッチ・コンセント,パナソニック アドバンスシリーズ WTF1502 スイッチ 3路 スクエア ブラック,個
スイッチ・コンセント,パナソニック アドバンスシリーズ WTF1502 スイッチ 3路 スクエア ホワイト,個
スイッチ・コンセント,パナソニック アドバンスシリーズ WTF1502 スイッチ 3路 スクエア ライトグレー,個
スイッチ・コンセント,パナソニック アドバンスシリーズ WTF1503 スイッチ 調光 LED対応 スクエア シャンパンゴールド,個
スイッチ・コンセント,パナソニック アドバンスシリーズ WTF1503 スイッチ 調光 LED対応 スクエア ブラック,個
スイッチ・コンセント,パナソニック アドバンスシリーズ WTF1503 スイッチ 調光 LED対応 スクエア ホワイト,個
スイッチ・コンセント,パナソニック アドバンスシリーズ WTF1503 スイッチ 調光 LED対応 スクエア ライトグレー,個
スイッチ・コンセント,パナソニック アドバンスシリーズ WTF1551 コンセント 2P 接地付き スクエア シャンパンゴールド,個
スイッチ・コンセント,パナソニック アドバンスシリーズ WTF1551 コンセント 2P 接地付き スクエア ブラック,個
スイッチ・コンセント,パナソニック アドバンスシリーズ WTF1551 コンセント 2P 接地付き スクエア ホワイト,個
スイッチ・コンセント,パナソニック アドバンスシリーズ WTF1551 コンセント 2P 接地付き スクエア ライトグレー,個
スイッチ・コンセント,パナソニック アドバンスシリーズ WTF1557 コンセント USB-C+A スクエア シャンパンゴールド,個
スイッチ・コンセント,パナソニック アドバンスシリーズ WTF1557 コンセント USB-C+A スクエア ブラック,個
スイッチ・コンセント,パナソニック アドバンスシリーズ WTF1557 コンセント USB-C+A スクエア ホワイト,個
スイッチ・コンセント,パナソニック アドバンスシリーズ WTF1557 コンセント USB-C+A スクエア ライトグレー,個
スイッチ・コンセント,パナソニック アドバンスシリーズ WTF1571 LAN CAT6A スクエア シャンパンゴールド,個
スイッチ・コンセント,パナソニック アドバンスシリーズ WTF1571 LAN CAT6A スクエア ブラック,個
スイッチ・コンセント,パナソニック アドバンスシリーズ WTF1571 LAN CAT6A スクエア ホワイト,個
スイッチ・コンセント,パナソニック アドバンスシリーズ WTF1571 LAN CAT6A スクエア ライトグレー,個
スイッチ・コンセント,パナソニック アドバンスシリーズ コンセント,個
スイッチ・コンセント,パナソニック アドバンスシリーズ スイッチ,個
スイッチ・コンセント,パナソニック アース付コンセント,個
スイッチ・コンセント,パナソニック コスモシリーズ 3路スイッチ,個
スイッチ・コンセント,パナソニック コスモシリーズ 3路スイッチ アイボリー 1個用,個
スイッチ・コンセント,パナソニック コスモシリーズ 3路スイッチ アイボリー 2個用（並列）,個
スイッチ・コンセント,パナソニック コスモシリーズ 3路スイッチ アイボリー 3個用,個
スイッチ・コンセント,パナソニック コスモシリーズ 3路スイッチ アイボリー 4個用,個
スイッチ・コンセント,パナソニック コスモシリーズ 3路スイッチ ダークブラウン 1個用,個
スイッチ・コンセント,パナソニック コスモシリーズ 3路スイッチ ダークブラウン 2個用（並列）,個
スイッチ・コンセント,パナソニック コスモシリーズ 3路スイッチ ダークブラウン 3個用,個
スイッチ・コンセント,パナソニック コスモシリーズ 3路スイッチ ダークブラウン 4個用,個
スイッチ・コンセント,パナソニック コスモシリーズ 3路スイッチ ホワイト 1個用,個
スイッチ・コンセント,パナソニック コスモシリーズ 3路スイッチ ホワイト 2個用（並列）,個
スイッチ・コンセント,パナソニック コスモシリーズ 3路スイッチ ホワイト 3個用,個
スイッチ・コンセント,パナソニック コスモシリーズ 3路スイッチ ホワイト 4個用,個
スイッチ・コンセント,パナソニック コスモシリーズ 3路スイッチ マットブラック 1個用,個
スイッチ・コンセント,パナソニック コスモシリーズ 3路スイッチ マットブラック 2個用（並列）,個
スイッチ・コンセント,パナソニック コスモシリーズ 3路スイッチ マットブラック 3個用,個
スイッチ・コンセント,パナソニック コスモシリーズ 3路スイッチ マットブラック 4個用,個
スイッチ・コンセント,パナソニック コスモシリーズ 3路スイッチ ライトグレー 1個用,個
スイッチ・コンセント,パナソニック コスモシリーズ 3路スイッチ ライトグレー 2個用（並列）,個
スイッチ・コンセント,パナソニック コスモシリーズ 3路スイッチ ライトグレー 3個用,個
スイッチ・コンセント,パナソニック コスモシリーズ 3路スイッチ ライトグレー 4個用,個
スイッチ・コンセント,パナソニック コスモシリーズ 4路スイッチ アイボリー 1個用,個
スイッチ・コンセント,パナソニック コスモシリーズ 4路スイッチ アイボリー 2個用（並列）,個
スイッチ・コンセント,パナソニック コスモシリーズ 4路スイッチ アイボリー 3個用,個
スイッチ・コンセント,パナソニック コスモシリーズ 4路スイッチ アイボリー 4個用,個
スイッチ・コンセント,パナソニック コスモシリーズ 4路スイッチ ダークブラウン 1個用,個
スイッチ・コンセント,パナソニック コスモシリーズ 4路スイッチ ダークブラウン 2個用（並列）,個
スイッチ・コンセント,パナソニック コスモシリーズ 4路スイッチ ダークブラウン 3個用,個
スイッチ・コンセント,パナソニック コスモシリーズ 4路スイッチ ダークブラウン 4個用,個
スイッチ・コンセント,パナソニック コスモシリーズ 4路スイッチ ホワイト 1個用,個
スイッチ・コンセント,パナソニック コスモシリーズ 4路スイッチ ホワイト 2個用（並列）,個
スイッチ・コンセント,パナソニック コスモシリーズ 4路スイッチ ホワイト 3個用,個
スイッチ・コンセント,パナソニック コスモシリーズ 4路スイッチ ホワイト 4個用,個
スイッチ・コンセント,パナソニック コスモシリーズ 4路スイッチ マットブラック 1個用,個
スイッチ・コンセント,パナソニック コスモシリーズ 4路スイッチ マットブラック 2個用（並列）,個
スイッチ・コンセント,パナソニック コスモシリーズ 4路スイッチ マットブラック 3個用,個
スイッチ・コンセント,パナソニック コスモシリーズ 4路スイッチ マットブラック 4個用,個
スイッチ・コンセント,パナソニック コスモシリーズ 4路スイッチ ライトグレー 1個用,個
スイッチ・コンセント,パナソニック コスモシリーズ 4路スイッチ ライトグレー 2個用（並列）,個
スイッチ・コンセント,パナソニック コスモシリーズ 4路スイッチ ライトグレー 3個用,個
スイッチ・コンセント,パナソニック コスモシリーズ 4路スイッチ ライトグレー 4個用,個
スイッチ・コンセント,パナソニック コスモシリーズ EV充電用 200V 20A ホワイト 1個用,個
スイッチ・コンセント,パナソニック コスモシリーズ EV充電用 200V 20A ホワイト 2個用（並列）,個
スイッチ・コンセント,パナソニック コスモシリーズ EV充電用 200V 20A ホワイト 3個用,個
スイッチ・コンセント,パナソニック コスモシリーズ EV充電用 200V 20A ホワイト 4個用,個
スイッチ・コンセント,パナソニック コスモシリーズ HDMI端子付き アイボリー 1個用,個
スイッチ・コンセント,パナソニック コスモシリーズ HDMI端子付き アイボリー 2個用（並列）,個
スイッチ・コンセント,パナソニック コスモシリーズ HDMI端子付き アイボリー 3個用,個
スイッチ・コンセント,パナソニック コスモシリーズ HDMI端子付き アイボリー 4個用,個
スイッチ・コンセント,パナソニック コスモシリーズ HDMI端子付き ダークブラウン 1個用,個
スイッチ・コンセント,パナソニック コスモシリーズ HDMI端子付き ダークブラウン 2個用（並列）,個
スイッチ・コンセント,パナソニック コスモシリーズ HDMI端子付き ダークブラウン 3個用,個
スイッチ・コンセント,パナソニック コスモシリーズ HDMI端子付き ダークブラウン 4個用,個
スイッチ・コンセント,パナソニック コスモシリーズ HDMI端子付き ホワイト 1個用,個
スイッチ・コンセント,パナソニック コスモシリーズ HDMI端子付き ホワイト 2個用（並列）,個
スイッチ・コンセント,パナソニック コスモシリーズ HDMI端子付き ホワイト 3個用,個
スイッチ・コンセント,パナソニック コスモシリーズ HDMI端子付き ホワイト 4個用,個
スイッチ・コンセント,パナソニック コスモシリーズ HDMI端子付き マットブラック 1個用,個
スイッチ・コンセント,パナソニック コスモシリーズ HDMI端子付き マットブラック 2個用（並列）,個
スイッチ・コンセント,パナソニック コスモシリーズ HDMI端子付き マットブラック 3個用,個
スイッチ・コンセント,パナソニック コスモシリーズ HDMI端子付き マットブラック 4個用,個
スイッチ・コンセント,パナソニック コスモシリーズ HDMI端子付き ライトグレー 1個用,個
スイッチ・コンセント,パナソニック コスモシリーズ HDMI端子付き ライトグレー 2個用（並列）,個
スイッチ・コンセント,パナソニック コスモシリーズ HDMI端子付き ライトグレー 3個用,個
スイッチ・コンセント,パナソニック コスモシリーズ HDMI端子付き ライトグレー 4個用,個
スイッチ・コンセント,パナソニック コスモシリーズ IH専用 200V 30A ホワイト 1個用,個
スイッチ・コンセント,パナソニック コスモシリーズ IH専用 200V 30A ホワイト 2個用（並列）,個
スイッチ・コンセント,パナソニック コスモシリーズ IH専用 200V 30A ホワイト 3個用,個
スイッチ・コンセント,パナソニック コスモシリーズ IH専用 200V 30A ホワイト 4個用,個
スイッチ・コンセント,パナソニック コスモシリーズ LANジャック（CAT6A） アイボリー 1個用,個
スイッチ・コンセント,パナソニック コスモシリーズ LANジャック（CAT6A） アイボリー 2個用（並列）,個
スイッチ・コンセント,パナソニック コスモシリーズ LANジャック（CAT6A） アイボリー 3個用,個
スイッチ・コンセント,パナソニック コスモシリーズ LANジャック（CAT6A） アイボリー 4個用,個
スイッチ・コンセント,パナソニック コスモシリーズ LANジャック（CAT6A） ダークブラウン 1個用,個
スイッチ・コンセント,パナソニック コスモシリーズ LANジャック（CAT6A） ダークブラウン 2個用（並列）,個
スイッチ・コンセント,パナソニック コスモシリーズ LANジャック（CAT6A） ダークブラウン 3個用,個
スイッチ・コンセント,パナソニック コスモシリーズ LANジャック（CAT6A） ダークブラウン 4個用,個
スイッチ・コンセント,パナソニック コスモシリーズ LANジャック（CAT6A） ホワイト 1個用,個
スイッチ・コンセント,パナソニック コスモシリーズ LANジャック（CAT6A） ホワイト 2個用（並列）,個
スイッチ・コンセント,パナソニック コスモシリーズ LANジャック（CAT6A） ホワイト 3個用,個
スイッチ・コンセント,パナソニック コスモシリーズ LANジャック（CAT6A） ホワイト 4個用,個
スイッチ・コンセント,パナソニック コスモシリーズ LANジャック（CAT6A） マットブラック 1個用,個
スイッチ・コンセント,パナソニック コスモシリーズ LANジャック（CAT6A） マットブラック 2個用（並列）,個
スイッチ・コンセント,パナソニック コスモシリーズ LANジャック（CAT6A） マットブラック 3個用,個
スイッチ・コンセント,パナソニック コスモシリーズ LANジャック（CAT6A） マットブラック 4個用,個
スイッチ・コンセント,パナソニック コスモシリーズ LANジャック（CAT6A） ライトグレー 1個用,個
スイッチ・コンセント,パナソニック コスモシリーズ LANジャック（CAT6A） ライトグレー 2個用（並列）,個
スイッチ・コンセント,パナソニック コスモシリーズ LANジャック（CAT6A） ライトグレー 3個用,個
スイッチ・コンセント,パナソニック コスモシリーズ LANジャック（CAT6A） ライトグレー 4個用,個
スイッチ・コンセント,パナソニック コスモシリーズ LANジャック（CAT6） アイボリー 1個用,個
スイッチ・コンセント,パナソニック コスモシリーズ LANジャック（CAT6） アイボリー 2個用（並列）,個
スイッチ・コンセント,パナソニック コスモシリーズ LANジャック（CAT6） アイボリー 3個用,個
スイッチ・コンセント,パナソニック コスモシリーズ LANジャック（CAT6） アイボリー 4個用,個
スイッチ・コンセント,パナソニック コスモシリーズ LANジャック（CAT6） ダークブラウン 1個用,個
スイッチ・コンセント,パナソニック コスモシリーズ LANジャック（CAT6） ダークブラウン 2個用（並列）,個
スイッチ・コンセント,パナソニック コスモシリーズ LANジャック（CAT6） ダークブラウン 3個用,個
スイッチ・コンセント,パナソニック コスモシリーズ LANジャック（CAT6） ダークブラウン 4個用,個
スイッチ・コンセント,パナソニック コスモシリーズ LANジャック（CAT6） ホワイト 1個用,個
スイッチ・コンセント,パナソニック コスモシリーズ LANジャック（CAT6） ホワイト 2個用（並列）,個
スイッチ・コンセント,パナソニック コスモシリーズ LANジャック（CAT6） ホワイト 3個用,個
スイッチ・コンセント,パナソニック コスモシリーズ LANジャック（CAT6） ホワイト 4個用,個
スイッチ・コンセント,パナソニック コスモシリーズ LANジャック（CAT6） マットブラック 1個用,個
スイッチ・コンセント,パナソニック コスモシリーズ LANジャック（CAT6） マットブラック 2個用（並列）,個
スイッチ・コンセント,パナソニック コスモシリーズ LANジャック（CAT6） マットブラック 3個用,個
スイッチ・コンセント,パナソニック コスモシリーズ LANジャック（CAT6） マットブラック 4個用,個
スイッチ・コンセント,パナソニック コスモシリーズ LANジャック（CAT6） ライトグレー 1個用,個
スイッチ・コンセント,パナソニック コスモシリーズ LANジャック（CAT6） ライトグレー 2個用（並列）,個
スイッチ・コンセント,パナソニック コスモシリーズ LANジャック（CAT6） ライトグレー 3個用,個
スイッチ・コンセント,パナソニック コスモシリーズ LANジャック（CAT6） ライトグレー 4個用,個
スイッチ・コンセント,パナソニック コスモシリーズ USB-C付きコンセント アイボリー 1個用,個
スイッチ・コンセント,パナソニック コスモシリーズ USB-C付きコンセント アイボリー 2個用（並列）,個
スイッチ・コンセント,パナソニック コスモシリーズ USB-C付きコンセント アイボリー 3個用,個
スイッチ・コンセント,パナソニック コスモシリーズ USB-C付きコンセント アイボリー 4個用,個
スイッチ・コンセント,パナソニック コスモシリーズ USB-C付きコンセント ダークブラウン 1個用,個
スイッチ・コンセント,パナソニック コスモシリーズ USB-C付きコンセント ダークブラウン 2個用（並列）,個
スイッチ・コンセント,パナソニック コスモシリーズ USB-C付きコンセント ダークブラウン 3個用,個
スイッチ・コンセント,パナソニック コスモシリーズ USB-C付きコンセント ダークブラウン 4個用,個
スイッチ・コンセント,パナソニック コスモシリーズ USB-C付きコンセント ホワイト 1個用,個
スイッチ・コンセント,パナソニック コスモシリーズ USB-C付きコンセント ホワイト 2個用（並列）,個
スイッチ・コンセント,パナソニック コスモシリーズ USB-C付きコンセント ホワイト 3個用,個
スイッチ・コンセント,パナソニック コスモシリーズ USB-C付きコンセント ホワイト 4個用,個
スイッチ・コンセント,パナソニック コスモシリーズ USB-C付きコンセント マットブラック 1個用,個
スイッチ・コンセント,パナソニック コスモシリーズ USB-C付きコンセント マットブラック 2個用（並列）,個
スイッチ・コンセント,パナソニック コスモシリーズ USB-C付きコンセント マットブラック 3個用,個
スイッチ・コンセント,パナソニック コスモシリーズ USB-C付きコンセント マットブラック 4個用,個
スイッチ・コンセント,パナソニック コスモシリーズ USB-C付きコンセント ライトグレー 1個用,個
スイッチ・コンセント,パナソニック コスモシリーズ USB-C付きコンセント ライトグレー 2個用（並列）,個
スイッチ・コンセント,パナソニック コスモシリーズ USB-C付きコンセント ライトグレー 3個用,個
スイッチ・コンセント,パナソニック コスモシリーズ USB-C付きコンセント ライトグレー 4個用,個
スイッチ・コンセント,パナソニック コスモシリーズ USB付きコンセント（TypeA×2） アイボリー 1個用,個
スイッチ・コンセント,パナソニック コスモシリーズ USB付きコンセント（TypeA×2） アイボリー 2個用（並列）,個
スイッチ・コンセント,パナソニック コスモシリーズ USB付きコンセント（TypeA×2） アイボリー 3個用,個
スイッチ・コンセント,パナソニック コスモシリーズ USB付きコンセント（TypeA×2） アイボリー 4個用,個
スイッチ・コンセント,パナソニック コスモシリーズ USB付きコンセント（TypeA×2） ダークブラウン 1個用,個
スイッチ・コンセント,パナソニック コスモシリーズ USB付きコンセント（TypeA×2） ダークブラウン 2個用（並列）,個
スイッチ・コンセント,パナソニック コスモシリーズ USB付きコンセント（TypeA×2） ダークブラウン 3個用,個
スイッチ・コンセント,パナソニック コスモシリーズ USB付きコンセント（TypeA×2） ダークブラウン 4個用,個
スイッチ・コンセント,パナソニック コスモシリーズ USB付きコンセント（TypeA×2） ホワイト 1個用,個
スイッチ・コンセント,パナソニック コスモシリーズ USB付きコンセント（TypeA×2） ホワイト 2個用（並列）,個
スイッチ・コンセント,パナソニック コスモシリーズ USB付きコンセント（TypeA×2） ホワイト 3個用,個
スイッチ・コンセント,パナソニック コスモシリーズ USB付きコンセント（TypeA×2） ホワイト 4個用,個
スイッチ・コンセント,パナソニック コスモシリーズ USB付きコンセント（TypeA×2） マットブラック 1個用,個
スイッチ・コンセント,パナソニック コスモシリーズ USB付きコンセント（TypeA×2） マットブラック 2個用（並列）,個
スイッチ・コンセント,パナソニック コスモシリーズ USB付きコンセント（TypeA×2） マットブラック 3個用,個
スイッチ・コンセント,パナソニック コスモシリーズ USB付きコンセント（TypeA×2） マットブラック 4個用,個
スイッチ・コンセント,パナソニック コスモシリーズ USB付きコンセント（TypeA×2） ライトグレー 1個用,個
スイッチ・コンセント,パナソニック コスモシリーズ USB付きコンセント（TypeA×2） ライトグレー 2個用（並列）,個
スイッチ・コンセント,パナソニック コスモシリーズ USB付きコンセント（TypeA×2） ライトグレー 3個用,個
スイッチ・コンセント,パナソニック コスモシリーズ USB付きコンセント（TypeA×2） ライトグレー 4個用,個
スイッチ・コンセント,パナソニック コスモシリーズ WN5001 片切スイッチ 10A 100V シャンパンゴールド,個
スイッチ・コンセント,パナソニック コスモシリーズ WN5001 片切スイッチ 10A 100V ブラック,個
スイッチ・コンセント,パナソニック コスモシリーズ WN5001 片切スイッチ 10A 100V ホワイト,個
スイッチ・コンセント,パナソニック コスモシリーズ WN5001 片切スイッチ 10A 100V ライトグレー,個
スイッチ・コンセント,パナソニック コスモシリーズ WN5002 3路スイッチ 10A 100V シャンパンゴールド,個
スイッチ・コンセント,パナソニック コスモシリーズ WN5002 3路スイッチ 10A 100V ブラック,個
スイッチ・コンセント,パナソニック コスモシリーズ WN5002 3路スイッチ 10A 100V ホワイト,個
スイッチ・コンセント,パナソニック コスモシリーズ WN5002 3路スイッチ 10A 100V ライトグレー,個
スイッチ・コンセント,パナソニック コスモシリーズ WN5003 4路スイッチ 10A 100V シャンパンゴールド,個
スイッチ・コンセント,パナソニック コスモシリーズ WN5003 4路スイッチ 10A 100V ブラック,個
スイッチ・コンセント,パナソニック コスモシリーズ WN5003 4路スイッチ 10A 100V ホワイト,個
スイッチ・コンセント,パナソニック コスモシリーズ WN5003 4路スイッチ 10A 100V ライトグレー,個
スイッチ・コンセント,パナソニック コスモシリーズ WN5011 調光スイッチ 白熱灯500W シャンパンゴールド,個
スイッチ・コンセント,パナソニック コスモシリーズ WN5011 調光スイッチ 白熱灯500W ブラック,個
スイッチ・コンセント,パナソニック コスモシリーズ WN5011 調光スイッチ 白熱灯500W ホワイト,個
スイッチ・コンセント,パナソニック コスモシリーズ WN5011 調光スイッチ 白熱灯500W ライトグレー,個
スイッチ・コンセント,パナソニック コスモシリーズ WN5012 調光スイッチ LED対応 シャンパンゴールド,個
スイッチ・コンセント,パナソニック コスモシリーズ WN5012 調光スイッチ LED対応 ブラック,個
スイッチ・コンセント,パナソニック コスモシリーズ WN5012 調光スイッチ LED対応 ホワイト,個
スイッチ・コンセント,パナソニック コスモシリーズ WN5012 調光スイッチ LED対応 ライトグレー,個
スイッチ・コンセント,パナソニック コスモシリーズ WN5101 コンセント 2P 15A 100V シャンパンゴールド,個
スイッチ・コンセント,パナソニック コスモシリーズ WN5101 コンセント 2P 15A 100V ブラック,個
スイッチ・コンセント,パナソニック コスモシリーズ WN5101 コンセント 2P 15A 100V ホワイト,個
スイッチ・コンセント,パナソニック コスモシリーズ WN5101 コンセント 2P 15A 100V ライトグレー,個
スイッチ・コンセント,パナソニック コスモシリーズ WN5102 コンセント 接地 2P 15A シャンパンゴールド,個
スイッチ・コンセント,パナソニック コスモシリーズ WN5102 コンセント 接地 2P 15A ブラック,個
スイッチ・コンセント,パナソニック コスモシリーズ WN5102 コンセント 接地 2P 15A ホワイト,個
スイッチ・コンセント,パナソニック コスモシリーズ WN5102 コンセント 接地 2P 15A ライトグレー,個
スイッチ・コンセント,パナソニック コスモシリーズ WN5103 コンセント 接地 20A シャンパンゴールド,個
スイッチ・コンセント,パナソニック コスモシリーズ WN5103 コンセント 接地 20A ブラック,個
スイッチ・コンセント,パナソニック コスモシリーズ WN5103 コンセント 接地 20A ホワイト,個
スイッチ・コンセント,パナソニック コスモシリーズ WN5103 コンセント 接地 20A ライトグレー,個
スイッチ・コンセント,パナソニック コスモシリーズ WN5105 コンセント USB-A×2 2.4A シャンパンゴールド,個
スイッチ・コンセント,パナソニック コスモシリーズ WN5105 コンセント USB-A×2 2.4A ブラック,個
スイッチ・コンセント,パナソニック コスモシリーズ WN5105 コンセント USB-A×2 2.4A ホワイト,個
スイッチ・コンセント,パナソニック コスモシリーズ WN5105 コンセント USB-A×2 2.4A ライトグレー,個
スイッチ・コンセント,パナソニック コスモシリーズ WN5107 コンセント USB-C×1 A×1 シャンパンゴールド,個
スイッチ・コンセント,パナソニック コスモシリーズ WN5107 コンセント USB-C×1 A×1 ブラック,個
スイッチ・コンセント,パナソニック コスモシリーズ WN5107 コンセント USB-C×1 A×1 ホワイト,個
スイッチ・コンセント,パナソニック コスモシリーズ WN5107 コンセント USB-C×1 A×1 ライトグレー,個
スイッチ・コンセント,パナソニック コスモシリーズ WN5111 テレビコンセント 端末 10〜2602MHz シャンパンゴールド,個
スイッチ・コンセント,パナソニック コスモシリーズ WN5111 テレビコンセント 端末 10〜2602MHz ブラック,個
スイッチ・コンセント,パナソニック コスモシリーズ WN5111 テレビコンセント 端末 10〜2602MHz ホワイト,個
スイッチ・コンセント,パナソニック コスモシリーズ WN5111 テレビコンセント 端末 10〜2602MHz ライトグレー,個
スイッチ・コンセント,パナソニック コスモシリーズ WN5112 テレビコンセント 中間 シャンパンゴールド,個
スイッチ・コンセント,パナソニック コスモシリーズ WN5112 テレビコンセント 中間 ブラック,個
スイッチ・コンセント,パナソニック コスモシリーズ WN5112 テレビコンセント 中間 ホワイト,個
スイッチ・コンセント,パナソニック コスモシリーズ WN5112 テレビコンセント 中間 ライトグレー,個
スイッチ・コンセント,パナソニック コスモシリーズ WN5121 LANコンセント CAT6 シャンパンゴールド,個
スイッチ・コンセント,パナソニック コスモシリーズ WN5121 LANコンセント CAT6 ブラック,個
スイッチ・コンセント,パナソニック コスモシリーズ WN5121 LANコンセント CAT6 ホワイト,個
スイッチ・コンセント,パナソニック コスモシリーズ WN5121 LANコンセント CAT6 ライトグレー,個
スイッチ・コンセント,パナソニック コスモシリーズ WN5201 ほたるスイッチ 片切 表示灯付き シャンパンゴールド,個
スイッチ・コンセント,パナソニック コスモシリーズ WN5201 ほたるスイッチ 片切 表示灯付き ブラック,個
スイッチ・コンセント,パナソニック コスモシリーズ WN5201 ほたるスイッチ 片切 表示灯付き ホワイト,個
スイッチ・コンセント,パナソニック コスモシリーズ WN5201 ほたるスイッチ 片切 表示灯付き ライトグレー,個
スイッチ・コンセント,パナソニック コスモシリーズ WN5202 ほたるスイッチ 3路 シャンパンゴールド,個
スイッチ・コンセント,パナソニック コスモシリーズ WN5202 ほたるスイッチ 3路 ブラック,個
スイッチ・コンセント,パナソニック コスモシリーズ WN5202 ほたるスイッチ 3路 ホワイト,個
スイッチ・コンセント,パナソニック コスモシリーズ WN5202 ほたるスイッチ 3路 ライトグレー,個
スイッチ・コンセント,パナソニック コスモシリーズ WN5301 熱線センサースイッチ 親器 シャンパンゴールド,個
スイッチ・コンセント,パナソニック コスモシリーズ WN5301 熱線センサースイッチ 親器 ブラック,個
スイッチ・コンセント,パナソニック コスモシリーズ WN5301 熱線センサースイッチ 親器 ホワイト,個
スイッチ・コンセント,パナソニック コスモシリーズ WN5301 熱線センサースイッチ 親器 ライトグレー,個
スイッチ・コンセント,パナソニック コスモシリーズ WN5302 熱線センサースイッチ 子器 シャンパンゴールド,個
スイッチ・コンセント,パナソニック コスモシリーズ WN5302 熱線センサースイッチ 子器 ブラック,個
スイッチ・コンセント,パナソニック コスモシリーズ WN5302 熱線センサースイッチ 子器 ホワイト,個
スイッチ・コンセント,パナソニック コスモシリーズ WN5302 熱線センサースイッチ 子器 ライトグレー,個
スイッチ・コンセント,パナソニック コスモシリーズ WN5401 タイマースイッチ 24H シャンパンゴールド,個
スイッチ・コンセント,パナソニック コスモシリーズ WN5401 タイマースイッチ 24H ブラック,個
スイッチ・コンセント,パナソニック コスモシリーズ WN5401 タイマースイッチ 24H ホワイト,個
スイッチ・コンセント,パナソニック コスモシリーズ WN5401 タイマースイッチ 24H ライトグレー,個
スイッチ・コンセント,パナソニック コスモシリーズ WN5501 換気扇スイッチ 遅延なし シャンパンゴールド,個
スイッチ・コンセント,パナソニック コスモシリーズ WN5501 換気扇スイッチ 遅延なし ブラック,個
スイッチ・コンセント,パナソニック コスモシリーズ WN5501 換気扇スイッチ 遅延なし ホワイト,個
スイッチ・コンセント,パナソニック コスモシリーズ WN5501 換気扇スイッチ 遅延なし ライトグレー,個
スイッチ・コンセント,パナソニック コスモシリーズ WN5502 換気扇スイッチ タイマー付き シャンパンゴールド,個
スイッチ・コンセント,パナソニック コスモシリーズ WN5502 換気扇スイッチ タイマー付き ブラック,個
スイッチ・コンセント,パナソニック コスモシリーズ WN5502 換気扇スイッチ タイマー付き ホワイト,個
スイッチ・コンセント,パナソニック コスモシリーズ WN5502 換気扇スイッチ タイマー付き ライトグレー,個
スイッチ・コンセント,パナソニック コスモシリーズ アース付きコンセント2口 アイボリー 1個用,個
スイッチ・コンセント,パナソニック コスモシリーズ アース付きコンセント2口 アイボリー 2個用（並列）,個
スイッチ・コンセント,パナソニック コスモシリーズ アース付きコンセント2口 アイボリー 3個用,個
スイッチ・コンセント,パナソニック コスモシリーズ アース付きコンセント2口 アイボリー 4個用,個
スイッチ・コンセント,パナソニック コスモシリーズ アース付きコンセント2口 ダークブラウン 1個用,個
スイッチ・コンセント,パナソニック コスモシリーズ アース付きコンセント2口 ダークブラウン 2個用（並列）,個
スイッチ・コンセント,パナソニック コスモシリーズ アース付きコンセント2口 ダークブラウン 3個用,個
スイッチ・コンセント,パナソニック コスモシリーズ アース付きコンセント2口 ダークブラウン 4個用,個
スイッチ・コンセント,パナソニック コスモシリーズ アース付きコンセント2口 ホワイト 1個用,個
スイッチ・コンセント,パナソニック コスモシリーズ アース付きコンセント2口 ホワイト 2個用（並列）,個
スイッチ・コンセント,パナソニック コスモシリーズ アース付きコンセント2口 ホワイト 3個用,個
スイッチ・コンセント,パナソニック コスモシリーズ アース付きコンセント2口 ホワイト 4個用,個
スイッチ・コンセント,パナソニック コスモシリーズ アース付きコンセント2口 マットブラック 1個用,個
スイッチ・コンセント,パナソニック コスモシリーズ アース付きコンセント2口 マットブラック 2個用（並列）,個
スイッチ・コンセント,パナソニック コスモシリーズ アース付きコンセント2口 マットブラック 3個用,個
スイッチ・コンセント,パナソニック コスモシリーズ アース付きコンセント2口 マットブラック 4個用,個
スイッチ・コンセント,パナソニック コスモシリーズ アース付きコンセント2口 ライトグレー 1個用,個
スイッチ・コンセント,パナソニック コスモシリーズ アース付きコンセント2口 ライトグレー 2個用（並列）,個
スイッチ・コンセント,パナソニック コスモシリーズ アース付きコンセント2口 ライトグレー 3個用,個
スイッチ・コンセント,パナソニック コスモシリーズ アース付きコンセント2口 ライトグレー 4個用,個
スイッチ・コンセント,パナソニック コスモシリーズ エアコン専用 200V アイボリー 1個用,個
スイッチ・コンセント,パナソニック コスモシリーズ エアコン専用 200V アイボリー 2個用（並列）,個
スイッチ・コンセント,パナソニック コスモシリーズ エアコン専用 200V アイボリー 3個用,個
スイッチ・コンセント,パナソニック コスモシリーズ エアコン専用 200V アイボリー 4個用,個
スイッチ・コンセント,パナソニック コスモシリーズ エアコン専用 200V ダークブラウン 1個用,個
スイッチ・コンセント,パナソニック コスモシリーズ エアコン専用 200V ダークブラウン 2個用（並列）,個
スイッチ・コンセント,パナソニック コスモシリーズ エアコン専用 200V ダークブラウン 3個用,個
スイッチ・コンセント,パナソニック コスモシリーズ エアコン専用 200V ダークブラウン 4個用,個
スイッチ・コンセント,パナソニック コスモシリーズ エアコン専用 200V ホワイト 1個用,個
スイッチ・コンセント,パナソニック コスモシリーズ エアコン専用 200V ホワイト 2個用（並列）,個
スイッチ・コンセント,パナソニック コスモシリーズ エアコン専用 200V ホワイト 3個用,個
スイッチ・コンセント,パナソニック コスモシリーズ エアコン専用 200V ホワイト 4個用,個
スイッチ・コンセント,パナソニック コスモシリーズ エアコン専用 200V マットブラック 1個用,個
スイッチ・コンセント,パナソニック コスモシリーズ エアコン専用 200V マットブラック 2個用（並列）,個
スイッチ・コンセント,パナソニック コスモシリーズ エアコン専用 200V マットブラック 3個用,個
スイッチ・コンセント,パナソニック コスモシリーズ エアコン専用 200V マットブラック 4個用,個
スイッチ・コンセント,パナソニック コスモシリーズ エアコン専用 200V ライトグレー 1個用,個
スイッチ・コンセント,パナソニック コスモシリーズ エアコン専用 200V ライトグレー 2個用（並列）,個
スイッチ・コンセント,パナソニック コスモシリーズ エアコン専用 200V ライトグレー 3個用,個
スイッチ・コンセント,パナソニック コスモシリーズ エアコン専用 200V ライトグレー 4個用,個
スイッチ・コンセント,パナソニック コスモシリーズ コンセント WTF1001,個
スイッチ・コンセント,パナソニック コスモシリーズ コンセント1口 アイボリー 1個用,個
スイッチ・コンセント,パナソニック コスモシリーズ コンセント1口 アイボリー 2個用（並列）,個
スイッチ・コンセント,パナソニック コスモシリーズ コンセント1口 ダークブラウン 1個用,個
スイッチ・コンセント,パナソニック コスモシリーズ コンセント1口 ダークブラウン 2個用（並列）,個
スイッチ・コンセント,パナソニック コスモシリーズ コンセント1口 ホワイト 1個用,個
スイッチ・コンセント,パナソニック コスモシリーズ コンセント1口 ホワイト 2個用（並列）,個
スイッチ・コンセント,パナソニック コスモシリーズ コンセント1口 マットブラック 1個用,個
スイッチ・コンセント,パナソニック コスモシリーズ コンセント1口 マットブラック 2個用（並列）,個
スイッチ・コンセント,パナソニック コスモシリーズ コンセント1口 ライトグレー 1個用,個
スイッチ・コンセント,パナソニック コスモシリーズ コンセント1口 ライトグレー 2個用（並列）,個
スイッチ・コンセント,パナソニック コスモシリーズ コンセント2口 アイボリー 1個用,個
スイッチ・コンセント,パナソニック コスモシリーズ コンセント2口 アイボリー 2個用（並列）,個
スイッチ・コンセント,パナソニック コスモシリーズ コンセント2口 アイボリー 3個用,個
スイッチ・コンセント,パナソニック コスモシリーズ コンセント2口 アイボリー 4個用,個
スイッチ・コンセント,パナソニック コスモシリーズ コンセント2口 ダークブラウン 1個用,個
スイッチ・コンセント,パナソニック コスモシリーズ コンセント2口 ダークブラウン 2個用（並列）,個
スイッチ・コンセント,パナソニック コスモシリーズ コンセント2口 ダークブラウン 3個用,個
スイッチ・コンセント,パナソニック コスモシリーズ コンセント2口 ダークブラウン 4個用,個
スイッチ・コンセント,パナソニック コスモシリーズ コンセント2口 ホワイト 1個用,個
スイッチ・コンセント,パナソニック コスモシリーズ コンセント2口 ホワイト 2個用（並列）,個
スイッチ・コンセント,パナソニック コスモシリーズ コンセント2口 ホワイト 3個用,個
スイッチ・コンセント,パナソニック コスモシリーズ コンセント2口 ホワイト 4個用,個
スイッチ・コンセント,パナソニック コスモシリーズ コンセント2口 マットブラック 1個用,個
スイッチ・コンセント,パナソニック コスモシリーズ コンセント2口 マットブラック 2個用（並列）,個
スイッチ・コンセント,パナソニック コスモシリーズ コンセント2口 マットブラック 3個用,個
スイッチ・コンセント,パナソニック コスモシリーズ コンセント2口 マットブラック 4個用,個
スイッチ・コンセント,パナソニック コスモシリーズ コンセント2口 ライトグレー 1個用,個
スイッチ・コンセント,パナソニック コスモシリーズ コンセント2口 ライトグレー 2個用（並列）,個
スイッチ・コンセント,パナソニック コスモシリーズ コンセント2口 ライトグレー 3個用,個
スイッチ・コンセント,パナソニック コスモシリーズ コンセント2口 ライトグレー 4個用,個
スイッチ・コンセント,パナソニック コスモシリーズ コンセント3口 アイボリー 1個用,個
スイッチ・コンセント,パナソニック コスモシリーズ コンセント3口 アイボリー 2個用（並列）,個
スイッチ・コンセント,パナソニック コスモシリーズ コンセント3口 アイボリー 3個用,個
スイッチ・コンセント,パナソニック コスモシリーズ コンセント3口 アイボリー 4個用,個
スイッチ・コンセント,パナソニック コスモシリーズ コンセント3口 ダークブラウン 1個用,個
スイッチ・コンセント,パナソニック コスモシリーズ コンセント3口 ダークブラウン 2個用（並列）,個
スイッチ・コンセント,パナソニック コスモシリーズ コンセント3口 ダークブラウン 3個用,個
スイッチ・コンセント,パナソニック コスモシリーズ コンセント3口 ダークブラウン 4個用,個
スイッチ・コンセント,パナソニック コスモシリーズ コンセント3口 ホワイト 1個用,個
スイッチ・コンセント,パナソニック コスモシリーズ コンセント3口 ホワイト 2個用（並列）,個
スイッチ・コンセント,パナソニック コスモシリーズ コンセント3口 ホワイト 3個用,個
スイッチ・コンセント,パナソニック コスモシリーズ コンセント3口 ホワイト 4個用,個
スイッチ・コンセント,パナソニック コスモシリーズ コンセント3口 マットブラック 1個用,個
スイッチ・コンセント,パナソニック コスモシリーズ コンセント3口 マットブラック 2個用（並列）,個
スイッチ・コンセント,パナソニック コスモシリーズ コンセント3口 マットブラック 3個用,個
スイッチ・コンセント,パナソニック コスモシリーズ コンセント3口 マットブラック 4個用,個
スイッチ・コンセント,パナソニック コスモシリーズ コンセント3口 ライトグレー 1個用,個
スイッチ・コンセント,パナソニック コスモシリーズ コンセント3口 ライトグレー 2個用（並列）,個
スイッチ・コンセント,パナソニック コスモシリーズ コンセント3口 ライトグレー 3個用,個
スイッチ・コンセント,パナソニック コスモシリーズ コンセント3口 ライトグレー 4個用,個
スイッチ・コンセント,パナソニック コスモシリーズ スイッチ WTF0001,個
スイッチ・コンセント,パナソニック コスモシリーズ タイマースイッチ アイボリー 1個用,個
スイッチ・コンセント,パナソニック コスモシリーズ タイマースイッチ アイボリー 2個用（並列）,個
スイッチ・コンセント,パナソニック コスモシリーズ タイマースイッチ アイボリー 3個用,個
スイッチ・コンセント,パナソニック コスモシリーズ タイマースイッチ アイボリー 4個用,個
スイッチ・コンセント,パナソニック コスモシリーズ タイマースイッチ ダークブラウン 1個用,個
スイッチ・コンセント,パナソニック コスモシリーズ タイマースイッチ ダークブラウン 2個用（並列）,個
スイッチ・コンセント,パナソニック コスモシリーズ タイマースイッチ ダークブラウン 3個用,個
スイッチ・コンセント,パナソニック コスモシリーズ タイマースイッチ ダークブラウン 4個用,個
スイッチ・コンセント,パナソニック コスモシリーズ タイマースイッチ ホワイト 1個用,個
スイッチ・コンセント,パナソニック コスモシリーズ タイマースイッチ ホワイト 2個用（並列）,個
スイッチ・コンセント,パナソニック コスモシリーズ タイマースイッチ ホワイト 3個用,個
スイッチ・コンセント,パナソニック コスモシリーズ タイマースイッチ ホワイト 4個用,個
スイッチ・コンセント,パナソニック コスモシリーズ タイマースイッチ マットブラック 1個用,個
スイッチ・コンセント,パナソニック コスモシリーズ タイマースイッチ マットブラック 2個用（並列）,個
スイッチ・コンセント,パナソニック コスモシリーズ タイマースイッチ マットブラック 3個用,個
スイッチ・コンセント,パナソニック コスモシリーズ タイマースイッチ マットブラック 4個用,個
スイッチ・コンセント,パナソニック コスモシリーズ タイマースイッチ ライトグレー 1個用,個
スイッチ・コンセント,パナソニック コスモシリーズ タイマースイッチ ライトグレー 2個用（並列）,個
スイッチ・コンセント,パナソニック コスモシリーズ タイマースイッチ ライトグレー 3個用,個
スイッチ・コンセント,パナソニック コスモシリーズ タイマースイッチ ライトグレー 4個用,個
スイッチ・コンセント,パナソニック コスモシリーズ テレビ端子（直列ユニット） アイボリー 1個用,個
スイッチ・コンセント,パナソニック コスモシリーズ テレビ端子（直列ユニット） アイボリー 2個用（並列）,個
スイッチ・コンセント,パナソニック コスモシリーズ テレビ端子（直列ユニット） アイボリー 3個用,個
スイッチ・コンセント,パナソニック コスモシリーズ テレビ端子（直列ユニット） アイボリー 4個用,個
スイッチ・コンセント,パナソニック コスモシリーズ テレビ端子（直列ユニット） ダークブラウン 1個用,個
スイッチ・コンセント,パナソニック コスモシリーズ テレビ端子（直列ユニット） ダークブラウン 2個用（並列）,個
スイッチ・コンセント,パナソニック コスモシリーズ テレビ端子（直列ユニット） ダークブラウン 3個用,個
スイッチ・コンセント,パナソニック コスモシリーズ テレビ端子（直列ユニット） ダークブラウン 4個用,個
スイッチ・コンセント,パナソニック コスモシリーズ テレビ端子（直列ユニット） ホワイト 1個用,個
スイッチ・コンセント,パナソニック コスモシリーズ テレビ端子（直列ユニット） ホワイト 2個用（並列）,個
スイッチ・コンセント,パナソニック コスモシリーズ テレビ端子（直列ユニット） ホワイト 3個用,個
スイッチ・コンセント,パナソニック コスモシリーズ テレビ端子（直列ユニット） ホワイト 4個用,個
スイッチ・コンセント,パナソニック コスモシリーズ テレビ端子（直列ユニット） マットブラック 1個用,個
スイッチ・コンセント,パナソニック コスモシリーズ テレビ端子（直列ユニット） マットブラック 2個用（並列）,個
スイッチ・コンセント,パナソニック コスモシリーズ テレビ端子（直列ユニット） マットブラック 3個用,個
スイッチ・コンセント,パナソニック コスモシリーズ テレビ端子（直列ユニット） マットブラック 4個用,個
スイッチ・コンセント,パナソニック コスモシリーズ テレビ端子（直列ユニット） ライトグレー 1個用,個
スイッチ・コンセント,パナソニック コスモシリーズ テレビ端子（直列ユニット） ライトグレー 2個用（並列）,個
スイッチ・コンセント,パナソニック コスモシリーズ テレビ端子（直列ユニット） ライトグレー 3個用,個
スイッチ・コンセント,パナソニック コスモシリーズ テレビ端子（直列ユニット） ライトグレー 4個用,個
スイッチ・コンセント,パナソニック コスモシリーズ 接地3P 20A アイボリー 1個用,個
スイッチ・コンセント,パナソニック コスモシリーズ 接地3P 20A アイボリー 2個用（並列）,個
スイッチ・コンセント,パナソニック コスモシリーズ 接地3P 20A アイボリー 3個用,個
スイッチ・コンセント,パナソニック コスモシリーズ 接地3P 20A アイボリー 4個用,個
スイッチ・コンセント,パナソニック コスモシリーズ 接地3P 20A ダークブラウン 1個用,個
スイッチ・コンセント,パナソニック コスモシリーズ 接地3P 20A ダークブラウン 2個用（並列）,個
スイッチ・コンセント,パナソニック コスモシリーズ 接地3P 20A ダークブラウン 3個用,個
スイッチ・コンセント,パナソニック コスモシリーズ 接地3P 20A ダークブラウン 4個用,個
スイッチ・コンセント,パナソニック コスモシリーズ 接地3P 20A ホワイト 1個用,個
スイッチ・コンセント,パナソニック コスモシリーズ 接地3P 20A ホワイト 2個用（並列）,個
スイッチ・コンセント,パナソニック コスモシリーズ 接地3P 20A ホワイト 3個用,個
スイッチ・コンセント,パナソニック コスモシリーズ 接地3P 20A ホワイト 4個用,個
スイッチ・コンセント,パナソニック コスモシリーズ 接地3P 20A マットブラック 1個用,個
スイッチ・コンセント,パナソニック コスモシリーズ 接地3P 20A マットブラック 2個用（並列）,個
スイッチ・コンセント,パナソニック コスモシリーズ 接地3P 20A マットブラック 3個用,個
スイッチ・コンセント,パナソニック コスモシリーズ 接地3P 20A マットブラック 4個用,個
スイッチ・コンセント,パナソニック コスモシリーズ 接地3P 20A ライトグレー 1個用,個
スイッチ・コンセント,パナソニック コスモシリーズ 接地3P 20A ライトグレー 2個用（並列）,個
スイッチ・コンセント,パナソニック コスモシリーズ 接地3P 20A ライトグレー 3個用,個
スイッチ・コンセント,パナソニック コスモシリーズ 接地3P 20A ライトグレー 4個用,個
スイッチ・コンセント,パナソニック コスモシリーズ 熱線センサースイッチ アイボリー 1個用,個
スイッチ・コンセント,パナソニック コスモシリーズ 熱線センサースイッチ アイボリー 2個用（並列）,個
スイッチ・コンセント,パナソニック コスモシリーズ 熱線センサースイッチ アイボリー 3個用,個
スイッチ・コンセント,パナソニック コスモシリーズ 熱線センサースイッチ アイボリー 4個用,個
スイッチ・コンセント,パナソニック コスモシリーズ 熱線センサースイッチ ダークブラウン 1個用,個
スイッチ・コンセント,パナソニック コスモシリーズ 熱線センサースイッチ ダークブラウン 2個用（並列）,個
スイッチ・コンセント,パナソニック コスモシリーズ 熱線センサースイッチ ダークブラウン 3個用,個
スイッチ・コンセント,パナソニック コスモシリーズ 熱線センサースイッチ ダークブラウン 4個用,個
スイッチ・コンセント,パナソニック コスモシリーズ 熱線センサースイッチ ホワイト 1個用,個
スイッチ・コンセント,パナソニック コスモシリーズ 熱線センサースイッチ ホワイト 2個用（並列）,個
スイッチ・コンセント,パナソニック コスモシリーズ 熱線センサースイッチ ホワイト 3個用,個
スイッチ・コンセント,パナソニック コスモシリーズ 熱線センサースイッチ ホワイト 4個用,個
スイッチ・コンセント,パナソニック コスモシリーズ 熱線センサースイッチ マットブラック 1個用,個
スイッチ・コンセント,パナソニック コスモシリーズ 熱線センサースイッチ マットブラック 2個用（並列）,個
スイッチ・コンセント,パナソニック コスモシリーズ 熱線センサースイッチ マットブラック 3個用,個
スイッチ・コンセント,パナソニック コスモシリーズ 熱線センサースイッチ マットブラック 4個用,個
スイッチ・コンセント,パナソニック コスモシリーズ 熱線センサースイッチ ライトグレー 1個用,個
スイッチ・コンセント,パナソニック コスモシリーズ 熱線センサースイッチ ライトグレー 2個用（並列）,個
スイッチ・コンセント,パナソニック コスモシリーズ 熱線センサースイッチ ライトグレー 3個用,個
スイッチ・コンセント,パナソニック コスモシリーズ 熱線センサースイッチ ライトグレー 4個用,個
スイッチ・コンセント,パナソニック コスモシリーズ 片切スイッチ アイボリー 1個用,個
スイッチ・コンセント,パナソニック コスモシリーズ 片切スイッチ アイボリー 2個用（並列）,個
スイッチ・コンセント,パナソニック コスモシリーズ 片切スイッチ アイボリー 3個用,個
スイッチ・コンセント,パナソニック コスモシリーズ 片切スイッチ アイボリー 4個用,個
スイッチ・コンセント,パナソニック コスモシリーズ 片切スイッチ ダークブラウン 1個用,個
スイッチ・コンセント,パナソニック コスモシリーズ 片切スイッチ ダークブラウン 2個用（並列）,個
スイッチ・コンセント,パナソニック コスモシリーズ 片切スイッチ ダークブラウン 3個用,個
スイッチ・コンセント,パナソニック コスモシリーズ 片切スイッチ ダークブラウン 4個用,個
スイッチ・コンセント,パナソニック コスモシリーズ 片切スイッチ ホワイト 1個用,個
スイッチ・コンセント,パナソニック コスモシリーズ 片切スイッチ ホワイト 2個用（並列）,個
スイッチ・コンセント,パナソニック コスモシリーズ 片切スイッチ ホワイト 3個用,個
スイッチ・コンセント,パナソニック コスモシリーズ 片切スイッチ ホワイト 4個用,個
スイッチ・コンセント,パナソニック コスモシリーズ 片切スイッチ マットブラック 1個用,個
スイッチ・コンセント,パナソニック コスモシリーズ 片切スイッチ マットブラック 2個用（並列）,個
スイッチ・コンセント,パナソニック コスモシリーズ 片切スイッチ マットブラック 3個用,個
スイッチ・コンセント,パナソニック コスモシリーズ 片切スイッチ マットブラック 4個用,個
スイッチ・コンセント,パナソニック コスモシリーズ 片切スイッチ ライトグレー 1個用,個
スイッチ・コンセント,パナソニック コスモシリーズ 片切スイッチ ライトグレー 2個用（並列）,個
スイッチ・コンセント,パナソニック コスモシリーズ 片切スイッチ ライトグレー 3個用,個
スイッチ・コンセント,パナソニック コスモシリーズ 片切スイッチ ライトグレー 4個用,個
スイッチ・コンセント,パナソニック コスモシリーズ 調光スイッチ（LED対応） アイボリー 1個用,個
スイッチ・コンセント,パナソニック コスモシリーズ 調光スイッチ（LED対応） アイボリー 2個用（並列）,個
スイッチ・コンセント,パナソニック コスモシリーズ 調光スイッチ（LED対応） アイボリー 3個用,個
スイッチ・コンセント,パナソニック コスモシリーズ 調光スイッチ（LED対応） アイボリー 4個用,個
スイッチ・コンセント,パナソニック コスモシリーズ 調光スイッチ（LED対応） ダークブラウン 1個用,個
スイッチ・コンセント,パナソニック コスモシリーズ 調光スイッチ（LED対応） ダークブラウン 2個用（並列）,個
スイッチ・コンセント,パナソニック コスモシリーズ 調光スイッチ（LED対応） ダークブラウン 3個用,個
スイッチ・コンセント,パナソニック コスモシリーズ 調光スイッチ（LED対応） ダークブラウン 4個用,個
スイッチ・コンセント,パナソニック コスモシリーズ 調光スイッチ（LED対応） ホワイト 1個用,個
スイッチ・コンセント,パナソニック コスモシリーズ 調光スイッチ（LED対応） ホワイト 2個用（並列）,個
スイッチ・コンセント,パナソニック コスモシリーズ 調光スイッチ（LED対応） ホワイト 3個用,個
スイッチ・コンセント,パナソニック コスモシリーズ 調光スイッチ（LED対応） ホワイト 4個用,個
スイッチ・コンセント,パナソニック コスモシリーズ 調光スイッチ（LED対応） マットブラック 1個用,個
スイッチ・コンセント,パナソニック コスモシリーズ 調光スイッチ（LED対応） マットブラック 2個用（並列）,個
スイッチ・コンセント,パナソニック コスモシリーズ 調光スイッチ（LED対応） マットブラック 3個用,個
スイッチ・コンセント,パナソニック コスモシリーズ 調光スイッチ（LED対応） マットブラック 4個用,個
スイッチ・コンセント,パナソニック コスモシリーズ 調光スイッチ（LED対応） ライトグレー 1個用,個
スイッチ・コンセント,パナソニック コスモシリーズ 調光スイッチ（LED対応） ライトグレー 2個用（並列）,個
スイッチ・コンセント,パナソニック コスモシリーズ 調光スイッチ（LED対応） ライトグレー 3個用,個
スイッチ・コンセント,パナソニック コスモシリーズ 調光スイッチ（LED対応） ライトグレー 4個用,個
スイッチ・コンセント,パナソニック コスモシリーズ 調光スイッチ（白熱） アイボリー 1個用,個
スイッチ・コンセント,パナソニック コスモシリーズ 調光スイッチ（白熱） アイボリー 2個用（並列）,個
スイッチ・コンセント,パナソニック コスモシリーズ 調光スイッチ（白熱） アイボリー 3個用,個
スイッチ・コンセント,パナソニック コスモシリーズ 調光スイッチ（白熱） アイボリー 4個用,個
スイッチ・コンセント,パナソニック コスモシリーズ 調光スイッチ（白熱） ダークブラウン 1個用,個
スイッチ・コンセント,パナソニック コスモシリーズ 調光スイッチ（白熱） ダークブラウン 2個用（並列）,個
スイッチ・コンセント,パナソニック コスモシリーズ 調光スイッチ（白熱） ダークブラウン 3個用,個
スイッチ・コンセント,パナソニック コスモシリーズ 調光スイッチ（白熱） ダークブラウン 4個用,個
スイッチ・コンセント,パナソニック コスモシリーズ 調光スイッチ（白熱） ホワイト 1個用,個
スイッチ・コンセント,パナソニック コスモシリーズ 調光スイッチ（白熱） ホワイト 2個用（並列）,個
スイッチ・コンセント,パナソニック コスモシリーズ 調光スイッチ（白熱） ホワイト 3個用,個
スイッチ・コンセント,パナソニック コスモシリーズ 調光スイッチ（白熱） ホワイト 4個用,個
スイッチ・コンセント,パナソニック コスモシリーズ 調光スイッチ（白熱） マットブラック 1個用,個
スイッチ・コンセント,パナソニック コスモシリーズ 調光スイッチ（白熱） マットブラック 2個用（並列）,個
スイッチ・コンセント,パナソニック コスモシリーズ 調光スイッチ（白熱） マットブラック 3個用,個
スイッチ・コンセント,パナソニック コスモシリーズ 調光スイッチ（白熱） マットブラック 4個用,個
スイッチ・コンセント,パナソニック コスモシリーズ 調光スイッチ（白熱） ライトグレー 1個用,個
スイッチ・コンセント,パナソニック コスモシリーズ 調光スイッチ（白熱） ライトグレー 2個用（並列）,個
スイッチ・コンセント,パナソニック コスモシリーズ 調光スイッチ（白熱） ライトグレー 3個用,個
スイッチ・コンセント,パナソニック コスモシリーズ 調光スイッチ（白熱） ライトグレー 4個用,個
スイッチ・コンセント,パナソニック コスモシリーズ 防雨コンセント（屋外用） アイボリー 1個用,個
スイッチ・コンセント,パナソニック コスモシリーズ 防雨コンセント（屋外用） アイボリー 2個用（並列）,個
スイッチ・コンセント,パナソニック コスモシリーズ 防雨コンセント（屋外用） アイボリー 3個用,個
スイッチ・コンセント,パナソニック コスモシリーズ 防雨コンセント（屋外用） アイボリー 4個用,個
スイッチ・コンセント,パナソニック コスモシリーズ 防雨コンセント（屋外用） ダークブラウン 1個用,個
スイッチ・コンセント,パナソニック コスモシリーズ 防雨コンセント（屋外用） ダークブラウン 2個用（並列）,個
スイッチ・コンセント,パナソニック コスモシリーズ 防雨コンセント（屋外用） ダークブラウン 3個用,個
スイッチ・コンセント,パナソニック コスモシリーズ 防雨コンセント（屋外用） ダークブラウン 4個用,個
スイッチ・コンセント,パナソニック コスモシリーズ 防雨コンセント（屋外用） ホワイト 1個用,個
スイッチ・コンセント,パナソニック コスモシリーズ 防雨コンセント（屋外用） ホワイト 2個用（並列）,個
スイッチ・コンセント,パナソニック コスモシリーズ 防雨コンセント（屋外用） ホワイト 3個用,個
スイッチ・コンセント,パナソニック コスモシリーズ 防雨コンセント（屋外用） ホワイト 4個用,個
スイッチ・コンセント,パナソニック コスモシリーズ 防雨コンセント（屋外用） マットブラック 1個用,個
スイッチ・コンセント,パナソニック コスモシリーズ 防雨コンセント（屋外用） マットブラック 2個用（並列）,個
スイッチ・コンセント,パナソニック コスモシリーズ 防雨コンセント（屋外用） マットブラック 3個用,個
スイッチ・コンセント,パナソニック コスモシリーズ 防雨コンセント（屋外用） マットブラック 4個用,個
スイッチ・コンセント,パナソニック コスモシリーズ 防雨コンセント（屋外用） ライトグレー 1個用,個
スイッチ・コンセント,パナソニック コスモシリーズ 防雨コンセント（屋外用） ライトグレー 2個用（並列）,個
スイッチ・コンセント,パナソニック コスモシリーズ 防雨コンセント（屋外用） ライトグレー 3個用,個
スイッチ・コンセント,パナソニック コスモシリーズ 防雨コンセント（屋外用） ライトグレー 4個用,個
スイッチ・コンセント,パナソニック コスモシリーズ 電話モジュラージャック アイボリー 1個用,個
スイッチ・コンセント,パナソニック コスモシリーズ 電話モジュラージャック アイボリー 2個用（並列）,個
スイッチ・コンセント,パナソニック コスモシリーズ 電話モジュラージャック アイボリー 3個用,個
スイッチ・コンセント,パナソニック コスモシリーズ 電話モジュラージャック アイボリー 4個用,個
スイッチ・コンセント,パナソニック コスモシリーズ 電話モジュラージャック ダークブラウン 1個用,個
スイッチ・コンセント,パナソニック コスモシリーズ 電話モジュラージャック ダークブラウン 2個用（並列）,個
スイッチ・コンセント,パナソニック コスモシリーズ 電話モジュラージャック ダークブラウン 3個用,個
スイッチ・コンセント,パナソニック コスモシリーズ 電話モジュラージャック ダークブラウン 4個用,個
スイッチ・コンセント,パナソニック コスモシリーズ 電話モジュラージャック ホワイト 1個用,個
スイッチ・コンセント,パナソニック コスモシリーズ 電話モジュラージャック ホワイト 2個用（並列）,個
スイッチ・コンセント,パナソニック コスモシリーズ 電話モジュラージャック ホワイト 3個用,個
スイッチ・コンセント,パナソニック コスモシリーズ 電話モジュラージャック ホワイト 4個用,個
スイッチ・コンセント,パナソニック コスモシリーズ 電話モジュラージャック マットブラック 1個用,個
スイッチ・コンセント,パナソニック コスモシリーズ 電話モジュラージャック マットブラック 2個用（並列）,個
スイッチ・コンセント,パナソニック コスモシリーズ 電話モジュラージャック マットブラック 3個用,個
スイッチ・コンセント,パナソニック コスモシリーズ 電話モジュラージャック マットブラック 4個用,個
スイッチ・コンセント,パナソニック コスモシリーズ 電話モジュラージャック ライトグレー 1個用,個
スイッチ・コンセント,パナソニック コスモシリーズ 電話モジュラージャック ライトグレー 2個用（並列）,個
スイッチ・コンセント,パナソニック コスモシリーズ 電話モジュラージャック ライトグレー 3個用,個
スイッチ・コンセント,パナソニック コスモシリーズ 電話モジュラージャック ライトグレー 4個用,個
スイッチ・コンセント,パナソニック コンセント 2P 15A,個
スイッチ・コンセント,パナソニック コンセント 2P アース付き,個
スイッチ・コンセント,パナソニック コンセント EV用 20A,個
スイッチ・コンセント,パナソニック コンセント USB-A付き,個
スイッチ・コンセント,パナソニック コンセント USB-C付き,個
スイッチ・コンセント,パナソニック コンセント 防水型,個
スイッチ・コンセント,パナソニック スイッチ 3路,個
スイッチ・コンセント,パナソニック スイッチ 4路,個
スイッチ・コンセント,パナソニック スイッチ タイマー,個
スイッチ・コンセント,パナソニック スイッチ 片切 1口,個
スイッチ・コンセント,パナソニック スイッチ 片切 2口,個
スイッチ・コンセント,パナソニック スイッチ 調光器,個
スイッチ・コンセント,パナソニック テレビコンセント F型,個
スイッチ・コンセント,パナソニック テレビコンセント WCS3430,個
スイッチ・コンセント,パナソニック 防水コンセント WF2031,個
スイッチ・コンセント,パナソニック 電話コンセント,個
スイッチ・コンセント,フルカラー プレート（1連）,個
スイッチ・コンセント,フルカラー プレート（2連）,個
スイッチ・コンセント,フルカラー プレート（3連）,個
スイッチ・コンセント,明工社 LANコンセント Cat6,個
スイッチ・コンセント,明工社 LANコンセント Cat6A,個
スイッチ・コンセント,明工社 コンセント 2P 15A,個
スイッチ・コンセント,明工社 コンセント 2P アース付き,個
スイッチ・コンセント,明工社 コンセント EV用 20A,個
スイッチ・コンセント,明工社 コンセント USB-A付き,個
スイッチ・コンセント,明工社 コンセント USB-C付き,個
スイッチ・コンセント,明工社 コンセント 防水型,個
スイッチ・コンセント,明工社 スイッチ 3路,個
スイッチ・コンセント,明工社 スイッチ 4路,個
スイッチ・コンセント,明工社 スイッチ タイマー,個
スイッチ・コンセント,明工社 スイッチ 片切 1口,個
スイッチ・コンセント,明工社 スイッチ 片切 2口,個
スイッチ・コンセント,明工社 スイッチ 調光器,個
スイッチ・コンセント,明工社 テレビコンセント F型,個
スイッチ・コンセント,明工社 電話コンセント,個
スイッチ・コンセント,東芝 WIDE i 3路スイッチ アイボリー 1個用,個
スイッチ・コンセント,東芝 WIDE i 3路スイッチ アイボリー 2個用（並列）,個
スイッチ・コンセント,東芝 WIDE i 3路スイッチ アイボリー 3個用,個
スイッチ・コンセント,東芝 WIDE i 3路スイッチ アイボリー 4個用,個
スイッチ・コンセント,東芝 WIDE i 3路スイッチ ダークブラウン 1個用,個
スイッチ・コンセント,東芝 WIDE i 3路スイッチ ダークブラウン 2個用（並列）,個
スイッチ・コンセント,東芝 WIDE i 3路スイッチ ダークブラウン 3個用,個
スイッチ・コンセント,東芝 WIDE i 3路スイッチ ダークブラウン 4個用,個
スイッチ・コンセント,東芝 WIDE i 3路スイッチ ホワイト 1個用,個
スイッチ・コンセント,東芝 WIDE i 3路スイッチ ホワイト 2個用（並列）,個
スイッチ・コンセント,東芝 WIDE i 3路スイッチ ホワイト 3個用,個
スイッチ・コンセント,東芝 WIDE i 3路スイッチ ホワイト 4個用,個
スイッチ・コンセント,東芝 WIDE i 3路スイッチ マットブラック 1個用,個
スイッチ・コンセント,東芝 WIDE i 3路スイッチ マットブラック 2個用（並列）,個
スイッチ・コンセント,東芝 WIDE i 3路スイッチ マットブラック 3個用,個
スイッチ・コンセント,東芝 WIDE i 3路スイッチ マットブラック 4個用,個
スイッチ・コンセント,東芝 WIDE i 3路スイッチ ライトグレー 1個用,個
スイッチ・コンセント,東芝 WIDE i 3路スイッチ ライトグレー 2個用（並列）,個
スイッチ・コンセント,東芝 WIDE i 3路スイッチ ライトグレー 3個用,個
スイッチ・コンセント,東芝 WIDE i 3路スイッチ ライトグレー 4個用,個
スイッチ・コンセント,東芝 WIDE i 4路スイッチ アイボリー 1個用,個
スイッチ・コンセント,東芝 WIDE i 4路スイッチ アイボリー 2個用（並列）,個
スイッチ・コンセント,東芝 WIDE i 4路スイッチ アイボリー 3個用,個
スイッチ・コンセント,東芝 WIDE i 4路スイッチ アイボリー 4個用,個
スイッチ・コンセント,東芝 WIDE i 4路スイッチ ダークブラウン 1個用,個
スイッチ・コンセント,東芝 WIDE i 4路スイッチ ダークブラウン 2個用（並列）,個
スイッチ・コンセント,東芝 WIDE i 4路スイッチ ダークブラウン 3個用,個
スイッチ・コンセント,東芝 WIDE i 4路スイッチ ダークブラウン 4個用,個
スイッチ・コンセント,東芝 WIDE i 4路スイッチ ホワイト 1個用,個
スイッチ・コンセント,東芝 WIDE i 4路スイッチ ホワイト 2個用（並列）,個
スイッチ・コンセント,東芝 WIDE i 4路スイッチ ホワイト 3個用,個
スイッチ・コンセント,東芝 WIDE i 4路スイッチ ホワイト 4個用,個
スイッチ・コンセント,東芝 WIDE i 4路スイッチ マットブラック 1個用,個
スイッチ・コンセント,東芝 WIDE i 4路スイッチ マットブラック 2個用（並列）,個
スイッチ・コンセント,東芝 WIDE i 4路スイッチ マットブラック 3個用,個
スイッチ・コンセント,東芝 WIDE i 4路スイッチ マットブラック 4個用,個
スイッチ・コンセント,東芝 WIDE i 4路スイッチ ライトグレー 1個用,個
スイッチ・コンセント,東芝 WIDE i 4路スイッチ ライトグレー 2個用（並列）,個
スイッチ・コンセント,東芝 WIDE i 4路スイッチ ライトグレー 3個用,個
スイッチ・コンセント,東芝 WIDE i 4路スイッチ ライトグレー 4個用,個
スイッチ・コンセント,東芝 WIDE i EV充電用 200V 20A ホワイト 1個用,個
スイッチ・コンセント,東芝 WIDE i EV充電用 200V 20A ホワイト 2個用（並列）,個
スイッチ・コンセント,東芝 WIDE i EV充電用 200V 20A ホワイト 3個用,個
スイッチ・コンセント,東芝 WIDE i EV充電用 200V 20A ホワイト 4個用,個
スイッチ・コンセント,東芝 WIDE i HDMI端子付き アイボリー 1個用,個
スイッチ・コンセント,東芝 WIDE i HDMI端子付き アイボリー 2個用（並列）,個
スイッチ・コンセント,東芝 WIDE i HDMI端子付き アイボリー 3個用,個
スイッチ・コンセント,東芝 WIDE i HDMI端子付き アイボリー 4個用,個
スイッチ・コンセント,東芝 WIDE i HDMI端子付き ダークブラウン 1個用,個
スイッチ・コンセント,東芝 WIDE i HDMI端子付き ダークブラウン 2個用（並列）,個
スイッチ・コンセント,東芝 WIDE i HDMI端子付き ダークブラウン 3個用,個
スイッチ・コンセント,東芝 WIDE i HDMI端子付き ダークブラウン 4個用,個
スイッチ・コンセント,東芝 WIDE i HDMI端子付き ホワイト 1個用,個
スイッチ・コンセント,東芝 WIDE i HDMI端子付き ホワイト 2個用（並列）,個
スイッチ・コンセント,東芝 WIDE i HDMI端子付き ホワイト 3個用,個
スイッチ・コンセント,東芝 WIDE i HDMI端子付き ホワイト 4個用,個
スイッチ・コンセント,東芝 WIDE i HDMI端子付き マットブラック 1個用,個
スイッチ・コンセント,東芝 WIDE i HDMI端子付き マットブラック 2個用（並列）,個
スイッチ・コンセント,東芝 WIDE i HDMI端子付き マットブラック 3個用,個
スイッチ・コンセント,東芝 WIDE i HDMI端子付き マットブラック 4個用,個
スイッチ・コンセント,東芝 WIDE i HDMI端子付き ライトグレー 1個用,個
スイッチ・コンセント,東芝 WIDE i HDMI端子付き ライトグレー 2個用（並列）,個
スイッチ・コンセント,東芝 WIDE i HDMI端子付き ライトグレー 3個用,個
スイッチ・コンセント,東芝 WIDE i HDMI端子付き ライトグレー 4個用,個
スイッチ・コンセント,東芝 WIDE i IH専用 200V 30A ホワイト 1個用,個
スイッチ・コンセント,東芝 WIDE i IH専用 200V 30A ホワイト 2個用（並列）,個
スイッチ・コンセント,東芝 WIDE i IH専用 200V 30A ホワイト 3個用,個
スイッチ・コンセント,東芝 WIDE i IH専用 200V 30A ホワイト 4個用,個
スイッチ・コンセント,東芝 WIDE i LANジャック（CAT6A） アイボリー 1個用,個
スイッチ・コンセント,東芝 WIDE i LANジャック（CAT6A） アイボリー 2個用（並列）,個
スイッチ・コンセント,東芝 WIDE i LANジャック（CAT6A） アイボリー 3個用,個
スイッチ・コンセント,東芝 WIDE i LANジャック（CAT6A） アイボリー 4個用,個
スイッチ・コンセント,東芝 WIDE i LANジャック（CAT6A） ダークブラウン 1個用,個
スイッチ・コンセント,東芝 WIDE i LANジャック（CAT6A） ダークブラウン 2個用（並列）,個
スイッチ・コンセント,東芝 WIDE i LANジャック（CAT6A） ダークブラウン 3個用,個
スイッチ・コンセント,東芝 WIDE i LANジャック（CAT6A） ダークブラウン 4個用,個
スイッチ・コンセント,東芝 WIDE i LANジャック（CAT6A） ホワイト 1個用,個
スイッチ・コンセント,東芝 WIDE i LANジャック（CAT6A） ホワイト 2個用（並列）,個
スイッチ・コンセント,東芝 WIDE i LANジャック（CAT6A） ホワイト 3個用,個
スイッチ・コンセント,東芝 WIDE i LANジャック（CAT6A） ホワイト 4個用,個
スイッチ・コンセント,東芝 WIDE i LANジャック（CAT6A） マットブラック 1個用,個
スイッチ・コンセント,東芝 WIDE i LANジャック（CAT6A） マットブラック 2個用（並列）,個
スイッチ・コンセント,東芝 WIDE i LANジャック（CAT6A） マットブラック 3個用,個
スイッチ・コンセント,東芝 WIDE i LANジャック（CAT6A） マットブラック 4個用,個
スイッチ・コンセント,東芝 WIDE i LANジャック（CAT6A） ライトグレー 1個用,個
スイッチ・コンセント,東芝 WIDE i LANジャック（CAT6A） ライトグレー 2個用（並列）,個
スイッチ・コンセント,東芝 WIDE i LANジャック（CAT6A） ライトグレー 3個用,個
スイッチ・コンセント,東芝 WIDE i LANジャック（CAT6A） ライトグレー 4個用,個
スイッチ・コンセント,東芝 WIDE i LANジャック（CAT6） アイボリー 1個用,個
スイッチ・コンセント,東芝 WIDE i LANジャック（CAT6） アイボリー 2個用（並列）,個
スイッチ・コンセント,東芝 WIDE i LANジャック（CAT6） アイボリー 3個用,個
スイッチ・コンセント,東芝 WIDE i LANジャック（CAT6） アイボリー 4個用,個
スイッチ・コンセント,東芝 WIDE i LANジャック（CAT6） ダークブラウン 1個用,個
スイッチ・コンセント,東芝 WIDE i LANジャック（CAT6） ダークブラウン 2個用（並列）,個
スイッチ・コンセント,東芝 WIDE i LANジャック（CAT6） ダークブラウン 3個用,個
スイッチ・コンセント,東芝 WIDE i LANジャック（CAT6） ダークブラウン 4個用,個
スイッチ・コンセント,東芝 WIDE i LANジャック（CAT6） ホワイト 1個用,個
スイッチ・コンセント,東芝 WIDE i LANジャック（CAT6） ホワイト 2個用（並列）,個
スイッチ・コンセント,東芝 WIDE i LANジャック（CAT6） ホワイト 3個用,個
スイッチ・コンセント,東芝 WIDE i LANジャック（CAT6） ホワイト 4個用,個
スイッチ・コンセント,東芝 WIDE i LANジャック（CAT6） マットブラック 1個用,個
スイッチ・コンセント,東芝 WIDE i LANジャック（CAT6） マットブラック 2個用（並列）,個
スイッチ・コンセント,東芝 WIDE i LANジャック（CAT6） マットブラック 3個用,個
スイッチ・コンセント,東芝 WIDE i LANジャック（CAT6） マットブラック 4個用,個
スイッチ・コンセント,東芝 WIDE i LANジャック（CAT6） ライトグレー 1個用,個
スイッチ・コンセント,東芝 WIDE i LANジャック（CAT6） ライトグレー 2個用（並列）,個
スイッチ・コンセント,東芝 WIDE i LANジャック（CAT6） ライトグレー 3個用,個
スイッチ・コンセント,東芝 WIDE i LANジャック（CAT6） ライトグレー 4個用,個
スイッチ・コンセント,東芝 WIDE i USB-C付きコンセント アイボリー 1個用,個
スイッチ・コンセント,東芝 WIDE i USB-C付きコンセント アイボリー 2個用（並列）,個
スイッチ・コンセント,東芝 WIDE i USB-C付きコンセント アイボリー 3個用,個
スイッチ・コンセント,東芝 WIDE i USB-C付きコンセント アイボリー 4個用,個
スイッチ・コンセント,東芝 WIDE i USB-C付きコンセント ダークブラウン 1個用,個
スイッチ・コンセント,東芝 WIDE i USB-C付きコンセント ダークブラウン 2個用（並列）,個
スイッチ・コンセント,東芝 WIDE i USB-C付きコンセント ダークブラウン 3個用,個
スイッチ・コンセント,東芝 WIDE i USB-C付きコンセント ダークブラウン 4個用,個
スイッチ・コンセント,東芝 WIDE i USB-C付きコンセント ホワイト 1個用,個
スイッチ・コンセント,東芝 WIDE i USB-C付きコンセント ホワイト 2個用（並列）,個
スイッチ・コンセント,東芝 WIDE i USB-C付きコンセント ホワイト 3個用,個
スイッチ・コンセント,東芝 WIDE i USB-C付きコンセント ホワイト 4個用,個
スイッチ・コンセント,東芝 WIDE i USB-C付きコンセント マットブラック 1個用,個
スイッチ・コンセント,東芝 WIDE i USB-C付きコンセント マットブラック 2個用（並列）,個
スイッチ・コンセント,東芝 WIDE i USB-C付きコンセント マットブラック 3個用,個
スイッチ・コンセント,東芝 WIDE i USB-C付きコンセント マットブラック 4個用,個
スイッチ・コンセント,東芝 WIDE i USB-C付きコンセント ライトグレー 1個用,個
スイッチ・コンセント,東芝 WIDE i USB-C付きコンセント ライトグレー 2個用（並列）,個
スイッチ・コンセント,東芝 WIDE i USB-C付きコンセント ライトグレー 3個用,個
スイッチ・コンセント,東芝 WIDE i USB-C付きコンセント ライトグレー 4個用,個
スイッチ・コンセント,東芝 WIDE i USB付きコンセント（TypeA×2） アイボリー 1個用,個
スイッチ・コンセント,東芝 WIDE i USB付きコンセント（TypeA×2） アイボリー 2個用（並列）,個
スイッチ・コンセント,東芝 WIDE i USB付きコンセント（TypeA×2） アイボリー 3個用,個
スイッチ・コンセント,東芝 WIDE i USB付きコンセント（TypeA×2） アイボリー 4個用,個
スイッチ・コンセント,東芝 WIDE i USB付きコンセント（TypeA×2） ダークブラウン 1個用,個
スイッチ・コンセント,東芝 WIDE i USB付きコンセント（TypeA×2） ダークブラウン 2個用（並列）,個
スイッチ・コンセント,東芝 WIDE i USB付きコンセント（TypeA×2） ダークブラウン 3個用,個
スイッチ・コンセント,東芝 WIDE i USB付きコンセント（TypeA×2） ダークブラウン 4個用,個
スイッチ・コンセント,東芝 WIDE i USB付きコンセント（TypeA×2） ホワイト 1個用,個
スイッチ・コンセント,東芝 WIDE i USB付きコンセント（TypeA×2） ホワイト 2個用（並列）,個
スイッチ・コンセント,東芝 WIDE i USB付きコンセント（TypeA×2） ホワイト 3個用,個
スイッチ・コンセント,東芝 WIDE i USB付きコンセント（TypeA×2） ホワイト 4個用,個
スイッチ・コンセント,東芝 WIDE i USB付きコンセント（TypeA×2） マットブラック 1個用,個
スイッチ・コンセント,東芝 WIDE i USB付きコンセント（TypeA×2） マットブラック 2個用（並列）,個
スイッチ・コンセント,東芝 WIDE i USB付きコンセント（TypeA×2） マットブラック 3個用,個
スイッチ・コンセント,東芝 WIDE i USB付きコンセント（TypeA×2） マットブラック 4個用,個
スイッチ・コンセント,東芝 WIDE i USB付きコンセント（TypeA×2） ライトグレー 1個用,個
スイッチ・コンセント,東芝 WIDE i USB付きコンセント（TypeA×2） ライトグレー 2個用（並列）,個
スイッチ・コンセント,東芝 WIDE i USB付きコンセント（TypeA×2） ライトグレー 3個用,個
スイッチ・コンセント,東芝 WIDE i USB付きコンセント（TypeA×2） ライトグレー 4個用,個
スイッチ・コンセント,東芝 WIDE i アース付きコンセント2口 アイボリー 1個用,個
スイッチ・コンセント,東芝 WIDE i アース付きコンセント2口 アイボリー 2個用（並列）,個
スイッチ・コンセント,東芝 WIDE i アース付きコンセント2口 アイボリー 3個用,個
スイッチ・コンセント,東芝 WIDE i アース付きコンセント2口 アイボリー 4個用,個
スイッチ・コンセント,東芝 WIDE i アース付きコンセント2口 ダークブラウン 1個用,個
スイッチ・コンセント,東芝 WIDE i アース付きコンセント2口 ダークブラウン 2個用（並列）,個
スイッチ・コンセント,東芝 WIDE i アース付きコンセント2口 ダークブラウン 3個用,個
スイッチ・コンセント,東芝 WIDE i アース付きコンセント2口 ダークブラウン 4個用,個
スイッチ・コンセント,東芝 WIDE i アース付きコンセント2口 ホワイト 1個用,個
スイッチ・コンセント,東芝 WIDE i アース付きコンセント2口 ホワイト 2個用（並列）,個
スイッチ・コンセント,東芝 WIDE i アース付きコンセント2口 ホワイト 3個用,個
スイッチ・コンセント,東芝 WIDE i アース付きコンセント2口 ホワイト 4個用,個
スイッチ・コンセント,東芝 WIDE i アース付きコンセント2口 マットブラック 1個用,個
スイッチ・コンセント,東芝 WIDE i アース付きコンセント2口 マットブラック 2個用（並列）,個
スイッチ・コンセント,東芝 WIDE i アース付きコンセント2口 マットブラック 3個用,個
スイッチ・コンセント,東芝 WIDE i アース付きコンセント2口 マットブラック 4個用,個
スイッチ・コンセント,東芝 WIDE i アース付きコンセント2口 ライトグレー 1個用,個
スイッチ・コンセント,東芝 WIDE i アース付きコンセント2口 ライトグレー 2個用（並列）,個
スイッチ・コンセント,東芝 WIDE i アース付きコンセント2口 ライトグレー 3個用,個
スイッチ・コンセント,東芝 WIDE i アース付きコンセント2口 ライトグレー 4個用,個
スイッチ・コンセント,東芝 WIDE i エアコン専用 200V アイボリー 1個用,個
スイッチ・コンセント,東芝 WIDE i エアコン専用 200V アイボリー 2個用（並列）,個
スイッチ・コンセント,東芝 WIDE i エアコン専用 200V アイボリー 3個用,個
スイッチ・コンセント,東芝 WIDE i エアコン専用 200V アイボリー 4個用,個
スイッチ・コンセント,東芝 WIDE i エアコン専用 200V ダークブラウン 1個用,個
スイッチ・コンセント,東芝 WIDE i エアコン専用 200V ダークブラウン 2個用（並列）,個
スイッチ・コンセント,東芝 WIDE i エアコン専用 200V ダークブラウン 3個用,個
スイッチ・コンセント,東芝 WIDE i エアコン専用 200V ダークブラウン 4個用,個
スイッチ・コンセント,東芝 WIDE i エアコン専用 200V ホワイト 1個用,個
スイッチ・コンセント,東芝 WIDE i エアコン専用 200V ホワイト 2個用（並列）,個
スイッチ・コンセント,東芝 WIDE i エアコン専用 200V ホワイト 3個用,個
スイッチ・コンセント,東芝 WIDE i エアコン専用 200V ホワイト 4個用,個
スイッチ・コンセント,東芝 WIDE i エアコン専用 200V マットブラック 1個用,個
スイッチ・コンセント,東芝 WIDE i エアコン専用 200V マットブラック 2個用（並列）,個
スイッチ・コンセント,東芝 WIDE i エアコン専用 200V マットブラック 3個用,個
スイッチ・コンセント,東芝 WIDE i エアコン専用 200V マットブラック 4個用,個
スイッチ・コンセント,東芝 WIDE i エアコン専用 200V ライトグレー 1個用,個
スイッチ・コンセント,東芝 WIDE i エアコン専用 200V ライトグレー 2個用（並列）,個
スイッチ・コンセント,東芝 WIDE i エアコン専用 200V ライトグレー 3個用,個
スイッチ・コンセント,東芝 WIDE i エアコン専用 200V ライトグレー 4個用,個
スイッチ・コンセント,東芝 WIDE i コンセント1口 アイボリー 1個用,個
スイッチ・コンセント,東芝 WIDE i コンセント1口 アイボリー 2個用（並列）,個
スイッチ・コンセント,東芝 WIDE i コンセント1口 ダークブラウン 1個用,個
スイッチ・コンセント,東芝 WIDE i コンセント1口 ダークブラウン 2個用（並列）,個
スイッチ・コンセント,東芝 WIDE i コンセント1口 ホワイト 1個用,個
スイッチ・コンセント,東芝 WIDE i コンセント1口 ホワイト 2個用（並列）,個
スイッチ・コンセント,東芝 WIDE i コンセント1口 マットブラック 1個用,個
スイッチ・コンセント,東芝 WIDE i コンセント1口 マットブラック 2個用（並列）,個
スイッチ・コンセント,東芝 WIDE i コンセント1口 ライトグレー 1個用,個
スイッチ・コンセント,東芝 WIDE i コンセント1口 ライトグレー 2個用（並列）,個
スイッチ・コンセント,東芝 WIDE i コンセント2口 アイボリー 1個用,個
スイッチ・コンセント,東芝 WIDE i コンセント2口 アイボリー 2個用（並列）,個
スイッチ・コンセント,東芝 WIDE i コンセント2口 アイボリー 3個用,個
スイッチ・コンセント,東芝 WIDE i コンセント2口 アイボリー 4個用,個
スイッチ・コンセント,東芝 WIDE i コンセント2口 ダークブラウン 1個用,個
スイッチ・コンセント,東芝 WIDE i コンセント2口 ダークブラウン 2個用（並列）,個
スイッチ・コンセント,東芝 WIDE i コンセント2口 ダークブラウン 3個用,個
スイッチ・コンセント,東芝 WIDE i コンセント2口 ダークブラウン 4個用,個
スイッチ・コンセント,東芝 WIDE i コンセント2口 ホワイト 1個用,個
スイッチ・コンセント,東芝 WIDE i コンセント2口 ホワイト 2個用（並列）,個
スイッチ・コンセント,東芝 WIDE i コンセント2口 ホワイト 3個用,個
スイッチ・コンセント,東芝 WIDE i コンセント2口 ホワイト 4個用,個
スイッチ・コンセント,東芝 WIDE i コンセント2口 マットブラック 1個用,個
スイッチ・コンセント,東芝 WIDE i コンセント2口 マットブラック 2個用（並列）,個
スイッチ・コンセント,東芝 WIDE i コンセント2口 マットブラック 3個用,個
スイッチ・コンセント,東芝 WIDE i コンセント2口 マットブラック 4個用,個
スイッチ・コンセント,東芝 WIDE i コンセント2口 ライトグレー 1個用,個
スイッチ・コンセント,東芝 WIDE i コンセント2口 ライトグレー 2個用（並列）,個
スイッチ・コンセント,東芝 WIDE i コンセント2口 ライトグレー 3個用,個
スイッチ・コンセント,東芝 WIDE i コンセント2口 ライトグレー 4個用,個
スイッチ・コンセント,東芝 WIDE i コンセント3口 アイボリー 1個用,個
スイッチ・コンセント,東芝 WIDE i コンセント3口 アイボリー 2個用（並列）,個
スイッチ・コンセント,東芝 WIDE i コンセント3口 アイボリー 3個用,個
スイッチ・コンセント,東芝 WIDE i コンセント3口 アイボリー 4個用,個
スイッチ・コンセント,東芝 WIDE i コンセント3口 ダークブラウン 1個用,個
スイッチ・コンセント,東芝 WIDE i コンセント3口 ダークブラウン 2個用（並列）,個
スイッチ・コンセント,東芝 WIDE i コンセント3口 ダークブラウン 3個用,個
スイッチ・コンセント,東芝 WIDE i コンセント3口 ダークブラウン 4個用,個
スイッチ・コンセント,東芝 WIDE i コンセント3口 ホワイト 1個用,個
スイッチ・コンセント,東芝 WIDE i コンセント3口 ホワイト 2個用（並列）,個
スイッチ・コンセント,東芝 WIDE i コンセント3口 ホワイト 3個用,個
スイッチ・コンセント,東芝 WIDE i コンセント3口 ホワイト 4個用,個
スイッチ・コンセント,東芝 WIDE i コンセント3口 マットブラック 1個用,個
スイッチ・コンセント,東芝 WIDE i コンセント3口 マットブラック 2個用（並列）,個
スイッチ・コンセント,東芝 WIDE i コンセント3口 マットブラック 3個用,個
スイッチ・コンセント,東芝 WIDE i コンセント3口 マットブラック 4個用,個
スイッチ・コンセント,東芝 WIDE i コンセント3口 ライトグレー 1個用,個
スイッチ・コンセント,東芝 WIDE i コンセント3口 ライトグレー 2個用（並列）,個
スイッチ・コンセント,東芝 WIDE i コンセント3口 ライトグレー 3個用,個
スイッチ・コンセント,東芝 WIDE i コンセント3口 ライトグレー 4個用,個
スイッチ・コンセント,東芝 WIDE i タイマースイッチ アイボリー 1個用,個
スイッチ・コンセント,東芝 WIDE i タイマースイッチ アイボリー 2個用（並列）,個
スイッチ・コンセント,東芝 WIDE i タイマースイッチ アイボリー 3個用,個
スイッチ・コンセント,東芝 WIDE i タイマースイッチ アイボリー 4個用,個
スイッチ・コンセント,東芝 WIDE i タイマースイッチ ダークブラウン 1個用,個
スイッチ・コンセント,東芝 WIDE i タイマースイッチ ダークブラウン 2個用（並列）,個
スイッチ・コンセント,東芝 WIDE i タイマースイッチ ダークブラウン 3個用,個
スイッチ・コンセント,東芝 WIDE i タイマースイッチ ダークブラウン 4個用,個
スイッチ・コンセント,東芝 WIDE i タイマースイッチ ホワイト 1個用,個
スイッチ・コンセント,東芝 WIDE i タイマースイッチ ホワイト 2個用（並列）,個
スイッチ・コンセント,東芝 WIDE i タイマースイッチ ホワイト 3個用,個
スイッチ・コンセント,東芝 WIDE i タイマースイッチ ホワイト 4個用,個
スイッチ・コンセント,東芝 WIDE i タイマースイッチ マットブラック 1個用,個
スイッチ・コンセント,東芝 WIDE i タイマースイッチ マットブラック 2個用（並列）,個
スイッチ・コンセント,東芝 WIDE i タイマースイッチ マットブラック 3個用,個
スイッチ・コンセント,東芝 WIDE i タイマースイッチ マットブラック 4個用,個
スイッチ・コンセント,東芝 WIDE i タイマースイッチ ライトグレー 1個用,個
スイッチ・コンセント,東芝 WIDE i タイマースイッチ ライトグレー 2個用（並列）,個
スイッチ・コンセント,東芝 WIDE i タイマースイッチ ライトグレー 3個用,個
スイッチ・コンセント,東芝 WIDE i タイマースイッチ ライトグレー 4個用,個
スイッチ・コンセント,東芝 WIDE i テレビ端子（直列ユニット） アイボリー 1個用,個
スイッチ・コンセント,東芝 WIDE i テレビ端子（直列ユニット） アイボリー 2個用（並列）,個
スイッチ・コンセント,東芝 WIDE i テレビ端子（直列ユニット） アイボリー 3個用,個
スイッチ・コンセント,東芝 WIDE i テレビ端子（直列ユニット） アイボリー 4個用,個
スイッチ・コンセント,東芝 WIDE i テレビ端子（直列ユニット） ダークブラウン 1個用,個
スイッチ・コンセント,東芝 WIDE i テレビ端子（直列ユニット） ダークブラウン 2個用（並列）,個
スイッチ・コンセント,東芝 WIDE i テレビ端子（直列ユニット） ダークブラウン 3個用,個
スイッチ・コンセント,東芝 WIDE i テレビ端子（直列ユニット） ダークブラウン 4個用,個
スイッチ・コンセント,東芝 WIDE i テレビ端子（直列ユニット） ホワイト 1個用,個
スイッチ・コンセント,東芝 WIDE i テレビ端子（直列ユニット） ホワイト 2個用（並列）,個
スイッチ・コンセント,東芝 WIDE i テレビ端子（直列ユニット） ホワイト 3個用,個
スイッチ・コンセント,東芝 WIDE i テレビ端子（直列ユニット） ホワイト 4個用,個
スイッチ・コンセント,東芝 WIDE i テレビ端子（直列ユニット） マットブラック 1個用,個
スイッチ・コンセント,東芝 WIDE i テレビ端子（直列ユニット） マットブラック 2個用（並列）,個
スイッチ・コンセント,東芝 WIDE i テレビ端子（直列ユニット） マットブラック 3個用,個
スイッチ・コンセント,東芝 WIDE i テレビ端子（直列ユニット） マットブラック 4個用,個
スイッチ・コンセント,東芝 WIDE i テレビ端子（直列ユニット） ライトグレー 1個用,個
スイッチ・コンセント,東芝 WIDE i テレビ端子（直列ユニット） ライトグレー 2個用（並列）,個
スイッチ・コンセント,東芝 WIDE i テレビ端子（直列ユニット） ライトグレー 3個用,個
スイッチ・コンセント,東芝 WIDE i テレビ端子（直列ユニット） ライトグレー 4個用,個
スイッチ・コンセント,東芝 WIDE i 接地3P 20A アイボリー 1個用,個
スイッチ・コンセント,東芝 WIDE i 接地3P 20A アイボリー 2個用（並列）,個
スイッチ・コンセント,東芝 WIDE i 接地3P 20A アイボリー 3個用,個
スイッチ・コンセント,東芝 WIDE i 接地3P 20A アイボリー 4個用,個
スイッチ・コンセント,東芝 WIDE i 接地3P 20A ダークブラウン 1個用,個
スイッチ・コンセント,東芝 WIDE i 接地3P 20A ダークブラウン 2個用（並列）,個
スイッチ・コンセント,東芝 WIDE i 接地3P 20A ダークブラウン 3個用,個
スイッチ・コンセント,東芝 WIDE i 接地3P 20A ダークブラウン 4個用,個
スイッチ・コンセント,東芝 WIDE i 接地3P 20A ホワイト 1個用,個
スイッチ・コンセント,東芝 WIDE i 接地3P 20A ホワイト 2個用（並列）,個
スイッチ・コンセント,東芝 WIDE i 接地3P 20A ホワイト 3個用,個
スイッチ・コンセント,東芝 WIDE i 接地3P 20A ホワイト 4個用,個
スイッチ・コンセント,東芝 WIDE i 接地3P 20A マットブラック 1個用,個
スイッチ・コンセント,東芝 WIDE i 接地3P 20A マットブラック 2個用（並列）,個
スイッチ・コンセント,東芝 WIDE i 接地3P 20A マットブラック 3個用,個
スイッチ・コンセント,東芝 WIDE i 接地3P 20A マットブラック 4個用,個
スイッチ・コンセント,東芝 WIDE i 接地3P 20A ライトグレー 1個用,個
スイッチ・コンセント,東芝 WIDE i 接地3P 20A ライトグレー 2個用（並列）,個
スイッチ・コンセント,東芝 WIDE i 接地3P 20A ライトグレー 3個用,個
スイッチ・コンセント,東芝 WIDE i 接地3P 20A ライトグレー 4個用,個
スイッチ・コンセント,東芝 WIDE i 熱線センサースイッチ アイボリー 1個用,個
スイッチ・コンセント,東芝 WIDE i 熱線センサースイッチ アイボリー 2個用（並列）,個
スイッチ・コンセント,東芝 WIDE i 熱線センサースイッチ アイボリー 3個用,個
スイッチ・コンセント,東芝 WIDE i 熱線センサースイッチ アイボリー 4個用,個
スイッチ・コンセント,東芝 WIDE i 熱線センサースイッチ ダークブラウン 1個用,個
スイッチ・コンセント,東芝 WIDE i 熱線センサースイッチ ダークブラウン 2個用（並列）,個
スイッチ・コンセント,東芝 WIDE i 熱線センサースイッチ ダークブラウン 3個用,個
スイッチ・コンセント,東芝 WIDE i 熱線センサースイッチ ダークブラウン 4個用,個
スイッチ・コンセント,東芝 WIDE i 熱線センサースイッチ ホワイト 1個用,個
スイッチ・コンセント,東芝 WIDE i 熱線センサースイッチ ホワイト 2個用（並列）,個
スイッチ・コンセント,東芝 WIDE i 熱線センサースイッチ ホワイト 3個用,個
スイッチ・コンセント,東芝 WIDE i 熱線センサースイッチ ホワイト 4個用,個
スイッチ・コンセント,東芝 WIDE i 熱線センサースイッチ マットブラック 1個用,個
スイッチ・コンセント,東芝 WIDE i 熱線センサースイッチ マットブラック 2個用（並列）,個
スイッチ・コンセント,東芝 WIDE i 熱線センサースイッチ マットブラック 3個用,個
スイッチ・コンセント,東芝 WIDE i 熱線センサースイッチ マットブラック 4個用,個
スイッチ・コンセント,東芝 WIDE i 熱線センサースイッチ ライトグレー 1個用,個
スイッチ・コンセント,東芝 WIDE i 熱線センサースイッチ ライトグレー 2個用（並列）,個
スイッチ・コンセント,東芝 WIDE i 熱線センサースイッチ ライトグレー 3個用,個
スイッチ・コンセント,東芝 WIDE i 熱線センサースイッチ ライトグレー 4個用,個
スイッチ・コンセント,東芝 WIDE i 片切スイッチ アイボリー 1個用,個
スイッチ・コンセント,東芝 WIDE i 片切スイッチ アイボリー 2個用（並列）,個
スイッチ・コンセント,東芝 WIDE i 片切スイッチ アイボリー 3個用,個
スイッチ・コンセント,東芝 WIDE i 片切スイッチ アイボリー 4個用,個
スイッチ・コンセント,東芝 WIDE i 片切スイッチ ダークブラウン 1個用,個
スイッチ・コンセント,東芝 WIDE i 片切スイッチ ダークブラウン 2個用（並列）,個
スイッチ・コンセント,東芝 WIDE i 片切スイッチ ダークブラウン 3個用,個
スイッチ・コンセント,東芝 WIDE i 片切スイッチ ダークブラウン 4個用,個
スイッチ・コンセント,東芝 WIDE i 片切スイッチ ホワイト 1個用,個
スイッチ・コンセント,東芝 WIDE i 片切スイッチ ホワイト 2個用（並列）,個
スイッチ・コンセント,東芝 WIDE i 片切スイッチ ホワイト 3個用,個
スイッチ・コンセント,東芝 WIDE i 片切スイッチ ホワイト 4個用,個
スイッチ・コンセント,東芝 WIDE i 片切スイッチ マットブラック 1個用,個
スイッチ・コンセント,東芝 WIDE i 片切スイッチ マットブラック 2個用（並列）,個
スイッチ・コンセント,東芝 WIDE i 片切スイッチ マットブラック 3個用,個
スイッチ・コンセント,東芝 WIDE i 片切スイッチ マットブラック 4個用,個
スイッチ・コンセント,東芝 WIDE i 片切スイッチ ライトグレー 1個用,個
スイッチ・コンセント,東芝 WIDE i 片切スイッチ ライトグレー 2個用（並列）,個
スイッチ・コンセント,東芝 WIDE i 片切スイッチ ライトグレー 3個用,個
スイッチ・コンセント,東芝 WIDE i 片切スイッチ ライトグレー 4個用,個
スイッチ・コンセント,東芝 WIDE i 調光スイッチ（LED対応） アイボリー 1個用,個
スイッチ・コンセント,東芝 WIDE i 調光スイッチ（LED対応） アイボリー 2個用（並列）,個
スイッチ・コンセント,東芝 WIDE i 調光スイッチ（LED対応） アイボリー 3個用,個
スイッチ・コンセント,東芝 WIDE i 調光スイッチ（LED対応） アイボリー 4個用,個
スイッチ・コンセント,東芝 WIDE i 調光スイッチ（LED対応） ダークブラウン 1個用,個
スイッチ・コンセント,東芝 WIDE i 調光スイッチ（LED対応） ダークブラウン 2個用（並列）,個
スイッチ・コンセント,東芝 WIDE i 調光スイッチ（LED対応） ダークブラウン 3個用,個
スイッチ・コンセント,東芝 WIDE i 調光スイッチ（LED対応） ダークブラウン 4個用,個
スイッチ・コンセント,東芝 WIDE i 調光スイッチ（LED対応） ホワイト 1個用,個
スイッチ・コンセント,東芝 WIDE i 調光スイッチ（LED対応） ホワイト 2個用（並列）,個
スイッチ・コンセント,東芝 WIDE i 調光スイッチ（LED対応） ホワイト 3個用,個
スイッチ・コンセント,東芝 WIDE i 調光スイッチ（LED対応） ホワイト 4個用,個
スイッチ・コンセント,東芝 WIDE i 調光スイッチ（LED対応） マットブラック 1個用,個
スイッチ・コンセント,東芝 WIDE i 調光スイッチ（LED対応） マットブラック 2個用（並列）,個
スイッチ・コンセント,東芝 WIDE i 調光スイッチ（LED対応） マットブラック 3個用,個
スイッチ・コンセント,東芝 WIDE i 調光スイッチ（LED対応） マットブラック 4個用,個
スイッチ・コンセント,東芝 WIDE i 調光スイッチ（LED対応） ライトグレー 1個用,個
スイッチ・コンセント,東芝 WIDE i 調光スイッチ（LED対応） ライトグレー 2個用（並列）,個
スイッチ・コンセント,東芝 WIDE i 調光スイッチ（LED対応） ライトグレー 3個用,個
スイッチ・コンセント,東芝 WIDE i 調光スイッチ（LED対応） ライトグレー 4個用,個
スイッチ・コンセント,東芝 WIDE i 調光スイッチ（白熱） アイボリー 1個用,個
スイッチ・コンセント,東芝 WIDE i 調光スイッチ（白熱） アイボリー 2個用（並列）,個
スイッチ・コンセント,東芝 WIDE i 調光スイッチ（白熱） アイボリー 3個用,個
スイッチ・コンセント,東芝 WIDE i 調光スイッチ（白熱） アイボリー 4個用,個
スイッチ・コンセント,東芝 WIDE i 調光スイッチ（白熱） ダークブラウン 1個用,個
スイッチ・コンセント,東芝 WIDE i 調光スイッチ（白熱） ダークブラウン 2個用（並列）,個
スイッチ・コンセント,東芝 WIDE i 調光スイッチ（白熱） ダークブラウン 3個用,個
スイッチ・コンセント,東芝 WIDE i 調光スイッチ（白熱） ダークブラウン 4個用,個
スイッチ・コンセント,東芝 WIDE i 調光スイッチ（白熱） ホワイト 1個用,個
スイッチ・コンセント,東芝 WIDE i 調光スイッチ（白熱） ホワイト 2個用（並列）,個
スイッチ・コンセント,東芝 WIDE i 調光スイッチ（白熱） ホワイト 3個用,個
スイッチ・コンセント,東芝 WIDE i 調光スイッチ（白熱） ホワイト 4個用,個
スイッチ・コンセント,東芝 WIDE i 調光スイッチ（白熱） マットブラック 1個用,個
スイッチ・コンセント,東芝 WIDE i 調光スイッチ（白熱） マットブラック 2個用（並列）,個
スイッチ・コンセント,東芝 WIDE i 調光スイッチ（白熱） マットブラック 3個用,個
スイッチ・コンセント,東芝 WIDE i 調光スイッチ（白熱） マットブラック 4個用,個
スイッチ・コンセント,東芝 WIDE i 調光スイッチ（白熱） ライトグレー 1個用,個
スイッチ・コンセント,東芝 WIDE i 調光スイッチ（白熱） ライトグレー 2個用（並列）,個
スイッチ・コンセント,東芝 WIDE i 調光スイッチ（白熱） ライトグレー 3個用,個
スイッチ・コンセント,東芝 WIDE i 調光スイッチ（白熱） ライトグレー 4個用,個
スイッチ・コンセント,東芝 WIDE i 防雨コンセント（屋外用） アイボリー 1個用,個
スイッチ・コンセント,東芝 WIDE i 防雨コンセント（屋外用） アイボリー 2個用（並列）,個
スイッチ・コンセント,東芝 WIDE i 防雨コンセント（屋外用） アイボリー 3個用,個
スイッチ・コンセント,東芝 WIDE i 防雨コンセント（屋外用） アイボリー 4個用,個
スイッチ・コンセント,東芝 WIDE i 防雨コンセント（屋外用） ダークブラウン 1個用,個
スイッチ・コンセント,東芝 WIDE i 防雨コンセント（屋外用） ダークブラウン 2個用（並列）,個
スイッチ・コンセント,東芝 WIDE i 防雨コンセント（屋外用） ダークブラウン 3個用,個
スイッチ・コンセント,東芝 WIDE i 防雨コンセント（屋外用） ダークブラウン 4個用,個
スイッチ・コンセント,東芝 WIDE i 防雨コンセント（屋外用） ホワイト 1個用,個
スイッチ・コンセント,東芝 WIDE i 防雨コンセント（屋外用） ホワイト 2個用（並列）,個
スイッチ・コンセント,東芝 WIDE i 防雨コンセント（屋外用） ホワイト 3個用,個
スイッチ・コンセント,東芝 WIDE i 防雨コンセント（屋外用） ホワイト 4個用,個
スイッチ・コンセント,東芝 WIDE i 防雨コンセント（屋外用） マットブラック 1個用,個
スイッチ・コンセント,東芝 WIDE i 防雨コンセント（屋外用） マットブラック 2個用（並列）,個
スイッチ・コンセント,東芝 WIDE i 防雨コンセント（屋外用） マットブラック 3個用,個
スイッチ・コンセント,東芝 WIDE i 防雨コンセント（屋外用） マットブラック 4個用,個
スイッチ・コンセント,東芝 WIDE i 防雨コンセント（屋外用） ライトグレー 1個用,個
スイッチ・コンセント,東芝 WIDE i 防雨コンセント（屋外用） ライトグレー 2個用（並列）,個
スイッチ・コンセント,東芝 WIDE i 防雨コンセント（屋外用） ライトグレー 3個用,個
スイッチ・コンセント,東芝 WIDE i 防雨コンセント（屋外用） ライトグレー 4個用,個
スイッチ・コンセント,東芝 WIDE i 電話モジュラージャック アイボリー 1個用,個
スイッチ・コンセント,東芝 WIDE i 電話モジュラージャック アイボリー 2個用（並列）,個
スイッチ・コンセント,東芝 WIDE i 電話モジュラージャック アイボリー 3個用,個
スイッチ・コンセント,東芝 WIDE i 電話モジュラージャック アイボリー 4個用,個
スイッチ・コンセント,東芝 WIDE i 電話モジュラージャック ダークブラウン 1個用,個
スイッチ・コンセント,東芝 WIDE i 電話モジュラージャック ダークブラウン 2個用（並列）,個
スイッチ・コンセント,東芝 WIDE i 電話モジュラージャック ダークブラウン 3個用,個
スイッチ・コンセント,東芝 WIDE i 電話モジュラージャック ダークブラウン 4個用,個
スイッチ・コンセント,東芝 WIDE i 電話モジュラージャック ホワイト 1個用,個
スイッチ・コンセント,東芝 WIDE i 電話モジュラージャック ホワイト 2個用（並列）,個
スイッチ・コンセント,東芝 WIDE i 電話モジュラージャック ホワイト 3個用,個
スイッチ・コンセント,東芝 WIDE i 電話モジュラージャック ホワイト 4個用,個
スイッチ・コンセント,東芝 WIDE i 電話モジュラージャック マットブラック 1個用,個
スイッチ・コンセント,東芝 WIDE i 電話モジュラージャック マットブラック 2個用（並列）,個
スイッチ・コンセント,東芝 WIDE i 電話モジュラージャック マットブラック 3個用,個
スイッチ・コンセント,東芝 WIDE i 電話モジュラージャック マットブラック 4個用,個
スイッチ・コンセント,東芝 WIDE i 電話モジュラージャック ライトグレー 1個用,個
スイッチ・コンセント,東芝 WIDE i 電話モジュラージャック ライトグレー 2個用（並列）,個
スイッチ・コンセント,東芝 WIDE i 電話モジュラージャック ライトグレー 3個用,個
スイッチ・コンセント,東芝 WIDE i 電話モジュラージャック ライトグレー 4個用,個
スイッチ・コンセント,東芝ライテック LANコンセント Cat6,個
スイッチ・コンセント,東芝ライテック LANコンセント Cat6A,個
スイッチ・コンセント,東芝ライテック コンセント 2P 15A,個
スイッチ・コンセント,東芝ライテック コンセント 2P アース付き,個
スイッチ・コンセント,東芝ライテック コンセント DP-20C,個
スイッチ・コンセント,東芝ライテック コンセント EV用 20A,個
スイッチ・コンセント,東芝ライテック コンセント USB-A付き,個
スイッチ・コンセント,東芝ライテック コンセント USB-C付き,個
スイッチ・コンセント,東芝ライテック コンセント 防水型,個
スイッチ・コンセント,東芝ライテック スイッチ 3路,個
スイッチ・コンセント,東芝ライテック スイッチ 4路,個
スイッチ・コンセント,東芝ライテック スイッチ タイマー,個
スイッチ・コンセント,東芝ライテック スイッチ 片切 1口,個
スイッチ・コンセント,東芝ライテック スイッチ 片切 2口,個
スイッチ・コンセント,東芝ライテック スイッチ 調光器,個
スイッチ・コンセント,東芝ライテック テレビコンセント F型,個
スイッチ・コンセント,東芝ライテック 電話コンセント,個
スイッチ・コンセント,河村電器 3路スイッチ アイボリー 1個用,個
スイッチ・コンセント,河村電器 3路スイッチ アイボリー 2個用（並列）,個
スイッチ・コンセント,河村電器 3路スイッチ アイボリー 3個用,個
スイッチ・コンセント,河村電器 3路スイッチ アイボリー 4個用,個
スイッチ・コンセント,河村電器 3路スイッチ ダークブラウン 1個用,個
スイッチ・コンセント,河村電器 3路スイッチ ダークブラウン 2個用（並列）,個
スイッチ・コンセント,河村電器 3路スイッチ ダークブラウン 3個用,個
スイッチ・コンセント,河村電器 3路スイッチ ダークブラウン 4個用,個
スイッチ・コンセント,河村電器 3路スイッチ ホワイト 1個用,個
スイッチ・コンセント,河村電器 3路スイッチ ホワイト 2個用（並列）,個
スイッチ・コンセント,河村電器 3路スイッチ ホワイト 3個用,個
スイッチ・コンセント,河村電器 3路スイッチ ホワイト 4個用,個
スイッチ・コンセント,河村電器 3路スイッチ マットブラック 1個用,個
スイッチ・コンセント,河村電器 3路スイッチ マットブラック 2個用（並列）,個
スイッチ・コンセント,河村電器 3路スイッチ マットブラック 3個用,個
スイッチ・コンセント,河村電器 3路スイッチ マットブラック 4個用,個
スイッチ・コンセント,河村電器 3路スイッチ ライトグレー 1個用,個
スイッチ・コンセント,河村電器 3路スイッチ ライトグレー 2個用（並列）,個
スイッチ・コンセント,河村電器 3路スイッチ ライトグレー 3個用,個
スイッチ・コンセント,河村電器 3路スイッチ ライトグレー 4個用,個
スイッチ・コンセント,河村電器 4路スイッチ アイボリー 1個用,個
スイッチ・コンセント,河村電器 4路スイッチ アイボリー 2個用（並列）,個
スイッチ・コンセント,河村電器 4路スイッチ アイボリー 3個用,個
スイッチ・コンセント,河村電器 4路スイッチ アイボリー 4個用,個
スイッチ・コンセント,河村電器 4路スイッチ ダークブラウン 1個用,個
スイッチ・コンセント,河村電器 4路スイッチ ダークブラウン 2個用（並列）,個
スイッチ・コンセント,河村電器 4路スイッチ ダークブラウン 3個用,個
スイッチ・コンセント,河村電器 4路スイッチ ダークブラウン 4個用,個
スイッチ・コンセント,河村電器 4路スイッチ ホワイト 1個用,個
スイッチ・コンセント,河村電器 4路スイッチ ホワイト 2個用（並列）,個
スイッチ・コンセント,河村電器 4路スイッチ ホワイト 3個用,個
スイッチ・コンセント,河村電器 4路スイッチ ホワイト 4個用,個
スイッチ・コンセント,河村電器 4路スイッチ マットブラック 1個用,個
スイッチ・コンセント,河村電器 4路スイッチ マットブラック 2個用（並列）,個
スイッチ・コンセント,河村電器 4路スイッチ マットブラック 3個用,個
スイッチ・コンセント,河村電器 4路スイッチ マットブラック 4個用,個
スイッチ・コンセント,河村電器 4路スイッチ ライトグレー 1個用,個
スイッチ・コンセント,河村電器 4路スイッチ ライトグレー 2個用（並列）,個
スイッチ・コンセント,河村電器 4路スイッチ ライトグレー 3個用,個
スイッチ・コンセント,河村電器 4路スイッチ ライトグレー 4個用,個
スイッチ・コンセント,河村電器 EV充電用 200V 20A ホワイト 1個用,個
スイッチ・コンセント,河村電器 EV充電用 200V 20A ホワイト 2個用（並列）,個
スイッチ・コンセント,河村電器 EV充電用 200V 20A ホワイト 3個用,個
スイッチ・コンセント,河村電器 EV充電用 200V 20A ホワイト 4個用,個
スイッチ・コンセント,河村電器 HDMI端子付き アイボリー 1個用,個
スイッチ・コンセント,河村電器 HDMI端子付き アイボリー 2個用（並列）,個
スイッチ・コンセント,河村電器 HDMI端子付き アイボリー 3個用,個
スイッチ・コンセント,河村電器 HDMI端子付き アイボリー 4個用,個
スイッチ・コンセント,河村電器 HDMI端子付き ダークブラウン 1個用,個
スイッチ・コンセント,河村電器 HDMI端子付き ダークブラウン 2個用（並列）,個
スイッチ・コンセント,河村電器 HDMI端子付き ダークブラウン 3個用,個
スイッチ・コンセント,河村電器 HDMI端子付き ダークブラウン 4個用,個
スイッチ・コンセント,河村電器 HDMI端子付き ホワイト 1個用,個
スイッチ・コンセント,河村電器 HDMI端子付き ホワイト 2個用（並列）,個
スイッチ・コンセント,河村電器 HDMI端子付き ホワイト 3個用,個
スイッチ・コンセント,河村電器 HDMI端子付き ホワイト 4個用,個
スイッチ・コンセント,河村電器 HDMI端子付き マットブラック 1個用,個
スイッチ・コンセント,河村電器 HDMI端子付き マットブラック 2個用（並列）,個
スイッチ・コンセント,河村電器 HDMI端子付き マットブラック 3個用,個
スイッチ・コンセント,河村電器 HDMI端子付き マットブラック 4個用,個
スイッチ・コンセント,河村電器 HDMI端子付き ライトグレー 1個用,個
スイッチ・コンセント,河村電器 HDMI端子付き ライトグレー 2個用（並列）,個
スイッチ・コンセント,河村電器 HDMI端子付き ライトグレー 3個用,個
スイッチ・コンセント,河村電器 HDMI端子付き ライトグレー 4個用,個
スイッチ・コンセント,河村電器 IH専用 200V 30A ホワイト 1個用,個
スイッチ・コンセント,河村電器 IH専用 200V 30A ホワイト 2個用（並列）,個
スイッチ・コンセント,河村電器 IH専用 200V 30A ホワイト 3個用,個
スイッチ・コンセント,河村電器 IH専用 200V 30A ホワイト 4個用,個
スイッチ・コンセント,河村電器 LANコンセント Cat6,個
スイッチ・コンセント,河村電器 LANコンセント Cat6A,個
スイッチ・コンセント,河村電器 LANジャック（CAT6A） アイボリー 1個用,個
スイッチ・コンセント,河村電器 LANジャック（CAT6A） アイボリー 2個用（並列）,個
スイッチ・コンセント,河村電器 LANジャック（CAT6A） アイボリー 3個用,個
スイッチ・コンセント,河村電器 LANジャック（CAT6A） アイボリー 4個用,個
スイッチ・コンセント,河村電器 LANジャック（CAT6A） ダークブラウン 1個用,個
スイッチ・コンセント,河村電器 LANジャック（CAT6A） ダークブラウン 2個用（並列）,個
スイッチ・コンセント,河村電器 LANジャック（CAT6A） ダークブラウン 3個用,個
スイッチ・コンセント,河村電器 LANジャック（CAT6A） ダークブラウン 4個用,個
スイッチ・コンセント,河村電器 LANジャック（CAT6A） ホワイト 1個用,個
スイッチ・コンセント,河村電器 LANジャック（CAT6A） ホワイト 2個用（並列）,個
スイッチ・コンセント,河村電器 LANジャック（CAT6A） ホワイト 3個用,個
スイッチ・コンセント,河村電器 LANジャック（CAT6A） ホワイト 4個用,個
スイッチ・コンセント,河村電器 LANジャック（CAT6A） マットブラック 1個用,個
スイッチ・コンセント,河村電器 LANジャック（CAT6A） マットブラック 2個用（並列）,個
スイッチ・コンセント,河村電器 LANジャック（CAT6A） マットブラック 3個用,個
スイッチ・コンセント,河村電器 LANジャック（CAT6A） マットブラック 4個用,個
スイッチ・コンセント,河村電器 LANジャック（CAT6A） ライトグレー 1個用,個
スイッチ・コンセント,河村電器 LANジャック（CAT6A） ライトグレー 2個用（並列）,個
スイッチ・コンセント,河村電器 LANジャック（CAT6A） ライトグレー 3個用,個
スイッチ・コンセント,河村電器 LANジャック（CAT6A） ライトグレー 4個用,個
スイッチ・コンセント,河村電器 LANジャック（CAT6） アイボリー 1個用,個
スイッチ・コンセント,河村電器 LANジャック（CAT6） アイボリー 2個用（並列）,個
スイッチ・コンセント,河村電器 LANジャック（CAT6） アイボリー 3個用,個
スイッチ・コンセント,河村電器 LANジャック（CAT6） アイボリー 4個用,個
スイッチ・コンセント,河村電器 LANジャック（CAT6） ダークブラウン 1個用,個
スイッチ・コンセント,河村電器 LANジャック（CAT6） ダークブラウン 2個用（並列）,個
スイッチ・コンセント,河村電器 LANジャック（CAT6） ダークブラウン 3個用,個
スイッチ・コンセント,河村電器 LANジャック（CAT6） ダークブラウン 4個用,個
スイッチ・コンセント,河村電器 LANジャック（CAT6） ホワイト 1個用,個
スイッチ・コンセント,河村電器 LANジャック（CAT6） ホワイト 2個用（並列）,個
スイッチ・コンセント,河村電器 LANジャック（CAT6） ホワイト 3個用,個
スイッチ・コンセント,河村電器 LANジャック（CAT6） ホワイト 4個用,個
スイッチ・コンセント,河村電器 LANジャック（CAT6） マットブラック 1個用,個
スイッチ・コンセント,河村電器 LANジャック（CAT6） マットブラック 2個用（並列）,個
スイッチ・コンセント,河村電器 LANジャック（CAT6） マットブラック 3個用,個
スイッチ・コンセント,河村電器 LANジャック（CAT6） マットブラック 4個用,個
スイッチ・コンセント,河村電器 LANジャック（CAT6） ライトグレー 1個用,個
スイッチ・コンセント,河村電器 LANジャック（CAT6） ライトグレー 2個用（並列）,個
スイッチ・コンセント,河村電器 LANジャック（CAT6） ライトグレー 3個用,個
スイッチ・コンセント,河村電器 LANジャック（CAT6） ライトグレー 4個用,個
スイッチ・コンセント,河村電器 USB-C付きコンセント アイボリー 1個用,個
スイッチ・コンセント,河村電器 USB-C付きコンセント アイボリー 2個用（並列）,個
スイッチ・コンセント,河村電器 USB-C付きコンセント アイボリー 3個用,個
スイッチ・コンセント,河村電器 USB-C付きコンセント アイボリー 4個用,個
スイッチ・コンセント,河村電器 USB-C付きコンセント ダークブラウン 1個用,個
スイッチ・コンセント,河村電器 USB-C付きコンセント ダークブラウン 2個用（並列）,個
スイッチ・コンセント,河村電器 USB-C付きコンセント ダークブラウン 3個用,個
スイッチ・コンセント,河村電器 USB-C付きコンセント ダークブラウン 4個用,個
スイッチ・コンセント,河村電器 USB-C付きコンセント ホワイト 1個用,個
スイッチ・コンセント,河村電器 USB-C付きコンセント ホワイト 2個用（並列）,個
スイッチ・コンセント,河村電器 USB-C付きコンセント ホワイト 3個用,個
スイッチ・コンセント,河村電器 USB-C付きコンセント ホワイト 4個用,個
スイッチ・コンセント,河村電器 USB-C付きコンセント マットブラック 1個用,個
スイッチ・コンセント,河村電器 USB-C付きコンセント マットブラック 2個用（並列）,個
スイッチ・コンセント,河村電器 USB-C付きコンセント マットブラック 3個用,個
スイッチ・コンセント,河村電器 USB-C付きコンセント マットブラック 4個用,個
スイッチ・コンセント,河村電器 USB-C付きコンセント ライトグレー 1個用,個
スイッチ・コンセント,河村電器 USB-C付きコンセント ライトグレー 2個用（並列）,個
スイッチ・コンセント,河村電器 USB-C付きコンセント ライトグレー 3個用,個
スイッチ・コンセント,河村電器 USB-C付きコンセント ライトグレー 4個用,個
スイッチ・コンセント,河村電器 USB付きコンセント（TypeA×2） アイボリー 1個用,個
スイッチ・コンセント,河村電器 USB付きコンセント（TypeA×2） アイボリー 2個用（並列）,個
スイッチ・コンセント,河村電器 USB付きコンセント（TypeA×2） アイボリー 3個用,個
スイッチ・コンセント,河村電器 USB付きコンセント（TypeA×2） アイボリー 4個用,個
スイッチ・コンセント,河村電器 USB付きコンセント（TypeA×2） ダークブラウン 1個用,個
スイッチ・コンセント,河村電器 USB付きコンセント（TypeA×2） ダークブラウン 2個用（並列）,個
スイッチ・コンセント,河村電器 USB付きコンセント（TypeA×2） ダークブラウン 3個用,個
スイッチ・コンセント,河村電器 USB付きコンセント（TypeA×2） ダークブラウン 4個用,個
スイッチ・コンセント,河村電器 USB付きコンセント（TypeA×2） ホワイト 1個用,個
スイッチ・コンセント,河村電器 USB付きコンセント（TypeA×2） ホワイト 2個用（並列）,個
スイッチ・コンセント,河村電器 USB付きコンセント（TypeA×2） ホワイト 3個用,個
スイッチ・コンセント,河村電器 USB付きコンセント（TypeA×2） ホワイト 4個用,個
スイッチ・コンセント,河村電器 USB付きコンセント（TypeA×2） マットブラック 1個用,個
スイッチ・コンセント,河村電器 USB付きコンセント（TypeA×2） マットブラック 2個用（並列）,個
スイッチ・コンセント,河村電器 USB付きコンセント（TypeA×2） マットブラック 3個用,個
スイッチ・コンセント,河村電器 USB付きコンセント（TypeA×2） マットブラック 4個用,個
スイッチ・コンセント,河村電器 USB付きコンセント（TypeA×2） ライトグレー 1個用,個
スイッチ・コンセント,河村電器 USB付きコンセント（TypeA×2） ライトグレー 2個用（並列）,個
スイッチ・コンセント,河村電器 USB付きコンセント（TypeA×2） ライトグレー 3個用,個
スイッチ・コンセント,河村電器 USB付きコンセント（TypeA×2） ライトグレー 4個用,個
スイッチ・コンセント,河村電器 アース付きコンセント2口 アイボリー 1個用,個
スイッチ・コンセント,河村電器 アース付きコンセント2口 アイボリー 2個用（並列）,個
スイッチ・コンセント,河村電器 アース付きコンセント2口 アイボリー 3個用,個
スイッチ・コンセント,河村電器 アース付きコンセント2口 アイボリー 4個用,個
スイッチ・コンセント,河村電器 アース付きコンセント2口 ダークブラウン 1個用,個
スイッチ・コンセント,河村電器 アース付きコンセント2口 ダークブラウン 2個用（並列）,個
スイッチ・コンセント,河村電器 アース付きコンセント2口 ダークブラウン 3個用,個
スイッチ・コンセント,河村電器 アース付きコンセント2口 ダークブラウン 4個用,個
スイッチ・コンセント,河村電器 アース付きコンセント2口 ホワイト 1個用,個
スイッチ・コンセント,河村電器 アース付きコンセント2口 ホワイト 2個用（並列）,個
スイッチ・コンセント,河村電器 アース付きコンセント2口 ホワイト 3個用,個
スイッチ・コンセント,河村電器 アース付きコンセント2口 ホワイト 4個用,個
スイッチ・コンセント,河村電器 アース付きコンセント2口 マットブラック 1個用,個
スイッチ・コンセント,河村電器 アース付きコンセント2口 マットブラック 2個用（並列）,個
スイッチ・コンセント,河村電器 アース付きコンセント2口 マットブラック 3個用,個
スイッチ・コンセント,河村電器 アース付きコンセント2口 マットブラック 4個用,個
スイッチ・コンセント,河村電器 アース付きコンセント2口 ライトグレー 1個用,個
スイッチ・コンセント,河村電器 アース付きコンセント2口 ライトグレー 2個用（並列）,個
スイッチ・コンセント,河村電器 アース付きコンセント2口 ライトグレー 3個用,個
スイッチ・コンセント,河村電器 アース付きコンセント2口 ライトグレー 4個用,個
スイッチ・コンセント,河村電器 エアコン専用 200V アイボリー 1個用,個
スイッチ・コンセント,河村電器 エアコン専用 200V アイボリー 2個用（並列）,個
スイッチ・コンセント,河村電器 エアコン専用 200V アイボリー 3個用,個
スイッチ・コンセント,河村電器 エアコン専用 200V アイボリー 4個用,個
スイッチ・コンセント,河村電器 エアコン専用 200V ダークブラウン 1個用,個
スイッチ・コンセント,河村電器 エアコン専用 200V ダークブラウン 2個用（並列）,個
スイッチ・コンセント,河村電器 エアコン専用 200V ダークブラウン 3個用,個
スイッチ・コンセント,河村電器 エアコン専用 200V ダークブラウン 4個用,個
スイッチ・コンセント,河村電器 エアコン専用 200V ホワイト 1個用,個
スイッチ・コンセント,河村電器 エアコン専用 200V ホワイト 2個用（並列）,個
スイッチ・コンセント,河村電器 エアコン専用 200V ホワイト 3個用,個
スイッチ・コンセント,河村電器 エアコン専用 200V ホワイト 4個用,個
スイッチ・コンセント,河村電器 エアコン専用 200V マットブラック 1個用,個
スイッチ・コンセント,河村電器 エアコン専用 200V マットブラック 2個用（並列）,個
スイッチ・コンセント,河村電器 エアコン専用 200V マットブラック 3個用,個
スイッチ・コンセント,河村電器 エアコン専用 200V マットブラック 4個用,個
スイッチ・コンセント,河村電器 エアコン専用 200V ライトグレー 1個用,個
スイッチ・コンセント,河村電器 エアコン専用 200V ライトグレー 2個用（並列）,個
スイッチ・コンセント,河村電器 エアコン専用 200V ライトグレー 3個用,個
スイッチ・コンセント,河村電器 エアコン専用 200V ライトグレー 4個用,個
スイッチ・コンセント,河村電器 コンセント 2P 15A,個
スイッチ・コンセント,河村電器 コンセント 2P アース付き,個
スイッチ・コンセント,河村電器 コンセント EV用 20A,個
スイッチ・コンセント,河村電器 コンセント USB-A付き,個
スイッチ・コンセント,河村電器 コンセント USB-C付き,個
スイッチ・コンセント,河村電器 コンセント 防水型,個
スイッチ・コンセント,河村電器 コンセント1口 アイボリー 1個用,個
スイッチ・コンセント,河村電器 コンセント1口 アイボリー 2個用（並列）,個
スイッチ・コンセント,河村電器 コンセント1口 ダークブラウン 1個用,個
スイッチ・コンセント,河村電器 コンセント1口 ダークブラウン 2個用（並列）,個
スイッチ・コンセント,河村電器 コンセント1口 ホワイト 1個用,個
スイッチ・コンセント,河村電器 コンセント1口 ホワイト 2個用（並列）,個
スイッチ・コンセント,河村電器 コンセント1口 マットブラック 1個用,個
スイッチ・コンセント,河村電器 コンセント1口 マットブラック 2個用（並列）,個
スイッチ・コンセント,河村電器 コンセント1口 ライトグレー 1個用,個
スイッチ・コンセント,河村電器 コンセント1口 ライトグレー 2個用（並列）,個
スイッチ・コンセント,河村電器 コンセント2口 アイボリー 1個用,個
スイッチ・コンセント,河村電器 コンセント2口 アイボリー 2個用（並列）,個
スイッチ・コンセント,河村電器 コンセント2口 アイボリー 3個用,個
スイッチ・コンセント,河村電器 コンセント2口 アイボリー 4個用,個
スイッチ・コンセント,河村電器 コンセント2口 ダークブラウン 1個用,個
スイッチ・コンセント,河村電器 コンセント2口 ダークブラウン 2個用（並列）,個
スイッチ・コンセント,河村電器 コンセント2口 ダークブラウン 3個用,個
スイッチ・コンセント,河村電器 コンセント2口 ダークブラウン 4個用,個
スイッチ・コンセント,河村電器 コンセント2口 ホワイト 1個用,個
スイッチ・コンセント,河村電器 コンセント2口 ホワイト 2個用（並列）,個
スイッチ・コンセント,河村電器 コンセント2口 ホワイト 3個用,個
スイッチ・コンセント,河村電器 コンセント2口 ホワイト 4個用,個
スイッチ・コンセント,河村電器 コンセント2口 マットブラック 1個用,個
スイッチ・コンセント,河村電器 コンセント2口 マットブラック 2個用（並列）,個
スイッチ・コンセント,河村電器 コンセント2口 マットブラック 3個用,個
スイッチ・コンセント,河村電器 コンセント2口 マットブラック 4個用,個
スイッチ・コンセント,河村電器 コンセント2口 ライトグレー 1個用,個
スイッチ・コンセント,河村電器 コンセント2口 ライトグレー 2個用（並列）,個
スイッチ・コンセント,河村電器 コンセント2口 ライトグレー 3個用,個
スイッチ・コンセント,河村電器 コンセント2口 ライトグレー 4個用,個
スイッチ・コンセント,河村電器 コンセント3口 アイボリー 1個用,個
スイッチ・コンセント,河村電器 コンセント3口 アイボリー 2個用（並列）,個
スイッチ・コンセント,河村電器 コンセント3口 アイボリー 3個用,個
スイッチ・コンセント,河村電器 コンセント3口 アイボリー 4個用,個
スイッチ・コンセント,河村電器 コンセント3口 ダークブラウン 1個用,個
スイッチ・コンセント,河村電器 コンセント3口 ダークブラウン 2個用（並列）,個
スイッチ・コンセント,河村電器 コンセント3口 ダークブラウン 3個用,個
スイッチ・コンセント,河村電器 コンセント3口 ダークブラウン 4個用,個
スイッチ・コンセント,河村電器 コンセント3口 ホワイト 1個用,個
スイッチ・コンセント,河村電器 コンセント3口 ホワイト 2個用（並列）,個
スイッチ・コンセント,河村電器 コンセント3口 ホワイト 3個用,個
スイッチ・コンセント,河村電器 コンセント3口 ホワイト 4個用,個
スイッチ・コンセント,河村電器 コンセント3口 マットブラック 1個用,個
スイッチ・コンセント,河村電器 コンセント3口 マットブラック 2個用（並列）,個
スイッチ・コンセント,河村電器 コンセント3口 マットブラック 3個用,個
スイッチ・コンセント,河村電器 コンセント3口 マットブラック 4個用,個
スイッチ・コンセント,河村電器 コンセント3口 ライトグレー 1個用,個
スイッチ・コンセント,河村電器 コンセント3口 ライトグレー 2個用（並列）,個
スイッチ・コンセント,河村電器 コンセント3口 ライトグレー 3個用,個
スイッチ・コンセント,河村電器 コンセント3口 ライトグレー 4個用,個
スイッチ・コンセント,河村電器 スイッチ 3路,個
スイッチ・コンセント,河村電器 スイッチ 4路,個
スイッチ・コンセント,河村電器 スイッチ タイマー,個
スイッチ・コンセント,河村電器 スイッチ 片切 1口,個
スイッチ・コンセント,河村電器 スイッチ 片切 2口,個
スイッチ・コンセント,河村電器 スイッチ 調光器,個
スイッチ・コンセント,河村電器 タイマースイッチ アイボリー 1個用,個
スイッチ・コンセント,河村電器 タイマースイッチ アイボリー 2個用（並列）,個
スイッチ・コンセント,河村電器 タイマースイッチ アイボリー 3個用,個
スイッチ・コンセント,河村電器 タイマースイッチ アイボリー 4個用,個
スイッチ・コンセント,河村電器 タイマースイッチ ダークブラウン 1個用,個
スイッチ・コンセント,河村電器 タイマースイッチ ダークブラウン 2個用（並列）,個
スイッチ・コンセント,河村電器 タイマースイッチ ダークブラウン 3個用,個
スイッチ・コンセント,河村電器 タイマースイッチ ダークブラウン 4個用,個
スイッチ・コンセント,河村電器 タイマースイッチ ホワイト 1個用,個
スイッチ・コンセント,河村電器 タイマースイッチ ホワイト 2個用（並列）,個
スイッチ・コンセント,河村電器 タイマースイッチ ホワイト 3個用,個
スイッチ・コンセント,河村電器 タイマースイッチ ホワイト 4個用,個
スイッチ・コンセント,河村電器 タイマースイッチ マットブラック 1個用,個
スイッチ・コンセント,河村電器 タイマースイッチ マットブラック 2個用（並列）,個
スイッチ・コンセント,河村電器 タイマースイッチ マットブラック 3個用,個
スイッチ・コンセント,河村電器 タイマースイッチ マットブラック 4個用,個
スイッチ・コンセント,河村電器 タイマースイッチ ライトグレー 1個用,個
スイッチ・コンセント,河村電器 タイマースイッチ ライトグレー 2個用（並列）,個
スイッチ・コンセント,河村電器 タイマースイッチ ライトグレー 3個用,個
スイッチ・コンセント,河村電器 タイマースイッチ ライトグレー 4個用,個
スイッチ・コンセント,河村電器 テレビコンセント F型,個
スイッチ・コンセント,河村電器 テレビ端子（直列ユニット） アイボリー 1個用,個
スイッチ・コンセント,河村電器 テレビ端子（直列ユニット） アイボリー 2個用（並列）,個
スイッチ・コンセント,河村電器 テレビ端子（直列ユニット） アイボリー 3個用,個
スイッチ・コンセント,河村電器 テレビ端子（直列ユニット） アイボリー 4個用,個
スイッチ・コンセント,河村電器 テレビ端子（直列ユニット） ダークブラウン 1個用,個
スイッチ・コンセント,河村電器 テレビ端子（直列ユニット） ダークブラウン 2個用（並列）,個
スイッチ・コンセント,河村電器 テレビ端子（直列ユニット） ダークブラウン 3個用,個
スイッチ・コンセント,河村電器 テレビ端子（直列ユニット） ダークブラウン 4個用,個
スイッチ・コンセント,河村電器 テレビ端子（直列ユニット） ホワイト 1個用,個
スイッチ・コンセント,河村電器 テレビ端子（直列ユニット） ホワイト 2個用（並列）,個
スイッチ・コンセント,河村電器 テレビ端子（直列ユニット） ホワイト 3個用,個
スイッチ・コンセント,河村電器 テレビ端子（直列ユニット） ホワイト 4個用,個
スイッチ・コンセント,河村電器 テレビ端子（直列ユニット） マットブラック 1個用,個
スイッチ・コンセント,河村電器 テレビ端子（直列ユニット） マットブラック 2個用（並列）,個
スイッチ・コンセント,河村電器 テレビ端子（直列ユニット） マットブラック 3個用,個
スイッチ・コンセント,河村電器 テレビ端子（直列ユニット） マットブラック 4個用,個
スイッチ・コンセント,河村電器 テレビ端子（直列ユニット） ライトグレー 1個用,個
スイッチ・コンセント,河村電器 テレビ端子（直列ユニット） ライトグレー 2個用（並列）,個
スイッチ・コンセント,河村電器 テレビ端子（直列ユニット） ライトグレー 3個用,個
スイッチ・コンセント,河村電器 テレビ端子（直列ユニット） ライトグレー 4個用,個
スイッチ・コンセント,河村電器 接地3P 20A アイボリー 1個用,個
スイッチ・コンセント,河村電器 接地3P 20A アイボリー 2個用（並列）,個
スイッチ・コンセント,河村電器 接地3P 20A アイボリー 3個用,個
スイッチ・コンセント,河村電器 接地3P 20A アイボリー 4個用,個
スイッチ・コンセント,河村電器 接地3P 20A ダークブラウン 1個用,個
スイッチ・コンセント,河村電器 接地3P 20A ダークブラウン 2個用（並列）,個
スイッチ・コンセント,河村電器 接地3P 20A ダークブラウン 3個用,個
スイッチ・コンセント,河村電器 接地3P 20A ダークブラウン 4個用,個
スイッチ・コンセント,河村電器 接地3P 20A ホワイト 1個用,個
スイッチ・コンセント,河村電器 接地3P 20A ホワイト 2個用（並列）,個
スイッチ・コンセント,河村電器 接地3P 20A ホワイト 3個用,個
スイッチ・コンセント,河村電器 接地3P 20A ホワイト 4個用,個
スイッチ・コンセント,河村電器 接地3P 20A マットブラック 1個用,個
スイッチ・コンセント,河村電器 接地3P 20A マットブラック 2個用（並列）,個
スイッチ・コンセント,河村電器 接地3P 20A マットブラック 3個用,個
スイッチ・コンセント,河村電器 接地3P 20A マットブラック 4個用,個
スイッチ・コンセント,河村電器 接地3P 20A ライトグレー 1個用,個
スイッチ・コンセント,河村電器 接地3P 20A ライトグレー 2個用（並列）,個
スイッチ・コンセント,河村電器 接地3P 20A ライトグレー 3個用,個
スイッチ・コンセント,河村電器 接地3P 20A ライトグレー 4個用,個
スイッチ・コンセント,河村電器 熱線センサースイッチ アイボリー 1個用,個
スイッチ・コンセント,河村電器 熱線センサースイッチ アイボリー 2個用（並列）,個
スイッチ・コンセント,河村電器 熱線センサースイッチ アイボリー 3個用,個
スイッチ・コンセント,河村電器 熱線センサースイッチ アイボリー 4個用,個
スイッチ・コンセント,河村電器 熱線センサースイッチ ダークブラウン 1個用,個
スイッチ・コンセント,河村電器 熱線センサースイッチ ダークブラウン 2個用（並列）,個
スイッチ・コンセント,河村電器 熱線センサースイッチ ダークブラウン 3個用,個
スイッチ・コンセント,河村電器 熱線センサースイッチ ダークブラウン 4個用,個
スイッチ・コンセント,河村電器 熱線センサースイッチ ホワイト 1個用,個
スイッチ・コンセント,河村電器 熱線センサースイッチ ホワイト 2個用（並列）,個
スイッチ・コンセント,河村電器 熱線センサースイッチ ホワイト 3個用,個
スイッチ・コンセント,河村電器 熱線センサースイッチ ホワイト 4個用,個
スイッチ・コンセント,河村電器 熱線センサースイッチ マットブラック 1個用,個
スイッチ・コンセント,河村電器 熱線センサースイッチ マットブラック 2個用（並列）,個
スイッチ・コンセント,河村電器 熱線センサースイッチ マットブラック 3個用,個
スイッチ・コンセント,河村電器 熱線センサースイッチ マットブラック 4個用,個
スイッチ・コンセント,河村電器 熱線センサースイッチ ライトグレー 1個用,個
スイッチ・コンセント,河村電器 熱線センサースイッチ ライトグレー 2個用（並列）,個
スイッチ・コンセント,河村電器 熱線センサースイッチ ライトグレー 3個用,個
スイッチ・コンセント,河村電器 熱線センサースイッチ ライトグレー 4個用,個
スイッチ・コンセント,河村電器 片切スイッチ アイボリー 1個用,個
スイッチ・コンセント,河村電器 片切スイッチ アイボリー 2個用（並列）,個
スイッチ・コンセント,河村電器 片切スイッチ アイボリー 3個用,個
スイッチ・コンセント,河村電器 片切スイッチ アイボリー 4個用,個
スイッチ・コンセント,河村電器 片切スイッチ ダークブラウン 1個用,個
スイッチ・コンセント,河村電器 片切スイッチ ダークブラウン 2個用（並列）,個
スイッチ・コンセント,河村電器 片切スイッチ ダークブラウン 3個用,個
スイッチ・コンセント,河村電器 片切スイッチ ダークブラウン 4個用,個
スイッチ・コンセント,河村電器 片切スイッチ ホワイト 1個用,個
スイッチ・コンセント,河村電器 片切スイッチ ホワイト 2個用（並列）,個
スイッチ・コンセント,河村電器 片切スイッチ ホワイト 3個用,個
スイッチ・コンセント,河村電器 片切スイッチ ホワイト 4個用,個
スイッチ・コンセント,河村電器 片切スイッチ マットブラック 1個用,個
スイッチ・コンセント,河村電器 片切スイッチ マットブラック 2個用（並列）,個
スイッチ・コンセント,河村電器 片切スイッチ マットブラック 3個用,個
スイッチ・コンセント,河村電器 片切スイッチ マットブラック 4個用,個
スイッチ・コンセント,河村電器 片切スイッチ ライトグレー 1個用,個
スイッチ・コンセント,河村電器 片切スイッチ ライトグレー 2個用（並列）,個
スイッチ・コンセント,河村電器 片切スイッチ ライトグレー 3個用,個
スイッチ・コンセント,河村電器 片切スイッチ ライトグレー 4個用,個
スイッチ・コンセント,河村電器 調光スイッチ（LED対応） アイボリー 1個用,個
スイッチ・コンセント,河村電器 調光スイッチ（LED対応） アイボリー 2個用（並列）,個
スイッチ・コンセント,河村電器 調光スイッチ（LED対応） アイボリー 3個用,個
スイッチ・コンセント,河村電器 調光スイッチ（LED対応） アイボリー 4個用,個
スイッチ・コンセント,河村電器 調光スイッチ（LED対応） ダークブラウン 1個用,個
スイッチ・コンセント,河村電器 調光スイッチ（LED対応） ダークブラウン 2個用（並列）,個
スイッチ・コンセント,河村電器 調光スイッチ（LED対応） ダークブラウン 3個用,個
スイッチ・コンセント,河村電器 調光スイッチ（LED対応） ダークブラウン 4個用,個
スイッチ・コンセント,河村電器 調光スイッチ（LED対応） ホワイト 1個用,個
スイッチ・コンセント,河村電器 調光スイッチ（LED対応） ホワイト 2個用（並列）,個
スイッチ・コンセント,河村電器 調光スイッチ（LED対応） ホワイト 3個用,個
スイッチ・コンセント,河村電器 調光スイッチ（LED対応） ホワイト 4個用,個
スイッチ・コンセント,河村電器 調光スイッチ（LED対応） マットブラック 1個用,個
スイッチ・コンセント,河村電器 調光スイッチ（LED対応） マットブラック 2個用（並列）,個
スイッチ・コンセント,河村電器 調光スイッチ（LED対応） マットブラック 3個用,個
スイッチ・コンセント,河村電器 調光スイッチ（LED対応） マットブラック 4個用,個
スイッチ・コンセント,河村電器 調光スイッチ（LED対応） ライトグレー 1個用,個
スイッチ・コンセント,河村電器 調光スイッチ（LED対応） ライトグレー 2個用（並列）,個
スイッチ・コンセント,河村電器 調光スイッチ（LED対応） ライトグレー 3個用,個
スイッチ・コンセント,河村電器 調光スイッチ（LED対応） ライトグレー 4個用,個
スイッチ・コンセント,河村電器 調光スイッチ（白熱） アイボリー 1個用,個
スイッチ・コンセント,河村電器 調光スイッチ（白熱） アイボリー 2個用（並列）,個
スイッチ・コンセント,河村電器 調光スイッチ（白熱） アイボリー 3個用,個
スイッチ・コンセント,河村電器 調光スイッチ（白熱） アイボリー 4個用,個
スイッチ・コンセント,河村電器 調光スイッチ（白熱） ダークブラウン 1個用,個
スイッチ・コンセント,河村電器 調光スイッチ（白熱） ダークブラウン 2個用（並列）,個
スイッチ・コンセント,河村電器 調光スイッチ（白熱） ダークブラウン 3個用,個
スイッチ・コンセント,河村電器 調光スイッチ（白熱） ダークブラウン 4個用,個
スイッチ・コンセント,河村電器 調光スイッチ（白熱） ホワイト 1個用,個
スイッチ・コンセント,河村電器 調光スイッチ（白熱） ホワイト 2個用（並列）,個
スイッチ・コンセント,河村電器 調光スイッチ（白熱） ホワイト 3個用,個
スイッチ・コンセント,河村電器 調光スイッチ（白熱） ホワイト 4個用,個
スイッチ・コンセント,河村電器 調光スイッチ（白熱） マットブラック 1個用,個
スイッチ・コンセント,河村電器 調光スイッチ（白熱） マットブラック 2個用（並列）,個
スイッチ・コンセント,河村電器 調光スイッチ（白熱） マットブラック 3個用,個
スイッチ・コンセント,河村電器 調光スイッチ（白熱） マットブラック 4個用,個
スイッチ・コンセント,河村電器 調光スイッチ（白熱） ライトグレー 1個用,個
スイッチ・コンセント,河村電器 調光スイッチ（白熱） ライトグレー 2個用（並列）,個
スイッチ・コンセント,河村電器 調光スイッチ（白熱） ライトグレー 3個用,個
スイッチ・コンセント,河村電器 調光スイッチ（白熱） ライトグレー 4個用,個
スイッチ・コンセント,河村電器 防雨コンセント（屋外用） アイボリー 1個用,個
スイッチ・コンセント,河村電器 防雨コンセント（屋外用） アイボリー 2個用（並列）,個
スイッチ・コンセント,河村電器 防雨コンセント（屋外用） アイボリー 3個用,個
スイッチ・コンセント,河村電器 防雨コンセント（屋外用） アイボリー 4個用,個
スイッチ・コンセント,河村電器 防雨コンセント（屋外用） ダークブラウン 1個用,個
スイッチ・コンセント,河村電器 防雨コンセント（屋外用） ダークブラウン 2個用（並列）,個
スイッチ・コンセント,河村電器 防雨コンセント（屋外用） ダークブラウン 3個用,個
スイッチ・コンセント,河村電器 防雨コンセント（屋外用） ダークブラウン 4個用,個
スイッチ・コンセント,河村電器 防雨コンセント（屋外用） ホワイト 1個用,個
スイッチ・コンセント,河村電器 防雨コンセント（屋外用） ホワイト 2個用（並列）,個
スイッチ・コンセント,河村電器 防雨コンセント（屋外用） ホワイト 3個用,個
スイッチ・コンセント,河村電器 防雨コンセント（屋外用） ホワイト 4個用,個
スイッチ・コンセント,河村電器 防雨コンセント（屋外用） マットブラック 1個用,個
スイッチ・コンセント,河村電器 防雨コンセント（屋外用） マットブラック 2個用（並列）,個
スイッチ・コンセント,河村電器 防雨コンセント（屋外用） マットブラック 3個用,個
スイッチ・コンセント,河村電器 防雨コンセント（屋外用） マットブラック 4個用,個
スイッチ・コンセント,河村電器 防雨コンセント（屋外用） ライトグレー 1個用,個
スイッチ・コンセント,河村電器 防雨コンセント（屋外用） ライトグレー 2個用（並列）,個
スイッチ・コンセント,河村電器 防雨コンセント（屋外用） ライトグレー 3個用,個
スイッチ・コンセント,河村電器 防雨コンセント（屋外用） ライトグレー 4個用,個
スイッチ・コンセント,河村電器 電話コンセント,個
スイッチ・コンセント,河村電器 電話モジュラージャック アイボリー 1個用,個
スイッチ・コンセント,河村電器 電話モジュラージャック アイボリー 2個用（並列）,個
スイッチ・コンセント,河村電器 電話モジュラージャック アイボリー 3個用,個
スイッチ・コンセント,河村電器 電話モジュラージャック アイボリー 4個用,個
スイッチ・コンセント,河村電器 電話モジュラージャック ダークブラウン 1個用,個
スイッチ・コンセント,河村電器 電話モジュラージャック ダークブラウン 2個用（並列）,個
スイッチ・コンセント,河村電器 電話モジュラージャック ダークブラウン 3個用,個
スイッチ・コンセント,河村電器 電話モジュラージャック ダークブラウン 4個用,個
スイッチ・コンセント,河村電器 電話モジュラージャック ホワイト 1個用,個
スイッチ・コンセント,河村電器 電話モジュラージャック ホワイト 2個用（並列）,個
スイッチ・コンセント,河村電器 電話モジュラージャック ホワイト 3個用,個
スイッチ・コンセント,河村電器 電話モジュラージャック ホワイト 4個用,個
スイッチ・コンセント,河村電器 電話モジュラージャック マットブラック 1個用,個
スイッチ・コンセント,河村電器 電話モジュラージャック マットブラック 2個用（並列）,個
スイッチ・コンセント,河村電器 電話モジュラージャック マットブラック 3個用,個
スイッチ・コンセント,河村電器 電話モジュラージャック マットブラック 4個用,個
スイッチ・コンセント,河村電器 電話モジュラージャック ライトグレー 1個用,個
スイッチ・コンセント,河村電器 電話モジュラージャック ライトグレー 2個用（並列）,個
スイッチ・コンセント,河村電器 電話モジュラージャック ライトグレー 3個用,個
スイッチ・コンセント,河村電器 電話モジュラージャック ライトグレー 4個用,個
スイッチ・コンセント,神保電器 LANコンセント Cat6,個
スイッチ・コンセント,神保電器 LANコンセント Cat6A,個
スイッチ・コンセント,神保電器 NK 3路スイッチ アイボリー 1個用,個
スイッチ・コンセント,神保電器 NK 3路スイッチ アイボリー 2個用（並列）,個
スイッチ・コンセント,神保電器 NK 3路スイッチ アイボリー 3個用,個
スイッチ・コンセント,神保電器 NK 3路スイッチ アイボリー 4個用,個
スイッチ・コンセント,神保電器 NK 3路スイッチ ダークブラウン 1個用,個
スイッチ・コンセント,神保電器 NK 3路スイッチ ダークブラウン 2個用（並列）,個
スイッチ・コンセント,神保電器 NK 3路スイッチ ダークブラウン 3個用,個
スイッチ・コンセント,神保電器 NK 3路スイッチ ダークブラウン 4個用,個
スイッチ・コンセント,神保電器 NK 3路スイッチ ホワイト 1個用,個
スイッチ・コンセント,神保電器 NK 3路スイッチ ホワイト 2個用（並列）,個
スイッチ・コンセント,神保電器 NK 3路スイッチ ホワイト 3個用,個
スイッチ・コンセント,神保電器 NK 3路スイッチ ホワイト 4個用,個
スイッチ・コンセント,神保電器 NK 3路スイッチ マットブラック 1個用,個
スイッチ・コンセント,神保電器 NK 3路スイッチ マットブラック 2個用（並列）,個
スイッチ・コンセント,神保電器 NK 3路スイッチ マットブラック 3個用,個
スイッチ・コンセント,神保電器 NK 3路スイッチ マットブラック 4個用,個
スイッチ・コンセント,神保電器 NK 3路スイッチ ライトグレー 1個用,個
スイッチ・コンセント,神保電器 NK 3路スイッチ ライトグレー 2個用（並列）,個
スイッチ・コンセント,神保電器 NK 3路スイッチ ライトグレー 3個用,個
スイッチ・コンセント,神保電器 NK 3路スイッチ ライトグレー 4個用,個
スイッチ・コンセント,神保電器 NK 4路スイッチ アイボリー 1個用,個
スイッチ・コンセント,神保電器 NK 4路スイッチ アイボリー 2個用（並列）,個
スイッチ・コンセント,神保電器 NK 4路スイッチ アイボリー 3個用,個
スイッチ・コンセント,神保電器 NK 4路スイッチ アイボリー 4個用,個
スイッチ・コンセント,神保電器 NK 4路スイッチ ダークブラウン 1個用,個
スイッチ・コンセント,神保電器 NK 4路スイッチ ダークブラウン 2個用（並列）,個
スイッチ・コンセント,神保電器 NK 4路スイッチ ダークブラウン 3個用,個
スイッチ・コンセント,神保電器 NK 4路スイッチ ダークブラウン 4個用,個
スイッチ・コンセント,神保電器 NK 4路スイッチ ホワイト 1個用,個
スイッチ・コンセント,神保電器 NK 4路スイッチ ホワイト 2個用（並列）,個
スイッチ・コンセント,神保電器 NK 4路スイッチ ホワイト 3個用,個
スイッチ・コンセント,神保電器 NK 4路スイッチ ホワイト 4個用,個
スイッチ・コンセント,神保電器 NK 4路スイッチ マットブラック 1個用,個
スイッチ・コンセント,神保電器 NK 4路スイッチ マットブラック 2個用（並列）,個
スイッチ・コンセント,神保電器 NK 4路スイッチ マットブラック 3個用,個
スイッチ・コンセント,神保電器 NK 4路スイッチ マットブラック 4個用,個
スイッチ・コンセント,神保電器 NK 4路スイッチ ライトグレー 1個用,個
スイッチ・コンセント,神保電器 NK 4路スイッチ ライトグレー 2個用（並列）,個
スイッチ・コンセント,神保電器 NK 4路スイッチ ライトグレー 3個用,個
スイッチ・コンセント,神保電器 NK 4路スイッチ ライトグレー 4個用,個
スイッチ・コンセント,神保電器 NK EV充電用 200V 20A ホワイト 1個用,個
スイッチ・コンセント,神保電器 NK EV充電用 200V 20A ホワイト 2個用（並列）,個
スイッチ・コンセント,神保電器 NK EV充電用 200V 20A ホワイト 3個用,個
スイッチ・コンセント,神保電器 NK EV充電用 200V 20A ホワイト 4個用,個
スイッチ・コンセント,神保電器 NK HDMI端子付き アイボリー 1個用,個
スイッチ・コンセント,神保電器 NK HDMI端子付き アイボリー 2個用（並列）,個
スイッチ・コンセント,神保電器 NK HDMI端子付き アイボリー 3個用,個
スイッチ・コンセント,神保電器 NK HDMI端子付き アイボリー 4個用,個
スイッチ・コンセント,神保電器 NK HDMI端子付き ダークブラウン 1個用,個
スイッチ・コンセント,神保電器 NK HDMI端子付き ダークブラウン 2個用（並列）,個
スイッチ・コンセント,神保電器 NK HDMI端子付き ダークブラウン 3個用,個
スイッチ・コンセント,神保電器 NK HDMI端子付き ダークブラウン 4個用,個
スイッチ・コンセント,神保電器 NK HDMI端子付き ホワイト 1個用,個
スイッチ・コンセント,神保電器 NK HDMI端子付き ホワイト 2個用（並列）,個
スイッチ・コンセント,神保電器 NK HDMI端子付き ホワイト 3個用,個
スイッチ・コンセント,神保電器 NK HDMI端子付き ホワイト 4個用,個
スイッチ・コンセント,神保電器 NK HDMI端子付き マットブラック 1個用,個
スイッチ・コンセント,神保電器 NK HDMI端子付き マットブラック 2個用（並列）,個
スイッチ・コンセント,神保電器 NK HDMI端子付き マットブラック 3個用,個
スイッチ・コンセント,神保電器 NK HDMI端子付き マットブラック 4個用,個
スイッチ・コンセント,神保電器 NK HDMI端子付き ライトグレー 1個用,個
スイッチ・コンセント,神保電器 NK HDMI端子付き ライトグレー 2個用（並列）,個
スイッチ・コンセント,神保電器 NK HDMI端子付き ライトグレー 3個用,個
スイッチ・コンセント,神保電器 NK HDMI端子付き ライトグレー 4個用,個
スイッチ・コンセント,神保電器 NK IH専用 200V 30A ホワイト 1個用,個
スイッチ・コンセント,神保電器 NK IH専用 200V 30A ホワイト 2個用（並列）,個
スイッチ・コンセント,神保電器 NK IH専用 200V 30A ホワイト 3個用,個
スイッチ・コンセント,神保電器 NK IH専用 200V 30A ホワイト 4個用,個
スイッチ・コンセント,神保電器 NK LANジャック（CAT6A） アイボリー 1個用,個
スイッチ・コンセント,神保電器 NK LANジャック（CAT6A） アイボリー 2個用（並列）,個
スイッチ・コンセント,神保電器 NK LANジャック（CAT6A） アイボリー 3個用,個
スイッチ・コンセント,神保電器 NK LANジャック（CAT6A） アイボリー 4個用,個
スイッチ・コンセント,神保電器 NK LANジャック（CAT6A） ダークブラウン 1個用,個
スイッチ・コンセント,神保電器 NK LANジャック（CAT6A） ダークブラウン 2個用（並列）,個
スイッチ・コンセント,神保電器 NK LANジャック（CAT6A） ダークブラウン 3個用,個
スイッチ・コンセント,神保電器 NK LANジャック（CAT6A） ダークブラウン 4個用,個
スイッチ・コンセント,神保電器 NK LANジャック（CAT6A） ホワイト 1個用,個
スイッチ・コンセント,神保電器 NK LANジャック（CAT6A） ホワイト 2個用（並列）,個
スイッチ・コンセント,神保電器 NK LANジャック（CAT6A） ホワイト 3個用,個
スイッチ・コンセント,神保電器 NK LANジャック（CAT6A） ホワイト 4個用,個
スイッチ・コンセント,神保電器 NK LANジャック（CAT6A） マットブラック 1個用,個
スイッチ・コンセント,神保電器 NK LANジャック（CAT6A） マットブラック 2個用（並列）,個
スイッチ・コンセント,神保電器 NK LANジャック（CAT6A） マットブラック 3個用,個
スイッチ・コンセント,神保電器 NK LANジャック（CAT6A） マットブラック 4個用,個
スイッチ・コンセント,神保電器 NK LANジャック（CAT6A） ライトグレー 1個用,個
スイッチ・コンセント,神保電器 NK LANジャック（CAT6A） ライトグレー 2個用（並列）,個
スイッチ・コンセント,神保電器 NK LANジャック（CAT6A） ライトグレー 3個用,個
スイッチ・コンセント,神保電器 NK LANジャック（CAT6A） ライトグレー 4個用,個
スイッチ・コンセント,神保電器 NK LANジャック（CAT6） アイボリー 1個用,個
スイッチ・コンセント,神保電器 NK LANジャック（CAT6） アイボリー 2個用（並列）,個
スイッチ・コンセント,神保電器 NK LANジャック（CAT6） アイボリー 3個用,個
スイッチ・コンセント,神保電器 NK LANジャック（CAT6） アイボリー 4個用,個
スイッチ・コンセント,神保電器 NK LANジャック（CAT6） ダークブラウン 1個用,個
スイッチ・コンセント,神保電器 NK LANジャック（CAT6） ダークブラウン 2個用（並列）,個
スイッチ・コンセント,神保電器 NK LANジャック（CAT6） ダークブラウン 3個用,個
スイッチ・コンセント,神保電器 NK LANジャック（CAT6） ダークブラウン 4個用,個
スイッチ・コンセント,神保電器 NK LANジャック（CAT6） ホワイト 1個用,個
スイッチ・コンセント,神保電器 NK LANジャック（CAT6） ホワイト 2個用（並列）,個
スイッチ・コンセント,神保電器 NK LANジャック（CAT6） ホワイト 3個用,個
スイッチ・コンセント,神保電器 NK LANジャック（CAT6） ホワイト 4個用,個
スイッチ・コンセント,神保電器 NK LANジャック（CAT6） マットブラック 1個用,個
スイッチ・コンセント,神保電器 NK LANジャック（CAT6） マットブラック 2個用（並列）,個
スイッチ・コンセント,神保電器 NK LANジャック（CAT6） マットブラック 3個用,個
スイッチ・コンセント,神保電器 NK LANジャック（CAT6） マットブラック 4個用,個
スイッチ・コンセント,神保電器 NK LANジャック（CAT6） ライトグレー 1個用,個
スイッチ・コンセント,神保電器 NK LANジャック（CAT6） ライトグレー 2個用（並列）,個
スイッチ・コンセント,神保電器 NK LANジャック（CAT6） ライトグレー 3個用,個
スイッチ・コンセント,神保電器 NK LANジャック（CAT6） ライトグレー 4個用,個
スイッチ・コンセント,神保電器 NK USB-C付きコンセント アイボリー 1個用,個
スイッチ・コンセント,神保電器 NK USB-C付きコンセント アイボリー 2個用（並列）,個
スイッチ・コンセント,神保電器 NK USB-C付きコンセント アイボリー 3個用,個
スイッチ・コンセント,神保電器 NK USB-C付きコンセント アイボリー 4個用,個
スイッチ・コンセント,神保電器 NK USB-C付きコンセント ダークブラウン 1個用,個
スイッチ・コンセント,神保電器 NK USB-C付きコンセント ダークブラウン 2個用（並列）,個
スイッチ・コンセント,神保電器 NK USB-C付きコンセント ダークブラウン 3個用,個
スイッチ・コンセント,神保電器 NK USB-C付きコンセント ダークブラウン 4個用,個
スイッチ・コンセント,神保電器 NK USB-C付きコンセント ホワイト 1個用,個
スイッチ・コンセント,神保電器 NK USB-C付きコンセント ホワイト 2個用（並列）,個
スイッチ・コンセント,神保電器 NK USB-C付きコンセント ホワイト 3個用,個
スイッチ・コンセント,神保電器 NK USB-C付きコンセント ホワイト 4個用,個
スイッチ・コンセント,神保電器 NK USB-C付きコンセント マットブラック 1個用,個
スイッチ・コンセント,神保電器 NK USB-C付きコンセント マットブラック 2個用（並列）,個
スイッチ・コンセント,神保電器 NK USB-C付きコンセント マットブラック 3個用,個
スイッチ・コンセント,神保電器 NK USB-C付きコンセント マットブラック 4個用,個
スイッチ・コンセント,神保電器 NK USB-C付きコンセント ライトグレー 1個用,個
スイッチ・コンセント,神保電器 NK USB-C付きコンセント ライトグレー 2個用（並列）,個
スイッチ・コンセント,神保電器 NK USB-C付きコンセント ライトグレー 3個用,個
スイッチ・コンセント,神保電器 NK USB-C付きコンセント ライトグレー 4個用,個
スイッチ・コンセント,神保電器 NK USB付きコンセント（TypeA×2） アイボリー 1個用,個
スイッチ・コンセント,神保電器 NK USB付きコンセント（TypeA×2） アイボリー 2個用（並列）,個
スイッチ・コンセント,神保電器 NK USB付きコンセント（TypeA×2） アイボリー 3個用,個
スイッチ・コンセント,神保電器 NK USB付きコンセント（TypeA×2） アイボリー 4個用,個
スイッチ・コンセント,神保電器 NK USB付きコンセント（TypeA×2） ダークブラウン 1個用,個
スイッチ・コンセント,神保電器 NK USB付きコンセント（TypeA×2） ダークブラウン 2個用（並列）,個
スイッチ・コンセント,神保電器 NK USB付きコンセント（TypeA×2） ダークブラウン 3個用,個
スイッチ・コンセント,神保電器 NK USB付きコンセント（TypeA×2） ダークブラウン 4個用,個
スイッチ・コンセント,神保電器 NK USB付きコンセント（TypeA×2） ホワイト 1個用,個
スイッチ・コンセント,神保電器 NK USB付きコンセント（TypeA×2） ホワイト 2個用（並列）,個
スイッチ・コンセント,神保電器 NK USB付きコンセント（TypeA×2） ホワイト 3個用,個
スイッチ・コンセント,神保電器 NK USB付きコンセント（TypeA×2） ホワイト 4個用,個
スイッチ・コンセント,神保電器 NK USB付きコンセント（TypeA×2） マットブラック 1個用,個
スイッチ・コンセント,神保電器 NK USB付きコンセント（TypeA×2） マットブラック 2個用（並列）,個
スイッチ・コンセント,神保電器 NK USB付きコンセント（TypeA×2） マットブラック 3個用,個
スイッチ・コンセント,神保電器 NK USB付きコンセント（TypeA×2） マットブラック 4個用,個
スイッチ・コンセント,神保電器 NK USB付きコンセント（TypeA×2） ライトグレー 1個用,個
スイッチ・コンセント,神保電器 NK USB付きコンセント（TypeA×2） ライトグレー 2個用（並列）,個
スイッチ・コンセント,神保電器 NK USB付きコンセント（TypeA×2） ライトグレー 3個用,個
スイッチ・コンセント,神保電器 NK USB付きコンセント（TypeA×2） ライトグレー 4個用,個
スイッチ・コンセント,神保電器 NK アース付きコンセント2口 アイボリー 1個用,個
スイッチ・コンセント,神保電器 NK アース付きコンセント2口 アイボリー 2個用（並列）,個
スイッチ・コンセント,神保電器 NK アース付きコンセント2口 アイボリー 3個用,個
スイッチ・コンセント,神保電器 NK アース付きコンセント2口 アイボリー 4個用,個
スイッチ・コンセント,神保電器 NK アース付きコンセント2口 ダークブラウン 1個用,個
スイッチ・コンセント,神保電器 NK アース付きコンセント2口 ダークブラウン 2個用（並列）,個
スイッチ・コンセント,神保電器 NK アース付きコンセント2口 ダークブラウン 3個用,個
スイッチ・コンセント,神保電器 NK アース付きコンセント2口 ダークブラウン 4個用,個
スイッチ・コンセント,神保電器 NK アース付きコンセント2口 ホワイト 1個用,個
スイッチ・コンセント,神保電器 NK アース付きコンセント2口 ホワイト 2個用（並列）,個
スイッチ・コンセント,神保電器 NK アース付きコンセント2口 ホワイト 3個用,個
スイッチ・コンセント,神保電器 NK アース付きコンセント2口 ホワイト 4個用,個
スイッチ・コンセント,神保電器 NK アース付きコンセント2口 マットブラック 1個用,個
スイッチ・コンセント,神保電器 NK アース付きコンセント2口 マットブラック 2個用（並列）,個
スイッチ・コンセント,神保電器 NK アース付きコンセント2口 マットブラック 3個用,個
スイッチ・コンセント,神保電器 NK アース付きコンセント2口 マットブラック 4個用,個
スイッチ・コンセント,神保電器 NK アース付きコンセント2口 ライトグレー 1個用,個
スイッチ・コンセント,神保電器 NK アース付きコンセント2口 ライトグレー 2個用（並列）,個
スイッチ・コンセント,神保電器 NK アース付きコンセント2口 ライトグレー 3個用,個
スイッチ・コンセント,神保電器 NK アース付きコンセント2口 ライトグレー 4個用,個
スイッチ・コンセント,神保電器 NK エアコン専用 200V アイボリー 1個用,個
スイッチ・コンセント,神保電器 NK エアコン専用 200V アイボリー 2個用（並列）,個
スイッチ・コンセント,神保電器 NK エアコン専用 200V アイボリー 3個用,個
スイッチ・コンセント,神保電器 NK エアコン専用 200V アイボリー 4個用,個
スイッチ・コンセント,神保電器 NK エアコン専用 200V ダークブラウン 1個用,個
スイッチ・コンセント,神保電器 NK エアコン専用 200V ダークブラウン 2個用（並列）,個
スイッチ・コンセント,神保電器 NK エアコン専用 200V ダークブラウン 3個用,個
スイッチ・コンセント,神保電器 NK エアコン専用 200V ダークブラウン 4個用,個
スイッチ・コンセント,神保電器 NK エアコン専用 200V ホワイト 1個用,個
スイッチ・コンセント,神保電器 NK エアコン専用 200V ホワイト 2個用（並列）,個
スイッチ・コンセント,神保電器 NK エアコン専用 200V ホワイト 3個用,個
スイッチ・コンセント,神保電器 NK エアコン専用 200V ホワイト 4個用,個
スイッチ・コンセント,神保電器 NK エアコン専用 200V マットブラック 1個用,個
スイッチ・コンセント,神保電器 NK エアコン専用 200V マットブラック 2個用（並列）,個
スイッチ・コンセント,神保電器 NK エアコン専用 200V マットブラック 3個用,個
スイッチ・コンセント,神保電器 NK エアコン専用 200V マットブラック 4個用,個
スイッチ・コンセント,神保電器 NK エアコン専用 200V ライトグレー 1個用,個
スイッチ・コンセント,神保電器 NK エアコン専用 200V ライトグレー 2個用（並列）,個
スイッチ・コンセント,神保電器 NK エアコン専用 200V ライトグレー 3個用,個
スイッチ・コンセント,神保電器 NK エアコン専用 200V ライトグレー 4個用,個
スイッチ・コンセント,神保電器 NK コンセント NK-1,個
スイッチ・コンセント,神保電器 NK コンセント1口 アイボリー 1個用,個
スイッチ・コンセント,神保電器 NK コンセント1口 アイボリー 2個用（並列）,個
スイッチ・コンセント,神保電器 NK コンセント1口 ダークブラウン 1個用,個
スイッチ・コンセント,神保電器 NK コンセント1口 ダークブラウン 2個用（並列）,個
スイッチ・コンセント,神保電器 NK コンセント1口 ホワイト 1個用,個
スイッチ・コンセント,神保電器 NK コンセント1口 ホワイト 2個用（並列）,個
スイッチ・コンセント,神保電器 NK コンセント1口 マットブラック 1個用,個
スイッチ・コンセント,神保電器 NK コンセント1口 マットブラック 2個用（並列）,個
スイッチ・コンセント,神保電器 NK コンセント1口 ライトグレー 1個用,個
スイッチ・コンセント,神保電器 NK コンセント1口 ライトグレー 2個用（並列）,個
スイッチ・コンセント,神保電器 NK コンセント2口 アイボリー 1個用,個
スイッチ・コンセント,神保電器 NK コンセント2口 アイボリー 2個用（並列）,個
スイッチ・コンセント,神保電器 NK コンセント2口 アイボリー 3個用,個
スイッチ・コンセント,神保電器 NK コンセント2口 アイボリー 4個用,個
スイッチ・コンセント,神保電器 NK コンセント2口 ダークブラウン 1個用,個
スイッチ・コンセント,神保電器 NK コンセント2口 ダークブラウン 2個用（並列）,個
スイッチ・コンセント,神保電器 NK コンセント2口 ダークブラウン 3個用,個
スイッチ・コンセント,神保電器 NK コンセント2口 ダークブラウン 4個用,個
スイッチ・コンセント,神保電器 NK コンセント2口 ホワイト 1個用,個
スイッチ・コンセント,神保電器 NK コンセント2口 ホワイト 2個用（並列）,個
スイッチ・コンセント,神保電器 NK コンセント2口 ホワイト 3個用,個
スイッチ・コンセント,神保電器 NK コンセント2口 ホワイト 4個用,個
スイッチ・コンセント,神保電器 NK コンセント2口 マットブラック 1個用,個
スイッチ・コンセント,神保電器 NK コンセント2口 マットブラック 2個用（並列）,個
スイッチ・コンセント,神保電器 NK コンセント2口 マットブラック 3個用,個
スイッチ・コンセント,神保電器 NK コンセント2口 マットブラック 4個用,個
スイッチ・コンセント,神保電器 NK コンセント2口 ライトグレー 1個用,個
スイッチ・コンセント,神保電器 NK コンセント2口 ライトグレー 2個用（並列）,個
スイッチ・コンセント,神保電器 NK コンセント2口 ライトグレー 3個用,個
スイッチ・コンセント,神保電器 NK コンセント2口 ライトグレー 4個用,個
スイッチ・コンセント,神保電器 NK コンセント3口 アイボリー 1個用,個
スイッチ・コンセント,神保電器 NK コンセント3口 アイボリー 2個用（並列）,個
スイッチ・コンセント,神保電器 NK コンセント3口 アイボリー 3個用,個
スイッチ・コンセント,神保電器 NK コンセント3口 アイボリー 4個用,個
スイッチ・コンセント,神保電器 NK コンセント3口 ダークブラウン 1個用,個
スイッチ・コンセント,神保電器 NK コンセント3口 ダークブラウン 2個用（並列）,個
スイッチ・コンセント,神保電器 NK コンセント3口 ダークブラウン 3個用,個
スイッチ・コンセント,神保電器 NK コンセント3口 ダークブラウン 4個用,個
スイッチ・コンセント,神保電器 NK コンセント3口 ホワイト 1個用,個
スイッチ・コンセント,神保電器 NK コンセント3口 ホワイト 2個用（並列）,個
スイッチ・コンセント,神保電器 NK コンセント3口 ホワイト 3個用,個
スイッチ・コンセント,神保電器 NK コンセント3口 ホワイト 4個用,個
スイッチ・コンセント,神保電器 NK コンセント3口 マットブラック 1個用,個
スイッチ・コンセント,神保電器 NK コンセント3口 マットブラック 2個用（並列）,個
スイッチ・コンセント,神保電器 NK コンセント3口 マットブラック 3個用,個
スイッチ・コンセント,神保電器 NK コンセント3口 マットブラック 4個用,個
スイッチ・コンセント,神保電器 NK コンセント3口 ライトグレー 1個用,個
スイッチ・コンセント,神保電器 NK コンセント3口 ライトグレー 2個用（並列）,個
スイッチ・コンセント,神保電器 NK コンセント3口 ライトグレー 3個用,個
スイッチ・コンセント,神保電器 NK コンセント3口 ライトグレー 4個用,個
スイッチ・コンセント,神保電器 NK スイッチ,個
スイッチ・コンセント,神保電器 NK タイマースイッチ アイボリー 1個用,個
スイッチ・コンセント,神保電器 NK タイマースイッチ アイボリー 2個用（並列）,個
スイッチ・コンセント,神保電器 NK タイマースイッチ アイボリー 3個用,個
スイッチ・コンセント,神保電器 NK タイマースイッチ アイボリー 4個用,個
スイッチ・コンセント,神保電器 NK タイマースイッチ ダークブラウン 1個用,個
スイッチ・コンセント,神保電器 NK タイマースイッチ ダークブラウン 2個用（並列）,個
スイッチ・コンセント,神保電器 NK タイマースイッチ ダークブラウン 3個用,個
スイッチ・コンセント,神保電器 NK タイマースイッチ ダークブラウン 4個用,個
スイッチ・コンセント,神保電器 NK タイマースイッチ ホワイト 1個用,個
スイッチ・コンセント,神保電器 NK タイマースイッチ ホワイト 2個用（並列）,個
スイッチ・コンセント,神保電器 NK タイマースイッチ ホワイト 3個用,個
スイッチ・コンセント,神保電器 NK タイマースイッチ ホワイト 4個用,個
スイッチ・コンセント,神保電器 NK タイマースイッチ マットブラック 1個用,個
スイッチ・コンセント,神保電器 NK タイマースイッチ マットブラック 2個用（並列）,個
スイッチ・コンセント,神保電器 NK タイマースイッチ マットブラック 3個用,個
スイッチ・コンセント,神保電器 NK タイマースイッチ マットブラック 4個用,個
スイッチ・コンセント,神保電器 NK タイマースイッチ ライトグレー 1個用,個
スイッチ・コンセント,神保電器 NK タイマースイッチ ライトグレー 2個用（並列）,個
スイッチ・コンセント,神保電器 NK タイマースイッチ ライトグレー 3個用,個
スイッチ・コンセント,神保電器 NK タイマースイッチ ライトグレー 4個用,個
スイッチ・コンセント,神保電器 NK テレビ端子（直列ユニット） アイボリー 1個用,個
スイッチ・コンセント,神保電器 NK テレビ端子（直列ユニット） アイボリー 2個用（並列）,個
スイッチ・コンセント,神保電器 NK テレビ端子（直列ユニット） アイボリー 3個用,個
スイッチ・コンセント,神保電器 NK テレビ端子（直列ユニット） アイボリー 4個用,個
スイッチ・コンセント,神保電器 NK テレビ端子（直列ユニット） ダークブラウン 1個用,個
スイッチ・コンセント,神保電器 NK テレビ端子（直列ユニット） ダークブラウン 2個用（並列）,個
スイッチ・コンセント,神保電器 NK テレビ端子（直列ユニット） ダークブラウン 3個用,個
スイッチ・コンセント,神保電器 NK テレビ端子（直列ユニット） ダークブラウン 4個用,個
スイッチ・コンセント,神保電器 NK テレビ端子（直列ユニット） ホワイト 1個用,個
スイッチ・コンセント,神保電器 NK テレビ端子（直列ユニット） ホワイト 2個用（並列）,個
スイッチ・コンセント,神保電器 NK テレビ端子（直列ユニット） ホワイト 3個用,個
スイッチ・コンセント,神保電器 NK テレビ端子（直列ユニット） ホワイト 4個用,個
スイッチ・コンセント,神保電器 NK テレビ端子（直列ユニット） マットブラック 1個用,個
スイッチ・コンセント,神保電器 NK テレビ端子（直列ユニット） マットブラック 2個用（並列）,個
スイッチ・コンセント,神保電器 NK テレビ端子（直列ユニット） マットブラック 3個用,個
スイッチ・コンセント,神保電器 NK テレビ端子（直列ユニット） マットブラック 4個用,個
スイッチ・コンセント,神保電器 NK テレビ端子（直列ユニット） ライトグレー 1個用,個
スイッチ・コンセント,神保電器 NK テレビ端子（直列ユニット） ライトグレー 2個用（並列）,個
スイッチ・コンセント,神保電器 NK テレビ端子（直列ユニット） ライトグレー 3個用,個
スイッチ・コンセント,神保電器 NK テレビ端子（直列ユニット） ライトグレー 4個用,個
スイッチ・コンセント,神保電器 NK 接地3P 20A アイボリー 1個用,個
スイッチ・コンセント,神保電器 NK 接地3P 20A アイボリー 2個用（並列）,個
スイッチ・コンセント,神保電器 NK 接地3P 20A アイボリー 3個用,個
スイッチ・コンセント,神保電器 NK 接地3P 20A アイボリー 4個用,個
スイッチ・コンセント,神保電器 NK 接地3P 20A ダークブラウン 1個用,個
スイッチ・コンセント,神保電器 NK 接地3P 20A ダークブラウン 2個用（並列）,個
スイッチ・コンセント,神保電器 NK 接地3P 20A ダークブラウン 3個用,個
スイッチ・コンセント,神保電器 NK 接地3P 20A ダークブラウン 4個用,個
スイッチ・コンセント,神保電器 NK 接地3P 20A ホワイト 1個用,個
スイッチ・コンセント,神保電器 NK 接地3P 20A ホワイト 2個用（並列）,個
スイッチ・コンセント,神保電器 NK 接地3P 20A ホワイト 3個用,個
スイッチ・コンセント,神保電器 NK 接地3P 20A ホワイト 4個用,個
スイッチ・コンセント,神保電器 NK 接地3P 20A マットブラック 1個用,個
スイッチ・コンセント,神保電器 NK 接地3P 20A マットブラック 2個用（並列）,個
スイッチ・コンセント,神保電器 NK 接地3P 20A マットブラック 3個用,個
スイッチ・コンセント,神保電器 NK 接地3P 20A マットブラック 4個用,個
スイッチ・コンセント,神保電器 NK 接地3P 20A ライトグレー 1個用,個
スイッチ・コンセント,神保電器 NK 接地3P 20A ライトグレー 2個用（並列）,個
スイッチ・コンセント,神保電器 NK 接地3P 20A ライトグレー 3個用,個
スイッチ・コンセント,神保電器 NK 接地3P 20A ライトグレー 4個用,個
スイッチ・コンセント,神保電器 NK 熱線センサースイッチ アイボリー 1個用,個
スイッチ・コンセント,神保電器 NK 熱線センサースイッチ アイボリー 2個用（並列）,個
スイッチ・コンセント,神保電器 NK 熱線センサースイッチ アイボリー 3個用,個
スイッチ・コンセント,神保電器 NK 熱線センサースイッチ アイボリー 4個用,個
スイッチ・コンセント,神保電器 NK 熱線センサースイッチ ダークブラウン 1個用,個
スイッチ・コンセント,神保電器 NK 熱線センサースイッチ ダークブラウン 2個用（並列）,個
スイッチ・コンセント,神保電器 NK 熱線センサースイッチ ダークブラウン 3個用,個
スイッチ・コンセント,神保電器 NK 熱線センサースイッチ ダークブラウン 4個用,個
スイッチ・コンセント,神保電器 NK 熱線センサースイッチ ホワイト 1個用,個
スイッチ・コンセント,神保電器 NK 熱線センサースイッチ ホワイト 2個用（並列）,個
スイッチ・コンセント,神保電器 NK 熱線センサースイッチ ホワイト 3個用,個
スイッチ・コンセント,神保電器 NK 熱線センサースイッチ ホワイト 4個用,個
スイッチ・コンセント,神保電器 NK 熱線センサースイッチ マットブラック 1個用,個
スイッチ・コンセント,神保電器 NK 熱線センサースイッチ マットブラック 2個用（並列）,個
スイッチ・コンセント,神保電器 NK 熱線センサースイッチ マットブラック 3個用,個
スイッチ・コンセント,神保電器 NK 熱線センサースイッチ マットブラック 4個用,個
スイッチ・コンセント,神保電器 NK 熱線センサースイッチ ライトグレー 1個用,個
スイッチ・コンセント,神保電器 NK 熱線センサースイッチ ライトグレー 2個用（並列）,個
スイッチ・コンセント,神保電器 NK 熱線センサースイッチ ライトグレー 3個用,個
スイッチ・コンセント,神保電器 NK 熱線センサースイッチ ライトグレー 4個用,個
スイッチ・コンセント,神保電器 NK 片切スイッチ アイボリー 1個用,個
スイッチ・コンセント,神保電器 NK 片切スイッチ アイボリー 2個用（並列）,個
スイッチ・コンセント,神保電器 NK 片切スイッチ アイボリー 3個用,個
スイッチ・コンセント,神保電器 NK 片切スイッチ アイボリー 4個用,個
スイッチ・コンセント,神保電器 NK 片切スイッチ ダークブラウン 1個用,個
スイッチ・コンセント,神保電器 NK 片切スイッチ ダークブラウン 2個用（並列）,個
スイッチ・コンセント,神保電器 NK 片切スイッチ ダークブラウン 3個用,個
スイッチ・コンセント,神保電器 NK 片切スイッチ ダークブラウン 4個用,個
スイッチ・コンセント,神保電器 NK 片切スイッチ ホワイト 1個用,個
スイッチ・コンセント,神保電器 NK 片切スイッチ ホワイト 2個用（並列）,個
スイッチ・コンセント,神保電器 NK 片切スイッチ ホワイト 3個用,個
スイッチ・コンセント,神保電器 NK 片切スイッチ ホワイト 4個用,個
スイッチ・コンセント,神保電器 NK 片切スイッチ マットブラック 1個用,個
スイッチ・コンセント,神保電器 NK 片切スイッチ マットブラック 2個用（並列）,個
スイッチ・コンセント,神保電器 NK 片切スイッチ マットブラック 3個用,個
スイッチ・コンセント,神保電器 NK 片切スイッチ マットブラック 4個用,個
スイッチ・コンセント,神保電器 NK 片切スイッチ ライトグレー 1個用,個
スイッチ・コンセント,神保電器 NK 片切スイッチ ライトグレー 2個用（並列）,個
スイッチ・コンセント,神保電器 NK 片切スイッチ ライトグレー 3個用,個
スイッチ・コンセント,神保電器 NK 片切スイッチ ライトグレー 4個用,個
スイッチ・コンセント,神保電器 NK 調光スイッチ（LED対応） アイボリー 1個用,個
スイッチ・コンセント,神保電器 NK 調光スイッチ（LED対応） アイボリー 2個用（並列）,個
スイッチ・コンセント,神保電器 NK 調光スイッチ（LED対応） アイボリー 3個用,個
スイッチ・コンセント,神保電器 NK 調光スイッチ（LED対応） アイボリー 4個用,個
スイッチ・コンセント,神保電器 NK 調光スイッチ（LED対応） ダークブラウン 1個用,個
スイッチ・コンセント,神保電器 NK 調光スイッチ（LED対応） ダークブラウン 2個用（並列）,個
スイッチ・コンセント,神保電器 NK 調光スイッチ（LED対応） ダークブラウン 3個用,個
スイッチ・コンセント,神保電器 NK 調光スイッチ（LED対応） ダークブラウン 4個用,個
スイッチ・コンセント,神保電器 NK 調光スイッチ（LED対応） ホワイト 1個用,個
スイッチ・コンセント,神保電器 NK 調光スイッチ（LED対応） ホワイト 2個用（並列）,個
スイッチ・コンセント,神保電器 NK 調光スイッチ（LED対応） ホワイト 3個用,個
スイッチ・コンセント,神保電器 NK 調光スイッチ（LED対応） ホワイト 4個用,個
スイッチ・コンセント,神保電器 NK 調光スイッチ（LED対応） マットブラック 1個用,個
スイッチ・コンセント,神保電器 NK 調光スイッチ（LED対応） マットブラック 2個用（並列）,個
スイッチ・コンセント,神保電器 NK 調光スイッチ（LED対応） マットブラック 3個用,個
スイッチ・コンセント,神保電器 NK 調光スイッチ（LED対応） マットブラック 4個用,個
スイッチ・コンセント,神保電器 NK 調光スイッチ（LED対応） ライトグレー 1個用,個
スイッチ・コンセント,神保電器 NK 調光スイッチ（LED対応） ライトグレー 2個用（並列）,個
スイッチ・コンセント,神保電器 NK 調光スイッチ（LED対応） ライトグレー 3個用,個
スイッチ・コンセント,神保電器 NK 調光スイッチ（LED対応） ライトグレー 4個用,個
スイッチ・コンセント,神保電器 NK 調光スイッチ（白熱） アイボリー 1個用,個
スイッチ・コンセント,神保電器 NK 調光スイッチ（白熱） アイボリー 2個用（並列）,個
スイッチ・コンセント,神保電器 NK 調光スイッチ（白熱） アイボリー 3個用,個
スイッチ・コンセント,神保電器 NK 調光スイッチ（白熱） アイボリー 4個用,個
スイッチ・コンセント,神保電器 NK 調光スイッチ（白熱） ダークブラウン 1個用,個
スイッチ・コンセント,神保電器 NK 調光スイッチ（白熱） ダークブラウン 2個用（並列）,個
スイッチ・コンセント,神保電器 NK 調光スイッチ（白熱） ダークブラウン 3個用,個
スイッチ・コンセント,神保電器 NK 調光スイッチ（白熱） ダークブラウン 4個用,個
スイッチ・コンセント,神保電器 NK 調光スイッチ（白熱） ホワイト 1個用,個
スイッチ・コンセント,神保電器 NK 調光スイッチ（白熱） ホワイト 2個用（並列）,個
スイッチ・コンセント,神保電器 NK 調光スイッチ（白熱） ホワイト 3個用,個
スイッチ・コンセント,神保電器 NK 調光スイッチ（白熱） ホワイト 4個用,個
スイッチ・コンセント,神保電器 NK 調光スイッチ（白熱） マットブラック 1個用,個
スイッチ・コンセント,神保電器 NK 調光スイッチ（白熱） マットブラック 2個用（並列）,個
スイッチ・コンセント,神保電器 NK 調光スイッチ（白熱） マットブラック 3個用,個
スイッチ・コンセント,神保電器 NK 調光スイッチ（白熱） マットブラック 4個用,個
スイッチ・コンセント,神保電器 NK 調光スイッチ（白熱） ライトグレー 1個用,個
スイッチ・コンセント,神保電器 NK 調光スイッチ（白熱） ライトグレー 2個用（並列）,個
スイッチ・コンセント,神保電器 NK 調光スイッチ（白熱） ライトグレー 3個用,個
スイッチ・コンセント,神保電器 NK 調光スイッチ（白熱） ライトグレー 4個用,個
スイッチ・コンセント,神保電器 NK 防雨コンセント（屋外用） アイボリー 1個用,個
スイッチ・コンセント,神保電器 NK 防雨コンセント（屋外用） アイボリー 2個用（並列）,個
スイッチ・コンセント,神保電器 NK 防雨コンセント（屋外用） アイボリー 3個用,個
スイッチ・コンセント,神保電器 NK 防雨コンセント（屋外用） アイボリー 4個用,個
スイッチ・コンセント,神保電器 NK 防雨コンセント（屋外用） ダークブラウン 1個用,個
スイッチ・コンセント,神保電器 NK 防雨コンセント（屋外用） ダークブラウン 2個用（並列）,個
スイッチ・コンセント,神保電器 NK 防雨コンセント（屋外用） ダークブラウン 3個用,個
スイッチ・コンセント,神保電器 NK 防雨コンセント（屋外用） ダークブラウン 4個用,個
スイッチ・コンセント,神保電器 NK 防雨コンセント（屋外用） ホワイト 1個用,個
スイッチ・コンセント,神保電器 NK 防雨コンセント（屋外用） ホワイト 2個用（並列）,個
スイッチ・コンセント,神保電器 NK 防雨コンセント（屋外用） ホワイト 3個用,個
スイッチ・コンセント,神保電器 NK 防雨コンセント（屋外用） ホワイト 4個用,個
スイッチ・コンセント,神保電器 NK 防雨コンセント（屋外用） マットブラック 1個用,個
スイッチ・コンセント,神保電器 NK 防雨コンセント（屋外用） マットブラック 2個用（並列）,個
スイッチ・コンセント,神保電器 NK 防雨コンセント（屋外用） マットブラック 3個用,個
スイッチ・コンセント,神保電器 NK 防雨コンセント（屋外用） マットブラック 4個用,個
スイッチ・コンセント,神保電器 NK 防雨コンセント（屋外用） ライトグレー 1個用,個
スイッチ・コンセント,神保電器 NK 防雨コンセント（屋外用） ライトグレー 2個用（並列）,個
スイッチ・コンセント,神保電器 NK 防雨コンセント（屋外用） ライトグレー 3個用,個
スイッチ・コンセント,神保電器 NK 防雨コンセント（屋外用） ライトグレー 4個用,個
スイッチ・コンセント,神保電器 NK 電話モジュラージャック アイボリー 1個用,個
スイッチ・コンセント,神保電器 NK 電話モジュラージャック アイボリー 2個用（並列）,個
スイッチ・コンセント,神保電器 NK 電話モジュラージャック アイボリー 3個用,個
スイッチ・コンセント,神保電器 NK 電話モジュラージャック アイボリー 4個用,個
スイッチ・コンセント,神保電器 NK 電話モジュラージャック ダークブラウン 1個用,個
スイッチ・コンセント,神保電器 NK 電話モジュラージャック ダークブラウン 2個用（並列）,個
スイッチ・コンセント,神保電器 NK 電話モジュラージャック ダークブラウン 3個用,個
スイッチ・コンセント,神保電器 NK 電話モジュラージャック ダークブラウン 4個用,個
スイッチ・コンセント,神保電器 NK 電話モジュラージャック ホワイト 1個用,個
スイッチ・コンセント,神保電器 NK 電話モジュラージャック ホワイト 2個用（並列）,個
スイッチ・コンセント,神保電器 NK 電話モジュラージャック ホワイト 3個用,個
スイッチ・コンセント,神保電器 NK 電話モジュラージャック ホワイト 4個用,個
スイッチ・コンセント,神保電器 NK 電話モジュラージャック マットブラック 1個用,個
スイッチ・コンセント,神保電器 NK 電話モジュラージャック マットブラック 2個用（並列）,個
スイッチ・コンセント,神保電器 NK 電話モジュラージャック マットブラック 3個用,個
スイッチ・コンセント,神保電器 NK 電話モジュラージャック マットブラック 4個用,個
スイッチ・コンセント,神保電器 NK 電話モジュラージャック ライトグレー 1個用,個
スイッチ・コンセント,神保電器 NK 電話モジュラージャック ライトグレー 2個用（並列）,個
スイッチ・コンセント,神保電器 NK 電話モジュラージャック ライトグレー 3個用,個
スイッチ・コンセント,神保電器 NK 電話モジュラージャック ライトグレー 4個用,個
スイッチ・コンセント,神保電器 コンセント 2P 15A,個
スイッチ・コンセント,神保電器 コンセント 2P アース付き,個
スイッチ・コンセント,神保電器 コンセント EV用 20A,個
スイッチ・コンセント,神保電器 コンセント USB-A付き,個
スイッチ・コンセント,神保電器 コンセント USB-C付き,個
スイッチ・コンセント,神保電器 コンセント 防水型,個
スイッチ・コンセント,神保電器 スイッチ 3路,個
スイッチ・コンセント,神保電器 スイッチ 4路,個
スイッチ・コンセント,神保電器 スイッチ タイマー,個
スイッチ・コンセント,神保電器 スイッチ 片切 1口,個
スイッチ・コンセント,神保電器 スイッチ 片切 2口,個
スイッチ・コンセント,神保電器 スイッチ 調光器,個
スイッチ・コンセント,神保電器 テレビコンセント F型,個
スイッチ・コンセント,神保電器 電話コンセント,個
スポーツ・特殊床材,クライミングウォール（1m2）,m2
スポーツ・特殊床材,ゴム床（10mm 1m2）,m2
スポーツ・特殊床材,ゴム床（20mm 1m2）,m2
スポーツ・特殊床材,ゴム床（スポーツ用 20mm 1m2）,m2
スポーツ・特殊床材,スプリング床下地（1m2）,m2
スポーツ・特殊床材,ダンス用フローリング（15mm 1m2）,m2
スポーツ・特殊床材,テニスコート（1面 全天候型）,面
スポーツ・特殊床材,バスケットゴール（1基）,基
スポーツ・特殊床材,バドミントンコート ライン（1面）,面
スポーツ・特殊床材,バレエバー（壁付け 1m）,m
スポーツ・特殊床材,フットサルコート（1面）,面
スポーツ・特殊床材,畳（柔道場用 1m2）,m2
スポーツ・特殊床材,鏡張り（スポーツ施設 1m2）,m2
スポーツ・特殊床材,鏡（5mm 全面張り 材工 1m2）,m2
スポーツ・特殊床材,防音床（フローティング 1m2）,m2
リフォーム特有解体費,アスベスト除去費（1m2）,m2
リフォーム特有解体費,アスベスト非飛散除去（1m2）,m2
リフォーム特有解体費,エレベーター改修（1台）,台
リフォーム特有解体費,オートロック更新（1式）,式
リフォーム特有解体費,クロス張替（1m2）,m2
リフォーム特有解体費,サッシ内窓（インプラス 1枚）,枚
リフォーム特有解体費,フローリング上張り（1m2）,m2
リフォーム特有解体費,修繕積立金見直し診断,式
リフォーム特有解体費,共用廊下床塗装（1m2）,m2
リフォーム特有解体費,共用部照明LED化（1灯）,灯
リフォーム特有解体費,外壁補修 クラック注入（1m）,m
リフォーム特有解体費,外壁補修 タイル張替（1枚）,枚
リフォーム特有解体費,外壁補修 爆裂修繕（1箇所）,箇所
リフォーム特有解体費,宅配ボックス設置（4口）,台
リフォーム特有解体費,排水管更生（1m）,m
リフォーム特有解体費,断熱材追加（天井 1m2）,m2
リフォーム特有解体費,断熱材追加（床下 1m2）,m2
リフォーム特有解体費,既存エアコン撤去・処分 1台,台
リフォーム特有解体費,既存カーペット撤去・処分 1m²,m²
リフォーム特有解体費,既存キッチン撤去・処分（システムキッチン）,式
リフォーム特有解体費,既存キッチン撤去・処分（在来キッチン）,式
リフォーム特有解体費,既存クッションフロア撤去・処分 10m²,m²
リフォーム特有解体費,既存クッションフロア撤去・処分 1m²,m²
リフォーム特有解体費,既存クロス撤去 パテ処理込み 1m²,m²
リフォーム特有解体費,既存クロス撤去・処分 10m²,m²
リフォーム特有解体費,既存クロス撤去・処分 1m²,m²
リフォーム特有解体費,既存サッシ撤去・処分 1箇所（掃き出し）,箇所
リフォーム特有解体費,既存サッシ撤去・処分 1箇所（窓）,箇所
リフォーム特有解体費,既存サッシ撤去・処分（1箇所）,箇所
リフォーム特有解体費,既存タタミ撤去・処分 1枚,枚
リフォーム特有解体費,既存タタミ撤去・処分 6枚（1室）,式
リフォーム特有解体費,既存トイレ撤去・処分,式
リフォーム特有解体費,既存フローリング撤去・処分 10m²,m²
リフォーム特有解体費,既存フローリング撤去・処分 1m²,m²
リフォーム特有解体費,既存モルタル外壁 撤去・処分 1m²,m²
リフォーム特有解体費,既存ユニットバス解体・処分,式
リフォーム特有解体費,既存在来浴室解体・処分,式
リフォーム特有解体費,既存塀 ブロック撤去・処分 1m,m
リフォーム特有解体費,既存壁ボード撤去・処分 10m²,m²
リフォーム特有解体費,既存壁ボード撤去・処分 1m²,m²
リフォーム特有解体費,既存壁撤去・処分（1m2）,m2
リフォーム特有解体費,既存外壁サイディング撤去・処分 1m²,m²
リフォーム特有解体費,既存天井ボード撤去・処分 10m²,m²
リフォーム特有解体費,既存天井ボード撤去・処分 1m²,m²
リフォーム特有解体費,既存天井撤去・処分（1m²）,m²
リフォーム特有解体費,既存室内ドア撤去・処分 1枚,枚
リフォーム特有解体費,既存屋根撤去・処分（1m2）,m2
リフォーム特有解体費,既存屋根材 撤去・処分（スレート）1m²,m²
リフォーム特有解体費,既存屋根材 撤去・処分（瓦）1m²,m²
リフォーム特有解体費,既存床撤去・処分（1m2）,m2
リフォーム特有解体費,既存建具 引き戸撤去・処分 1枚,枚
リフォーム特有解体費,既存建具撤去・処分（1枚）,枚
リフォーム特有解体費,既存洗面台撤去・処分,式
リフォーム特有解体費,既存照明器具撤去・処分 1個,個
リフォーム特有解体費,既存玄関ドア撤去・処分 1式,式
リフォーム特有解体費,既存給湯器撤去・処分,式
リフォーム特有解体費,既存設備撤去（キッチン・浴室等）,式
リフォーム特有解体費,既存配管 排水管撤去 1m,m
リフォーム特有解体費,既存配管 給水管撤去 1m,m
リフォーム特有解体費,既存配管解体費（1m）,m
リフォーム特有解体費,既存門扉・フェンス撤去・処分 1m,m
リフォーム特有解体費,既存間仕切り壁 撤去・処分 1m²（LGS）,m²
リフォーム特有解体費,既存間仕切り壁 撤去・処分 1m²（木造）,m²
リフォーム特有解体費,既存電気温水器撤去・処分,式
リフォーム特有解体費,既存電気配線 撤去 1m,m
リフォーム特有解体費,石膏ボード張替（1m2）,m2
リフォーム特有解体費,給水管更生（1m）,m
リフォーム特有解体費,長期修繕計画作成費,式
リフォーム特有解体費,防水改修 バルコニー（1m2）,m2
リフォーム特有解体費,防水改修 屋上（1m2）,m2
リフォーム特有解体費,防音材（制振マット 1m2）,m2
リフォーム特有解体費,防音材（遮音シート 1m2）,m2
リフォーム特有解体費,駐輪場屋根設置（1台分）,台分
介護・バリアフリー,コーナーガード L型1m,本
介護・バリアフリー,スロープ用ノンスリップテープ,m
介護・バリアフリー,センサーライト 廊下用 フットライト,個
介護・バリアフリー,トイレ用手摺 固定式L型,セット
介護・バリアフリー,トイレ用手摺（L型）,セット
介護・バリアフリー,ドア レバーハンドル 介護用 大型,個
介護・バリアフリー,ドア 引き手交換 バー型 300mm,個
介護・バリアフリー,ノンスリップ 階段用 900mm ゴム製,本
介護・バリアフリー,バリアフリー床材 LL45 12mm（1m²）,m²
介護・バリアフリー,バリアフリー床材 ノーワックス 12mm（1m²）,m²
介護・バリアフリー,ベッドサイド手摺,個
介護・バリアフリー,ポータブルトイレ 標準,台
介護・バリアフリー,居室 床暖房 温水式 1m²,m²
介護・バリアフリー,居室 床暖房 電気式 1m²,m²
介護・バリアフリー,床段差スロープ アルミ1/7勾配1m,本
介護・バリアフリー,床段差スロープ 樹脂30mm,個
介護・バリアフリー,床段差スロープ（アルミ 1/7）,本
介護・バリアフリー,床用ウレタン緩衝材 5mm,m2
介護・バリアフリー,床用ノンスリップ 塩ビ製,m2
介護・バリアフリー,床用ノンスリップ（塩ビ）,m2
介護・バリアフリー,廊下用手摺 連続型3m,式
介護・バリアフリー,廊下用手摺（3m）,式
介護・バリアフリー,引き戸 オートクローズ機能付き 2枚建て W1650,組
介護・バリアフリー,引き戸 上吊り式（レールなし）W800,枚
介護・バリアフリー,引き戸 上吊り式（レールなし）W900,枚
介護・バリアフリー,手すり I型 φ32×1000mm ステンレス,本
介護・バリアフリー,手すり I型 φ32×600mm ステンレス,本
介護・バリアフリー,手すり I型 φ32×800mm ステンレス,本
介護・バリアフリー,手すり L型 φ32×600×600mm ステンレス,個
介護・バリアフリー,手すり L型 φ32×800×600mm ステンレス,個
介護・バリアフリー,手すり T型（座位サポート）φ32 ステンレス,個
介護・バリアフリー,手すり トイレ用 I型 φ32×600mm,本
介護・バリアフリー,手すり トイレ用 跳ね上げ式 φ32,個
介護・バリアフリー,手すり 斜め（階段用）φ32×1800mm,本
介護・バリアフリー,手すり 斜め（階段用）φ32×2400mm,本
介護・バリアフリー,手すり 浴室用 I型 φ32×700mm 樹脂被覆,本
介護・バリアフリー,手すり 浴室用 L型 φ32 樹脂被覆,個
介護・バリアフリー,手すり 連続（廊下用）φ32×3000mm,本
介護・バリアフリー,手すりブラケット φ32用 ステンレス（2個）,セット
介護・バリアフリー,手すりブラケット φ35用 ステンレス（2個）,セット
介護・バリアフリー,手すり端部キャップ φ32用（2個）,個
介護・バリアフリー,手摺 L型600×400,セット
介護・バリアフリー,手摺 直線型ステンレス35φ 1m,本
介護・バリアフリー,手摺 直線型樹脂35φ 1m,本
介護・バリアフリー,手摺 跳ね上げ式,個
介護・バリアフリー,手摺用ブラケット 壁固定,個
介護・バリアフリー,折り戸 軽量 浴室用 W600,枚
介護・バリアフリー,段差解消スロープ アルミ製 幅900mm 高さ100mm,個
介護・バリアフリー,段差解消スロープ アルミ製 幅900mm 高さ60mm,個
介護・バリアフリー,段差解消スロープ ゴム製 幅900mm 高さ20mm,個
介護・バリアフリー,段差解消スロープ ゴム製 幅900mm 高さ40mm,個
介護・バリアフリー,段差解消スロープ 玄関用 アルミ製 幅1200mm,個
介護・バリアフリー,段差解消機 電動20cm,台
介護・バリアフリー,浴室 すのこ 900×600mm ヒノキ,枚
介護・バリアフリー,浴室 シャワーチェア 高さ調整式,個
介護・バリアフリー,浴室 バスボード 入浴台 540mm,個
介護・バリアフリー,浴室 暖房乾燥機 1室換気タイプ,台
介護・バリアフリー,浴室 暖房乾燥機 3室換気タイプ,台
介護・バリアフリー,滑り止めシート 浴室用 900×900mm,枚
介護・バリアフリー,滑り止めテープ 25mm×5m 透明,巻
介護・バリアフリー,滑り止めテープ 50mm×5m 黄色（視認性）,巻
介護・バリアフリー,玄関 上がり框 段差解消 昇降機（電動）,台
介護・バリアフリー,玄関 上がり框 踏み台 高さ200mm,個
介護・バリアフリー,玄関 上がり框 踏み台 高さ300mm,個
介護・バリアフリー,玄関用踏み台,個
介護・バリアフリー,緊急呼び出しボタン,個
介護・バリアフリー,緊急呼び出し装置 トイレ用,個
介護・バリアフリー,緊急呼び出し装置 浴室用,個
介護・バリアフリー,自動ドア開閉センサー,個
介護・バリアフリー,自動水栓 センサー式,個
介護・バリアフリー,車椅子用スロープ 固定式2m,式
介護・バリアフリー,車椅子用スロープ（2m）,式
介護・バリアフリー,遠隔見守りカメラ 天井型,台
介護・バリアフリー,防音ドア T2等級,枚
介護・バリアフリー,階段昇降機 直線型,台
介護・バリアフリー,電動バスリフト,台
仮設・足場資材,AED（1台）,台
仮設・足場資材,くさび式足場（1m2月）,m2
仮設・足場資材,くさび緊結式足場 30坪1月,式
仮設・足場資材,くさび緊結式足場 30坪2月,式
仮設・足場資材,アスベスト事前調査（法定・専門機関）,式
仮設・足場資材,インパクトドライバー18V,台
仮設・足場資材,カラーコーン700mm,個
仮設・足場資材,カラーコーン用バー1.5m,本
仮設・足場資材,カラーコーン（1個）,個
仮設・足場資材,クランプ（直交）,個
仮設・足場資材,クランプ（自在）,個
仮設・足場資材,クリーニング（最終清掃）,式
仮設・足場資材,グラインダー125mm,台
仮設・足場資材,ゲート（手動 1基）,基
仮設・足場資材,ゲート（電動 1基）,基
仮設・足場資材,コンクリートポンプ車（1日）,日
仮設・足場資材,コンパネ12mm仮設用,枚
仮設・足場資材,コンパネ（12mm 3×6）仮設用,枚
仮設・足場資材,コンプレッサー（1日）,日
仮設・足場資材,コンベックス5.5m,本
仮設・足場資材,ジグソー標準,台
仮設・足場資材,スライド丸鋸標準,台
仮設・足場資材,ダンプ 10t（1日）,日
仮設・足場資材,ダンプ 4t（1日）,日
仮設・足場資材,チョーク墨壺30m,個
仮設・足場資材,テスターデジタル,台
仮設・足場資材,ドライバーセット6本組,式
仮設・足場資材,ドリルドライバー18V,台
仮設・足場資材,ハンマードリルSDS+標準,台
仮設・足場資材,バックホウ 0.25m3（1日）,日
仮設・足場資材,バックホウ 0.45m3（1日）,日
仮設・足場資材,バックホウ 0.7m3（1日）,日
仮設・足場資材,バリケード（1枚）,枚
仮設・足場資材,バール600mm,本
仮設・足場資材,フォークリフト 1t（1日）,日
仮設・足場資材,フルハーネス型安全帯（1式）,式
仮設・足場資材,ブルーシート（3.6m×5.4m）,枚
仮設・足場資材,プライヤー200mm,本
仮設・足場資材,ヘルメット ABS白,個
仮設・足場資材,マスカー（1000mm×25m）,本
仮設・足場資材,マスカー（300mm×25m）,本
仮設・足場資材,マスカー（550mm×25m）,本
仮設・足場資材,マスキングテープ（18mm×18m）,巻
仮設・足場資材,マスキングテープ（24mm×18m）,巻
仮設・足場資材,マスキングテープ（25mm×18m）,巻
仮設・足場資材,ミニユンボ 0.08m3（1日）,日
仮設・足場資材,メッシュシート（1m2）,m2
仮設・足場資材,モンキーレンチ250mm,本
仮設・足場資材,ラフタークレーン 25t（1日）,日
仮設・足場資材,ラフタークレーン 50t（1日）,日
仮設・足場資材,ランヤード（1本フック）,本
仮設・足場資材,ランヤード（2本フック）,本
仮設・足場資材,レーザー墨出し器4ライン,台
仮設・足場資材,レーザー墨出し器5ライン,台
仮設・足場資材,レーザー水平器 4方向,個
仮設・足場資材,ローリングタワー H3m,台
仮設・足場資材,丸鋸190mm,台
仮設・足場資材,仮囲いパネル H1800 1m,m
仮設・足場資材,仮囲いフェンス（1m）,m
仮設・足場資材,仮囲い板（1.8m×0.9m）,枚
仮設・足場資材,仮囲い設置・撤去（1m）,m
仮設・足場資材,仮囲い鋼板リース（1m2月）,m2/月
仮設・足場資材,仮囲い鋼板（1m×1.8m）,枚
仮設・足場資材,仮設エレベーター（1台月）,台
仮設・足場資材,仮設トイレ レンタル1月,基
仮設・足場資材,仮設トイレリース（2ヶ月）,台
仮設・足場資材,仮設トイレ（水洗 1台月）,台/月
仮設・足場資材,仮設トイレ（簡易 1台月）,台/月
仮設・足場資材,仮設事務所レンタル1月,基
仮設・足場資材,仮設事務所（3坪 1月）,月
仮設・足場資材,仮設事務所（6坪 1月）,月
仮設・足場資材,仮設手摺1m,本
仮設・足場資材,仮設水道 配管10m,式
仮設・足場資材,仮設電力 仮設盤30A,式
仮設・足場資材,仮設電力 仮設盤60A,式
仮設・足場資材,仮設電力（工事用分電盤）,式
仮設・足場資材,仮設電源引込（工事用 100V・200V）,式
仮設・足場資材,作業用手袋 ゴム引き（1双）,双
仮設・足場資材,作業用手袋 溶接用（1双）,双
仮設・足場資材,保護メガネ飛散防止,個
仮設・足場資材,六角レンチセット9本組,式
仮設・足場資材,単管クランプ 直交,個
仮設・足場資材,単管パイプ 4m,本
仮設・足場資材,単管パイプ φ42.7×1.0m,本
仮設・足場資材,単管パイプ φ42.7×1.5m,本
仮設・足場資材,単管パイプ φ42.7×2.0m,本
仮設・足場資材,単管パイプ φ42.7×2.5m,本
仮設・足場資材,単管パイプ φ42.7×3.0m,本
仮設・足場資材,単管パイプ φ42.7×3.5m,本
仮設・足場資材,単管パイプ φ42.7×4.0m,本
仮設・足場資材,単管パイプ φ42.7×5.0m,本
仮設・足場資材,単管パイプ φ42.7×6.0m,本
仮設・足場資材,単管パイプ φ48.6×1.0m,本
仮設・足場資材,単管パイプ φ48.6×1.5m,本
仮設・足場資材,単管パイプ φ48.6×2.0m,本
仮設・足場資材,単管パイプ φ48.6×2.5m,本
仮設・足場資材,単管パイプ φ48.6×3.0m,本
仮設・足場資材,単管パイプ φ48.6×3.5m,本
仮設・足場資材,単管パイプ φ48.6×4.0m,本
仮設・足場資材,単管パイプ φ48.6×5.0m,本
仮設・足場資材,単管パイプ φ48.6×6.0m,本
仮設・足場資材,単管パイプ φ60.5×1.0m,本
仮設・足場資材,単管パイプ φ60.5×1.5m,本
仮設・足場資材,単管パイプ φ60.5×2.0m,本
仮設・足場資材,単管パイプ φ60.5×2.5m,本
仮設・足場資材,単管パイプ φ60.5×3.0m,本
仮設・足場資材,単管パイプ φ60.5×3.5m,本
仮設・足場資材,単管パイプ φ60.5×4.0m,本
仮設・足場資材,単管パイプ φ60.5×5.0m,本
仮設・足場資材,単管パイプ φ60.5×6.0m,本
仮設・足場資材,単管パイプ（3m）,本
仮設・足場資材,単管足場 30坪1月,式
仮設・足場資材,単管足場（1m2月）,m2
仮設・足場資材,吊り足場 1m2/月,m2
仮設・足場資材,吊り足場（1m2）,m2
仮設・足場資材,大工用さしがね300mm,本
仮設・足場資材,安全ゴーグル,個
仮設・足場資材,安全ネット（1.8m×5.4m）,枚
仮設・足場資材,安全ベスト（反射材付き）,枚
仮設・足場資材,安全帯 フルハーネス型,個
仮設・足場資材,安全帽（ヘルメット 飛来落下用）,個
仮設・足場資材,安全靴 鋼芯,足
仮設・足場資材,安全靴（軽量 樹脂先芯）,足
仮設・足場資材,安全靴（鋼製先芯）,足
仮設・足場資材,工事中看板900×600,枚
仮設・足場資材,工事現場LED投光器 50W,個
仮設・足場資材,工事現場バリケード,個
仮設・足場資材,工事用LED投光器（50W）,個
仮設・足場資材,工事用ロープ（1m）,m
仮設・足場資材,工事用仮囲い 鋼板1.8×0.9m,枚
仮設・足場資材,工事用仮囲い鋼板1.8m×0.9m,枚
仮設・足場資材,工事用仮設水道,式
仮設・足場資材,工事看板（建設業法・建確表示）,枚
仮設・足場資材,工具箱スチール大型,個
仮設・足場資材,床養生 プラベニヤ（1m×1.8m）,枚
仮設・足場資材,建設リサイクル法届出手数料,式
仮設・足場資材,救急箱（現場用）,式
仮設・足場資材,朝顔（飛散防止 1m2）,m2
仮設・足場資材,枠組み足場 30坪1月,式
仮設・足場資材,枠組足場 アームロック,組
仮設・足場資材,枠組足場 ジャッキ 300〜600mm,組
仮設・足場資材,枠組足場 布枠 W900×L1800,組
仮設・足場資材,枠組足場 建枠 W1200×H1700,組
仮設・足場資材,枠組足場 建枠 W900×H1700（1セット）,組
仮設・足場資材,枠組足場 筋交い W1200用,組
仮設・足場資材,枠組足場 筋交い W900用,組
仮設・足場資材,枠組足場 連結ピン,組
仮設・足場資材,枠組足場（1m2月）,m2
仮設・足場資材,検電器低圧用,個
仮設・足場資材,水平器600mmアルミ,本
仮設・足場資材,溶接機インバータ100V,台
仮設・足場資材,玄翁240g,本
仮設・足場資材,現場管理費（工事費の3〜8%）,式
仮設・足場資材,産廃マニフェスト発行費（1回）,回
仮設・足場資材,発電機（2kVA 1日）,日
仮設・足場資材,発電機（5kVA 1日）,日
仮設・足場資材,立入禁止テープ50m,巻
仮設・足場資材,耐切創手袋（1双）,双
仮設・足場資材,脚立6段アルミ,台
仮設・足場資材,蛍光ベスト,枚
仮設・足場資材,蛍光ベスト 高視認,枚
仮設・足場資材,解体袋（土嚢袋）,枚
仮設・足場資材,足場クランプ 単管ジョイント,個
仮設・足場資材,足場クランプ 壁つなぎ 端太角用,個
仮設・足場資材,足場クランプ 壁つなぎ（芯材付き）,個
仮設・足場資材,足場クランプ 番線（#8 1kg）,個
仮設・足場資材,足場クランプ 直交クランプ（固定）,個
仮設・足場資材,足場クランプ 直交三連クランプ,個
仮設・足場資材,足場クランプ 緊結金具 ボルト付き,個
仮設・足場資材,足場クランプ 自在クランプ（回転）,個
仮設・足場資材,足場クランプ 自在三連クランプ,個
仮設・足場資材,足場クランプ 重ね継ぎジョイント,個
仮設・足場資材,足場ジャッキ アジャスタブルベース（スクリュー式）,個
仮設・足場資材,足場ジャッキ キャスター付きベース（移動式足場）,個
仮設・足場資材,足場ジャッキ ジャッキベース φ48.6 調整範囲300〜600mm,個
仮設・足場資材,足場ジャッキ ジャッキベース φ48.6 調整範囲600〜1000mm,個
仮設・足場資材,足場ジャッキ 根がらみクランプ,個
仮設・足場資材,足場板（3m）,枚
仮設・足場資材,足場設置・撤去費（1m2）,m2
仮設・足場資材,足場踏板 アルミ踏板 W240×L1829mm,枚
仮設・足場資材,足場踏板 ポリシート（防音・防塵）1.8m×50m,枚
仮設・足場資材,足場踏板 布板（木製踏板）W240×L2000mm,枚
仮設・足場資材,足場踏板 朝顔（落下物防止）1.8m×1スパン,枚
仮設・足場資材,足場踏板 鋼製踏板 W300×L1829mm,枚
仮設・足場資材,足場踏板 鋼製踏板 W400×L1829mm,枚
仮設・足場資材,足場踏板 鋼製踏板（アンチ）W240×L1829mm,枚
仮設・足場資材,足場踏板 飛散防止シート（メッシュ）1m×50m,枚
仮設・足場資材,足場踏板 養生ネット（ラッセル）1.8m×5.4m,枚
仮設・足場資材,近隣挨拶費用（菓子折り×15件）,式
仮設・足場資材,近隣養生シート（隣地飛散防止 50m×1.8m）,枚
仮設・足場資材,長尺メジャー30m,本
仮設・足場資材,防塵マスク N95 10枚,箱
仮設・足場資材,防塵マスク N95（20枚入）,箱
仮設・足場資材,防振手袋（1双）,双
仮設・足場資材,防毒マスク用吸収缶（1個）,個
仮設・足場資材,防毒マスク（1式）,式
仮設・足場資材,階段養生材（1段分）,段
仮設・足場資材,電動カンナ82mm,台
仮設・足場資材,電動サンダー125mm,台
仮設・足場資材,電工ナイフ折込,本
仮設・足場資材,飛散防止ネット（足場外周 1m×50m）,本
仮設・足場資材,飛散防止メッシュ 1.8×5.4m,枚
仮設・足場資材,養生シート 透明（1m×100m）,巻
仮設・足場資材,養生シート 防炎（1m×50m）,巻
仮設・足場資材,養生シート防炎 1.8×5.4m,枚
仮設・足場資材,養生シート（1.8m×1.8m）,枚
仮設・足場資材,養生シート（3.6m×5.4m）,枚
仮設・足場資材,養生シート（ブルーシート #3000）,枚
仮設・足場資材,養生テープ 布（50mm×25m）,巻
仮設・足場資材,養生テープ白50mm×25m,巻
仮設・足場資材,養生テープ（50mm×25m）,巻
仮設・足場資材,養生ネット（1m2）,m2
仮設・足場資材,高圧洗浄機（1日）,日
仮設・足場資材,高所作業台折りたたみ,台
仮設・足場資材,高所作業車 10m 1日,日
仮設・足場資材,高所作業車 12m（1日）,日
仮設・足場資材,高所作業車 15m 1日,日
仮設・足場資材,高所作業車 9m（1日）,日
内装下地材,MGO高強度ボード 10mm 3×9,枚
内装下地材,MGO高強度ボード 6mm 3×9,枚
内装下地材,MGO高強度ボード 8mm 3×9,枚
内装下地材,ガラス繊維入り強化 12.5mm 3×6,枚
内装下地材,ガラス繊維入り強化 12.5mm 3×9,枚
内装下地材,ガラス繊維入り強化 15mm 3×6,枚
内装下地材,ガラス繊維入り強化 15mm 3×9,枚
内装下地材,ケイ酸カルシウム板 10mm 3×6,枚
内装下地材,ケイ酸カルシウム板 10mm 3×9,枚
内装下地材,ケイ酸カルシウム板 4mm 3×9,枚
内装下地材,ケイ酸カルシウム板 6mm 3×6,枚
内装下地材,ケイ酸カルシウム板 6mm 3×9,枚
内装下地材,ケイ酸カルシウム板 8mm 3×6,枚
内装下地材,ケイ酸カルシウム板 8mm 3×9,枚
内装下地材,チヨダグリーンボード 12.5mm 3×9,枚
内装下地材,チヨダグリーンボード 9.5mm 3×9,枚
内装下地材,フレキシブルボード 4mm 3×9,枚
内装下地材,フレキシブルボード 6mm 3×9,枚
内装下地材,フレキシブルボード 8mm 3×9,枚
内装下地材,吉野石膏タイガーボード 12.5mm 3×6,枚
内装下地材,吉野石膏タイガーボード 12.5mm 3×9,枚
内装下地材,吉野石膏タイガーボード 15mm 3×6,枚
内装下地材,吉野石膏タイガーボード 15mm 3×9,枚
内装下地材,強化石膏ボード 12.5mm 3×9,枚
内装下地材,強化石膏ボード 15mm 3×9,枚
内装下地材,強化石膏ボード 15mm 910×1820mm,枚
内装下地材,強化石膏ボード 21mm 3×9,枚
内装下地材,標準石膏ボード 12.5mm 3×6,枚
内装下地材,標準石膏ボード 12.5mm 3×9,枚
内装下地材,標準石膏ボード 15mm 3×6,枚
内装下地材,標準石膏ボード 15mm 3×9,枚
内装下地材,標準石膏ボード 21mm 3×6,枚
内装下地材,標準石膏ボード 21mm 3×9,枚
内装下地材,標準石膏ボード 9.5mm 3×6,枚
内装下地材,標準石膏ボード 9.5mm 3×9,枚
内装下地材,石膏ボード 12.5mm 910×1820mm,枚
内装下地材,石膏ボード 9.5mm 910×1820mm,枚
内装下地材,石膏ボード（標準） 12.5mm 3×9,枚
内装下地材,石膏ボード（標準） 15mm 3×9,枚
内装下地材,石膏ボード（標準） 21mm 3×9,枚
内装下地材,石膏ボード（標準） 9.5mm 3×9,枚
内装下地材,石膏ボード（耐火） 12.5mm 3×9,枚
内装下地材,石膏ボード（耐火） 15mm 3×9,枚
内装下地材,石膏ボード（耐火） 21mm 3×9,枚
内装下地材,石膏ボード（防水） 12.5mm 3×9,枚
内装下地材,石膏ボード（防水） 9.5mm 3×9,枚
内装下地材,耐水石膏ボード 12.5mm 910×1820mm,枚
内装下地材,耐火石膏ボード 12.5mm 3×6,枚
内装下地材,耐火石膏ボード 12.5mm 3×9,枚
内装下地材,耐火石膏ボード 15mm 3×6,枚
内装下地材,耐火石膏ボード 15mm 3×9,枚
内装下地材,耐火石膏ボード 21mm 3×6,枚
内装下地材,耐火石膏ボード 21mm 3×9,枚
内装下地材,防水石膏ボード 12.5mm 3×6,枚
内装下地材,防水石膏ボード 12.5mm 3×9,枚
内装下地材,防水石膏ボード 9.5mm 3×6,枚
内装下地材,防水石膏ボード 9.5mm 3×9,枚
厨房設備,ウォーターサーバー（業務用）,台
厨房設備,エイシン（厨房） CO2・CO警報器（厨房用）,台
厨房設備,エイシン（厨房） グリスフィルター 610×610mm,台
厨房設備,エイシン（厨房） グリスフィルター 洗浄機,台
厨房設備,エイシン（厨房） グリドル（鉄板焼き 600mm）,台
厨房設備,エイシン（厨房） スチームコンベクション 10段,台
厨房設備,エイシン（厨房） スチームコンベクションオーブン 6段,台
厨房設備,エイシン（厨房） ステンレスシンク 2槽 1200mm,台
厨房設備,エイシン（厨房） ステンレスシンク 3槽 1800mm,台
厨房設備,エイシン（厨房） ステンレス作業台 1200×600×800mm,台
厨房設備,エイシン（厨房） ステンレス作業台 1800×600×800mm,台
厨房設備,エイシン（厨房） フライヤー 床置き 15L×2槽,台
厨房設備,エイシン（厨房） フライヤー（卓上 8L）,台
厨房設備,エイシン（厨房） 厨房フード（エコタイプ 省エネ）,台
厨房設備,エイシン（厨房） 厨房フード（排気フード 1800mm）,台
厨房設備,エイシン（厨房） 排気ダクト 角型 400×200mm（1m）,台
厨房設備,エイシン（厨房） 業務用IHレンジ 2口（600mm）,台
厨房設備,エイシン（厨房） 業務用ガスレンジ 3口（750mm幅）,台
厨房設備,エイシン（厨房） 業務用ガスレンジ 4口（900mm幅）,台
厨房設備,エイシン（厨房） 業務用ガスレンジ 6口+オーブン,台
厨房設備,エイシン（厨房） 業務用ショーケース 1200mm,台
厨房設備,エイシン（厨房） 業務用冷凍冷蔵庫 コールドテーブル,台
厨房設備,エイシン（厨房） 業務用冷凍庫 縦型 600L,台
厨房設備,エイシン（厨房） 業務用冷蔵庫 縦型 1200L,台
厨房設備,エイシン（厨房） 業務用冷蔵庫 縦型 600L,台
厨房設備,エイシン（厨房） 炊飯器 業務用（5升炊き）,台
厨房設備,エイシン（厨房） 製氷機 日産100kg（大型）,台
厨房設備,エイシン（厨房） 製氷機 日産50kg,台
厨房設備,エイシン（厨房） 電子レンジ 業務用 1600W,台
厨房設備,エイシン（厨房） 食器洗浄機 アンダーカウンター,台
厨房設備,エイシン（厨房） 食器洗浄機（ドアタイプ）,台
厨房設備,コーヒーマシン（業務用 全自動）,台
厨房設備,ステンレス作業台（W1200×D600×H800）,台
厨房設備,ステンレス流し台（W1200）,台
厨房設備,スライサー（業務用）,台
厨房設備,タニコー CO2・CO警報器（厨房用）,台
厨房設備,タニコー グリスフィルター 610×610mm,台
厨房設備,タニコー グリスフィルター 洗浄機,台
厨房設備,タニコー グリドル（鉄板焼き 600mm）,台
厨房設備,タニコー スチームコンベクション 10段,台
厨房設備,タニコー スチームコンベクションオーブン 6段,台
厨房設備,タニコー ステンレスシンク 2槽 1200mm,台
厨房設備,タニコー ステンレスシンク 3槽 1800mm,台
厨房設備,タニコー ステンレス作業台 1200×600×800mm,台
厨房設備,タニコー ステンレス作業台 1800×600×800mm,台
厨房設備,タニコー フライヤー 床置き 15L×2槽,台
厨房設備,タニコー フライヤー（卓上 8L）,台
厨房設備,タニコー 厨房フード（エコタイプ 省エネ）,台
厨房設備,タニコー 厨房フード（排気フード 1800mm）,台
厨房設備,タニコー 排気ダクト 角型 400×200mm（1m）,台
厨房設備,タニコー 業務用IHレンジ 2口（600mm）,台
厨房設備,タニコー 業務用ガスレンジ 3口（750mm幅）,台
厨房設備,タニコー 業務用ガスレンジ 4口（900mm幅）,台
厨房設備,タニコー 業務用ガスレンジ 6口+オーブン,台
厨房設備,タニコー 業務用ショーケース 1200mm,台
厨房設備,タニコー 業務用冷凍冷蔵庫 コールドテーブル,台
厨房設備,タニコー 業務用冷凍庫 縦型 600L,台
厨房設備,タニコー 業務用冷蔵庫 縦型 1200L,台
厨房設備,タニコー 業務用冷蔵庫 縦型 600L,台
厨房設備,タニコー 炊飯器 業務用（5升炊き）,台
厨房設備,タニコー 製氷機 日産100kg（大型）,台
厨房設備,タニコー 製氷機 日産50kg,台
厨房設備,タニコー 電子レンジ 業務用 1600W,台
厨房設備,タニコー 食器洗浄機 アンダーカウンター,台
厨房設備,タニコー 食器洗浄機（ドアタイプ）,台
厨房設備,パナソニック（厨房） CO2・CO警報器（厨房用）,台
厨房設備,パナソニック（厨房） グリスフィルター 610×610mm,台
厨房設備,パナソニック（厨房） グリスフィルター 洗浄機,台
厨房設備,パナソニック（厨房） グリドル（鉄板焼き 600mm）,台
厨房設備,パナソニック（厨房） スチームコンベクション 10段,台
厨房設備,パナソニック（厨房） スチームコンベクションオーブン 6段,台
厨房設備,パナソニック（厨房） ステンレスシンク 2槽 1200mm,台
厨房設備,パナソニック（厨房） ステンレスシンク 3槽 1800mm,台
厨房設備,パナソニック（厨房） ステンレス作業台 1200×600×800mm,台
厨房設備,パナソニック（厨房） ステンレス作業台 1800×600×800mm,台
厨房設備,パナソニック（厨房） フライヤー 床置き 15L×2槽,台
厨房設備,パナソニック（厨房） フライヤー（卓上 8L）,台
厨房設備,パナソニック（厨房） 厨房フード（エコタイプ 省エネ）,台
厨房設備,パナソニック（厨房） 厨房フード（排気フード 1800mm）,台
厨房設備,パナソニック（厨房） 排気ダクト 角型 400×200mm（1m）,台
厨房設備,パナソニック（厨房） 業務用IHレンジ 2口（600mm）,台
厨房設備,パナソニック（厨房） 業務用ガスレンジ 3口（750mm幅）,台
厨房設備,パナソニック（厨房） 業務用ガスレンジ 4口（900mm幅）,台
厨房設備,パナソニック（厨房） 業務用ガスレンジ 6口+オーブン,台
厨房設備,パナソニック（厨房） 業務用ショーケース 1200mm,台
厨房設備,パナソニック（厨房） 業務用冷凍冷蔵庫 コールドテーブル,台
厨房設備,パナソニック（厨房） 業務用冷凍庫 縦型 600L,台
厨房設備,パナソニック（厨房） 業務用冷蔵庫 縦型 1200L,台
厨房設備,パナソニック（厨房） 業務用冷蔵庫 縦型 600L,台
厨房設備,パナソニック（厨房） 炊飯器 業務用（5升炊き）,台
厨房設備,パナソニック（厨房） 製氷機 日産100kg（大型）,台
厨房設備,パナソニック（厨房） 製氷機 日産50kg,台
厨房設備,パナソニック（厨房） 電子レンジ 業務用 1600W,台
厨房設備,パナソニック（厨房） 食器洗浄機 アンダーカウンター,台
厨房設備,パナソニック（厨房） 食器洗浄機（ドアタイプ）,台
厨房設備,フジマック CO2・CO警報器（厨房用）,台
厨房設備,フジマック グリスフィルター 610×610mm,台
厨房設備,フジマック グリスフィルター 洗浄機,台
厨房設備,フジマック グリドル（鉄板焼き 600mm）,台
厨房設備,フジマック スチームコンベクション 10段,台
厨房設備,フジマック スチームコンベクションオーブン 6段,台
厨房設備,フジマック ステンレスシンク 2槽 1200mm,台
厨房設備,フジマック ステンレスシンク 3槽 1800mm,台
厨房設備,フジマック ステンレス作業台 1200×600×800mm,台
厨房設備,フジマック ステンレス作業台 1800×600×800mm,台
厨房設備,フジマック フライヤー 床置き 15L×2槽,台
厨房設備,フジマック フライヤー（卓上 8L）,台
厨房設備,フジマック 厨房フード（エコタイプ 省エネ）,台
厨房設備,フジマック 厨房フード（排気フード 1800mm）,台
厨房設備,フジマック 排気ダクト 角型 400×200mm（1m）,台
厨房設備,フジマック 業務用IHレンジ 2口（600mm）,台
厨房設備,フジマック 業務用ガスレンジ 3口（750mm幅）,台
厨房設備,フジマック 業務用ガスレンジ 4口（900mm幅）,台
厨房設備,フジマック 業務用ガスレンジ 6口+オーブン,台
厨房設備,フジマック 業務用ショーケース 1200mm,台
厨房設備,フジマック 業務用冷凍冷蔵庫 コールドテーブル,台
厨房設備,フジマック 業務用冷凍庫 縦型 600L,台
厨房設備,フジマック 業務用冷蔵庫 縦型 1200L,台
厨房設備,フジマック 業務用冷蔵庫 縦型 600L,台
厨房設備,フジマック 炊飯器 業務用（5升炊き）,台
厨房設備,フジマック 製氷機 日産100kg（大型）,台
厨房設備,フジマック 製氷機 日産50kg,台
厨房設備,フジマック 電子レンジ 業務用 1600W,台
厨房設備,フジマック 食器洗浄機 アンダーカウンター,台
厨房設備,フジマック 食器洗浄機（ドアタイプ）,台
厨房設備,ホシザキ CO2・CO警報器（厨房用）,台
厨房設備,ホシザキ グリスフィルター 610×610mm,台
厨房設備,ホシザキ グリスフィルター 洗浄機,台
厨房設備,ホシザキ グリドル（鉄板焼き 600mm）,台
厨房設備,ホシザキ スチームコンベクション 10段,台
厨房設備,ホシザキ スチームコンベクションオーブン 6段,台
厨房設備,ホシザキ ステンレスシンク 2槽 1200mm,台
厨房設備,ホシザキ ステンレスシンク 3槽 1800mm,台
厨房設備,ホシザキ ステンレス作業台 1200×600×800mm,台
厨房設備,ホシザキ ステンレス作業台 1800×600×800mm,台
厨房設備,ホシザキ フライヤー 床置き 15L×2槽,台
厨房設備,ホシザキ フライヤー（卓上 8L）,台
厨房設備,ホシザキ 厨房フード（エコタイプ 省エネ）,台
厨房設備,ホシザキ 厨房フード（排気フード 1800mm）,台
厨房設備,ホシザキ 排気ダクト 角型 400×200mm（1m）,台
厨房設備,ホシザキ 業務用IHレンジ 2口（600mm）,台
厨房設備,ホシザキ 業務用ガスレンジ 3口（750mm幅）,台
厨房設備,ホシザキ 業務用ガスレンジ 4口（900mm幅）,台
厨房設備,ホシザキ 業務用ガスレンジ 6口+オーブン,台
厨房設備,ホシザキ 業務用ショーケース 1200mm,台
厨房設備,ホシザキ 業務用冷凍冷蔵庫 コールドテーブル,台
厨房設備,ホシザキ 業務用冷凍庫 縦型 600L,台
厨房設備,ホシザキ 業務用冷蔵庫 縦型 1200L,台
厨房設備,ホシザキ 業務用冷蔵庫 縦型 600L,台
厨房設備,ホシザキ 炊飯器 業務用（5升炊き）,台
厨房設備,ホシザキ 製氷機 日産100kg（大型）,台
厨房設備,ホシザキ 製氷機 日産50kg,台
厨房設備,ホシザキ 電子レンジ 業務用 1600W,台
厨房設備,ホシザキ 食器洗浄機 アンダーカウンター,台
厨房設備,ホシザキ 食器洗浄機（ドアタイプ）,台
厨房設備,マルゼン CO2・CO警報器（厨房用）,台
厨房設備,マルゼン グリスフィルター 610×610mm,台
厨房設備,マルゼン グリスフィルター 洗浄機,台
厨房設備,マルゼン グリドル（鉄板焼き 600mm）,台
厨房設備,マルゼン スチームコンベクション 10段,台
厨房設備,マルゼン スチームコンベクションオーブン 6段,台
厨房設備,マルゼン ステンレスシンク 2槽 1200mm,台
厨房設備,マルゼン ステンレスシンク 3槽 1800mm,台
厨房設備,マルゼン ステンレス作業台 1200×600×800mm,台
厨房設備,マルゼン ステンレス作業台 1800×600×800mm,台
厨房設備,マルゼン フライヤー 床置き 15L×2槽,台
厨房設備,マルゼン フライヤー（卓上 8L）,台
厨房設備,マルゼン 厨房フード（エコタイプ 省エネ）,台
厨房設備,マルゼン 厨房フード（排気フード 1800mm）,台
厨房設備,マルゼン 排気ダクト 角型 400×200mm（1m）,台
厨房設備,マルゼン 業務用IHレンジ 2口（600mm）,台
厨房設備,マルゼン 業務用ガスレンジ 3口（750mm幅）,台
厨房設備,マルゼン 業務用ガスレンジ 4口（900mm幅）,台
厨房設備,マルゼン 業務用ガスレンジ 6口+オーブン,台
厨房設備,マルゼン 業務用ショーケース 1200mm,台
厨房設備,マルゼン 業務用冷凍冷蔵庫 コールドテーブル,台
厨房設備,マルゼン 業務用冷凍庫 縦型 600L,台
厨房設備,マルゼン 業務用冷蔵庫 縦型 1200L,台
厨房設備,マルゼン 業務用冷蔵庫 縦型 600L,台
厨房設備,マルゼン 炊飯器 業務用（5升炊き）,台
厨房設備,マルゼン 製氷機 日産100kg（大型）,台
厨房設備,マルゼン 製氷機 日産50kg,台
厨房設備,マルゼン 電子レンジ 業務用 1600W,台
厨房設備,マルゼン 食器洗浄機 アンダーカウンター,台
厨房設備,マルゼン 食器洗浄機（ドアタイプ）,台
厨房設備,ミキサー（業務用 20L）,台
厨房設備,業務用ガスレンジ 2口（ホシザキ）,台
厨房設備,業務用ガスレンジ 4口（ホシザキ）,台
厨房設備,業務用コンベクションオーブン,台
厨房設備,業務用コールドテーブル（W1200）,台
厨房設備,業務用スチームコンベクション,台
厨房設備,業務用フライヤー（卓上）,台
厨房設備,業務用フライヤー（床置き）,台
厨房設備,業務用冷凍庫 縦型（ホシザキ 400L）,台
厨房設備,業務用冷蔵庫 縦型（ホシザキ 400L）,台
厨房設備,業務用製氷機（35kg/日 ホシザキ）,台
厨房設備,業務用製氷機（60kg/日）,台
厨房設備,業務用食器洗浄機（アンダーカウンター）,台
厨房設備,業務用食器洗浄機（ドアタイプ）,台
厨房設備,真空包装機（業務用）,台
和室造作（床の間・仏壇・神棚・書院・欄間）,京都造作（和室） 仏壇 モダン仏壇（現代型）,式
和室造作（床の間・仏壇・神棚・書院・欄間）,京都造作（和室） 仏壇 収納仏壇（クローゼット型）,式
和室造作（床の間・仏壇・神棚・書院・欄間）,京都造作（和室） 仏壇 唐木仏壇（黒檀・紫檀）中型,式
和室造作（床の間・仏壇・神棚・書院・欄間）,京都造作（和室） 仏壇 金仏壇 大型（H1800mm）,式
和室造作（床の間・仏壇・神棚・書院・欄間）,京都造作（和室） 床の間 本床（床柱・床框・落し掛け・床板）,式
和室造作（床の間・仏壇・神棚・書院・欄間）,京都造作（和室） 床の間 琵琶床（袋棚付き）,式
和室造作（床の間・仏壇・神棚・書院・欄間）,京都造作（和室） 床の間 踏込床（框なし シンプル）,式
和室造作（床の間・仏壇・神棚・書院・欄間）,京都造作（和室） 床板（とこいた）杉 無節 900×1820×30mm,式
和室造作（床の間・仏壇・神棚・書院・欄間）,京都造作（和室） 床柱 磨き丸太 杉（H2700mm）,式
和室造作（床の間・仏壇・神棚・書院・欄間）,京都造作（和室） 床柱 角柱 桧 105×105×2700,式
和室造作（床の間・仏壇・神棚・書院・欄間）,京都造作（和室） 床框（とこがまち）黒檀 1820mm,式
和室造作（床の間・仏壇・神棚・書院・欄間）,京都造作（和室） 書院（しょいん）出窓タイプ 造作,式
和室造作（床の間・仏壇・神棚・書院・欄間）,京都造作（和室） 本畳 建材床 セキスイ目積表 1枚,式
和室造作（床の間・仏壇・神棚・書院・欄間）,京都造作（和室） 本畳 稲わら床 備後表 1枚,式
和室造作（床の間・仏壇・神棚・書院・欄間）,京都造作（和室） 欄間 組子（くみこ）格子 W1820,式
和室造作（床の間・仏壇・神棚・書院・欄間）,京都造作（和室） 欄間 網代（あじろ）編み W1820,式
和室造作（床の間・仏壇・神棚・書院・欄間）,京都造作（和室） 欄間（らんま）透かし彫り 桧 W1820,式
和室造作（床の間・仏壇・神棚・書院・欄間）,京都造作（和室） 琉球畳（縁なし 半畳）,式
和室造作（床の間・仏壇・神棚・書院・欄間）,京都造作（和室） 畳寄せ（たたみよせ）桧 1820mm,式
和室造作（床の間・仏壇・神棚・書院・欄間）,京都造作（和室） 神棚 一社宮（いっしゃみや）,式
和室造作（床の間・仏壇・神棚・書院・欄間）,京都造作（和室） 神棚 三社宮（さんしゃみや）,式
和室造作（床の間・仏壇・神棚・書院・欄間）,京都造作（和室） 神棚棚板 桧 W900×D350,式
和室造作（床の間・仏壇・神棚・書院・欄間）,京都造作（和室） 落し掛け（おとしがけ）松 丸太,式
和室造作（床の間・仏壇・神棚・書院・欄間）,伝統建具職人 仏壇 モダン仏壇（現代型）,式
和室造作（床の間・仏壇・神棚・書院・欄間）,伝統建具職人 仏壇 収納仏壇（クローゼット型）,式
和室造作（床の間・仏壇・神棚・書院・欄間）,伝統建具職人 仏壇 唐木仏壇（黒檀・紫檀）中型,式
和室造作（床の間・仏壇・神棚・書院・欄間）,伝統建具職人 仏壇 金仏壇 大型（H1800mm）,式
和室造作（床の間・仏壇・神棚・書院・欄間）,伝統建具職人 床の間 本床（床柱・床框・落し掛け・床板）,式
和室造作（床の間・仏壇・神棚・書院・欄間）,伝統建具職人 床の間 琵琶床（袋棚付き）,式
和室造作（床の間・仏壇・神棚・書院・欄間）,伝統建具職人 床の間 踏込床（框なし シンプル）,式
和室造作（床の間・仏壇・神棚・書院・欄間）,伝統建具職人 床板（とこいた）杉 無節 900×1820×30mm,式
和室造作（床の間・仏壇・神棚・書院・欄間）,伝統建具職人 床柱 磨き丸太 杉（H2700mm）,式
和室造作（床の間・仏壇・神棚・書院・欄間）,伝統建具職人 床柱 角柱 桧 105×105×2700,式
和室造作（床の間・仏壇・神棚・書院・欄間）,伝統建具職人 床框（とこがまち）黒檀 1820mm,式
和室造作（床の間・仏壇・神棚・書院・欄間）,伝統建具職人 書院（しょいん）出窓タイプ 造作,式
和室造作（床の間・仏壇・神棚・書院・欄間）,伝統建具職人 本畳 建材床 セキスイ目積表 1枚,式
和室造作（床の間・仏壇・神棚・書院・欄間）,伝統建具職人 本畳 稲わら床 備後表 1枚,式
和室造作（床の間・仏壇・神棚・書院・欄間）,伝統建具職人 欄間 組子（くみこ）格子 W1820,式
和室造作（床の間・仏壇・神棚・書院・欄間）,伝統建具職人 欄間 網代（あじろ）編み W1820,式
和室造作（床の間・仏壇・神棚・書院・欄間）,伝統建具職人 欄間（らんま）透かし彫り 桧 W1820,式
和室造作（床の間・仏壇・神棚・書院・欄間）,伝統建具職人 琉球畳（縁なし 半畳）,式
和室造作（床の間・仏壇・神棚・書院・欄間）,伝統建具職人 畳寄せ（たたみよせ）桧 1820mm,式
和室造作（床の間・仏壇・神棚・書院・欄間）,伝統建具職人 神棚 一社宮（いっしゃみや）,式
和室造作（床の間・仏壇・神棚・書院・欄間）,伝統建具職人 神棚 三社宮（さんしゃみや）,式
和室造作（床の間・仏壇・神棚・書院・欄間）,伝統建具職人 神棚棚板 桧 W900×D350,式
和室造作（床の間・仏壇・神棚・書院・欄間）,伝統建具職人 落し掛け（おとしがけ）松 丸太,式
和室造作（床の間・仏壇・神棚・書院・欄間）,吉野杉造作 仏壇 モダン仏壇（現代型）,式
和室造作（床の間・仏壇・神棚・書院・欄間）,吉野杉造作 仏壇 収納仏壇（クローゼット型）,式
和室造作（床の間・仏壇・神棚・書院・欄間）,吉野杉造作 仏壇 唐木仏壇（黒檀・紫檀）中型,式
和室造作（床の間・仏壇・神棚・書院・欄間）,吉野杉造作 仏壇 金仏壇 大型（H1800mm）,式
和室造作（床の間・仏壇・神棚・書院・欄間）,吉野杉造作 床の間 本床（床柱・床框・落し掛け・床板）,式
和室造作（床の間・仏壇・神棚・書院・欄間）,吉野杉造作 床の間 琵琶床（袋棚付き）,式
和室造作（床の間・仏壇・神棚・書院・欄間）,吉野杉造作 床の間 踏込床（框なし シンプル）,式
和室造作（床の間・仏壇・神棚・書院・欄間）,吉野杉造作 床板（とこいた）杉 無節 900×1820×30mm,式
和室造作（床の間・仏壇・神棚・書院・欄間）,吉野杉造作 床柱 磨き丸太 杉（H2700mm）,式
和室造作（床の間・仏壇・神棚・書院・欄間）,吉野杉造作 床柱 角柱 桧 105×105×2700,式
和室造作（床の間・仏壇・神棚・書院・欄間）,吉野杉造作 床框（とこがまち）黒檀 1820mm,式
和室造作（床の間・仏壇・神棚・書院・欄間）,吉野杉造作 書院（しょいん）出窓タイプ 造作,式
和室造作（床の間・仏壇・神棚・書院・欄間）,吉野杉造作 本畳 建材床 セキスイ目積表 1枚,式
和室造作（床の間・仏壇・神棚・書院・欄間）,吉野杉造作 本畳 稲わら床 備後表 1枚,式
和室造作（床の間・仏壇・神棚・書院・欄間）,吉野杉造作 欄間 組子（くみこ）格子 W1820,式
和室造作（床の間・仏壇・神棚・書院・欄間）,吉野杉造作 欄間 網代（あじろ）編み W1820,式
和室造作（床の間・仏壇・神棚・書院・欄間）,吉野杉造作 欄間（らんま）透かし彫り 桧 W1820,式
和室造作（床の間・仏壇・神棚・書院・欄間）,吉野杉造作 琉球畳（縁なし 半畳）,式
和室造作（床の間・仏壇・神棚・書院・欄間）,吉野杉造作 畳寄せ（たたみよせ）桧 1820mm,式
和室造作（床の間・仏壇・神棚・書院・欄間）,吉野杉造作 神棚 一社宮（いっしゃみや）,式
和室造作（床の間・仏壇・神棚・書院・欄間）,吉野杉造作 神棚 三社宮（さんしゃみや）,式
和室造作（床の間・仏壇・神棚・書院・欄間）,吉野杉造作 神棚棚板 桧 W900×D350,式
和室造作（床の間・仏壇・神棚・書院・欄間）,吉野杉造作 落し掛け（おとしがけ）松 丸太,式
和室造作（床の間・仏壇・神棚・書院・欄間）,東濃ひのき造作 仏壇 モダン仏壇（現代型）,式
和室造作（床の間・仏壇・神棚・書院・欄間）,東濃ひのき造作 仏壇 収納仏壇（クローゼット型）,式
和室造作（床の間・仏壇・神棚・書院・欄間）,東濃ひのき造作 仏壇 唐木仏壇（黒檀・紫檀）中型,式
和室造作（床の間・仏壇・神棚・書院・欄間）,東濃ひのき造作 仏壇 金仏壇 大型（H1800mm）,式
和室造作（床の間・仏壇・神棚・書院・欄間）,東濃ひのき造作 床の間 本床（床柱・床框・落し掛け・床板）,式
和室造作（床の間・仏壇・神棚・書院・欄間）,東濃ひのき造作 床の間 琵琶床（袋棚付き）,式
和室造作（床の間・仏壇・神棚・書院・欄間）,東濃ひのき造作 床の間 踏込床（框なし シンプル）,式
和室造作（床の間・仏壇・神棚・書院・欄間）,東濃ひのき造作 床板（とこいた）杉 無節 900×1820×30mm,式
和室造作（床の間・仏壇・神棚・書院・欄間）,東濃ひのき造作 床柱 磨き丸太 杉（H2700mm）,式
和室造作（床の間・仏壇・神棚・書院・欄間）,東濃ひのき造作 床柱 角柱 桧 105×105×2700,式
和室造作（床の間・仏壇・神棚・書院・欄間）,東濃ひのき造作 床框（とこがまち）黒檀 1820mm,式
和室造作（床の間・仏壇・神棚・書院・欄間）,東濃ひのき造作 書院（しょいん）出窓タイプ 造作,式
和室造作（床の間・仏壇・神棚・書院・欄間）,東濃ひのき造作 本畳 建材床 セキスイ目積表 1枚,式
和室造作（床の間・仏壇・神棚・書院・欄間）,東濃ひのき造作 本畳 稲わら床 備後表 1枚,式
和室造作（床の間・仏壇・神棚・書院・欄間）,東濃ひのき造作 欄間 組子（くみこ）格子 W1820,式
和室造作（床の間・仏壇・神棚・書院・欄間）,東濃ひのき造作 欄間 網代（あじろ）編み W1820,式
和室造作（床の間・仏壇・神棚・書院・欄間）,東濃ひのき造作 欄間（らんま）透かし彫り 桧 W1820,式
和室造作（床の間・仏壇・神棚・書院・欄間）,東濃ひのき造作 琉球畳（縁なし 半畳）,式
和室造作（床の間・仏壇・神棚・書院・欄間）,東濃ひのき造作 畳寄せ（たたみよせ）桧 1820mm,式
和室造作（床の間・仏壇・神棚・書院・欄間）,東濃ひのき造作 神棚 一社宮（いっしゃみや）,式
和室造作（床の間・仏壇・神棚・書院・欄間）,東濃ひのき造作 神棚 三社宮（さんしゃみや）,式
和室造作（床の間・仏壇・神棚・書院・欄間）,東濃ひのき造作 神棚棚板 桧 W900×D350,式
和室造作（床の間・仏壇・神棚・書院・欄間）,東濃ひのき造作 落し掛け（おとしがけ）松 丸太,式
塗装・コーキング・接着剤,AEPペイント 白（15kg）,缶
塗装・コーキング・接着剤,AEPペイント 白（4L）,缶
塗装・コーキング・接着剤,MDF水性ウレタン塗装（1m2）,m2
塗装・コーキング・接着剤,アステックペイント リファイン1000MF-IR（15kg）,缶
塗装・コーキング・接着剤,ウレタンコーキング（320ml）,本
塗装・コーキング・接着剤,ウレタンコーキング（330ml）,本
塗装・コーキング・接着剤,エアレスガン（1台）,台
塗装・コーキング・接着剤,エスケー化研 SKレタンホワイト（16kg）,缶
塗装・コーキング・接着剤,エスケー化研 クリーンマイルドシリコン白（14〜16kg）,缶
塗装・コーキング・接着剤,エスケー化研 クリーンマイルドシリコン白（3.5kg）,缶
塗装・コーキング・接着剤,エスケー化研 クリーンマイルドシリコン白（7kg）,缶
塗装・コーキング・接着剤,エスケー化研 クリーンマイルドシリコン（15kg 淡彩）,缶
塗装・コーキング・接着剤,エスケー化研 クリーンマイルドシリコン（15kg 濃彩）,缶
塗装・コーキング・接着剤,エスケー化研 クリーンマイルドシリコン（15kg 白）,缶
塗装・コーキング・接着剤,エスケー化研 クリーンマイルドシリコン（15kg）,缶
塗装・コーキング・接着剤,エスケー化研 クリーンマイルドシリコン（4L 白）,缶
塗装・コーキング・接着剤,エスケー化研 クリーンマイルドフッソ白（14〜16kg）,缶
塗装・コーキング・接着剤,エスケー化研 クリーンマイルドフッソ白（3.5kg）,缶
塗装・コーキング・接着剤,エスケー化研 クリーンマイルドフッソ白（7kg）,缶
塗装・コーキング・接着剤,エスケー化研 クリーンマイルドフッソ（15kg 淡彩）,缶
塗装・コーキング・接着剤,エスケー化研 クリーンマイルドフッソ（15kg 白）,缶
塗装・コーキング・接着剤,エスケー化研 クリーンマイルドフッソ（4L 白）,缶
塗装・コーキング・接着剤,エスケー化研 プレミアムシリコン（15kg）,缶
塗装・コーキング・接着剤,エスケー化研 ヤネフレッシュSi（15kg）,缶
塗装・コーキング・接着剤,エスケー化研 弾性ローラーフィラーHB（14〜16kg）,缶
塗装・コーキング・接着剤,エスケー化研 弾性ローラーフィラーHB（3.5kg）,缶
塗装・コーキング・接着剤,エスケー化研 弾性ローラーフィラーHB（7kg）,缶
塗装・コーキング・接着剤,エスケー化研 水性セラミシリコン（15kg）,缶
塗装・コーキング・接着剤,エポキシ系下塗り（14L）,缶
塗装・コーキング・接着剤,エポキシ系下塗り（18L）,缶
塗装・コーキング・接着剤,エポキシ系下塗り（1L）,缶
塗装・コーキング・接着剤,エポキシ系下塗り（20L）,缶
塗装・コーキング・接着剤,エポキシ系下塗り（4L）,缶
塗装・コーキング・接着剤,エポキシ系接着剤（500g）,セット
塗装・コーキング・接着剤,オイル仕上げ（無垢材 1m2）,m2
塗装・コーキング・接着剤,オスモカラー（2.5L）,缶
塗装・コーキング・接着剤,オート化学 オートンイクシード（1成分 330ml）,本
塗装・コーキング・接着剤,オート化学 オートンサイディングシーラント,本
塗装・コーキング・接着剤,ガイナ（GAINA 16kg）,缶
塗装・コーキング・接着剤,ガイナ（日進産業）（14〜16kg）,缶
塗装・コーキング・接着剤,ガイナ（日進産業）（3.5kg）,缶
塗装・コーキング・接着剤,ガイナ（日進産業）（7kg）,缶
塗装・コーキング・接着剤,ガルバリウム鋼板用塗料（16kg）,缶
塗装・コーキング・接着剤,キシラデコール（16L）,缶
塗装・コーキング・接着剤,キシラデコール（4L）,缶
塗装・コーキング・接着剤,コニシ ウレタンボンド（18kg）,缶
塗装・コーキング・接着剤,コニシ フロアメント（18kg）,缶
塗装・コーキング・接着剤,コニシ ボンド E350R（1kg）,缶
塗装・コーキング・接着剤,コンクリート床塗装（エポキシ 材工 1m2）,m2
塗装・コーキング・接着剤,コンクリート用塗料（水性）（14L）,缶
塗装・コーキング・接着剤,コンクリート用塗料（水性）（18L）,缶
塗装・コーキング・接着剤,コンクリート用塗料（水性）（1L）,缶
塗装・コーキング・接着剤,コンクリート用塗料（水性）（20L）,缶
塗装・コーキング・接着剤,コンクリート用塗料（水性）（4L）,缶
塗装・コーキング・接着剤,コンクリート用浸透シーラー（18L）,缶
塗装・コーキング・接着剤,コーキング材 アクリル系 クリア 333ml,本
塗装・コーキング・接着剤,コーキング材 アクリル系 グレイッシュホワイト 333ml,本
塗装・コーキング・接着剤,コーキング材 アクリル系 グレー 333ml,本
塗装・コーキング・接着剤,コーキング材 アクリル系 ニュートラルグレー 333ml,本
塗装・コーキング・接着剤,コーキング材 アクリル系 ブラウン 333ml,本
塗装・コーキング・接着剤,コーキング材 アクリル系 ブラック 333ml,本
塗装・コーキング・接着剤,コーキング材 アクリル系 ベージュ 333ml,本
塗装・コーキング・接着剤,コーキング材 アクリル系 白 333ml,本
塗装・コーキング・接着剤,コーキング材 シリコン クリア 333ml,本
塗装・コーキング・接着剤,コーキング材 シリコン グレイッシュホワイト 333ml,本
塗装・コーキング・接着剤,コーキング材 シリコン グレー 333ml,本
塗装・コーキング・接着剤,コーキング材 シリコン ニュートラルグレー 333ml,本
塗装・コーキング・接着剤,コーキング材 シリコン ブラウン 333ml,本
塗装・コーキング・接着剤,コーキング材 シリコン ブラック 333ml,本
塗装・コーキング・接着剤,コーキング材 シリコン ベージュ 333ml,本
塗装・コーキング・接着剤,コーキング材 シリコン 白 333ml,本
塗装・コーキング・接着剤,コーキング材 ブチルゴム クリア 333ml,本
塗装・コーキング・接着剤,コーキング材 ブチルゴム グレイッシュホワイト 333ml,本
塗装・コーキング・接着剤,コーキング材 ブチルゴム グレー 333ml,本
塗装・コーキング・接着剤,コーキング材 ブチルゴム ニュートラルグレー 333ml,本
塗装・コーキング・接着剤,コーキング材 ブチルゴム ブラウン 333ml,本
塗装・コーキング・接着剤,コーキング材 ブチルゴム ブラック 333ml,本
塗装・コーキング・接着剤,コーキング材 ブチルゴム ベージュ 333ml,本
塗装・コーキング・接着剤,コーキング材 ブチルゴム 白 333ml,本
塗装・コーキング・接着剤,コーキング材 ポリウレタン クリア 333ml,本
塗装・コーキング・接着剤,コーキング材 ポリウレタン グレイッシュホワイト 333ml,本
塗装・コーキング・接着剤,コーキング材 ポリウレタン グレー 333ml,本
塗装・コーキング・接着剤,コーキング材 ポリウレタン ニュートラルグレー 333ml,本
塗装・コーキング・接着剤,コーキング材 ポリウレタン ブラウン 333ml,本
塗装・コーキング・接着剤,コーキング材 ポリウレタン ブラック 333ml,本
塗装・コーキング・接着剤,コーキング材 ポリウレタン ベージュ 333ml,本
塗装・コーキング・接着剤,コーキング材 ポリウレタン 白 333ml,本
塗装・コーキング・接着剤,コーキング材 ポリサルファイド クリア 333ml,本
塗装・コーキング・接着剤,コーキング材 ポリサルファイド グレイッシュホワイト 333ml,本
塗装・コーキング・接着剤,コーキング材 ポリサルファイド グレー 333ml,本
塗装・コーキング・接着剤,コーキング材 ポリサルファイド ニュートラルグレー 333ml,本
塗装・コーキング・接着剤,コーキング材 ポリサルファイド ブラウン 333ml,本
塗装・コーキング・接着剤,コーキング材 ポリサルファイド ブラック 333ml,本
塗装・コーキング・接着剤,コーキング材 ポリサルファイド ベージュ 333ml,本
塗装・コーキング・接着剤,コーキング材 ポリサルファイド 白 333ml,本
塗装・コーキング・接着剤,コーキング材 変性シリコン クリア 333ml,本
塗装・コーキング・接着剤,コーキング材 変性シリコン グレイッシュホワイト 333ml,本
塗装・コーキング・接着剤,コーキング材 変性シリコン グレー 333ml,本
塗装・コーキング・接着剤,コーキング材 変性シリコン ニュートラルグレー 333ml,本
塗装・コーキング・接着剤,コーキング材 変性シリコン ブラウン 333ml,本
塗装・コーキング・接着剤,コーキング材 変性シリコン ブラック 333ml,本
塗装・コーキング・接着剤,コーキング材 変性シリコン ベージュ 333ml,本
塗装・コーキング・接着剤,コーキング材 変性シリコン 白 333ml,本
塗装・コーキング・接着剤,サンスター ペンギンシール ウレタン（330ml）,本
塗装・コーキング・接着剤,サンスター ペンギンシール 変成シリコン（330ml）,本
塗装・コーキング・接着剤,シリコンコーキング（330ml）,本
塗装・コーキング・接着剤,シーラー（カチオン系 18L）,缶
塗装・コーキング・接着剤,シーラー（合成樹脂エマルション 18L）,缶
塗装・コーキング・接着剤,シーリング打替え（1m）,m
塗装・コーキング・接着剤,スプレーガン（重力式）,台
塗装・コーキング・接着剤,セメダイン スーパーXG（135ml）,本
塗装・コーキング・接着剤,セメダイン スーパーX（135ml）,本
塗装・コーキング・接着剤,パテ（上パテ 20kg）,袋
塗装・コーキング・接着剤,パテ（下パテ 20kg）,袋
塗装・コーキング・接着剤,フィラー（外壁用 16kg）,缶
塗装・コーキング・接着剤,プライマー 下塗り（16L）,缶
塗装・コーキング・接着剤,プライマー（RC用 4L）,缶
塗装・コーキング・接着剤,プライマー（外壁用 1kg）,缶
塗装・コーキング・接着剤,ラッカー塗装（1m2）,m2
塗装・コーキング・接着剤,ローラーバケ（1個）,個
塗装・コーキング・接着剤,両面テープ（50mm 20m）,巻
塗装・コーキング・接着剤,亜鉛めっき補修スプレー（300ml）,本
塗装・コーキング・接着剤,信越シリコーン KE-45（330ml）,本
塗装・コーキング・接着剤,内部塗料（AEP 15kg）,缶
塗装・コーキング・接着剤,内部塗装（AEP 材工 1m2）,m2
塗装・コーキング・接着剤,刷毛洗い用バケツ,個
塗装・コーキング・接着剤,塗料撹拌機（電動）,台
塗装・コーキング・接着剤,塗料用シンナー（18L）,缶
塗装・コーキング・接着剤,塗料用シンナー（4L）,缶
塗装・コーキング・接着剤,塗装用ハケ 3インチ（1本）,本
塗装・コーキング・接着剤,塗装用ハケ 4インチ（1本）,本
塗装・コーキング・接着剤,塗装用ハケ 6インチ（1本）,本
塗装・コーキング・接着剤,塗装用ローラー 4インチ（1本）,本
塗装・コーキング・接着剤,塗装用ローラー 7インチ（1本）,本
塗装・コーキング・接着剤,塗装用ローラー 9インチ（1本）,本
塗装・コーキング・接着剤,壁用接着剤 ボンドE350（1kg）,缶
塗装・コーキング・接着剤,変性シリコン コーキング（320ml）,本
塗装・コーキング・接着剤,変性シリコン（330ml）,本
塗装・コーキング・接着剤,外壁塗装（シリコン 材工 1m2）,m2
塗装・コーキング・接着剤,外壁塗装（フッ素 材工 1m2）,m2
塗装・コーキング・接着剤,外壁塗装（ラジカル制御 材工 1m2）,m2
塗装・コーキング・接着剤,外壁用塗料（シリコン 16kg）,缶
塗装・コーキング・接着剤,外壁用塗料（フッ素 16kg）,缶
塗装・コーキング・接着剤,屋根塗装（シリコン 材工 1m2）,m2
塗装・コーキング・接着剤,屋根塗装（フッ素 材工 1m2）,m2
塗装・コーキング・接着剤,屋根用ガイナ（16kg）,缶
塗装・コーキング・接着剤,屋根用フッ素塗料（14〜16kg）,缶
塗装・コーキング・接着剤,屋根用フッ素塗料（3.5kg）,缶
塗装・コーキング・接着剤,屋根用フッ素塗料（7kg）,缶
塗装・コーキング・接着剤,屋根用遮熱塗料サーモアイ（14〜16kg）,缶
塗装・コーキング・接着剤,屋根用遮熱塗料サーモアイ（3.5kg）,缶
塗装・コーキング・接着剤,屋根用遮熱塗料サーモアイ（7kg）,缶
塗装・コーキング・接着剤,屋根用遮熱塗料（サーモアイ）（15kg 標準色）,缶
塗装・コーキング・接着剤,屋根用遮熱塗料（サーモアイ）（15kg 淡彩）,缶
塗装・コーキング・接着剤,床用ウレタンニス（14L）,缶
塗装・コーキング・接着剤,床用ウレタンニス（18L）,缶
塗装・コーキング・接着剤,床用ウレタンニス（1L）,缶
塗装・コーキング・接着剤,床用ウレタンニス（20L）,缶
塗装・コーキング・接着剤,床用ウレタンニス（4L）,缶
塗装・コーキング・接着剤,床用ウレタン仕上げ（14〜16kg）,缶
塗装・コーキング・接着剤,床用ウレタン仕上げ（3.5kg）,缶
塗装・コーキング・接着剤,床用ウレタン仕上げ（7kg）,缶
塗装・コーキング・接着剤,床用ウレタン塗料（1m2 材工）,m2
塗装・コーキング・接着剤,床用エポキシ塗料（1m2 材工）,m2
塗装・コーキング・接着剤,床用接着剤 フロアメント（16kg）,缶
塗装・コーキング・接着剤,床用接着剤（ウレタン系 3kg）,缶
塗装・コーキング・接着剤,弾性フィラー（20kg）,缶
塗装・コーキング・接着剤,弾性塗料（外壁ひび割れ対応）（14L）,缶
塗装・コーキング・接着剤,弾性塗料（外壁ひび割れ対応）（18L）,缶
塗装・コーキング・接着剤,弾性塗料（外壁ひび割れ対応）（1L）,缶
塗装・コーキング・接着剤,弾性塗料（外壁ひび割れ対応）（20L）,缶
塗装・コーキング・接着剤,弾性塗料（外壁ひび割れ対応）（4L）,缶
塗装・コーキング・接着剤,日本ペイント パーフェクトサーフ（15kg）,缶
塗装・コーキング・接着剤,日本ペイント パーフェクトシーラー（14〜16kg）,缶
塗装・コーキング・接着剤,日本ペイント パーフェクトシーラー（3.5kg）,缶
塗装・コーキング・接着剤,日本ペイント パーフェクトシーラー（7kg）,缶
塗装・コーキング・接着剤,日本ペイント パーフェクトトップ（14kg 標準色）,缶
塗装・コーキング・接着剤,日本ペイント パーフェクトトップ（14kg 白）,缶
塗装・コーキング・接着剤,日本ペイント パーフェクトトップ（15kg）,缶
塗装・コーキング・接着剤,日本ペイント ファインシリコンベスト（16kg）,缶
塗装・コーキング・接着剤,日本ペイント ファインシリコン白（14〜16kg）,缶
塗装・コーキング・接着剤,日本ペイント ファインシリコン白（3.5kg）,缶
塗装・コーキング・接着剤,日本ペイント ファインシリコン白（7kg）,缶
塗装・コーキング・接着剤,日本ペイント ファインシリコン（16kg 標準色）,缶
塗装・コーキング・接着剤,日本ペイント ファインシリコン（16kg 白）,缶
塗装・コーキング・接着剤,日本ペイント ファインパーフェクトベスト（15.6kg）,缶
塗装・コーキング・接着剤,日本ペイント（マンセル） 外壁塗料 マンセル5R 2/2 14kg,缶
塗装・コーキング・接着剤,日本ペイント（マンセル） 外壁塗料 マンセル5R 2/2 4kg,缶
塗装・コーキング・接着剤,日本ペイント（マンセル） 外壁塗料 マンセル5R 2/2 7kg,缶
塗装・コーキング・接着剤,日本ペイント（マンセル） 外壁塗料 マンセル5R 2/4 14kg,缶
塗装・コーキング・接着剤,日本ペイント（マンセル） 外壁塗料 マンセル5R 2/4 4kg,缶
塗装・コーキング・接着剤,日本ペイント（マンセル） 外壁塗料 マンセル5R 2/4 7kg,缶
塗装・コーキング・接着剤,日本ペイント（マンセル） 外壁塗料 マンセル5R 2/6 14kg,缶
塗装・コーキング・接着剤,日本ペイント（マンセル） 外壁塗料 マンセル5R 2/6 4kg,缶
塗装・コーキング・接着剤,日本ペイント（マンセル） 外壁塗料 マンセル5R 2/6 7kg,缶
塗装・コーキング・接着剤,日本ペイント（マンセル） 外壁塗料 マンセル5R 2/8 14kg,缶
塗装・コーキング・接着剤,日本ペイント（マンセル） 外壁塗料 マンセル5R 2/8 4kg,缶
塗装・コーキング・接着剤,日本ペイント（マンセル） 外壁塗料 マンセル5R 2/8 7kg,缶
塗装・コーキング・接着剤,日本ペイント（マンセル） 外壁塗料 マンセル5R 3/2 14kg,缶
塗装・コーキング・接着剤,日本ペイント（マンセル） 外壁塗料 マンセル5R 3/2 4kg,缶
塗装・コーキング・接着剤,日本ペイント（マンセル） 外壁塗料 マンセル5R 3/2 7kg,缶
塗装・コーキング・接着剤,日本ペイント（マンセル） 外壁塗料 マンセル5R 3/4 14kg,缶
塗装・コーキング・接着剤,日本ペイント（マンセル） 外壁塗料 マンセル5R 3/4 4kg,缶
塗装・コーキング・接着剤,日本ペイント（マンセル） 外壁塗料 マンセル5R 3/4 7kg,缶
塗装・コーキング・接着剤,日本ペイント（マンセル） 外壁塗料 マンセル5R 3/6 14kg,缶
塗装・コーキング・接着剤,日本ペイント（マンセル） 外壁塗料 マンセル5R 3/6 4kg,缶
塗装・コーキング・接着剤,日本ペイント（マンセル） 外壁塗料 マンセル5R 3/6 7kg,缶
塗装・コーキング・接着剤,日本ペイント（マンセル） 外壁塗料 マンセル5R 3/8 14kg,缶
塗装・コーキング・接着剤,日本ペイント（マンセル） 外壁塗料 マンセル5R 3/8 4kg,缶
塗装・コーキング・接着剤,日本ペイント（マンセル） 外壁塗料 マンセル5R 3/8 7kg,缶
塗装・コーキング・接着剤,日本ペイント（マンセル） 外壁塗料 マンセル5R 4/2 14kg,缶
塗装・コーキング・接着剤,日本ペイント（マンセル） 外壁塗料 マンセル5R 4/2 4kg,缶
塗装・コーキング・接着剤,日本ペイント（マンセル） 外壁塗料 マンセル5R 4/2 7kg,缶
塗装・コーキング・接着剤,日本ペイント（マンセル） 外壁塗料 マンセル5R 4/4 14kg,缶
塗装・コーキング・接着剤,日本ペイント（マンセル） 外壁塗料 マンセル5R 4/4 4kg,缶
塗装・コーキング・接着剤,日本ペイント（マンセル） 外壁塗料 マンセル5R 4/4 7kg,缶
塗装・コーキング・接着剤,日本ペイント（マンセル） 外壁塗料 マンセル5R 4/6 14kg,缶
塗装・コーキング・接着剤,日本ペイント（マンセル） 外壁塗料 マンセル5R 4/6 4kg,缶
塗装・コーキング・接着剤,日本ペイント（マンセル） 外壁塗料 マンセル5R 4/6 7kg,缶
塗装・コーキング・接着剤,日本ペイント（マンセル） 外壁塗料 マンセル5R 4/8 14kg,缶
塗装・コーキング・接着剤,日本ペイント（マンセル） 外壁塗料 マンセル5R 4/8 4kg,缶
塗装・コーキング・接着剤,日本ペイント（マンセル） 外壁塗料 マンセル5R 4/8 7kg,缶
塗装・コーキング・接着剤,日本ペイント（マンセル） 外壁塗料 マンセル5R 5/2 14kg,缶
塗装・コーキング・接着剤,日本ペイント（マンセル） 外壁塗料 マンセル5R 5/2 4kg,缶
塗装・コーキング・接着剤,日本ペイント（マンセル） 外壁塗料 マンセル5R 5/2 7kg,缶
塗装・コーキング・接着剤,日本ペイント（マンセル） 外壁塗料 マンセル5R 5/4 14kg,缶
塗装・コーキング・接着剤,日本ペイント（マンセル） 外壁塗料 マンセル5R 5/4 4kg,缶
塗装・コーキング・接着剤,日本ペイント（マンセル） 外壁塗料 マンセル5R 5/4 7kg,缶
塗装・コーキング・接着剤,日本ペイント（マンセル） 外壁塗料 マンセル5R 5/6 14kg,缶
塗装・コーキング・接着剤,日本ペイント（マンセル） 外壁塗料 マンセル5R 5/6 4kg,缶
塗装・コーキング・接着剤,日本ペイント（マンセル） 外壁塗料 マンセル5R 5/6 7kg,缶
塗装・コーキング・接着剤,日本ペイント（マンセル） 外壁塗料 マンセル5R 5/8 14kg,缶
塗装・コーキング・接着剤,日本ペイント（マンセル） 外壁塗料 マンセル5R 5/8 4kg,缶
塗装・コーキング・接着剤,日本ペイント（マンセル） 外壁塗料 マンセル5R 5/8 7kg,缶
塗装・コーキング・接着剤,日本ペイント（マンセル） 外壁塗料 マンセル5R 6/2 14kg,缶
塗装・コーキング・接着剤,日本ペイント（マンセル） 外壁塗料 マンセル5R 6/2 4kg,缶
塗装・コーキング・接着剤,日本ペイント（マンセル） 外壁塗料 マンセル5R 6/2 7kg,缶
塗装・コーキング・接着剤,日本ペイント（マンセル） 外壁塗料 マンセル5R 6/4 14kg,缶
塗装・コーキング・接着剤,日本ペイント（マンセル） 外壁塗料 マンセル5R 6/4 4kg,缶
塗装・コーキング・接着剤,日本ペイント（マンセル） 外壁塗料 マンセル5R 6/4 7kg,缶
塗装・コーキング・接着剤,日本ペイント（マンセル） 外壁塗料 マンセル5R 6/6 14kg,缶
塗装・コーキング・接着剤,日本ペイント（マンセル） 外壁塗料 マンセル5R 6/6 4kg,缶
塗装・コーキング・接着剤,日本ペイント（マンセル） 外壁塗料 マンセル5R 6/6 7kg,缶
塗装・コーキング・接着剤,日本ペイント（マンセル） 外壁塗料 マンセル5R 6/8 14kg,缶
塗装・コーキング・接着剤,日本ペイント（マンセル） 外壁塗料 マンセル5R 6/8 4kg,缶
塗装・コーキング・接着剤,日本ペイント（マンセル） 外壁塗料 マンセル5R 6/8 7kg,缶
塗装・コーキング・接着剤,日本ペイント（マンセル） 外壁塗料 マンセル5R 7/2 14kg,缶
塗装・コーキング・接着剤,日本ペイント（マンセル） 外壁塗料 マンセル5R 7/2 4kg,缶
塗装・コーキング・接着剤,日本ペイント（マンセル） 外壁塗料 マンセル5R 7/2 7kg,缶
塗装・コーキング・接着剤,日本ペイント（マンセル） 外壁塗料 マンセル5R 7/4 14kg,缶
塗装・コーキング・接着剤,日本ペイント（マンセル） 外壁塗料 マンセル5R 7/4 4kg,缶
塗装・コーキング・接着剤,日本ペイント（マンセル） 外壁塗料 マンセル5R 7/4 7kg,缶
塗装・コーキング・接着剤,日本ペイント（マンセル） 外壁塗料 マンセル5R 7/6 14kg,缶
塗装・コーキング・接着剤,日本ペイント（マンセル） 外壁塗料 マンセル5R 7/6 4kg,缶
塗装・コーキング・接着剤,日本ペイント（マンセル） 外壁塗料 マンセル5R 7/6 7kg,缶
塗装・コーキング・接着剤,日本ペイント（マンセル） 外壁塗料 マンセル5R 7/8 14kg,缶
塗装・コーキング・接着剤,日本ペイント（マンセル） 外壁塗料 マンセル5R 7/8 4kg,缶
塗装・コーキング・接着剤,日本ペイント（マンセル） 外壁塗料 マンセル5R 7/8 7kg,缶
塗装・コーキング・接着剤,日本ペイント（マンセル） 外壁塗料 マンセル7.5R 2/2 14kg,缶
塗装・コーキング・接着剤,日本ペイント（マンセル） 外壁塗料 マンセル7.5R 2/2 4kg,缶
塗装・コーキング・接着剤,日本ペイント（マンセル） 外壁塗料 マンセル7.5R 2/2 7kg,缶
塗装・コーキング・接着剤,日本ペイント（マンセル） 外壁塗料 マンセル7.5R 2/4 14kg,缶
塗装・コーキング・接着剤,日本ペイント（マンセル） 外壁塗料 マンセル7.5R 2/4 4kg,缶
塗装・コーキング・接着剤,日本ペイント（マンセル） 外壁塗料 マンセル7.5R 2/4 7kg,缶
塗装・コーキング・接着剤,日本ペイント（マンセル） 外壁塗料 マンセル7.5R 2/6 14kg,缶
塗装・コーキング・接着剤,日本ペイント（マンセル） 外壁塗料 マンセル7.5R 2/6 4kg,缶
塗装・コーキング・接着剤,日本ペイント（マンセル） 外壁塗料 マンセル7.5R 2/6 7kg,缶
塗装・コーキング・接着剤,日本ペイント（マンセル） 外壁塗料 マンセル7.5R 2/8 14kg,缶
塗装・コーキング・接着剤,日本ペイント（マンセル） 外壁塗料 マンセル7.5R 2/8 4kg,缶
塗装・コーキング・接着剤,日本ペイント（マンセル） 外壁塗料 マンセル7.5R 2/8 7kg,缶
塗装・コーキング・接着剤,日本ペイント（マンセル） 外壁塗料 マンセル7.5R 3/2 14kg,缶
塗装・コーキング・接着剤,日本ペイント（マンセル） 外壁塗料 マンセル7.5R 3/2 4kg,缶
塗装・コーキング・接着剤,日本ペイント（マンセル） 外壁塗料 マンセル7.5R 3/2 7kg,缶
塗装・コーキング・接着剤,日本ペイント（マンセル） 外壁塗料 マンセル7.5R 3/4 14kg,缶
塗装・コーキング・接着剤,日本ペイント（マンセル） 外壁塗料 マンセル7.5R 3/4 4kg,缶
塗装・コーキング・接着剤,日本ペイント（マンセル） 外壁塗料 マンセル7.5R 3/4 7kg,缶
塗装・コーキング・接着剤,日本ペイント（マンセル） 外壁塗料 マンセル7.5R 3/6 4kg,缶
塗装・コーキング・接着剤,木部保護塗料（4L）,缶
塗装・コーキング・接着剤,木部保護塗料（浸透型）（14L）,缶
塗装・コーキング・接着剤,木部保護塗料（浸透型）（18L）,缶
塗装・コーキング・接着剤,木部保護塗料（浸透型）（1L）,缶
塗装・コーキング・接着剤,木部保護塗料（浸透型）（20L）,缶
塗装・コーキング・接着剤,木部保護塗料（浸透型）（4L）,缶
塗装・コーキング・接着剤,木部塗装（キシラデコール 材工 1m2）,m2
塗装・コーキング・接着剤,木部用浸透型透明（14〜16kg）,缶
塗装・コーキング・接着剤,木部用浸透型透明（3.5kg）,缶
塗装・コーキング・接着剤,木部用浸透型透明（7kg）,缶
塗装・コーキング・接着剤,木部用浸透型（4L オーク）,缶
塗装・コーキング・接着剤,木部用浸透型（4L チーク）,缶
塗装・コーキング・接着剤,木部用浸透型（4L 透明）,缶
塗装・コーキング・接着剤,横浜ゴム スーパーシール（330ml）,本
塗装・コーキング・接着剤,気密テープ（100mm 20m）,巻
塗装・コーキング・接着剤,気密テープ（75mm 20m）,巻
塗装・コーキング・接着剤,水性アクリル塗料（14L）,缶
塗装・コーキング・接着剤,水性アクリル塗料（18L）,缶
塗装・コーキング・接着剤,水性アクリル塗料（1L）,缶
塗装・コーキング・接着剤,水性アクリル塗料（20L）,缶
塗装・コーキング・接着剤,水性アクリル塗料（4L）,缶
塗装・コーキング・接着剤,水性カチオンシーラー（16kg）,缶
塗装・コーキング・接着剤,水性シリコン塗料（14L）,缶
塗装・コーキング・接着剤,水性シリコン塗料（18L）,缶
塗装・コーキング・接着剤,水性シリコン塗料（1L）,缶
塗装・コーキング・接着剤,水性シリコン塗料（20L）,缶
塗装・コーキング・接着剤,水性シリコン塗料（4L）,缶
塗装・コーキング・接着剤,水性シリコン汎用（14kg）,缶
塗装・コーキング・接着剤,水性シリコン汎用（3.5kg）,缶
塗装・コーキング・接着剤,水性シリコン汎用（7kg）,缶
塗装・コーキング・接着剤,水性シリコン白 汎用（14〜16kg）,缶
塗装・コーキング・接着剤,水性シリコン白 汎用（3.5kg）,缶
塗装・コーキング・接着剤,水性シリコン白 汎用（7kg）,缶
塗装・コーキング・接着剤,水性フッ素塗料（14L）,缶
塗装・コーキング・接着剤,水性フッ素塗料（18L）,缶
塗装・コーキング・接着剤,水性フッ素塗料（1L）,缶
塗装・コーキング・接着剤,水性フッ素塗料（20L）,缶
塗装・コーキング・接着剤,水性フッ素塗料（4L）,缶
塗装・コーキング・接着剤,水性フッ素汎用（14kg）,缶
塗装・コーキング・接着剤,水性フッ素汎用（7kg）,缶
塗装・コーキング・接着剤,水性フッ素白 汎用（14〜16kg）,缶
塗装・コーキング・接着剤,水性フッ素白 汎用（3.5kg）,缶
塗装・コーキング・接着剤,水性フッ素白 汎用（7kg）,缶
塗装・コーキング・接着剤,水性塗料 内部用（14L）,缶
塗装・コーキング・接着剤,水性塗料 外部用（16L）,缶
塗装・コーキング・接着剤,水性無機塗料（14L）,缶
塗装・コーキング・接着剤,水性無機塗料（18L）,缶
塗装・コーキング・接着剤,水性無機塗料（1L）,缶
塗装・コーキング・接着剤,水性無機塗料（20L）,缶
塗装・コーキング・接着剤,水性無機塗料（4L）,缶
塗装・コーキング・接着剤,水谷ペイント ナノコンポジットW（14〜16kg）,缶
塗装・コーキング・接着剤,水谷ペイント ナノコンポジットW（3.5kg）,缶
塗装・コーキング・接着剤,水谷ペイント ナノコンポジットW（7kg）,缶
塗装・コーキング・接着剤,油性ウレタン塗料（14L）,缶
塗装・コーキング・接着剤,油性ウレタン塗料（18L）,缶
塗装・コーキング・接着剤,油性ウレタン塗料（1L）,缶
塗装・コーキング・接着剤,油性ウレタン塗料（20L）,缶
塗装・コーキング・接着剤,油性ウレタン塗料（4L）,缶
塗装・コーキング・接着剤,油性カチオンシーラー（16kg）,缶
塗装・コーキング・接着剤,浸透性シーラー（14L）,缶
塗装・コーキング・接着剤,浸透性シーラー（18L）,缶
塗装・コーキング・接着剤,浸透性シーラー（1L）,缶
塗装・コーキング・接着剤,浸透性シーラー（20L）,缶
塗装・コーキング・接着剤,浸透性シーラー（4L）,缶
塗装・コーキング・接着剤,発泡ウレタン スプレー缶（500ml）,本
塗装・コーキング・接着剤,発泡ウレタン フォームガン用（750ml）,本
塗装・コーキング・接着剤,発泡ウレタン（1液 750ml）,本
塗装・コーキング・接着剤,発泡ウレタン（2液 10kg セット）,セット
塗装・コーキング・接着剤,耐熱塗料（800度対応 1L）,L
塗装・コーキング・接着剤,足場（1m2月）,m2
塗装・コーキング・接着剤,遮熱塗料（屋根用）（14L）,缶
塗装・コーキング・接着剤,遮熱塗料（屋根用）（18L）,缶
塗装・コーキング・接着剤,遮熱塗料（屋根用）（1L）,缶
塗装・コーキング・接着剤,遮熱塗料（屋根用）（20L）,缶
塗装・コーキング・接着剤,遮熱塗料（屋根用）（4L）,缶
塗装・コーキング・接着剤,重防食塗装（エポキシ系 1m2）,m2
塗装・コーキング・接着剤,鉄部塗装（錆止め＋仕上げ 材工 1m2）,m2
塗装・コーキング・接着剤,鉄部用エポキシプライマー（4L グレー）,缶
塗装・コーキング・接着剤,鉄部用エポキシプライマー（4L 赤さび）,缶
塗装・コーキング・接着剤,鉄部用防錆プライマー（14〜16kg）,缶
塗装・コーキング・接着剤,鉄部用防錆プライマー（3.5kg）,缶
塗装・コーキング・接着剤,鉄部用防錆プライマー（7kg）,缶
塗装・コーキング・接着剤,錆止め塗料 グレー（16kg）,缶
塗装・コーキング・接着剤,錆止め塗料 赤錆（16kg）,缶
塗装・コーキング・接着剤,錆止め塗料（鉛フリー）（14L）,缶
塗装・コーキング・接着剤,錆止め塗料（鉛フリー）（18L）,缶
塗装・コーキング・接着剤,錆止め塗料（鉛フリー）（1L）,缶
塗装・コーキング・接着剤,錆止め塗料（鉛フリー）（20L）,缶
塗装・コーキング・接着剤,錆止め塗料（鉛フリー）（4L）,缶
塗装・コーキング・接着剤,関西ペイント アレスクールSi（15kg）,缶
塗装・コーキング・接着剤,関西ペイント アレスダイナミックMF白（14〜16kg）,缶
塗装・コーキング・接着剤,関西ペイント アレスダイナミックMF白（3.5kg）,缶
塗装・コーキング・接着剤,関西ペイント アレスダイナミックMF白（7kg）,缶
塗装・コーキング・接着剤,関西ペイント アレスダイナミックMF（15kg 淡彩）,缶
塗装・コーキング・接着剤,関西ペイント アレスダイナミックMF（15kg 白）,缶
塗装・コーキング・接着剤,関西ペイント アレスダイナミックTOP（15kg）,缶
塗装・コーキング・接着剤,関西ペイント アレスダイナミックフィラー（20kg）,缶
塗装・コーキング・接着剤,防水塗装（ウレタン 材工 1m2）,m2
塗装・コーキング・接着剤,防火塗料（木部用 1L）,L
塗装・コーキング・接着剤,防腐防蟻処理剤（18L）,缶
塗装・コーキング・接着剤,防藻・防カビ塗料（14L）,缶
塗装・コーキング・接着剤,防藻・防カビ塗料（18L）,缶
塗装・コーキング・接着剤,防藻・防カビ塗料（1L）,缶
塗装・コーキング・接着剤,防藻・防カビ塗料（20L）,缶
塗装・コーキング・接着剤,防藻・防カビ塗料（4L）,缶
塗装・コーキング・接着剤,高圧洗浄（外壁 1m2）,m2
家電・AV設備,AV アンプ（標準）,台
家電・AV設備,IH調理器（卓上型）,台
家電・AV設備,アクア 2ドア冷蔵庫 200L以下,台
家電・AV設備,アクア 3ドア冷蔵庫 300L,台
家電・AV設備,アクア フレンチドア 500L,台
家電・AV設備,アクア 冷蔵庫 1ドア 100L（単身用）,台
家電・AV設備,アクア（洗濯機） ドラム式洗濯乾燥機 10kg,台
家電・AV設備,アクア（洗濯機） ドラム式洗濯乾燥機 12kg,台
家電・AV設備,アクア（洗濯機） 全自動洗濯機 10kg,台
家電・AV設備,アクア（洗濯機） 全自動洗濯機 7kg,台
家電・AV設備,アクア（洗濯機） 縦型洗濯乾燥機 10kg,台
家電・AV設備,アクア（洗濯機） 衣類乾燥機（単体）7kg,台
家電・AV設備,サブウーファー（1台）,台
家電・AV設備,シャープ（冷蔵庫） 2ドア冷蔵庫 200L以下,台
家電・AV設備,シャープ（冷蔵庫） 3ドア冷蔵庫 300L,台
家電・AV設備,シャープ（冷蔵庫） フレンチドア 500L,台
家電・AV設備,シャープ（冷蔵庫） 冷蔵庫 1ドア 100L（単身用）,台
家電・AV設備,シャープ（洗濯機） ドラム式洗濯乾燥機 10kg,台
家電・AV設備,シャープ（洗濯機） ドラム式洗濯乾燥機 12kg,台
家電・AV設備,シャープ（洗濯機） 全自動洗濯機 10kg,台
家電・AV設備,シャープ（洗濯機） 全自動洗濯機 7kg,台
家電・AV設備,シャープ（洗濯機） 縦型洗濯乾燥機 10kg,台
家電・AV設備,シャープ（洗濯機） 衣類乾燥機（単体）7kg,台
家電・AV設備,シャープ（電子レンジ） オーブンレンジ 26L,台
家電・AV設備,シャープ（電子レンジ） スチームオーブンレンジ 30L,台
家電・AV設備,スクリーン（手動 W100インチ）,台
家電・AV設備,スクリーン（電動 W150インチ）,台
家電・AV設備,スピーカー（2本セット 標準）,セット
家電・AV設備,テレビ（55インチ 4K）,台
家電・AV設備,テレビ（65インチ 4K）,台
家電・AV設備,パナソニック（冷蔵庫） 2ドア冷蔵庫 200L以下,台
家電・AV設備,パナソニック（冷蔵庫） 3ドア冷蔵庫 300L,台
家電・AV設備,パナソニック（冷蔵庫） フレンチドア 500L,台
家電・AV設備,パナソニック（冷蔵庫） フレンチドア 600L,台
家電・AV設備,パナソニック（冷蔵庫） 冷蔵庫 1ドア 100L（単身用）,台
家電・AV設備,パナソニック（洗濯機） ドラム式洗濯乾燥機 10kg,台
家電・AV設備,パナソニック（洗濯機） ドラム式洗濯乾燥機 12kg,台
家電・AV設備,パナソニック（洗濯機） 全自動洗濯機 10kg,台
家電・AV設備,パナソニック（洗濯機） 全自動洗濯機 7kg,台
家電・AV設備,パナソニック（洗濯機） 縦型洗濯乾燥機 10kg,台
家電・AV設備,パナソニック（洗濯機） 衣類乾燥機（単体）7kg,台
家電・AV設備,パナソニック（電子レンジ） オーブンレンジ 26L,台
家電・AV設備,パナソニック（電子レンジ） スチームオーブンレンジ 30L,台
家電・AV設備,プロジェクター（4K 標準）,台
家電・AV設備,プロジェクター（4K 高輝度）,台
家電・AV設備,三菱電機（冷蔵庫） 2ドア冷蔵庫 200L以下,台
家電・AV設備,三菱電機（冷蔵庫） 3ドア冷蔵庫 300L,台
家電・AV設備,三菱電機（冷蔵庫） フレンチドア 500L,台
家電・AV設備,三菱電機（冷蔵庫） フレンチドア 600L,台
家電・AV設備,三菱電機（冷蔵庫） フレンチドア 700L（大型）,台
家電・AV設備,三菱電機（冷蔵庫） 冷蔵庫 1ドア 100L（単身用）,台
家電・AV設備,乾燥機（ガス衣類乾燥機 乾太くん）,台
家電・AV設備,冷蔵庫（500L クラス 標準）,台
家電・AV設備,冷蔵庫（600L 高級 パナ・日立等）,台
家電・AV設備,加湿器（大型）,台
家電・AV設備,天井埋込スピーカー（1台 材工）,台
家電・AV設備,家電 IHクッキングヒーター（卓上 1口）,台
家電・AV設備,家電 サウンドバー 3.1ch,台
家電・AV設備,家電 テレビ 55インチ 4K,台
家電・AV設備,家電 テレビ 65インチ 4K,台
家電・AV設備,家電 テレビ 75インチ 4K（大型）,台
家電・AV設備,家電 除湿機 16L/日,台
家電・AV設備,家電 電気ケトル 1.0L,台
家電・AV設備,日立（冷蔵庫） 2ドア冷蔵庫 200L以下,台
家電・AV設備,日立（冷蔵庫） 3ドア冷蔵庫 300L,台
家電・AV設備,日立（冷蔵庫） フレンチドア 500L,台
家電・AV設備,日立（冷蔵庫） フレンチドア 600L,台
家電・AV設備,日立（冷蔵庫） フレンチドア 700L（大型）,台
家電・AV設備,日立（冷蔵庫） 冷蔵庫 1ドア 100L（単身用）,台
家電・AV設備,日立（洗濯機） ドラム式洗濯乾燥機 10kg,台
家電・AV設備,日立（洗濯機） ドラム式洗濯乾燥機 12kg,台
家電・AV設備,日立（洗濯機） 全自動洗濯機 10kg,台
家電・AV設備,日立（洗濯機） 全自動洗濯機 7kg,台
家電・AV設備,日立（洗濯機） 縦型洗濯乾燥機 10kg,台
家電・AV設備,日立（洗濯機） 衣類乾燥機（単体）7kg,台
家電・AV設備,日立（電子レンジ） オーブンレンジ 26L,台
家電・AV設備,日立（電子レンジ） スチームオーブンレンジ 30L,台
家電・AV設備,東芝（冷蔵庫） 2ドア冷蔵庫 200L以下,台
家電・AV設備,東芝（冷蔵庫） 3ドア冷蔵庫 300L,台
家電・AV設備,東芝（冷蔵庫） フレンチドア 500L,台
家電・AV設備,東芝（冷蔵庫） フレンチドア 600L,台
家電・AV設備,東芝（冷蔵庫） 冷蔵庫 1ドア 100L（単身用）,台
家電・AV設備,東芝（洗濯機） ドラム式洗濯乾燥機 10kg,台
家電・AV設備,東芝（洗濯機） ドラム式洗濯乾燥機 12kg,台
家電・AV設備,東芝（洗濯機） 全自動洗濯機 10kg,台
家電・AV設備,東芝（洗濯機） 全自動洗濯機 7kg,台
家電・AV設備,東芝（洗濯機） 縦型洗濯乾燥機 10kg,台
家電・AV設備,東芝（洗濯機） 衣類乾燥機（単体）7kg,台
家電・AV設備,東芝（電子レンジ） オーブンレンジ 26L,台
家電・AV設備,東芝（電子レンジ） スチームオーブンレンジ 30L,台
家電・AV設備,除湿機（大型）,台
家電・AV設備,電子レンジ・オーブン（標準）,台
家電・AV設備,電気ケトル,台
家電・AV設備,音響パネル（1m2）,m2
家電・AV設備,食器洗い機（卓上型）,台
屋外工作物・特殊構造,EV充電スタンド 200V コンセント型,台
屋外工作物・特殊構造,インターホン 屋外用 1対1,式
屋外工作物・特殊構造,コンクリートブロック塀（H1.2m 1m）,m
屋外工作物・特殊構造,コンクリートブロック塀（H1.8m 1m）,m
屋外工作物・特殊構造,ゴミストッカー スチール製 240L用,台
屋外工作物・特殊構造,ゴミストッカー スチール製 90L用,台
屋外工作物・特殊構造,ルーバー アルミ製 1m²,m²
屋外工作物・特殊構造,レンガ塀（H1.0m 1m）,m
屋外工作物・特殊構造,土留め（コンクリート H1.0m 1m）,m
屋外工作物・特殊構造,外部水栓 ガーデン水栓 立水栓,個
屋外工作物・特殊構造,外部水栓 散水栓 ボックス付き,個
屋外工作物・特殊構造,大谷石塀（H1.2m 1m）,m
屋外工作物・特殊構造,宅配ボックス 据え置き型 大,個
屋外工作物・特殊構造,宅配ボックス 据え置き型 小,個
屋外工作物・特殊構造,屋外バルコニー 鉄骨製 1m²,m²
屋外工作物・特殊構造,屋外手すり 丸パイプ φ42.7 1m,m
屋外工作物・特殊構造,屋外手すり 角パイプ 50×50 1m,m
屋外工作物・特殊構造,屋外階段 鉄骨製 直段 1段,段
屋外工作物・特殊構造,屋外階段 鉄骨製 踊り場 1m²,m²
屋外工作物・特殊構造,庇 アルミ製 出幅900mm 1m,m
屋外工作物・特殊構造,庇 鉄骨製 出幅600mm 1m,m
屋外工作物・特殊構造,擁壁（コンクリート H1.0m 1m）,m
屋外工作物・特殊構造,擁壁（コンクリート H2.0m 1m）,m
屋外工作物・特殊構造,擁壁（石積み H1.0m 1m）,m
屋外工作物・特殊構造,旗竿 アルミ製 3m,本
屋外工作物・特殊構造,格子 スチール製 1m²,m²
屋外工作物・特殊構造,煙突 ステンレス二重管 φ150 1m,m
屋外工作物・特殊構造,煙突 ステンレス二重管 φ200 1m,m
屋外工作物・特殊構造,煙突キャップ φ150 ステンレス,個
屋外工作物・特殊構造,煙突キャップ φ200 ステンレス,個
屋外工作物・特殊構造,煙突貫通部 防火区画処理 1式,式
屋外工作物・特殊構造,物置 スチール製 小型（1m²以下）,台
屋外工作物・特殊構造,自転車置き場 スチール製 2台用,台
屋外工作物・特殊構造,自転車置き場 スチール製 4台用,台
屋外工作物・特殊構造,表札 ステンレス 150×100mm,個
屋外工作物・特殊構造,鉄骨造カーポート（2台用 1式）,式
屋外工作物・特殊構造,鉄骨造ガレージ（1台用 1式）,式
屋外工作物・特殊構造,鉄骨造物置（3坪 1式）,式
屋外工作物・特殊構造,防護柵（ガードレール 1m）,m
左官・モルタル材料,アルミナセメント（25kg）,袋
左官・モルタル材料,アーティシャン仕上げ材4L,缶
左官・モルタル材料,インスタントセメント（25kg）,袋
左官・モルタル材料,カラーモルタル赤系5kg,袋
左官・モルタル材料,カラーモルタル（グレー 5kg）,袋
左官・モルタル材料,ガイナ遮熱断熱 16kg,缶
左官・モルタル材料,グラウト無収縮 20kg,袋
左官・モルタル材料,コンクリート用エポキシ 4L,缶
左官・モルタル材料,コーキングガン（標準）,個
左官・モルタル材料,コーキングガン（電動）,個
左官・モルタル材料,シリコンコーキング白330ml,本
左官・モルタル材料,シロアリ駆除剤 バリア工法18L,缶
左官・モルタル材料,シーラー浸透固化 4L,缶
左官・モルタル材料,ジュラク（吉野石膏 20kg）,袋
左官・モルタル材料,ジョリパット 外壁用20kg,袋
左官・モルタル材料,スキン塗り（薄塗り左官 1㎡）,㎡
左官・モルタル材料,スタッコ 外壁用18kg,袋
左官・モルタル材料,セメントモルタル ドライ25kg,袋
左官・モルタル材料,セメントモルタル 速硬25kg,袋
左官・モルタル材料,セルフレベリング 速乾20kg,袋
左官・モルタル材料,セルフレベリング材（10kg）,袋
左官・モルタル材料,セルフレベリング材（速乾 20kg）,袋
左官・モルタル材料,タイル接着剤（20kg）,袋
左官・モルタル材料,タイル目地材（2kg）,袋
左官・モルタル材料,タイル（内壁 150角 浴室）,m2
左官・モルタル材料,タイル（外壁 300角）,m2
左官・モルタル材料,タイル（床 300角）,m2
左官・モルタル材料,ドライウォール（ボードアンカー）,個
左官・モルタル材料,バックアップ材丸型20mm,m
左官・モルタル材料,フレキシブルボード（6mm 910×1820mm）,枚
左官・モルタル材料,フレキシブルモルタル 20kg,袋
左官・モルタル材料,フローリングワックス1L,缶
左官・モルタル材料,プライマー外壁用 4L,缶
左官・モルタル材料,ペンキ薄め液ラッカー4L,缶
左官・モルタル材料,ポリウレタン330ml,本
左官・モルタル材料,ポリマーセメント 20kg,袋
左官・モルタル材料,ポルトランドセメント（25kg）,袋
左官・モルタル材料,マスカー550mm×25m,巻
左官・モルタル材料,マスキングテープ18mm塗装用,巻
左官・モルタル材料,マスキングテープ24mm塗装用,巻
左官・モルタル材料,マルチプライマー（4L）,缶
左官・モルタル材料,モルタル接着増強剤（4L）,缶
左官・モルタル材料,モルタル混和剤（1L）,L
左官・モルタル材料,モルタル金鏝仕上げ（床・1㎡）,㎡
左官・モルタル材料,モルタル（25kg）,袋
左官・モルタル材料,ラス下地板（12mm）,m2
左官・モルタル材料,ラス網（1m×30m）,巻
左官・モルタル材料,リシン 外壁用20kg,袋
左官・モルタル材料,レベラー 床用20kg,袋
左官・モルタル材料,ローラー9インチ平目,本
左官・モルタル材料,ローラー9インチ砂骨,本
左官・モルタル材料,久米山金箔（金沢） べんがら塗り（弁柄・赤褐色）1㎡,㎡
左官・モルタル材料,久米山金箔（金沢） テラゾー（人造大理石 現場打ち）1㎡,㎡
左官・モルタル材料,久米山金箔（金沢） マイクロセメント（薄塗り左官）1㎡,㎡
左官・モルタル材料,久米山金箔（金沢） 和紙貼り（西陣織調）1㎡,㎡
左官・モルタル材料,久米山金箔（金沢） 和紙貼り（越前和紙）1㎡,㎡
左官・モルタル材料,久米山金箔（金沢） 大津磨き（光沢漆喰）1㎡,㎡
左官・モルタル材料,久米山金箔（金沢） 摺り込み仕上げ（砂壁調）1㎡,㎡
左官・モルタル材料,久米山金箔（金沢） 本漆塗り（黒漆・朱漆）1㎡,㎡
左官・モルタル材料,久米山金箔（金沢） 本聚楽壁（じゅらくかべ）京都産 1㎡,㎡
左官・モルタル材料,久米山金箔（金沢） 漆喰アート（立体造形）1㎡,㎡
左官・モルタル材料,久米山金箔（金沢） 珪藻土アート（手描きテクスチャー）1㎡,㎡
左官・モルタル材料,久米山金箔（金沢） 金箔押し 1.5号金 1㎡,㎡
左官・モルタル材料,久米山金箔（金沢） 金箔押し 1号金 1㎡,㎡
左官・モルタル材料,久米山金箔（金沢） 金箔押し プラチナ箔 1㎡,㎡
左官・モルタル材料,久米山金箔（金沢） 銀箔押し 1㎡,㎡
左官・モルタル材料,京都専門左官 べんがら塗り（弁柄・赤褐色）1㎡,㎡
左官・モルタル材料,京都専門左官 テラゾー（人造大理石 現場打ち）1㎡,㎡
左官・モルタル材料,京都専門左官 マイクロセメント（薄塗り左官）1㎡,㎡
左官・モルタル材料,京都専門左官 和紙貼り（西陣織調）1㎡,㎡
左官・モルタル材料,京都専門左官 和紙貼り（越前和紙）1㎡,㎡
左官・モルタル材料,京都専門左官 大津磨き（光沢漆喰）1㎡,㎡
左官・モルタル材料,京都専門左官 摺り込み仕上げ（砂壁調）1㎡,㎡
左官・モルタル材料,京都専門左官 本漆塗り（黒漆・朱漆）1㎡,㎡
左官・モルタル材料,京都専門左官 本聚楽壁（じゅらくかべ）京都産 1㎡,㎡
左官・モルタル材料,京都専門左官 漆喰アート（立体造形）1㎡,㎡
左官・モルタル材料,京都専門左官 珪藻土アート（手描きテクスチャー）1㎡,㎡
左官・モルタル材料,京都専門左官 金箔押し 1.5号金 1㎡,㎡
左官・モルタル材料,京都専門左官 金箔押し 1号金 1㎡,㎡
左官・モルタル材料,京都専門左官 金箔押し プラチナ箔 1㎡,㎡
左官・モルタル材料,京都専門左官 銀箔押し 1㎡,㎡
左官・モルタル材料,刷毛50mm天然毛,本
左官・モルタル材料,刷毛75mmナイロン,本
左官・モルタル材料,刷毛洗浄液4L,缶
左官・モルタル材料,吹付タイル（外壁・1㎡）,㎡
左官・モルタル材料,土壁用荒壁土（1袋）,袋
左官・モルタル材料,坂田紙業（和紙） べんがら塗り（弁柄・赤褐色）1㎡,㎡
左官・モルタル材料,坂田紙業（和紙） テラゾー（人造大理石 現場打ち）1㎡,㎡
左官・モルタル材料,坂田紙業（和紙） マイクロセメント（薄塗り左官）1㎡,㎡
左官・モルタル材料,坂田紙業（和紙） 和紙貼り（西陣織調）1㎡,㎡
左官・モルタル材料,坂田紙業（和紙） 和紙貼り（越前和紙）1㎡,㎡
左官・モルタル材料,坂田紙業（和紙） 大津磨き（光沢漆喰）1㎡,㎡
左官・モルタル材料,坂田紙業（和紙） 摺り込み仕上げ（砂壁調）1㎡,㎡
左官・モルタル材料,坂田紙業（和紙） 本漆塗り（黒漆・朱漆）1㎡,㎡
左官・モルタル材料,坂田紙業（和紙） 本聚楽壁（じゅらくかべ）京都産 1㎡,㎡
左官・モルタル材料,坂田紙業（和紙） 漆喰アート（立体造形）1㎡,㎡
左官・モルタル材料,坂田紙業（和紙） 珪藻土アート（手描きテクスチャー）1㎡,㎡
左官・モルタル材料,坂田紙業（和紙） 金箔押し 1.5号金 1㎡,㎡
左官・モルタル材料,坂田紙業（和紙） 金箔押し 1号金 1㎡,㎡
左官・モルタル材料,坂田紙業（和紙） 金箔押し プラチナ箔 1㎡,㎡
左官・モルタル材料,坂田紙業（和紙） 銀箔押し 1㎡,㎡
左官・モルタル材料,塗料用シンナー4L,缶
左官・モルタル材料,塗装用スプレーアクリル300ml,缶
左官・モルタル材料,変性シリコン黒330ml,本
左官・モルタル材料,外壁用シリコン塗料 15kg,缶
左官・モルタル材料,外壁用シリコン白15kg,缶
左官・モルタル材料,外壁用フッ素塗料 15kg,缶
左官・モルタル材料,外壁用フッ素白15kg,缶
左官・モルタル材料,外壁用モルタル（25kg）,袋
左官・モルタル材料,外壁用弾性シリコン16kg,缶
左官・モルタル材料,大津壁材 5kg,袋
左官・モルタル材料,寒水石（20kg）,袋
左官・モルタル材料,屋根用ガイナ16kg,缶
左官・モルタル材料,屋根用フッ素15kg,缶
左官・モルタル材料,屋根用遮熱シリコン 15kg,缶
左官・モルタル材料,川砂（1m3）,m3
左官・モルタル材料,左官用メッシュ（1m×50m）,巻
左官・モルタル材料,左官用ラス（1m×30m）,巻
左官・モルタル材料,左官職人工事 べんがら塗り（弁柄・赤褐色）1㎡,㎡
左官・モルタル材料,左官職人工事 テラゾー（人造大理石 現場打ち）1㎡,㎡
左官・モルタル材料,左官職人工事 マイクロセメント（薄塗り左官）1㎡,㎡
左官・モルタル材料,左官職人工事 和紙貼り（西陣織調）1㎡,㎡
左官・モルタル材料,左官職人工事 和紙貼り（越前和紙）1㎡,㎡
左官・モルタル材料,左官職人工事 大津磨き（光沢漆喰）1㎡,㎡
左官・モルタル材料,左官職人工事 摺り込み仕上げ（砂壁調）1㎡,㎡
左官・モルタル材料,左官職人工事 本漆塗り（黒漆・朱漆）1㎡,㎡
左官・モルタル材料,左官職人工事 本聚楽壁（じゅらくかべ）京都産 1㎡,㎡
左官・モルタル材料,左官職人工事 漆喰アート（立体造形）1㎡,㎡
左官・モルタル材料,左官職人工事 珪藻土アート（手描きテクスチャー）1㎡,㎡
左官・モルタル材料,左官職人工事 金箔押し 1.5号金 1㎡,㎡
左官・モルタル材料,左官職人工事 金箔押し 1号金 1㎡,㎡
左官・モルタル材料,左官職人工事 金箔押し プラチナ箔 1㎡,㎡
左官・モルタル材料,左官職人工事 銀箔押し 1㎡,㎡
左官・モルタル材料,床用ウレタン 4L,缶
左官・モルタル材料,床用ウレタン（グレー4L）,缶
左官・モルタル材料,接着モルタル 20kg,袋
左官・モルタル材料,既調合モルタル（25kg）,袋
左官・モルタル材料,木部保護塗料 4L,缶
左官・モルタル材料,木部保護塗料（オーク4L）,缶
左官・モルタル材料,木部保護塗料（チーク4L）,缶
左官・モルタル材料,木部用浸透型塗料オーク4L,缶
左官・モルタル材料,漆喰 内装用5kg,袋
左官・モルタル材料,漆喰 外装用15kg,袋
左官・モルタル材料,漆喰 本漆喰5kg,袋
左官・モルタル材料,漆喰（20kg）,袋
左官・モルタル材料,漆喰（日本プラスター うま〜くヌレール 18kg）,袋
左官・モルタル材料,漆喰（田川産業 20kg）,袋
左官・モルタル材料,珪砂（25kg 6号）,袋
左官・モルタル材料,珪藻土 内装用5kg,袋
左官・モルタル材料,珪藻土 高品質5kg,袋
左官・モルタル材料,珪藻土（20kg）,袋
左官・モルタル材料,珪藻土（フジワラ化学 20kg）,袋
左官・モルタル材料,田中産業（漆） べんがら塗り（弁柄・赤褐色）1㎡,㎡
左官・モルタル材料,田中産業（漆） テラゾー（人造大理石 現場打ち）1㎡,㎡
左官・モルタル材料,田中産業（漆） マイクロセメント（薄塗り左官）1㎡,㎡
左官・モルタル材料,田中産業（漆） 和紙貼り（西陣織調）1㎡,㎡
左官・モルタル材料,田中産業（漆） 和紙貼り（越前和紙）1㎡,㎡
左官・モルタル材料,田中産業（漆） 大津磨き（光沢漆喰）1㎡,㎡
左官・モルタル材料,田中産業（漆） 摺り込み仕上げ（砂壁調）1㎡,㎡
左官・モルタル材料,田中産業（漆） 本漆塗り（黒漆・朱漆）1㎡,㎡
左官・モルタル材料,田中産業（漆） 本聚楽壁（じゅらくかべ）京都産 1㎡,㎡
左官・モルタル材料,田中産業（漆） 漆喰アート（立体造形）1㎡,㎡
左官・モルタル材料,田中産業（漆） 珪藻土アート（手描きテクスチャー）1㎡,㎡
左官・モルタル材料,田中産業（漆） 金箔押し 1.5号金 1㎡,㎡
左官・モルタル材料,田中産業（漆） 金箔押し 1号金 1㎡,㎡
左官・モルタル材料,田中産業（漆） 金箔押し プラチナ箔 1㎡,㎡
左官・モルタル材料,田中産業（漆） 銀箔押し 1㎡,㎡
左官・モルタル材料,白セメント（25kg）,袋
左官・モルタル材料,石灰（消石灰 20kg）,袋
左官・モルタル材料,石膏プラスター（25kg）,袋
左官・モルタル材料,砂壁材 5kg,袋
左官・モルタル材料,砂（山砂 1m3）,m3
左官・モルタル材料,砂（川砂 1m3）,m3
左官・モルタル材料,聚楽壁材 5kg,袋
左官・モルタル材料,薄塗りモルタル（25kg）,袋
左官・モルタル材料,鉄部用エポキシプライマー 4L,缶
左官・モルタル材料,鉄部防錆プライマー（グレー4L）,缶
左官・モルタル材料,鉄部防錆塗料 0.7kg,缶
左官・モルタル材料,防水モルタル 20kg,袋
左官・モルタル材料,防水モルタル（25kg）,袋
左官・モルタル材料,防腐剤 ACQ水性18L,缶
左官・モルタル材料,防腐剤 キシラデコール4L,缶
左官・モルタル材料,防腐防蟻処理剤 18L,缶
左官・モルタル材料,防蟻処理剤 マイクロカプセル18L,缶
左官・モルタル材料,防蟻処理剤 乳剤系18L,缶
左官・モルタル材料,防蟻処理剤 土壌用18L,缶
左官・モルタル材料,防蟻塗料 4L,缶
左官・モルタル材料,養生紙910mm×30m,巻
巾木・廻縁・造作材,クローゼットポール φ35×1800mm クロームメッキ,本
巾木・廻縁・造作材,クローゼットポール φ35×2700mm クロームメッキ,本
巾木・廻縁・造作材,クローゼットポール φ35×900mm クロームメッキ,本
巾木・廻縁・造作材,クローゼットポール受け金物 φ35用（2個）,セット
巾木・廻縁・造作材,クローゼットポール（φ35×1800mm）,本
巾木・廻縁・造作材,ハンガーパイプ 楕円 1800mm ステンレス,本
巾木・廻縁・造作材,ハンガーパイプ 楕円 900mm ステンレス,本
巾木・廻縁・造作材,ハンガーパイプ受け金物（2個）,セット
巾木・廻縁・造作材,可動棚受け金物 150mm（4個組）シルバー,セット
巾木・廻縁・造作材,可動棚受け金物 200mm（4個組）シルバー,セット
巾木・廻縁・造作材,可動棚受け金物 250mm（4個組）シルバー,セット
巾木・廻縁・造作材,可動棚金物 ダボレール 1820mm シルバー,本
巾木・廻縁・造作材,可動棚金物 ダボレール 900mm シルバー,本
巾木・廻縁・造作材,可動棚金物（1セット）,セット
巾木・廻縁・造作材,巾木 MDF 100mm×2400mm ダークブラウン,本
巾木・廻縁・造作材,巾木 MDF 100mm×2400mm ホワイト,本
巾木・廻縁・造作材,巾木 MDF 60mm×2400mm ダークブラウン,本
巾木・廻縁・造作材,巾木 MDF 60mm×2400mm ホワイト,本
巾木・廻縁・造作材,巾木 MDF 60mm×2400mm ライトオーク,本
巾木・廻縁・造作材,巾木 MDF 60mm（2400mm）,本
巾木・廻縁・造作材,巾木 MDF 75mm×2400mm ダークブラウン,本
巾木・廻縁・造作材,巾木 MDF 75mm×2400mm ホワイト,本
巾木・廻縁・造作材,巾木 MDF 75mm×2400mm ライトオーク,本
巾木・廻縁・造作材,巾木 アルミ見切り 40mm×2000mm シルバー,本
巾木・廻縁・造作材,巾木 アルミ見切り 60mm×2000mm シルバー,本
巾木・廻縁・造作材,巾木 アルミ見切り 60mm×2000mm ブラック,本
巾木・廻縁・造作材,巾木 ソフト巾木 45mm×25m（ロール）ホワイト,巻
巾木・廻縁・造作材,巾木 ソフト巾木 60mm×25m（ロール）ホワイト,巻
巾木・廻縁・造作材,巾木 ソフト巾木 60mm×25m（ロール）ライトグレー,巻
巾木・廻縁・造作材,巾木 ソフト巾木 75mm×25m（ロール）ホワイト,巻
巾木・廻縁・造作材,巾木 木製（ヒノキ）60mm×2400mm,本
巾木・廻縁・造作材,巾木 木製（ヒノキ）75mm×2400mm,本
巾木・廻縁・造作材,巾木 木製（杉・無塗装）60mm×2400mm,本
巾木・廻縁・造作材,巾木 木製（杉・無塗装）75mm×2400mm,本
巾木・廻縁・造作材,巾木コーナー 内コーナー MDF 60mm ホワイト（2個）,個
巾木・廻縁・造作材,巾木コーナー 内コーナー MDF 75mm ホワイト（2個）,個
巾木・廻縁・造作材,巾木コーナー 外コーナー MDF 60mm ホワイト（2個）,個
巾木・廻縁・造作材,巾木コーナー 外コーナー MDF 75mm ホワイト（2個）,個
巾木・廻縁・造作材,巾木用接着剤 ボンド クイック（330ml）,本
巾木・廻縁・造作材,廻縁 MDF 30×25mm 2400mm ダークブラウン,本
巾木・廻縁・造作材,廻縁 MDF 30×25mm 2400mm ホワイト,本
巾木・廻縁・造作材,廻縁 MDF 30×25mm 2400mm ライトオーク,本
巾木・廻縁・造作材,廻縁 MDF 30×25mm（2400mm）,本
巾木・廻縁・造作材,廻縁 MDF 40×30mm 2400mm ダークブラウン,本
巾木・廻縁・造作材,廻縁 MDF 40×30mm 2400mm ホワイト,本
巾木・廻縁・造作材,廻縁 木製（スプルース）30×25mm 2400mm,本
巾木・廻縁・造作材,廻縁 木製（ヒノキ）30×25mm 2400mm,本
巾木・廻縁・造作材,廻縁 木製（杉）30×25mm 2400mm,本
巾木・廻縁・造作材,廻縁用釘 ステンレス 32mm（100本）,袋
巾木・廻縁・造作材,手すり丸棒 φ35×3000mm スプルース無塗装,本
巾木・廻縁・造作材,手すり丸棒 φ35×3000mm パイン塗装済み,本
巾木・廻縁・造作材,手すり丸棒 φ40×3000mm スプルース無塗装,本
巾木・廻縁・造作材,棚板 パイン集成材 18mm 1800×200mm,枚
巾木・廻縁・造作材,棚板 パイン集成材 18mm 1800×300mm,枚
巾木・廻縁・造作材,棚板 パイン集成材 18mm 900×200mm,枚
巾木・廻縁・造作材,棚板 パイン集成材 18mm 900×300mm,枚
巾木・廻縁・造作材,棚板 化粧合板 15mm 1800×300mm ホワイト,枚
巾木・廻縁・造作材,棚板 化粧合板 15mm 1800×400mm ホワイト,枚
巾木・廻縁・造作材,棚板 化粧合板 15mm 900×300mm ホワイト,枚
巾木・廻縁・造作材,棚板 化粧合板 15mm 900×400mm ホワイト,枚
巾木・廻縁・造作材,棚板 化粧合板 15mm（900×1800mm）,枚
巾木・廻縁・造作材,棚板 化粧合板 21mm 1800×300mm ナチュラル,枚
巾木・廻縁・造作材,棚板 化粧合板 21mm 900×300mm ナチュラル,枚
巾木・廻縁・造作材,窓台 MDF 150mm×2000mm ホワイト,本
巾木・廻縁・造作材,窓台 MDF 150mm（2000mm）,本
巾木・廻縁・造作材,窓台 MDF 180mm×2000mm ホワイト,本
巾木・廻縁・造作材,窓台 MDF 200mm×2000mm ホワイト,本
巾木・廻縁・造作材,窓台 木製（パイン集成材）150mm×2000mm,本
巾木・廻縁・造作材,窓台 木製（杉）150mm×2000mm,本
巾木・廻縁・造作材,笠木 MDF 120mm×2400mm ホワイト,本
巾木・廻縁・造作材,笠木 MDF 150mm×2400mm ホワイト,本
巾木・廻縁・造作材,笠木 MDF 90mm×2400mm ホワイト,本
巾木・廻縁・造作材,笠木 木製（杉）90mm×2400mm,本
巾木・廻縁・造作材,見切り材 アルミ L型 10mm×2000mm シルバー,本
巾木・廻縁・造作材,見切り材 アルミ L型 15mm×2000mm シルバー,本
巾木・廻縁・造作材,見切り材 アルミ T型 10mm×2000mm シルバー,本
巾木・廻縁・造作材,見切り材 アルミ T型 15mm×2000mm シルバー,本
巾木・廻縁・造作材,見切り材 アルミ Z型（段差） 2000mm シルバー,本
巾木・廻縁・造作材,見切り材 アルミ フラット 10mm×2000mm シルバー,本
巾木・廻縁・造作材,見切り材 アルミ フラット 10mm×2000mm ブラック,本
巾木・廻縁・造作材,見切り材 アルミ フラット 15mm×2000mm シルバー,本
巾木・廻縁・造作材,見切り材 アルミ フラット 20mm×2000mm シルバー,本
巾木・廻縁・造作材,見切り材 アルミ（2000mm）,本
巾木・廻縁・造作材,見切り材 ステンレス T型 15mm×2000mm,本
巾木・廻縁・造作材,見切り材 ステンレス フラット 10mm×2000mm,本
巾木・廻縁・造作材,見切り材 タイル・フローリング境界 10mm×2000mm,本
巾木・廻縁・造作材,見切り材 床・壁間 カーペット用 2000mm,本
巾木・廻縁・造作材,見切り材 樹脂 フラット 10mm×2000mm ホワイト,本
巾木・廻縁・造作材,見切り材 樹脂 フラット 15mm×2000mm アイボリー,本
巾木・廻縁・造作材,額縁 MDF 70mm×2400mm ホワイト,本
巾木・廻縁・造作材,額縁 MDF 70mm×2400mm ライトオーク,本
巾木・廻縁・造作材,額縁 木製（杉）70mm×2400mm,本
建具金物,BEST（錠前） MIWA U9シリンダー錠,個
建具金物,BEST（錠前） インテグラル錠,個
建具金物,BEST（錠前） ガラス用丁番 ゴールド,個
建具金物,BEST（錠前） ガラス用丁番 シルバー,個
建具金物,BEST（錠前） ガラス用丁番 ブラック,個
建具金物,BEST（錠前） ガラス用丁番 ブロンズ,個
建具金物,BEST（錠前） スチール丁番 75mm（普通型） ゴールド,個
建具金物,BEST（錠前） スチール丁番 75mm（普通型） シルバー,個
建具金物,BEST（錠前） スチール丁番 75mm（普通型） ブラック,個
建具金物,BEST（錠前） スチール丁番 75mm（普通型） ブロンズ,個
建具金物,BEST（錠前） ステンレス丁番 75mm（普通型） ゴールド,個
建具金物,BEST（錠前） ステンレス丁番 75mm（普通型） シルバー,個
建具金物,BEST（錠前） ステンレス丁番 75mm（普通型） ブラック,個
建具金物,BEST（錠前） ステンレス丁番 75mm（普通型） ブロンズ,個
建具金物,BEST（錠前） スライド丁番 インセット ゴールド,個
建具金物,BEST（錠前） スライド丁番 インセット シルバー,個
建具金物,BEST（錠前） スライド丁番 インセット ブラック,個
建具金物,BEST（錠前） スライド丁番 インセット ブロンズ,個
建具金物,BEST（錠前） スライド丁番 ソフトクローズ ゴールド,個
建具金物,BEST（錠前） スライド丁番 ソフトクローズ シルバー,個
建具金物,BEST（錠前） スライド丁番 ソフトクローズ ブラック,個
建具金物,BEST（錠前） スライド丁番 ソフトクローズ ブロンズ,個
建具金物,BEST（錠前） スライド丁番 プッシュオープン ゴールド,個
建具金物,BEST（錠前） スライド丁番 プッシュオープン シルバー,個
建具金物,BEST（錠前） スライド丁番 プッシュオープン ブラック,個
建具金物,BEST（錠前） スライド丁番 プッシュオープン ブロンズ,個
建具金物,BEST（錠前） スライド丁番 全かぶせ（キャビネット用） ゴールド,個
建具金物,BEST（錠前） スライド丁番 全かぶせ（キャビネット用） シルバー,個
建具金物,BEST（錠前） スライド丁番 全かぶせ（キャビネット用） ブラック,個
建具金物,BEST（錠前） スライド丁番 全かぶせ（キャビネット用） ブロンズ,個
建具金物,BEST（錠前） スライド丁番 半かぶせ ゴールド,個
建具金物,BEST（錠前） スライド丁番 半かぶせ シルバー,個
建具金物,BEST（錠前） スライド丁番 半かぶせ ブラック,個
建具金物,BEST（錠前） スライド丁番 半かぶせ ブロンズ,個
建具金物,BEST（錠前） チューブラ錠（ラッチ）,個
建具金物,BEST（錠前） ピポット丁番（回転丁番） ゴールド,個
建具金物,BEST（錠前） ピポット丁番（回転丁番） シルバー,個
建具金物,BEST（錠前） ピポット丁番（回転丁番） ブラック,個
建具金物,BEST（錠前） ピポット丁番（回転丁番） ブロンズ,個
建具金物,BEST（錠前） フランス丁番 上下調整可能 ゴールド,個
建具金物,BEST（錠前） フランス丁番 上下調整可能 シルバー,個
建具金物,BEST（錠前） フランス丁番 上下調整可能 ブラック,個
建具金物,BEST（錠前） フランス丁番 上下調整可能 ブロンズ,個
建具金物,BEST（錠前） 円筒錠 ノブ付き,個
建具金物,BEST（錠前） 本締錠 ディンプル2ロック,個
建具金物,BEST（錠前） 玄関引き戸錠,個
建具金物,BEST（錠前） 補助錠 ディンプルキー,個
建具金物,BEST（錠前） 長丁番 900mm（ステンレス） ゴールド,個
建具金物,BEST（錠前） 長丁番 900mm（ステンレス） シルバー,個
建具金物,BEST（錠前） 長丁番 900mm（ステンレス） ブラック,個
建具金物,BEST（錠前） 長丁番 900mm（ステンレス） ブロンズ,個
建具金物,BEST（錠前） 電子錠 カード式,個
建具金物,BEST（錠前） 電子錠 スマートフォン連携,個
建具金物,BEST（錠前） 電子錠 テンキー式,個
建具金物,MIWA（錠前） MIWA U9シリンダー錠,個
建具金物,MIWA（錠前） インテグラル錠,個
建具金物,MIWA（錠前） チューブラ錠（ラッチ）,個
建具金物,MIWA（錠前） 円筒錠 ノブ付き,個
建具金物,MIWA（錠前） 本締錠 ディンプル2ロック,個
建具金物,MIWA（錠前） 玄関引き戸錠,個
建具金物,MIWA（錠前） 補助錠 ディンプルキー,個
建具金物,MIWA（錠前） 電子錠 カード式,個
建具金物,MIWA（錠前） 電子錠 スマートフォン連携,個
建具金物,MIWA（錠前） 電子錠 テンキー式,個
建具金物,ガラス棚受け（4個）,袋
建具金物,ゴール（鍵） MIWA U9シリンダー錠,個
建具金物,ゴール（鍵） インテグラル錠,個
建具金物,ゴール（鍵） チューブラ錠（ラッチ）,個
建具金物,ゴール（鍵） 円筒錠 ノブ付き,個
建具金物,ゴール（鍵） 本締錠 ディンプル2ロック,個
建具金物,ゴール（鍵） 玄関引き戸錠,個
建具金物,ゴール（鍵） 補助錠 ディンプルキー,個
建具金物,ゴール（鍵） 電子錠 カード式,個
建具金物,ゴール（鍵） 電子錠 スマートフォン連携,個
建具金物,ゴール（鍵） 電子錠 テンキー式,個
建具金物,シロクマ（引手） クリスタル引手（ガラス調） クローム,個
建具金物,シロクマ（引手） クリスタル引手（ガラス調） ゴールド,個
建具金物,シロクマ（引手） クリスタル引手（ガラス調） シルバー,個
建具金物,シロクマ（引手） クリスタル引手（ガラス調） ブラック,個
建具金物,シロクマ（引手） クリスタル引手（ガラス調） ブロンズ,個
建具金物,シロクマ（引手） ゴールド引手 アンティーク クローム,個
建具金物,シロクマ（引手） ゴールド引手 アンティーク ゴールド,個
建具金物,シロクマ（引手） ゴールド引手 アンティーク シルバー,個
建具金物,シロクマ（引手） ゴールド引手 アンティーク ブラック,個
建具金物,シロクマ（引手） ゴールド引手 アンティーク ブロンズ,個
建具金物,シロクマ（引手） ステンレス引手 ヘアライン クローム,個
建具金物,シロクマ（引手） ステンレス引手 ヘアライン ゴールド,個
建具金物,シロクマ（引手） ステンレス引手 ヘアライン シルバー,個
建具金物,シロクマ（引手） ステンレス引手 ヘアライン ブラック,個
建具金物,シロクマ（引手） ステンレス引手 ヘアライン ブロンズ,個
建具金物,シロクマ（引手） プッシュプル錠（オフィス用） クローム,個
建具金物,シロクマ（引手） プッシュプル錠（オフィス用） ゴールド,個
建具金物,シロクマ（引手） プッシュプル錠（オフィス用） シルバー,個
建具金物,シロクマ（引手） プッシュプル錠（オフィス用） ブラック,個
建具金物,シロクマ（引手） プッシュプル錠（オフィス用） ブロンズ,個
建具金物,シロクマ（引手） レバーハンドル ストレート型 クローム,個
建具金物,シロクマ（引手） レバーハンドル ストレート型 ゴールド,個
建具金物,シロクマ（引手） レバーハンドル ストレート型 シルバー,個
建具金物,シロクマ（引手） レバーハンドル ストレート型 ブラック,個
建具金物,シロクマ（引手） レバーハンドル ストレート型 ブロンズ,個
建具金物,シロクマ（引手） レバーハンドル ロング型 クローム,個
建具金物,シロクマ（引手） レバーハンドル ロング型 ゴールド,個
建具金物,シロクマ（引手） レバーハンドル ロング型 シルバー,個
建具金物,シロクマ（引手） レバーハンドル ロング型 ブラック,個
建具金物,シロクマ（引手） レバーハンドル ロング型 ブロンズ,個
建具金物,シロクマ（引手） レバーハンドル 曲線型 クローム,個
建具金物,シロクマ（引手） レバーハンドル 曲線型 ゴールド,個
建具金物,シロクマ（引手） レバーハンドル 曲線型 シルバー,個
建具金物,シロクマ（引手） レバーハンドル 曲線型 ブラック,個
建具金物,シロクマ（引手） レバーハンドル 曲線型 ブロンズ,個
建具金物,シロクマ（引手） 彫込み引手 丸型 クローム,個
建具金物,シロクマ（引手） 彫込み引手 丸型 ゴールド,個
建具金物,シロクマ（引手） 彫込み引手 丸型 シルバー,個
建具金物,シロクマ（引手） 彫込み引手 丸型 ブラック,個
建具金物,シロクマ（引手） 彫込み引手 丸型 ブロンズ,個
建具金物,シロクマ（引手） 彫込み引手（掘込み）スクエア クローム,個
建具金物,シロクマ（引手） 彫込み引手（掘込み）スクエア ゴールド,個
建具金物,シロクマ（引手） 彫込み引手（掘込み）スクエア シルバー,個
建具金物,シロクマ（引手） 彫込み引手（掘込み）スクエア ブラック,個
建具金物,シロクマ（引手） 彫込み引手（掘込み）スクエア ブロンズ,個
建具金物,シロクマ（引手） 棒引手 L型 φ25×128mm クローム,個
建具金物,シロクマ（引手） 棒引手 L型 φ25×128mm ゴールド,個
建具金物,シロクマ（引手） 棒引手 L型 φ25×128mm シルバー,個
建具金物,シロクマ（引手） 棒引手 L型 φ25×128mm ブラック,個
建具金物,シロクマ（引手） 棒引手 L型 φ25×128mm ブロンズ,個
建具金物,シロクマ（引手） 棒引手 φ25×128mm クローム,個
建具金物,シロクマ（引手） 棒引手 φ25×128mm ゴールド,個
建具金物,シロクマ（引手） 棒引手 φ25×128mm シルバー,個
建具金物,シロクマ（引手） 棒引手 φ25×128mm ブラック,個
建具金物,シロクマ（引手） 棒引手 φ25×128mm ブロンズ,個
建具金物,スガツネ工業 ガラス用丁番 ゴールド,個
建具金物,スガツネ工業 ガラス用丁番 シルバー,個
建具金物,スガツネ工業 ガラス用丁番 ブラック,個
建具金物,スガツネ工業 ガラス用丁番 ブロンズ,個
建具金物,スガツネ工業 スチール丁番 75mm（普通型） ゴールド,個
建具金物,スガツネ工業 スチール丁番 75mm（普通型） シルバー,個
建具金物,スガツネ工業 スチール丁番 75mm（普通型） ブラック,個
建具金物,スガツネ工業 スチール丁番 75mm（普通型） ブロンズ,個
建具金物,スガツネ工業 ステンレス丁番 75mm（普通型） ゴールド,個
建具金物,スガツネ工業 ステンレス丁番 75mm（普通型） シルバー,個
建具金物,スガツネ工業 ステンレス丁番 75mm（普通型） ブラック,個
建具金物,スガツネ工業 ステンレス丁番 75mm（普通型） ブロンズ,個
建具金物,スガツネ工業 スライド丁番 インセット ゴールド,個
建具金物,スガツネ工業 スライド丁番 インセット シルバー,個
建具金物,スガツネ工業 スライド丁番 インセット ブラック,個
建具金物,スガツネ工業 スライド丁番 インセット ブロンズ,個
建具金物,スガツネ工業 スライド丁番 ソフトクローズ ゴールド,個
建具金物,スガツネ工業 スライド丁番 ソフトクローズ シルバー,個
建具金物,スガツネ工業 スライド丁番 ソフトクローズ ブラック,個
建具金物,スガツネ工業 スライド丁番 ソフトクローズ ブロンズ,個
建具金物,スガツネ工業 スライド丁番 プッシュオープン ゴールド,個
建具金物,スガツネ工業 スライド丁番 プッシュオープン シルバー,個
建具金物,スガツネ工業 スライド丁番 プッシュオープン ブラック,個
建具金物,スガツネ工業 スライド丁番 プッシュオープン ブロンズ,個
建具金物,スガツネ工業 スライド丁番 全かぶせ（キャビネット用） ゴールド,個
建具金物,スガツネ工業 スライド丁番 全かぶせ（キャビネット用） シルバー,個
建具金物,スガツネ工業 スライド丁番 全かぶせ（キャビネット用） ブラック,個
建具金物,スガツネ工業 スライド丁番 全かぶせ（キャビネット用） ブロンズ,個
建具金物,スガツネ工業 スライド丁番 半かぶせ ゴールド,個
建具金物,スガツネ工業 スライド丁番 半かぶせ シルバー,個
建具金物,スガツネ工業 スライド丁番 半かぶせ ブラック,個
建具金物,スガツネ工業 スライド丁番 半かぶせ ブロンズ,個
建具金物,スガツネ工業 ピポット丁番（回転丁番） ゴールド,個
建具金物,スガツネ工業 ピポット丁番（回転丁番） シルバー,個
建具金物,スガツネ工業 ピポット丁番（回転丁番） ブラック,個
建具金物,スガツネ工業 ピポット丁番（回転丁番） ブロンズ,個
建具金物,スガツネ工業 フランス丁番 上下調整可能 ゴールド,個
建具金物,スガツネ工業 フランス丁番 上下調整可能 シルバー,個
建具金物,スガツネ工業 フランス丁番 上下調整可能 ブラック,個
建具金物,スガツネ工業 フランス丁番 上下調整可能 ブロンズ,個
建具金物,スガツネ工業 長丁番 900mm（ステンレス） ゴールド,個
建具金物,スガツネ工業 長丁番 900mm（ステンレス） シルバー,個
建具金物,スガツネ工業 長丁番 900mm（ステンレス） ブラック,個
建具金物,スガツネ工業 長丁番 900mm（ステンレス） ブロンズ,個
建具金物,スガツネ工業（引手） クリスタル引手（ガラス調） クローム,個
建具金物,スガツネ工業（引手） クリスタル引手（ガラス調） ゴールド,個
建具金物,スガツネ工業（引手） クリスタル引手（ガラス調） シルバー,個
建具金物,スガツネ工業（引手） クリスタル引手（ガラス調） ブラック,個
建具金物,スガツネ工業（引手） クリスタル引手（ガラス調） ブロンズ,個
建具金物,スガツネ工業（引手） ゴールド引手 アンティーク クローム,個
建具金物,スガツネ工業（引手） ゴールド引手 アンティーク ゴールド,個
建具金物,スガツネ工業（引手） ゴールド引手 アンティーク シルバー,個
建具金物,スガツネ工業（引手） ゴールド引手 アンティーク ブラック,個
建具金物,スガツネ工業（引手） ゴールド引手 アンティーク ブロンズ,個
建具金物,スガツネ工業（引手） ステンレス引手 ヘアライン クローム,個
建具金物,スガツネ工業（引手） ステンレス引手 ヘアライン ゴールド,個
建具金物,スガツネ工業（引手） ステンレス引手 ヘアライン シルバー,個
建具金物,スガツネ工業（引手） ステンレス引手 ヘアライン ブラック,個
建具金物,スガツネ工業（引手） ステンレス引手 ヘアライン ブロンズ,個
建具金物,スガツネ工業（引手） プッシュプル錠（オフィス用） クローム,個
建具金物,スガツネ工業（引手） プッシュプル錠（オフィス用） ゴールド,個
建具金物,スガツネ工業（引手） プッシュプル錠（オフィス用） シルバー,個
建具金物,スガツネ工業（引手） プッシュプル錠（オフィス用） ブラック,個
建具金物,スガツネ工業（引手） プッシュプル錠（オフィス用） ブロンズ,個
建具金物,スガツネ工業（引手） レバーハンドル ストレート型 クローム,個
建具金物,スガツネ工業（引手） レバーハンドル ストレート型 ゴールド,個
建具金物,スガツネ工業（引手） レバーハンドル ストレート型 シルバー,個
建具金物,スガツネ工業（引手） レバーハンドル ストレート型 ブラック,個
建具金物,スガツネ工業（引手） レバーハンドル ストレート型 ブロンズ,個
建具金物,スガツネ工業（引手） レバーハンドル ロング型 クローム,個
建具金物,スガツネ工業（引手） レバーハンドル ロング型 ゴールド,個
建具金物,スガツネ工業（引手） レバーハンドル ロング型 シルバー,個
建具金物,スガツネ工業（引手） レバーハンドル ロング型 ブラック,個
建具金物,スガツネ工業（引手） レバーハンドル ロング型 ブロンズ,個
建具金物,スガツネ工業（引手） レバーハンドル 曲線型 クローム,個
建具金物,スガツネ工業（引手） レバーハンドル 曲線型 ゴールド,個
建具金物,スガツネ工業（引手） レバーハンドル 曲線型 シルバー,個
建具金物,スガツネ工業（引手） レバーハンドル 曲線型 ブラック,個
建具金物,スガツネ工業（引手） レバーハンドル 曲線型 ブロンズ,個
建具金物,スガツネ工業（引手） 彫込み引手 丸型 クローム,個
建具金物,スガツネ工業（引手） 彫込み引手 丸型 ゴールド,個
建具金物,スガツネ工業（引手） 彫込み引手 丸型 シルバー,個
建具金物,スガツネ工業（引手） 彫込み引手 丸型 ブラック,個
建具金物,スガツネ工業（引手） 彫込み引手 丸型 ブロンズ,個
建具金物,スガツネ工業（引手） 彫込み引手（掘込み）スクエア クローム,個
建具金物,スガツネ工業（引手） 彫込み引手（掘込み）スクエア ゴールド,個
建具金物,スガツネ工業（引手） 彫込み引手（掘込み）スクエア シルバー,個
建具金物,スガツネ工業（引手） 彫込み引手（掘込み）スクエア ブラック,個
建具金物,スガツネ工業（引手） 彫込み引手（掘込み）スクエア ブロンズ,個
建具金物,スガツネ工業（引手） 棒引手 L型 φ25×128mm クローム,個
建具金物,スガツネ工業（引手） 棒引手 L型 φ25×128mm ゴールド,個
建具金物,スガツネ工業（引手） 棒引手 L型 φ25×128mm シルバー,個
建具金物,スガツネ工業（引手） 棒引手 L型 φ25×128mm ブラック,個
建具金物,スガツネ工業（引手） 棒引手 L型 φ25×128mm ブロンズ,個
建具金物,スガツネ工業（引手） 棒引手 φ25×128mm クローム,個
建具金物,スガツネ工業（引手） 棒引手 φ25×128mm ゴールド,個
建具金物,スガツネ工業（引手） 棒引手 φ25×128mm シルバー,個
建具金物,スガツネ工業（引手） 棒引手 φ25×128mm ブラック,個
建具金物,スガツネ工業（引手） 棒引手 φ25×128mm ブロンズ,個
建具金物,ステー（折りたたみ 1個）,個
建具金物,スライドヒンジ（キャビネット用 100個）,箱
建具金物,スライドレール（3段引き 350mm）,本
建具金物,スライドレール（3段引き 450mm）,本
建具金物,スライドレール（3段引き 550mm）,本
建具金物,スライドレール（フルスライド 450mm）,本
建具金物,スライドレール（フルスライド 500mm）,本
建具金物,ソフトクローズ蝶番,個
建具金物,ドアクローザー（ストップ付き）,個
建具金物,ドアクローザー（標準）,個
建具金物,ドアスコープ,個
建具金物,ドアチェーン,個
建具金物,ドアノブ（プライバシー錠付き）,個
建具金物,ドアノブ（レバーハンドル 標準）,個
建具金物,ピボットヒンジ（上下）,セット
建具金物,フロアヒンジ（中型）,個
建具金物,マグネットキャッチ（10個）,袋
建具金物,ユニオン（引手） クリスタル引手（ガラス調） クローム,個
建具金物,ユニオン（引手） クリスタル引手（ガラス調） ゴールド,個
建具金物,ユニオン（引手） クリスタル引手（ガラス調） シルバー,個
建具金物,ユニオン（引手） クリスタル引手（ガラス調） ブラック,個
建具金物,ユニオン（引手） クリスタル引手（ガラス調） ブロンズ,個
建具金物,ユニオン（引手） ゴールド引手 アンティーク クローム,個
建具金物,ユニオン（引手） ゴールド引手 アンティーク ゴールド,個
建具金物,ユニオン（引手） ゴールド引手 アンティーク シルバー,個
建具金物,ユニオン（引手） ゴールド引手 アンティーク ブラック,個
建具金物,ユニオン（引手） ゴールド引手 アンティーク ブロンズ,個
建具金物,ユニオン（引手） ステンレス引手 ヘアライン クローム,個
建具金物,ユニオン（引手） ステンレス引手 ヘアライン ゴールド,個
建具金物,ユニオン（引手） ステンレス引手 ヘアライン シルバー,個
建具金物,ユニオン（引手） ステンレス引手 ヘアライン ブラック,個
建具金物,ユニオン（引手） ステンレス引手 ヘアライン ブロンズ,個
建具金物,ユニオン（引手） プッシュプル錠（オフィス用） クローム,個
建具金物,ユニオン（引手） プッシュプル錠（オフィス用） ゴールド,個
建具金物,ユニオン（引手） プッシュプル錠（オフィス用） シルバー,個
建具金物,ユニオン（引手） プッシュプル錠（オフィス用） ブラック,個
建具金物,ユニオン（引手） プッシュプル錠（オフィス用） ブロンズ,個
建具金物,ユニオン（引手） レバーハンドル ストレート型 クローム,個
建具金物,ユニオン（引手） レバーハンドル ストレート型 ゴールド,個
建具金物,ユニオン（引手） レバーハンドル ストレート型 シルバー,個
建具金物,ユニオン（引手） レバーハンドル ストレート型 ブラック,個
建具金物,ユニオン（引手） レバーハンドル ストレート型 ブロンズ,個
建具金物,ユニオン（引手） レバーハンドル ロング型 クローム,個
建具金物,ユニオン（引手） レバーハンドル ロング型 ゴールド,個
建具金物,ユニオン（引手） レバーハンドル ロング型 シルバー,個
建具金物,ユニオン（引手） レバーハンドル ロング型 ブラック,個
建具金物,ユニオン（引手） レバーハンドル ロング型 ブロンズ,個
建具金物,ユニオン（引手） レバーハンドル 曲線型 クローム,個
建具金物,ユニオン（引手） レバーハンドル 曲線型 ゴールド,個
建具金物,ユニオン（引手） レバーハンドル 曲線型 シルバー,個
建具金物,ユニオン（引手） レバーハンドル 曲線型 ブラック,個
建具金物,ユニオン（引手） レバーハンドル 曲線型 ブロンズ,個
建具金物,ユニオン（引手） 彫込み引手 丸型 クローム,個
建具金物,ユニオン（引手） 彫込み引手 丸型 ゴールド,個
建具金物,ユニオン（引手） 彫込み引手 丸型 シルバー,個
建具金物,ユニオン（引手） 彫込み引手 丸型 ブラック,個
建具金物,ユニオン（引手） 彫込み引手 丸型 ブロンズ,個
建具金物,ユニオン（引手） 彫込み引手（掘込み）スクエア クローム,個
建具金物,ユニオン（引手） 彫込み引手（掘込み）スクエア ゴールド,個
建具金物,ユニオン（引手） 彫込み引手（掘込み）スクエア シルバー,個
建具金物,ユニオン（引手） 彫込み引手（掘込み）スクエア ブラック,個
建具金物,ユニオン（引手） 彫込み引手（掘込み）スクエア ブロンズ,個
建具金物,ユニオン（引手） 棒引手 L型 φ25×128mm クローム,個
建具金物,ユニオン（引手） 棒引手 L型 φ25×128mm ゴールド,個
建具金物,ユニオン（引手） 棒引手 L型 φ25×128mm シルバー,個
建具金物,ユニオン（引手） 棒引手 L型 φ25×128mm ブラック,個
建具金物,ユニオン（引手） 棒引手 L型 φ25×128mm ブロンズ,個
建具金物,ユニオン（引手） 棒引手 φ25×128mm クローム,個
建具金物,ユニオン（引手） 棒引手 φ25×128mm ゴールド,個
建具金物,ユニオン（引手） 棒引手 φ25×128mm シルバー,個
建具金物,ユニオン（引手） 棒引手 φ25×128mm ブラック,個
建具金物,ユニオン（引手） 棒引手 φ25×128mm ブロンズ,個
建具金物,ワンタッチキャッチ（10個）,袋
建具金物,可動棚受け（ダボ 100個）,袋
建具金物,宅配ボックス（標準）,個
建具金物,家具用引手（ドロップ型 10個）,袋
建具金物,家具用引手（角型 10個）,袋
建具金物,家具転倒防止突っ張り棒（1本）,本
建具金物,家具転倒防止金物（1組）,組
建具金物,川口技研 クリスタル引手（ガラス調） クローム,個
建具金物,川口技研 クリスタル引手（ガラス調） ゴールド,個
建具金物,川口技研 クリスタル引手（ガラス調） シルバー,個
建具金物,川口技研 クリスタル引手（ガラス調） ブラック,個
建具金物,川口技研 クリスタル引手（ガラス調） ブロンズ,個
建具金物,川口技研 ゴールド引手 アンティーク クローム,個
建具金物,川口技研 ゴールド引手 アンティーク ゴールド,個
建具金物,川口技研 ゴールド引手 アンティーク シルバー,個
建具金物,川口技研 ゴールド引手 アンティーク ブラック,個
建具金物,川口技研 ゴールド引手 アンティーク ブロンズ,個
建具金物,川口技研 ステンレス引手 ヘアライン クローム,個
建具金物,川口技研 ステンレス引手 ヘアライン ゴールド,個
建具金物,川口技研 ステンレス引手 ヘアライン シルバー,個
建具金物,川口技研 ステンレス引手 ヘアライン ブラック,個
建具金物,川口技研 ステンレス引手 ヘアライン ブロンズ,個
建具金物,川口技研 プッシュプル錠（オフィス用） クローム,個
建具金物,川口技研 プッシュプル錠（オフィス用） ゴールド,個
建具金物,川口技研 プッシュプル錠（オフィス用） シルバー,個
建具金物,川口技研 プッシュプル錠（オフィス用） ブラック,個
建具金物,川口技研 プッシュプル錠（オフィス用） ブロンズ,個
建具金物,川口技研 レバーハンドル ストレート型 クローム,個
建具金物,川口技研 レバーハンドル ストレート型 ゴールド,個
建具金物,川口技研 レバーハンドル ストレート型 シルバー,個
建具金物,川口技研 レバーハンドル ストレート型 ブラック,個
建具金物,川口技研 レバーハンドル ストレート型 ブロンズ,個
建具金物,川口技研 レバーハンドル ロング型 クローム,個
建具金物,川口技研 レバーハンドル ロング型 ゴールド,個
建具金物,川口技研 レバーハンドル ロング型 シルバー,個
建具金物,川口技研 レバーハンドル ロング型 ブラック,個
建具金物,川口技研 レバーハンドル ロング型 ブロンズ,個
建具金物,川口技研 レバーハンドル 曲線型 クローム,個
建具金物,川口技研 レバーハンドル 曲線型 ゴールド,個
建具金物,川口技研 レバーハンドル 曲線型 シルバー,個
建具金物,川口技研 レバーハンドル 曲線型 ブラック,個
建具金物,川口技研 レバーハンドル 曲線型 ブロンズ,個
建具金物,川口技研 彫込み引手 丸型 クローム,個
建具金物,川口技研 彫込み引手 丸型 ゴールド,個
建具金物,川口技研 彫込み引手 丸型 シルバー,個
建具金物,川口技研 彫込み引手 丸型 ブラック,個
建具金物,川口技研 彫込み引手 丸型 ブロンズ,個
建具金物,川口技研 彫込み引手（掘込み）スクエア クローム,個
建具金物,川口技研 彫込み引手（掘込み）スクエア ゴールド,個
建具金物,川口技研 彫込み引手（掘込み）スクエア シルバー,個
建具金物,川口技研 彫込み引手（掘込み）スクエア ブラック,個
建具金物,川口技研 彫込み引手（掘込み）スクエア ブロンズ,個
建具金物,川口技研 棒引手 L型 φ25×128mm クローム,個
建具金物,川口技研 棒引手 L型 φ25×128mm ゴールド,個
建具金物,川口技研 棒引手 L型 φ25×128mm シルバー,個
建具金物,川口技研 棒引手 L型 φ25×128mm ブラック,個
建具金物,川口技研 棒引手 L型 φ25×128mm ブロンズ,個
建具金物,川口技研 棒引手 φ25×128mm クローム,個
建具金物,川口技研 棒引手 φ25×128mm ゴールド,個
建具金物,川口技研 棒引手 φ25×128mm シルバー,個
建具金物,川口技研 棒引手 φ25×128mm ブラック,個
建具金物,川口技研 棒引手 φ25×128mm ブロンズ,個
建具金物,引出しロック（1個）,個
建具金物,引戸レール（上吊り 2m）,m
建具金物,引戸レール（床レール 2m）,m
建具金物,引戸戸車,個
建具金物,棚受け金物（1個）,個
建具金物,美和ロック MIWA U9シリンダー錠,個
建具金物,美和ロック インテグラル錠,個
建具金物,美和ロック ガラス用丁番 ゴールド,個
建具金物,美和ロック ガラス用丁番 シルバー,個
建具金物,美和ロック ガラス用丁番 ブラック,個
建具金物,美和ロック ガラス用丁番 ブロンズ,個
建具金物,美和ロック スチール丁番 75mm（普通型） ゴールド,個
建具金物,美和ロック スチール丁番 75mm（普通型） シルバー,個
建具金物,美和ロック スチール丁番 75mm（普通型） ブラック,個
建具金物,美和ロック スチール丁番 75mm（普通型） ブロンズ,個
建具金物,美和ロック ステンレス丁番 75mm（普通型） ゴールド,個
建具金物,美和ロック ステンレス丁番 75mm（普通型） シルバー,個
建具金物,美和ロック ステンレス丁番 75mm（普通型） ブラック,個
建具金物,美和ロック ステンレス丁番 75mm（普通型） ブロンズ,個
建具金物,美和ロック スライド丁番 インセット ゴールド,個
建具金物,美和ロック スライド丁番 インセット シルバー,個
建具金物,美和ロック スライド丁番 インセット ブラック,個
建具金物,美和ロック スライド丁番 インセット ブロンズ,個
建具金物,美和ロック スライド丁番 ソフトクローズ ゴールド,個
建具金物,美和ロック スライド丁番 ソフトクローズ シルバー,個
建具金物,美和ロック スライド丁番 ソフトクローズ ブラック,個
建具金物,美和ロック スライド丁番 ソフトクローズ ブロンズ,個
建具金物,美和ロック スライド丁番 プッシュオープン ゴールド,個
建具金物,美和ロック スライド丁番 プッシュオープン シルバー,個
建具金物,美和ロック スライド丁番 プッシュオープン ブラック,個
建具金物,美和ロック スライド丁番 プッシュオープン ブロンズ,個
建具金物,美和ロック スライド丁番 全かぶせ（キャビネット用） ゴールド,個
建具金物,美和ロック スライド丁番 全かぶせ（キャビネット用） シルバー,個
建具金物,美和ロック スライド丁番 全かぶせ（キャビネット用） ブラック,個
建具金物,美和ロック スライド丁番 全かぶせ（キャビネット用） ブロンズ,個
建具金物,美和ロック スライド丁番 半かぶせ ゴールド,個
建具金物,美和ロック スライド丁番 半かぶせ シルバー,個
建具金物,美和ロック スライド丁番 半かぶせ ブラック,個
建具金物,美和ロック スライド丁番 半かぶせ ブロンズ,個
建具金物,美和ロック チューブラ錠（ラッチ）,個
建具金物,美和ロック ピポット丁番（回転丁番） ゴールド,個
建具金物,美和ロック ピポット丁番（回転丁番） シルバー,個
建具金物,美和ロック ピポット丁番（回転丁番） ブラック,個
建具金物,美和ロック ピポット丁番（回転丁番） ブロンズ,個
建具金物,美和ロック フランス丁番 上下調整可能 ゴールド,個
建具金物,美和ロック フランス丁番 上下調整可能 シルバー,個
建具金物,美和ロック フランス丁番 上下調整可能 ブラック,個
建具金物,美和ロック フランス丁番 上下調整可能 ブロンズ,個
建具金物,美和ロック 円筒錠 ノブ付き,個
建具金物,美和ロック 本締錠 ディンプル2ロック,個
建具金物,美和ロック 玄関引き戸錠,個
建具金物,美和ロック 補助錠 ディンプルキー,個
建具金物,美和ロック 長丁番 900mm（ステンレス） ゴールド,個
建具金物,美和ロック 長丁番 900mm（ステンレス） シルバー,個
建具金物,美和ロック 長丁番 900mm（ステンレス） ブラック,個
建具金物,美和ロック 長丁番 900mm（ステンレス） ブロンズ,個
建具金物,美和ロック 電子錠 カード式,個
建具金物,美和ロック 電子錠 スマートフォン連携,個
建具金物,美和ロック 電子錠 テンキー式,個
建具金物,蝶番（ステン 102mm）,個
建具金物,蝶番（ステン 76mm）,個
建具金物,郵便受け（埋込み）,個
建具金物,錠前（玄関 ディンプルキー）,個
建具金物,錠前（補助錠）,個
換気設備,24時間換気 第3種（天井埋込）,台
換気設備,エアコン用配管セット（3m）,式
換気設備,エアコン用配管セット（5m）,式
換気設備,エアコン（10畳用 2.8kW）,台
換気設備,エアコン（14畳用 4.0kW）,台
換気設備,エアコン（20畳用 6.3kW）,台
換気設備,エアコン（6畳用 2.2kW）,台
換気設備,クリナップ レンジフード ZRS75ABY14FSZ,台
換気設備,ダイキン 壁掛け業務用 2馬力,台
換気設備,ダイキン 天井カセット 2.2kW,台
換気設備,ダイキン 天井カセット 4.0kW,台
換気設備,ダイキン 天井カセット 6.3kW,台
換気設備,ダイキン 天井カセット 8.0kW,台
換気設備,ダイキン 床置き業務用 4馬力,台
換気設備,ダクト スパイラル100φ×1m,個
換気設備,ダクト フレキシブル100φ×1m,個
換気設備,ダクト用消音ボックス（Φ100）,個
換気設備,ダクト（Φ100 3m）,本
換気設備,ダクト（Φ150 3m）,本
換気設備,ドレンアップキット（1台分）,式
換気設備,ドレンパン（1台分）,個
換気設備,ドレンホースジョイント,個
換気設備,ドレンホース（Φ16 1m）,m
換気設備,ドレンポンプ（小型）,台
換気設備,ドレン管 VP16（1m）,m
換気設備,ドレン管 VP20（1m）,m
換気設備,ドレン管 VP25（1m）,m
換気設備,ドレン継手 エルボ（VP16）,個
換気設備,ドレン継手 チーズ（VP16）,個
換気設備,パナソニック 全熱交換換気 FY-18DPX,台
換気設備,パナソニック 壁掛け業務用 2馬力,台
換気設備,パナソニック 天井カセット 2.2kW,台
換気設備,パナソニック 天井カセット 4.0kW,台
換気設備,パナソニック 天井カセット 6.3kW,台
換気設備,パナソニック 天井カセット 8.0kW,台
換気設備,パナソニック 天井埋込型換気扇 FY-17C8,台
換気設備,パナソニック 天井埋込型換気扇 FY-24BK6,台
換気設備,パナソニック 天井換気扇 FY-17C8（トイレ）,台
換気設備,パナソニック 天井換気扇 FY-24BK6（浴室）,台
換気設備,パナソニック 床置き業務用 4馬力,台
換気設備,パナソニック 熱交換換気 FY-12VBD2,台
換気設備,フレキダクト（Φ100 2m）,本
換気設備,マックス 換気扇 VF-H08K5,台
換気設備,レンジフード（60cm 標準）,台
換気設備,レンジフード（75cm 標準）,台
換気設備,レンジフード（幅60cm・標準）,台
換気設備,ロスナイ換気 大型,個
換気設備,ロスナイ換気 小型,個
換気設備,三菱電機 ロスナイ VL-100ZMG2,台
換気設備,三菱電機 ロスナイ VL-150ZMG2,台
換気設備,三菱電機 壁掛け業務用 2馬力,台
換気設備,三菱電機 天井カセット 2.2kW,台
換気設備,三菱電機 天井カセット 4.0kW,台
換気設備,三菱電機 天井カセット 6.3kW,台
換気設備,三菱電機 天井カセット 8.0kW,台
換気設備,三菱電機 床置き業務用 4馬力,台
換気設備,全熱交換ユニット 天井埋込,台
換気設備,外壁用換気口 防虫網付き（Φ100）,個
換気設備,外壁用換気口 防虫網付き（Φ150）,個
換気設備,外気フード（Φ100）,個
換気設備,外気フード（Φ150）,個
換気設備,富士工業 レンジフード 60cm スタンダード,台
換気設備,富士工業 レンジフード 60cm ハイグレード,台
換気設備,富士工業 レンジフード 75cm スタンダード,台
換気設備,小屋裏換気口 妻換気,個
換気設備,屋根裏換気扇,個
換気設備,床下換気扇 標準品,個
換気設備,床下換気扇 高性能,個
換気設備,床下通気口 アルミ,個
換気設備,換気スイッチ,個
換気設備,換気タイマースイッチ,個
換気設備,換気ダクト PF管 φ100（1m）,m
換気設備,換気フード（外壁用 φ100）,個
換気設備,換気口 壁用100φ,個
換気設備,換気扇 トイレ用パイプ型,個
換気設備,換気扇 レンジフード60cm,個
換気設備,換気扇 レンジフード75cm,個
換気設備,換気扇 レンジフード90cm,個
換気設備,換気扇 浴室用壁付け,個
換気設備,換気扇（システム 24時間換気）,台
換気設備,換気扇（パイプ用 Φ100）,台
換気設備,断熱ダクト（Φ100 1m）,m
換気設備,断熱ドレン管（1m）,m
換気設備,日立 壁掛け業務用 2馬力,台
換気設備,日立 天井カセット 2.2kW,台
換気設備,日立 天井カセット 4.0kW,台
換気設備,日立 天井カセット 6.3kW,台
換気設備,日立 天井カセット 8.0kW,台
換気設備,日立 床置き業務用 4馬力,台
換気設備,東芝 壁掛け業務用 2馬力,台
換気設備,東芝 天井カセット 2.2kW,台
換気設備,東芝 天井カセット 4.0kW,台
換気設備,東芝 天井カセット 6.3kW,台
換気設備,東芝 天井カセット 8.0kW,台
換気設備,東芝 床置き業務用 4馬力,台
換気設備,東芝 換気扇 DVF-T14LMD,台
換気設備,第1種換気システム 全熱交換,台
換気設備,第3種換気システム 住宅用,台
木構造材（補修・追加）,KD材 105×105×3000mm（杉・乾燥）,本
木構造材（補修・追加）,KD材 30×40×3000mm（野縁）,本
木構造材（補修・追加）,KD材 45×105×3000mm（杉・間柱）,本
木構造材（補修・追加）,KD材 45×45×3000mm（胴縁）,本
木構造材（補修・追加）,LVL 105×270×4m,本
木構造材（補修・追加）,LVL 105×360×4m,本
木構造材（補修・追加）,LVL 90×180×3m,本
木構造材（補修・追加）,LVL 90×180×4m,本
木構造材（補修・追加）,LVL 90×270×3m,本
木構造材（補修・追加）,LVL 90×360×3m,本
木構造材（補修・追加）,LVLプレカット（1本）,本
木構造材（補修・追加）,LVL梁 105×210×4000mm,本
木構造材（補修・追加）,LVL（105×105×3m）,本
木構造材（補修・追加）,LVL（105×105×4m）,本
木構造材（補修・追加）,LVL（105×150×3m）,本
木構造材（補修・追加）,LVL（105×150×4m）,本
木構造材（補修・追加）,LVL（105×180×3m）,本
木構造材（補修・追加）,LVL（105×180×4m）,本
木構造材（補修・追加）,LVL（105×210×3m）,本
木構造材（補修・追加）,LVL（105×210×4m）,本
木構造材（補修・追加）,LVL（105×240×3m）,本
木構造材（補修・追加）,LVL（105×240×4m）,本
木構造材（補修・追加）,LVL（105×300×4000）,本
木構造材（補修・追加）,LVL（105×360×4000）,本
木構造材（補修・追加）,LVL（120×120×3m）,本
木構造材（補修・追加）,LVL（120×120×4m）,本
木構造材（補修・追加）,LVL（120×300×4000）,本
木構造材（補修・追加）,LVL（150×300×3m）,本
木構造材（補修・追加）,LVL（150×300×4m）,本
木構造材（補修・追加）,LVL（30×40×3m）,本
木構造材（補修・追加）,LVL（30×40×4m）,本
木構造材（補修・追加）,LVL（30×60×3m）,本
木構造材（補修・追加）,LVL（30×60×4m）,本
木構造材（補修・追加）,LVL（45×105×3m）,本
木構造材（補修・追加）,LVL（45×105×4m）,本
木構造材（補修・追加）,LVL（45×45×3m）,本
木構造材（補修・追加）,LVL（45×45×4m）,本
木構造材（補修・追加）,LVL（45×60×3m）,本
木構造材（補修・追加）,LVL（45×60×4m）,本
木構造材（補修・追加）,LVL（45×90×3m）,本
木構造材（補修・追加）,LVL（45×90×4m）,本
木構造材（補修・追加）,LVL（60×60×3m）,本
木構造材（補修・追加）,LVL（60×60×4m）,本
木構造材（補修・追加）,LVL（90×90×3m）,本
木構造材（補修・追加）,LVL（90×90×4m）,本
木構造材（補修・追加）,SPF（輸入） 105×105×1.8m,本
木構造材（補修・追加）,SPF（輸入） 105×105×2.0m,本
木構造材（補修・追加）,SPF（輸入） 105×105×3.0m,本
木構造材（補修・追加）,SPF（輸入） 105×105×3.5m,本
木構造材（補修・追加）,SPF（輸入） 105×105×4.0m,本
木構造材（補修・追加）,SPF（輸入） 105×105×5.0m,本
木構造材（補修・追加）,SPF（輸入） 105×105×6.0m,本
木構造材（補修・追加）,SPF（輸入） 105×150×1.8m,本
木構造材（補修・追加）,SPF（輸入） 105×150×2.0m,本
木構造材（補修・追加）,SPF（輸入） 105×150×3.0m,本
木構造材（補修・追加）,SPF（輸入） 105×150×3.5m,本
木構造材（補修・追加）,SPF（輸入） 105×150×4.0m,本
木構造材（補修・追加）,SPF（輸入） 105×150×5.0m,本
木構造材（補修・追加）,SPF（輸入） 105×150×6.0m,本
木構造材（補修・追加）,SPF（輸入） 105×180×1.8m,本
木構造材（補修・追加）,SPF（輸入） 105×180×2.0m,本
木構造材（補修・追加）,SPF（輸入） 105×180×3.0m,本
木構造材（補修・追加）,SPF（輸入） 105×180×3.5m,本
木構造材（補修・追加）,SPF（輸入） 105×180×4.0m,本
木構造材（補修・追加）,SPF（輸入） 105×180×5.0m,本
木構造材（補修・追加）,SPF（輸入） 105×180×6.0m,本
木構造材（補修・追加）,SPF（輸入） 105×210×1.8m,本
木構造材（補修・追加）,SPF（輸入） 105×210×2.0m,本
木構造材（補修・追加）,SPF（輸入） 105×210×3.0m,本
木構造材（補修・追加）,SPF（輸入） 105×210×3.5m,本
木構造材（補修・追加）,SPF（輸入） 105×210×4.0m,本
木構造材（補修・追加）,SPF（輸入） 105×210×5.0m,本
木構造材（補修・追加）,SPF（輸入） 105×210×6.0m,本
木構造材（補修・追加）,SPF（輸入） 120×120×3.0m,本
木構造材（補修・追加）,SPF（輸入） 120×120×3.5m,本
木構造材（補修・追加）,SPF（輸入） 120×120×4.0m,本
木構造材（補修・追加）,SPF（輸入） 120×120×5.0m,本
木構造材（補修・追加）,SPF（輸入） 120×120×6.0m,本
木構造材（補修・追加）,SPF（輸入） 120×240×3.0m,本
木構造材（補修・追加）,SPF（輸入） 120×240×3.5m,本
木構造材（補修・追加）,SPF（輸入） 120×240×4.0m,本
木構造材（補修・追加）,SPF（輸入） 120×240×5.0m,本
木構造材（補修・追加）,SPF（輸入） 120×240×6.0m,本
木構造材（補修・追加）,SPF（輸入） 150×150×3.0m,本
木構造材（補修・追加）,SPF（輸入） 150×150×3.5m,本
木構造材（補修・追加）,SPF（輸入） 150×150×4.0m,本
木構造材（補修・追加）,SPF（輸入） 150×150×5.0m,本
木構造材（補修・追加）,SPF（輸入） 150×150×6.0m,本
木構造材（補修・追加）,SPF（輸入） 150×300×3.0m,本
木構造材（補修・追加）,SPF（輸入） 150×300×3.5m,本
木構造材（補修・追加）,SPF（輸入） 150×300×4.0m,本
木構造材（補修・追加）,SPF（輸入） 150×300×5.0m,本
木構造材（補修・追加）,SPF（輸入） 150×300×6.0m,本
木構造材（補修・追加）,SPF（輸入） 30×40×1.8m,本
木構造材（補修・追加）,SPF（輸入） 30×40×2.0m,本
木構造材（補修・追加）,SPF（輸入） 30×40×3.0m,本
木構造材（補修・追加）,SPF（輸入） 30×40×3.5m,本
木構造材（補修・追加）,SPF（輸入） 30×40×4.0m,本
木構造材（補修・追加）,SPF（輸入） 30×60×1.8m,本
木構造材（補修・追加）,SPF（輸入） 30×60×2.0m,本
木構造材（補修・追加）,SPF（輸入） 30×60×3.0m,本
木構造材（補修・追加）,SPF（輸入） 30×60×3.5m,本
木構造材（補修・追加）,SPF（輸入） 30×60×4.0m,本
木構造材（補修・追加）,SPF（輸入） 45×105×1.8m,本
木構造材（補修・追加）,SPF（輸入） 45×105×2.0m,本
木構造材（補修・追加）,SPF（輸入） 45×105×3.0m,本
木構造材（補修・追加）,SPF（輸入） 45×105×3.5m,本
木構造材（補修・追加）,SPF（輸入） 45×105×4.0m,本
木構造材（補修・追加）,SPF（輸入） 45×45×1.8m,本
木構造材（補修・追加）,SPF（輸入） 45×45×2.0m,本
木構造材（補修・追加）,SPF（輸入） 45×45×3.0m,本
木構造材（補修・追加）,SPF（輸入） 45×45×3.5m,本
木構造材（補修・追加）,SPF（輸入） 45×45×4.0m,本
木構造材（補修・追加）,SPF（輸入） 45×90×1.8m,本
木構造材（補修・追加）,SPF（輸入） 45×90×2.0m,本
木構造材（補修・追加）,SPF（輸入） 45×90×3.0m,本
木構造材（補修・追加）,SPF（輸入） 45×90×3.5m,本
木構造材（補修・追加）,SPF（輸入） 45×90×4.0m,本
木構造材（補修・追加）,SPF（輸入） 60×60×1.8m,本
木構造材（補修・追加）,SPF（輸入） 60×60×2.0m,本
木構造材（補修・追加）,SPF（輸入） 60×60×3.0m,本
木構造材（補修・追加）,SPF（輸入） 60×60×3.5m,本
木構造材（補修・追加）,SPF（輸入） 60×60×4.0m,本
木構造材（補修・追加）,SPF（輸入） 60×60×5.0m,本
木構造材（補修・追加）,SPF（輸入） 60×60×6.0m,本
木構造材（補修・追加）,SPF（輸入） 90×90×1.8m,本
木構造材（補修・追加）,SPF（輸入） 90×90×2.0m,本
木構造材（補修・追加）,SPF（輸入） 90×90×3.0m,本
木構造材（補修・追加）,SPF（輸入） 90×90×3.5m,本
木構造材（補修・追加）,SPF（輸入） 90×90×4.0m,本
木構造材（補修・追加）,SPF（輸入） 90×90×5.0m,本
木構造材（補修・追加）,SPF（輸入） 90×90×6.0m,本
木構造材（補修・追加）,Zマーク金物（各種）,個
木構造材（補修・追加）,スプルース（105×105×3m）,本
木構造材（補修・追加）,スプルース（105×105×4m）,本
木構造材（補修・追加）,スプルース（105×150×3m）,本
木構造材（補修・追加）,スプルース（105×150×4m）,本
木構造材（補修・追加）,スプルース（105×180×3m）,本
木構造材（補修・追加）,スプルース（105×180×4m）,本
木構造材（補修・追加）,スプルース（105×210×3m）,本
木構造材（補修・追加）,スプルース（105×210×4m）,本
木構造材（補修・追加）,スプルース（105×240×3m）,本
木構造材（補修・追加）,スプルース（105×240×4m）,本
木構造材（補修・追加）,スプルース（120×120×3m）,本
木構造材（補修・追加）,スプルース（120×120×4m）,本
木構造材（補修・追加）,スプルース（150×300×3m）,本
木構造材（補修・追加）,スプルース（150×300×4m）,本
木構造材（補修・追加）,スプルース（30×40×3m）,本
木構造材（補修・追加）,スプルース（30×40×4m）,本
木構造材（補修・追加）,スプルース（30×60×3m）,本
木構造材（補修・追加）,スプルース（30×60×4m）,本
木構造材（補修・追加）,スプルース（45×105×3m）,本
木構造材（補修・追加）,スプルース（45×105×4m）,本
木構造材（補修・追加）,スプルース（45×45×3m）,本
木構造材（補修・追加）,スプルース（45×45×4m）,本
木構造材（補修・追加）,スプルース（45×60×3m）,本
木構造材（補修・追加）,スプルース（45×60×4m）,本
木構造材（補修・追加）,スプルース（45×90×3m）,本
木構造材（補修・追加）,スプルース（45×90×4m）,本
木構造材（補修・追加）,スプルース（60×60×3m）,本
木構造材（補修・追加）,スプルース（60×60×4m）,本
木構造材（補修・追加）,スプルース（90×90×3m）,本
木構造材（補修・追加）,スプルース（90×90×4m）,本
木構造材（補修・追加）,タモ（105×105×4m）,本
木構造材（補修・追加）,タモ（105×150×4m）,本
木構造材（補修・追加）,タモ（105×180×4m）,本
木構造材（補修・追加）,タモ（105×210×4m）,本
木構造材（補修・追加）,タモ（105×240×4m）,本
木構造材（補修・追加）,タモ（120×120×4m）,本
木構造材（補修・追加）,タモ（120×240×4m）,本
木構造材（補修・追加）,タモ（150×150×4m）,本
木構造材（補修・追加）,タモ（150×300×4m）,本
木構造材（補修・追加）,タモ（30×40×4m）,本
木構造材（補修・追加）,タモ（45×105×4m）,本
木構造材（補修・追加）,タモ（45×45×4m）,本
木構造材（補修・追加）,タモ（45×90×4m）,本
木構造材（補修・追加）,タモ（60×60×4m）,本
木構造材（補修・追加）,タモ（90×90×4m）,本
木構造材（補修・追加）,バーチ（樺）（105×105×4m）,本
木構造材（補修・追加）,バーチ（樺）（105×150×4m）,本
木構造材（補修・追加）,バーチ（樺）（105×180×4m）,本
木構造材（補修・追加）,バーチ（樺）（105×210×4m）,本
木構造材（補修・追加）,バーチ（樺）（105×240×4m）,本
木構造材（補修・追加）,バーチ（樺）（120×120×4m）,本
木構造材（補修・追加）,バーチ（樺）（120×240×4m）,本
木構造材（補修・追加）,バーチ（樺）（150×150×4m）,本
木構造材（補修・追加）,バーチ（樺）（150×300×4m）,本
木構造材（補修・追加）,バーチ（樺）（30×40×4m）,本
木構造材（補修・追加）,バーチ（樺）（45×105×4m）,本
木構造材（補修・追加）,バーチ（樺）（45×45×4m）,本
木構造材（補修・追加）,バーチ（樺）（45×90×4m）,本
木構造材（補修・追加）,バーチ（樺）（60×60×4m）,本
木構造材（補修・追加）,バーチ（樺）（90×90×4m）,本
木構造材（補修・追加）,パーティクルボード（15mm 3×6）,枚
木構造材（補修・追加）,パーティクルボード（20mm 3×6）,枚
木構造材（補修・追加）,ヒノキ（105×105×4m）,本
木構造材（補修・追加）,ヒノキ（105×150×4m）,本
木構造材（補修・追加）,ヒノキ（105×180×4m）,本
木構造材（補修・追加）,ヒノキ（105×210×4m）,本
木構造材（補修・追加）,ヒノキ（105×240×4m）,本
木構造材（補修・追加）,ヒノキ（120×120×4m）,本
木構造材（補修・追加）,ヒノキ（120×240×4m）,本
木構造材（補修・追加）,ヒノキ（150×150×4m）,本
木構造材（補修・追加）,ヒノキ（150×300×4m）,本
木構造材（補修・追加）,ヒノキ（30×40×4m）,本
木構造材（補修・追加）,ヒノキ（45×105×4m）,本
木構造材（補修・追加）,ヒノキ（45×45×4m）,本
木構造材（補修・追加）,ヒノキ（45×90×4m）,本
木構造材（補修・追加）,ヒノキ（60×60×4m）,本
木構造材（補修・追加）,ヒノキ（90×90×4m）,本
木構造材（補修・追加）,ヒノキ（無節）（105×105×4m）,本
木構造材（補修・追加）,ヒノキ（無節）（105×150×4m）,本
木構造材（補修・追加）,ヒノキ（無節）（105×180×4m）,本
木構造材（補修・追加）,ヒノキ（無節）（105×210×4m）,本
木構造材（補修・追加）,ヒノキ（無節）（105×240×4m）,本
木構造材（補修・追加）,ヒノキ（無節）（120×120×4m）,本
木構造材（補修・追加）,ヒノキ（無節）（150×300×4m）,本
木構造材（補修・追加）,ヒノキ（無節）（30×40×4m）,本
木構造材（補修・追加）,ヒノキ（無節）（30×60×4m）,本
木構造材（補修・追加）,ヒノキ（無節）（45×105×4m）,本
木構造材（補修・追加）,ヒノキ（無節）（45×45×4m）,本
木構造材（補修・追加）,ヒノキ（無節）（45×60×4m）,本
木構造材（補修・追加）,ヒノキ（無節）（45×90×4m）,本
木構造材（補修・追加）,ヒノキ（無節）（60×60×4m）,本
木構造材（補修・追加）,ヒノキ（無節）（90×90×4m）,本
木構造材（補修・追加）,ヒバ（KD） 105×105×1.8m,本
木構造材（補修・追加）,ヒバ（KD） 105×105×2.0m,本
木構造材（補修・追加）,ヒバ（KD） 105×105×3.0m,本
木構造材（補修・追加）,ヒバ（KD） 105×105×3.5m,本
木構造材（補修・追加）,ヒバ（KD） 105×105×4.0m,本
木構造材（補修・追加）,ヒバ（KD） 105×105×5.0m,本
木構造材（補修・追加）,ヒバ（KD） 105×105×6.0m,本
木構造材（補修・追加）,ヒバ（KD） 105×150×1.8m,本
木構造材（補修・追加）,ヒバ（KD） 105×150×2.0m,本
木構造材（補修・追加）,ヒバ（KD） 105×150×3.0m,本
木構造材（補修・追加）,ヒバ（KD） 105×150×3.5m,本
木構造材（補修・追加）,ヒバ（KD） 105×150×4.0m,本
木構造材（補修・追加）,ヒバ（KD） 105×150×5.0m,本
木構造材（補修・追加）,ヒバ（KD） 105×150×6.0m,本
木構造材（補修・追加）,ヒバ（KD） 105×180×1.8m,本
木構造材（補修・追加）,ヒバ（KD） 105×180×2.0m,本
木構造材（補修・追加）,ヒバ（KD） 105×180×3.0m,本
木構造材（補修・追加）,ヒバ（KD） 105×180×3.5m,本
木構造材（補修・追加）,ヒバ（KD） 105×180×4.0m,本
木構造材（補修・追加）,ヒバ（KD） 105×180×5.0m,本
木構造材（補修・追加）,ヒバ（KD） 105×180×6.0m,本
木構造材（補修・追加）,ヒバ（KD） 105×210×1.8m,本
木構造材（補修・追加）,ヒバ（KD） 105×210×2.0m,本
木構造材（補修・追加）,ヒバ（KD） 105×210×3.0m,本
木構造材（補修・追加）,ヒバ（KD） 105×210×3.5m,本
木構造材（補修・追加）,ヒバ（KD） 105×210×4.0m,本
木構造材（補修・追加）,ヒバ（KD） 105×210×5.0m,本
木構造材（補修・追加）,ヒバ（KD） 105×210×6.0m,本
木構造材（補修・追加）,ヒバ（KD） 120×120×3.0m,本
木構造材（補修・追加）,ヒバ（KD） 120×120×3.5m,本
木構造材（補修・追加）,ヒバ（KD） 120×120×4.0m,本
木構造材（補修・追加）,ヒバ（KD） 120×120×5.0m,本
木構造材（補修・追加）,ヒバ（KD） 120×120×6.0m,本
木構造材（補修・追加）,ヒバ（KD） 120×240×3.0m,本
木構造材（補修・追加）,ヒバ（KD） 120×240×3.5m,本
木構造材（補修・追加）,ヒバ（KD） 120×240×4.0m,本
木構造材（補修・追加）,ヒバ（KD） 120×240×5.0m,本
木構造材（補修・追加）,ヒバ（KD） 120×240×6.0m,本
木構造材（補修・追加）,ヒバ（KD） 150×150×3.0m,本
木構造材（補修・追加）,ヒバ（KD） 150×150×3.5m,本
木構造材（補修・追加）,ヒバ（KD） 150×150×4.0m,本
木構造材（補修・追加）,ヒバ（KD） 150×150×5.0m,本
木構造材（補修・追加）,ヒバ（KD） 150×150×6.0m,本
木構造材（補修・追加）,ヒバ（KD） 150×300×3.0m,本
木構造材（補修・追加）,ヒバ（KD） 150×300×3.5m,本
木構造材（補修・追加）,ヒバ（KD） 150×300×4.0m,本
木構造材（補修・追加）,ヒバ（KD） 150×300×5.0m,本
木構造材（補修・追加）,ヒバ（KD） 150×300×6.0m,本
木構造材（補修・追加）,ヒバ（KD） 30×40×1.8m,本
木構造材（補修・追加）,ヒバ（KD） 30×40×2.0m,本
木構造材（補修・追加）,ヒバ（KD） 30×40×3.0m,本
木構造材（補修・追加）,ヒバ（KD） 30×40×3.5m,本
木構造材（補修・追加）,ヒバ（KD） 30×40×4.0m,本
木構造材（補修・追加）,ヒバ（KD） 30×60×1.8m,本
木構造材（補修・追加）,ヒバ（KD） 30×60×2.0m,本
木構造材（補修・追加）,ヒバ（KD） 30×60×3.0m,本
木構造材（補修・追加）,ヒバ（KD） 30×60×3.5m,本
木構造材（補修・追加）,ヒバ（KD） 30×60×4.0m,本
木構造材（補修・追加）,ヒバ（KD） 45×105×1.8m,本
木構造材（補修・追加）,ヒバ（KD） 45×105×2.0m,本
木構造材（補修・追加）,ヒバ（KD） 45×105×3.0m,本
木構造材（補修・追加）,ヒバ（KD） 45×105×3.5m,本
木構造材（補修・追加）,ヒバ（KD） 45×105×4.0m,本
木構造材（補修・追加）,ヒバ（KD） 45×45×1.8m,本
木構造材（補修・追加）,ヒバ（KD） 45×45×2.0m,本
木構造材（補修・追加）,ヒバ（KD） 45×45×3.0m,本
木構造材（補修・追加）,ヒバ（KD） 45×45×3.5m,本
木構造材（補修・追加）,ヒバ（KD） 45×45×4.0m,本
木構造材（補修・追加）,ヒバ（KD） 45×90×1.8m,本
木構造材（補修・追加）,ヒバ（KD） 45×90×2.0m,本
木構造材（補修・追加）,ヒバ（KD） 45×90×3.0m,本
木構造材（補修・追加）,ヒバ（KD） 45×90×3.5m,本
木構造材（補修・追加）,ヒバ（KD） 45×90×4.0m,本
木構造材（補修・追加）,ヒバ（KD） 60×60×1.8m,本
木構造材（補修・追加）,ヒバ（KD） 60×60×2.0m,本
木構造材（補修・追加）,ヒバ（KD） 60×60×3.0m,本
木構造材（補修・追加）,ヒバ（KD） 60×60×3.5m,本
木構造材（補修・追加）,ヒバ（KD） 60×60×4.0m,本
木構造材（補修・追加）,ヒバ（KD） 60×60×5.0m,本
木構造材（補修・追加）,ヒバ（KD） 60×60×6.0m,本
木構造材（補修・追加）,ヒバ（KD） 90×90×1.8m,本
木構造材（補修・追加）,ヒバ（KD） 90×90×2.0m,本
木構造材（補修・追加）,ヒバ（KD） 90×90×3.0m,本
木構造材（補修・追加）,ヒバ（KD） 90×90×3.5m,本
木構造材（補修・追加）,ヒバ（KD） 90×90×4.0m,本
木構造材（補修・追加）,ヒバ（KD） 90×90×5.0m,本
木構造材（補修・追加）,ヒバ（KD） 90×90×6.0m,本
木構造材（補修・追加）,ホワイトウッド（105×105×3000）,本
木構造材（補修・追加）,ホワイトウッド（105×105×4000）,本
木構造材（補修・追加）,ホワイトウッド（105×105×4m）,本
木構造材（補修・追加）,ホワイトウッド（105×150×4m）,本
木構造材（補修・追加）,ホワイトウッド（105×180×4m）,本
木構造材（補修・追加）,ホワイトウッド（105×210×4m）,本
木構造材（補修・追加）,ホワイトウッド（105×240×4m）,本
木構造材（補修・追加）,ホワイトウッド（120×120×4m）,本
木構造材（補修・追加）,ホワイトウッド（120×240×4m）,本
木構造材（補修・追加）,ホワイトウッド（150×150×4m）,本
木構造材（補修・追加）,ホワイトウッド（150×300×4m）,本
木構造材（補修・追加）,ホワイトウッド（30×105×4000）,本
木構造材（補修・追加）,ホワイトウッド（30×40×4m）,本
木構造材（補修・追加）,ホワイトウッド（30×60×4m）,本
木構造材（補修・追加）,ホワイトウッド（45×105×4000）,本
木構造材（補修・追加）,ホワイトウッド（45×105×4m）,本
木構造材（補修・追加）,ホワイトウッド（45×45×4m）,本
木構造材（補修・追加）,ホワイトウッド（45×60×4000）,本
木構造材（補修・追加）,ホワイトウッド（45×60×4m）,本
木構造材（補修・追加）,ホワイトウッド（45×90×4000）,本
木構造材（補修・追加）,ホワイトウッド（45×90×4m）,本
木構造材（補修・追加）,ホワイトウッド（60×60×4m）,本
木構造材（補修・追加）,ホワイトウッド（90×90×4m）,本
木構造材（補修・追加）,ホワイトウッド（集成） 105×105×1.8m,本
木構造材（補修・追加）,ホワイトウッド（集成） 105×105×2.0m,本
木構造材（補修・追加）,ホワイトウッド（集成） 105×105×3.0m,本
木構造材（補修・追加）,ホワイトウッド（集成） 105×105×3.5m,本
木構造材（補修・追加）,ホワイトウッド（集成） 105×105×4.0m,本
木構造材（補修・追加）,ホワイトウッド（集成） 105×105×5.0m,本
木構造材（補修・追加）,ホワイトウッド（集成） 105×105×6.0m,本
木構造材（補修・追加）,ホワイトウッド（集成） 105×150×1.8m,本
木構造材（補修・追加）,ホワイトウッド（集成） 105×150×2.0m,本
木構造材（補修・追加）,ホワイトウッド（集成） 105×150×3.0m,本
木構造材（補修・追加）,ホワイトウッド（集成） 105×150×3.5m,本
木構造材（補修・追加）,ホワイトウッド（集成） 105×150×4.0m,本
木構造材（補修・追加）,ホワイトウッド（集成） 105×150×5.0m,本
木構造材（補修・追加）,ホワイトウッド（集成） 105×150×6.0m,本
木構造材（補修・追加）,ホワイトウッド（集成） 105×180×1.8m,本
木構造材（補修・追加）,ホワイトウッド（集成） 105×180×2.0m,本
木構造材（補修・追加）,ホワイトウッド（集成） 105×180×3.0m,本
木構造材（補修・追加）,ホワイトウッド（集成） 105×180×3.5m,本
木構造材（補修・追加）,ホワイトウッド（集成） 105×180×4.0m,本
木構造材（補修・追加）,ホワイトウッド（集成） 105×180×5.0m,本
木構造材（補修・追加）,ホワイトウッド（集成） 105×180×6.0m,本
木構造材（補修・追加）,ホワイトウッド（集成） 105×210×1.8m,本
木構造材（補修・追加）,ホワイトウッド（集成） 105×210×2.0m,本
木構造材（補修・追加）,ホワイトウッド（集成） 105×210×3.0m,本
木構造材（補修・追加）,ホワイトウッド（集成） 105×210×3.5m,本
木構造材（補修・追加）,ホワイトウッド（集成） 105×210×4.0m,本
木構造材（補修・追加）,ホワイトウッド（集成） 105×210×5.0m,本
木構造材（補修・追加）,ホワイトウッド（集成） 105×210×6.0m,本
木構造材（補修・追加）,ホワイトウッド（集成） 120×120×3.0m,本
木構造材（補修・追加）,ホワイトウッド（集成） 120×120×3.5m,本
木構造材（補修・追加）,ホワイトウッド（集成） 120×120×4.0m,本
木構造材（補修・追加）,ホワイトウッド（集成） 120×120×5.0m,本
木構造材（補修・追加）,ホワイトウッド（集成） 120×120×6.0m,本
木構造材（補修・追加）,ホワイトウッド（集成） 120×240×3.0m,本
木構造材（補修・追加）,ホワイトウッド（集成） 120×240×3.5m,本
木構造材（補修・追加）,ホワイトウッド（集成） 120×240×4.0m,本
木構造材（補修・追加）,ホワイトウッド（集成） 120×240×5.0m,本
木構造材（補修・追加）,ホワイトウッド（集成） 120×240×6.0m,本
木構造材（補修・追加）,ホワイトウッド（集成） 150×150×3.0m,本
木構造材（補修・追加）,ホワイトウッド（集成） 150×150×3.5m,本
木構造材（補修・追加）,ホワイトウッド（集成） 150×150×4.0m,本
木構造材（補修・追加）,ホワイトウッド（集成） 150×150×5.0m,本
木構造材（補修・追加）,ホワイトウッド（集成） 150×150×6.0m,本
木構造材（補修・追加）,ホワイトウッド（集成） 150×300×3.0m,本
木構造材（補修・追加）,ホワイトウッド（集成） 150×300×3.5m,本
木構造材（補修・追加）,ホワイトウッド（集成） 150×300×4.0m,本
木構造材（補修・追加）,ホワイトウッド（集成） 150×300×5.0m,本
木構造材（補修・追加）,ホワイトウッド（集成） 150×300×6.0m,本
木構造材（補修・追加）,ホワイトウッド（集成） 30×40×1.8m,本
木構造材（補修・追加）,ホワイトウッド（集成） 30×40×2.0m,本
木構造材（補修・追加）,ホワイトウッド（集成） 30×40×3.0m,本
木構造材（補修・追加）,ホワイトウッド（集成） 30×40×3.5m,本
木構造材（補修・追加）,ホワイトウッド（集成） 30×40×4.0m,本
木構造材（補修・追加）,ホワイトウッド（集成） 30×60×1.8m,本
木構造材（補修・追加）,ホワイトウッド（集成） 30×60×2.0m,本
木構造材（補修・追加）,ホワイトウッド（集成） 30×60×3.0m,本
木構造材（補修・追加）,ホワイトウッド（集成） 30×60×3.5m,本
木構造材（補修・追加）,ホワイトウッド（集成） 30×60×4.0m,本
木構造材（補修・追加）,ホワイトウッド（集成） 45×105×1.8m,本
木構造材（補修・追加）,ホワイトウッド（集成） 45×105×2.0m,本
木構造材（補修・追加）,ホワイトウッド（集成） 45×105×3.0m,本
木構造材（補修・追加）,ホワイトウッド（集成） 45×105×3.5m,本
木構造材（補修・追加）,ホワイトウッド（集成） 45×105×4.0m,本
木構造材（補修・追加）,ホワイトウッド（集成） 45×45×1.8m,本
木構造材（補修・追加）,ホワイトウッド（集成） 45×45×2.0m,本
木構造材（補修・追加）,ホワイトウッド（集成） 45×45×3.0m,本
木構造材（補修・追加）,ホワイトウッド（集成） 45×45×3.5m,本
木構造材（補修・追加）,ホワイトウッド（集成） 45×45×4.0m,本
木構造材（補修・追加）,ホワイトウッド（集成） 45×90×1.8m,本
木構造材（補修・追加）,ホワイトウッド（集成） 45×90×2.0m,本
木構造材（補修・追加）,ホワイトウッド（集成） 45×90×3.0m,本
木構造材（補修・追加）,ホワイトウッド（集成） 45×90×3.5m,本
木構造材（補修・追加）,ホワイトウッド（集成） 45×90×4.0m,本
木構造材（補修・追加）,ホワイトウッド（集成） 60×60×1.8m,本
木構造材（補修・追加）,ホワイトウッド（集成） 60×60×2.0m,本
木構造材（補修・追加）,ホワイトウッド（集成） 60×60×3.0m,本
木構造材（補修・追加）,ホワイトウッド（集成） 60×60×3.5m,本
木構造材（補修・追加）,ホワイトウッド（集成） 60×60×4.0m,本
木構造材（補修・追加）,ホワイトウッド（集成） 60×60×5.0m,本
木構造材（補修・追加）,ホワイトウッド（集成） 60×60×6.0m,本
木構造材（補修・追加）,ホワイトウッド（集成） 90×90×1.8m,本
木構造材（補修・追加）,ホワイトウッド（集成） 90×90×2.0m,本
木構造材（補修・追加）,ホワイトウッド（集成） 90×90×3.0m,本
木構造材（補修・追加）,ホワイトウッド（集成） 90×90×3.5m,本
木構造材（補修・追加）,ホワイトウッド（集成） 90×90×4.0m,本
木構造材（補修・追加）,ホワイトウッド（集成） 90×90×5.0m,本
木構造材（補修・追加）,ホワイトウッド（集成） 90×90×6.0m,本
木構造材（補修・追加）,ラジアタパイン（105×105×3m）,本
木構造材（補修・追加）,ラジアタパイン（105×105×4m）,本
木構造材（補修・追加）,ラジアタパイン（105×150×3m）,本
木構造材（補修・追加）,ラジアタパイン（105×150×4m）,本
木構造材（補修・追加）,ラジアタパイン（105×180×3m）,本
木構造材（補修・追加）,ラジアタパイン（105×180×4m）,本
木構造材（補修・追加）,ラジアタパイン（105×210×3m）,本
木構造材（補修・追加）,ラジアタパイン（105×210×4m）,本
木構造材（補修・追加）,ラジアタパイン（105×240×3m）,本
木構造材（補修・追加）,ラジアタパイン（105×240×4m）,本
木構造材（補修・追加）,ラジアタパイン（120×120×3m）,本
木構造材（補修・追加）,ラジアタパイン（120×120×4m）,本
木構造材（補修・追加）,ラジアタパイン（150×300×3m）,本
木構造材（補修・追加）,ラジアタパイン（150×300×4m）,本
木構造材（補修・追加）,ラジアタパイン（30×40×3m）,本
木構造材（補修・追加）,ラジアタパイン（30×40×4m）,本
木構造材（補修・追加）,ラジアタパイン（30×60×3m）,本
木構造材（補修・追加）,ラジアタパイン（30×60×4m）,本
木構造材（補修・追加）,ラジアタパイン（45×105×3m）,本
木構造材（補修・追加）,ラジアタパイン（45×105×4m）,本
木構造材（補修・追加）,ラジアタパイン（45×45×3m）,本
木構造材（補修・追加）,ラジアタパイン（45×45×4m）,本
木構造材（補修・追加）,ラジアタパイン（45×60×3m）,本
木構造材（補修・追加）,ラジアタパイン（45×60×4m）,本
木構造材（補修・追加）,ラジアタパイン（45×90×3m）,本
木構造材（補修・追加）,ラジアタパイン（45×90×4m）,本
木構造材（補修・追加）,ラジアタパイン（60×60×3m）,本
木構造材（補修・追加）,ラジアタパイン（60×60×4m）,本
木構造材（補修・追加）,ラジアタパイン（90×90×3m）,本
木構造材（補修・追加）,ラジアタパイン（90×90×4m）,本
木構造材（補修・追加）,ラジアタパイン（集成） 105×105×1.8m,本
木構造材（補修・追加）,ラジアタパイン（集成） 105×105×2.0m,本
木構造材（補修・追加）,ラジアタパイン（集成） 105×105×3.0m,本
木構造材（補修・追加）,ラジアタパイン（集成） 105×105×3.5m,本
木構造材（補修・追加）,ラジアタパイン（集成） 105×105×4.0m,本
木構造材（補修・追加）,ラジアタパイン（集成） 105×105×5.0m,本
木構造材（補修・追加）,ラジアタパイン（集成） 105×105×6.0m,本
木構造材（補修・追加）,ラジアタパイン（集成） 105×150×1.8m,本
木構造材（補修・追加）,ラジアタパイン（集成） 105×150×2.0m,本
木構造材（補修・追加）,ラジアタパイン（集成） 105×150×3.0m,本
木構造材（補修・追加）,ラジアタパイン（集成） 105×150×3.5m,本
木構造材（補修・追加）,ラジアタパイン（集成） 105×150×4.0m,本
木構造材（補修・追加）,ラジアタパイン（集成） 105×150×5.0m,本
木構造材（補修・追加）,ラジアタパイン（集成） 105×150×6.0m,本
木構造材（補修・追加）,ラジアタパイン（集成） 105×180×1.8m,本
木構造材（補修・追加）,ラジアタパイン（集成） 105×180×2.0m,本
木構造材（補修・追加）,ラジアタパイン（集成） 105×180×3.0m,本
木構造材（補修・追加）,ラジアタパイン（集成） 105×180×3.5m,本
木構造材（補修・追加）,ラジアタパイン（集成） 105×180×4.0m,本
木構造材（補修・追加）,ラジアタパイン（集成） 105×180×5.0m,本
木構造材（補修・追加）,ラジアタパイン（集成） 105×180×6.0m,本
木構造材（補修・追加）,ラジアタパイン（集成） 105×210×1.8m,本
木構造材（補修・追加）,ラジアタパイン（集成） 105×210×2.0m,本
木構造材（補修・追加）,ラジアタパイン（集成） 105×210×3.0m,本
木構造材（補修・追加）,ラジアタパイン（集成） 105×210×3.5m,本
木構造材（補修・追加）,ラジアタパイン（集成） 105×210×4.0m,本
木構造材（補修・追加）,ラジアタパイン（集成） 105×210×5.0m,本
木構造材（補修・追加）,ラジアタパイン（集成） 105×210×6.0m,本
木構造材（補修・追加）,ラジアタパイン（集成） 120×120×3.0m,本
木構造材（補修・追加）,ラジアタパイン（集成） 120×120×3.5m,本
木構造材（補修・追加）,ラジアタパイン（集成） 120×120×4.0m,本
木構造材（補修・追加）,ラジアタパイン（集成） 120×120×5.0m,本
木構造材（補修・追加）,ラジアタパイン（集成） 120×120×6.0m,本
木構造材（補修・追加）,ラジアタパイン（集成） 120×240×3.0m,本
木構造材（補修・追加）,ラジアタパイン（集成） 120×240×3.5m,本
木構造材（補修・追加）,ラジアタパイン（集成） 120×240×4.0m,本
木構造材（補修・追加）,ラジアタパイン（集成） 120×240×5.0m,本
木構造材（補修・追加）,ラジアタパイン（集成） 120×240×6.0m,本
木構造材（補修・追加）,ラジアタパイン（集成） 150×150×3.0m,本
木構造材（補修・追加）,ラジアタパイン（集成） 150×150×3.5m,本
木構造材（補修・追加）,ラジアタパイン（集成） 150×150×4.0m,本
木構造材（補修・追加）,ラジアタパイン（集成） 150×150×5.0m,本
木構造材（補修・追加）,ラジアタパイン（集成） 150×150×6.0m,本
木構造材（補修・追加）,ラジアタパイン（集成） 150×300×3.0m,本
木構造材（補修・追加）,ラジアタパイン（集成） 150×300×3.5m,本
木構造材（補修・追加）,ラジアタパイン（集成） 150×300×4.0m,本
木構造材（補修・追加）,ラジアタパイン（集成） 150×300×5.0m,本
木構造材（補修・追加）,ラジアタパイン（集成） 150×300×6.0m,本
木構造材（補修・追加）,ラジアタパイン（集成） 30×40×1.8m,本
木構造材（補修・追加）,ラジアタパイン（集成） 30×40×2.0m,本
木構造材（補修・追加）,ラジアタパイン（集成） 30×40×3.0m,本
木構造材（補修・追加）,ラジアタパイン（集成） 30×40×3.5m,本
木構造材（補修・追加）,ラジアタパイン（集成） 30×40×4.0m,本
木構造材（補修・追加）,ラジアタパイン（集成） 30×60×1.8m,本
木構造材（補修・追加）,ラジアタパイン（集成） 30×60×2.0m,本
木構造材（補修・追加）,ラジアタパイン（集成） 30×60×3.0m,本
木構造材（補修・追加）,ラジアタパイン（集成） 30×60×3.5m,本
木構造材（補修・追加）,ラジアタパイン（集成） 30×60×4.0m,本
木構造材（補修・追加）,ラジアタパイン（集成） 45×105×1.8m,本
木構造材（補修・追加）,ラジアタパイン（集成） 45×105×2.0m,本
木構造材（補修・追加）,ラジアタパイン（集成） 45×105×3.0m,本
木構造材（補修・追加）,ラジアタパイン（集成） 45×105×3.5m,本
木構造材（補修・追加）,ラジアタパイン（集成） 45×105×4.0m,本
木構造材（補修・追加）,ラジアタパイン（集成） 45×45×1.8m,本
木構造材（補修・追加）,ラジアタパイン（集成） 45×45×2.0m,本
木構造材（補修・追加）,ラジアタパイン（集成） 45×45×3.0m,本
木構造材（補修・追加）,ラジアタパイン（集成） 45×45×3.5m,本
木構造材（補修・追加）,ラジアタパイン（集成） 45×45×4.0m,本
木構造材（補修・追加）,ラジアタパイン（集成） 45×90×1.8m,本
木構造材（補修・追加）,ラジアタパイン（集成） 45×90×2.0m,本
木構造材（補修・追加）,ラジアタパイン（集成） 45×90×3.0m,本
木構造材（補修・追加）,ラジアタパイン（集成） 45×90×3.5m,本
木構造材（補修・追加）,ラジアタパイン（集成） 45×90×4.0m,本
木構造材（補修・追加）,ラジアタパイン（集成） 60×60×1.8m,本
木構造材（補修・追加）,ラジアタパイン（集成） 60×60×2.0m,本
木構造材（補修・追加）,ラジアタパイン（集成） 60×60×3.0m,本
木構造材（補修・追加）,ラジアタパイン（集成） 60×60×3.5m,本
木構造材（補修・追加）,ラジアタパイン（集成） 60×60×4.0m,本
木構造材（補修・追加）,ラジアタパイン（集成） 60×60×5.0m,本
木構造材（補修・追加）,ラジアタパイン（集成） 60×60×6.0m,本
木構造材（補修・追加）,ラジアタパイン（集成） 90×90×1.8m,本
木構造材（補修・追加）,ラジアタパイン（集成） 90×90×2.0m,本
木構造材（補修・追加）,ラジアタパイン（集成） 90×90×3.0m,本
木構造材（補修・追加）,ラジアタパイン（集成） 90×90×3.5m,本
木構造材（補修・追加）,ラジアタパイン（集成） 90×90×4.0m,本
木構造材（補修・追加）,ラジアタパイン（集成） 90×90×5.0m,本
木構造材（補修・追加）,ラジアタパイン（集成） 90×90×6.0m,本
木構造材（補修・追加）,ラーチ合板代替角材（105×105×4m）,本
木構造材（補修・追加）,ラーチ合板代替角材（105×150×4m）,本
木構造材（補修・追加）,ラーチ合板代替角材（105×180×4m）,本
木構造材（補修・追加）,ラーチ合板代替角材（105×210×4m）,本
木構造材（補修・追加）,ラーチ合板代替角材（105×240×4m）,本
木構造材（補修・追加）,ラーチ合板代替角材（120×120×4m）,本
木構造材（補修・追加）,ラーチ合板代替角材（120×240×4m）,本
木構造材（補修・追加）,ラーチ合板代替角材（150×150×4m）,本
木構造材（補修・追加）,ラーチ合板代替角材（150×300×4m）,本
木構造材（補修・追加）,ラーチ合板代替角材（30×40×4m）,本
木構造材（補修・追加）,ラーチ合板代替角材（45×105×4m）,本
木構造材（補修・追加）,ラーチ合板代替角材（45×45×4m）,本
木構造材（補修・追加）,ラーチ合板代替角材（45×90×4m）,本
木構造材（補修・追加）,ラーチ合板代替角材（60×60×4m）,本
木構造材（補修・追加）,ラーチ合板代替角材（90×90×4m）,本
木構造材（補修・追加）,レッドシダー（105×105×4m）,本
木構造材（補修・追加）,レッドシダー（105×150×4m）,本
木構造材（補修・追加）,レッドシダー（105×180×4m）,本
木構造材（補修・追加）,レッドシダー（105×210×4m）,本
木構造材（補修・追加）,レッドシダー（105×240×4m）,本
木構造材（補修・追加）,レッドシダー（120×120×4m）,本
木構造材（補修・追加）,レッドシダー（120×240×4m）,本
木構造材（補修・追加）,レッドシダー（150×150×4m）,本
木構造材（補修・追加）,レッドシダー（150×300×4m）,本
木構造材（補修・追加）,レッドシダー（30×40×4m）,本
木構造材（補修・追加）,レッドシダー（45×105×4m）,本
木構造材（補修・追加）,レッドシダー（45×45×4m）,本
木構造材（補修・追加）,レッドシダー（45×90×4m）,本
木構造材（補修・追加）,レッドシダー（60×60×4m）,本
木構造材（補修・追加）,レッドシダー（90×90×4m）,本
木構造材（補修・追加）,国産スギ（乾燥材）（105×105×4m）,本
木構造材（補修・追加）,国産スギ（乾燥材）（105×150×4m）,本
木構造材（補修・追加）,国産スギ（乾燥材）（105×180×4m）,本
木構造材（補修・追加）,国産スギ（乾燥材）（105×210×4m）,本
木構造材（補修・追加）,国産スギ（乾燥材）（105×240×4m）,本
木構造材（補修・追加）,国産スギ（乾燥材）（120×120×4m）,本
木構造材（補修・追加）,国産スギ（乾燥材）（120×240×4m）,本
木構造材（補修・追加）,国産スギ（乾燥材）（150×150×4m）,本
木構造材（補修・追加）,国産スギ（乾燥材）（150×300×4m）,本
木構造材（補修・追加）,国産スギ（乾燥材）（30×40×4m）,本
木構造材（補修・追加）,国産スギ（乾燥材）（45×105×4m）,本
木構造材（補修・追加）,国産スギ（乾燥材）（45×45×4m）,本
木構造材（補修・追加）,国産スギ（乾燥材）（45×90×4m）,本
木構造材（補修・追加）,国産スギ（乾燥材）（60×60×4m）,本
木構造材（補修・追加）,国産スギ（乾燥材）（90×90×4m）,本
木構造材（補修・追加）,土台ヒノキ 105×105×3000mm,本
木構造材（補修・追加）,大引 90×90×3000mm,本
木構造材（補修・追加）,大引受け金物,個
木構造材（補修・追加）,小屋束（90×90×2m）,本
木構造材（補修・追加）,床束（プラスチック束 調整式）,本
木構造材（補修・追加）,床束（鋼製束 調整式）,本
木構造材（補修・追加）,斜め補強金物（かど金物 大）,個
木構造材（補修・追加）,方杖（90×90×2m）,本
木構造材（補修・追加）,木材プレカット費（1棟 30坪）,式
木構造材（補修・追加）,木材プレカット費（追加加工 1本）,本
木構造材（補修・追加）,木材乾燥費（1m3）,m3
木構造材（補修・追加）,木材配送費（1棟分）,式
木構造材（補修・追加）,木材防腐処理（加圧注入 1m3）,m3
木構造材（補修・追加）,杉（105×105×3m）,本
木構造材（補修・追加）,杉（105×105×4m）,本
木構造材（補修・追加）,杉（105×150×3m）,本
木構造材（補修・追加）,杉（105×150×4m）,本
木構造材（補修・追加）,杉（105×180×3m）,本
木構造材（補修・追加）,杉（105×180×4m）,本
木構造材（補修・追加）,杉（105×210×3m）,本
木構造材（補修・追加）,杉（105×210×4m）,本
木構造材（補修・追加）,杉（105×240×3m）,本
木構造材（補修・追加）,杉（105×240×4m）,本
木構造材（補修・追加）,杉（120×120×3m）,本
木構造材（補修・追加）,杉（120×120×4m）,本
木構造材（補修・追加）,杉（150×300×3m）,本
木構造材（補修・追加）,杉（150×300×4m）,本
木構造材（補修・追加）,杉（30×40×3m）,本
木構造材（補修・追加）,杉（30×40×4m）,本
木構造材（補修・追加）,杉（30×60×3m）,本
木構造材（補修・追加）,杉（30×60×4m）,本
木構造材（補修・追加）,杉（45×105×3m）,本
木構造材（補修・追加）,杉（45×105×4m）,本
木構造材（補修・追加）,杉（45×45×3m）,本
木構造材（補修・追加）,杉（45×45×4m）,本
木構造材（補修・追加）,杉（45×60×3m）,本
木構造材（補修・追加）,杉（45×60×4m）,本
木構造材（補修・追加）,杉（45×90×3m）,本
木構造材（補修・追加）,杉（45×90×4m）,本
木構造材（補修・追加）,杉（60×60×3m）,本
木構造材（補修・追加）,杉（60×60×4m）,本
木構造材（補修・追加）,杉（90×90×3m）,本
木構造材（補修・追加）,杉（90×90×4m）,本
木構造材（補修・追加）,杉（KD 105×105×3000）,本
木構造材（補修・追加）,杉（KD 105×105×4000）,本
木構造材（補修・追加）,杉（KD 105×180×4000）,本
木構造材（補修・追加）,杉（KD 105×210×4000）,本
木構造材（補修・追加）,杉（KD 105×240×4000）,本
木構造材（補修・追加）,杉（KD 105×270×4000）,本
木構造材（補修・追加）,杉（KD 105×300×4000）,本
木構造材（補修・追加）,杉（KD 120×120×3000）,本
木構造材（補修・追加）,杉（KD 120×120×4000）,本
木構造材（補修・追加）,杉（KD 30×105×4000）,本
木構造材（補修・追加）,杉（KD 30×40×4000）,本
木構造材（補修・追加）,杉（KD 45×105×4000）,本
木構造材（補修・追加）,杉（KD 45×45×4000）,本
木構造材（補修・追加）,杉（KD 45×60×4000）,本
木構造材（補修・追加）,杉（KD 45×90×4000）,本
木構造材（補修・追加）,杉（KD） 105×105×1.8m,本
木構造材（補修・追加）,杉（KD） 105×105×2.0m,本
木構造材（補修・追加）,杉（KD） 105×105×3.0m,本
木構造材（補修・追加）,杉（KD） 105×105×3.5m,本
木構造材（補修・追加）,杉（KD） 105×105×4.0m,本
木構造材（補修・追加）,杉（KD） 105×105×5.0m,本
木構造材（補修・追加）,杉（KD） 105×105×6.0m,本
木構造材（補修・追加）,杉（KD） 105×150×1.8m,本
木構造材（補修・追加）,杉（KD） 105×150×2.0m,本
木構造材（補修・追加）,杉（KD） 105×150×3.0m,本
木構造材（補修・追加）,杉（KD） 105×150×3.5m,本
木構造材（補修・追加）,杉（KD） 105×150×4.0m,本
木構造材（補修・追加）,杉（KD） 105×150×5.0m,本
木構造材（補修・追加）,杉（KD） 105×150×6.0m,本
木構造材（補修・追加）,杉（KD） 105×180×1.8m,本
木構造材（補修・追加）,杉（KD） 105×180×2.0m,本
木構造材（補修・追加）,杉（KD） 105×180×3.0m,本
木構造材（補修・追加）,杉（KD） 105×180×3.5m,本
木構造材（補修・追加）,杉（KD） 105×180×4.0m,本
木構造材（補修・追加）,杉（KD） 105×180×5.0m,本
木構造材（補修・追加）,杉（KD） 105×180×6.0m,本
木構造材（補修・追加）,杉（KD） 105×210×1.8m,本
木構造材（補修・追加）,杉（KD） 105×210×2.0m,本
木構造材（補修・追加）,杉（KD） 105×210×3.0m,本
木構造材（補修・追加）,杉（KD） 105×210×3.5m,本
木構造材（補修・追加）,杉（KD） 105×210×4.0m,本
木構造材（補修・追加）,杉（KD） 105×210×5.0m,本
木構造材（補修・追加）,杉（KD） 105×210×6.0m,本
木構造材（補修・追加）,杉（KD） 120×120×3.0m,本
木構造材（補修・追加）,杉（KD） 120×120×3.5m,本
木構造材（補修・追加）,杉（KD） 120×120×4.0m,本
木構造材（補修・追加）,杉（KD） 120×120×5.0m,本
木構造材（補修・追加）,杉（KD） 120×120×6.0m,本
木構造材（補修・追加）,杉（KD） 120×240×3.0m,本
木構造材（補修・追加）,杉（KD） 120×240×3.5m,本
木構造材（補修・追加）,杉（KD） 120×240×4.0m,本
木構造材（補修・追加）,杉（KD） 120×240×5.0m,本
木構造材（補修・追加）,杉（KD） 120×240×6.0m,本
木構造材（補修・追加）,杉（KD） 150×150×3.0m,本
木構造材（補修・追加）,杉（KD） 150×150×3.5m,本
木構造材（補修・追加）,杉（KD） 150×150×4.0m,本
木構造材（補修・追加）,杉（KD） 150×150×5.0m,本
木構造材（補修・追加）,杉（KD） 150×150×6.0m,本
木構造材（補修・追加）,杉（KD） 150×300×3.0m,本
木構造材（補修・追加）,杉（KD） 150×300×3.5m,本
木構造材（補修・追加）,杉（KD） 150×300×4.0m,本
木構造材（補修・追加）,杉（KD） 150×300×5.0m,本
木構造材（補修・追加）,杉（KD） 150×300×6.0m,本
木構造材（補修・追加）,杉（KD） 30×40×1.8m,本
木構造材（補修・追加）,杉（KD） 30×40×2.0m,本
木構造材（補修・追加）,杉（KD） 30×40×3.0m,本
木構造材（補修・追加）,杉（KD） 30×40×3.5m,本
木構造材（補修・追加）,杉（KD） 30×40×4.0m,本
木構造材（補修・追加）,杉（KD） 30×60×1.8m,本
木構造材（補修・追加）,杉（KD） 30×60×2.0m,本
木構造材（補修・追加）,杉（KD） 30×60×3.0m,本
木構造材（補修・追加）,杉（KD） 30×60×3.5m,本
木構造材（補修・追加）,杉（KD） 30×60×4.0m,本
木構造材（補修・追加）,杉（KD） 45×105×1.8m,本
木構造材（補修・追加）,杉（KD） 45×105×2.0m,本
木構造材（補修・追加）,杉（KD） 45×105×3.0m,本
木構造材（補修・追加）,杉（KD） 45×105×3.5m,本
木構造材（補修・追加）,杉（KD） 45×105×4.0m,本
木構造材（補修・追加）,杉（KD） 45×45×1.8m,本
木構造材（補修・追加）,杉（KD） 45×45×2.0m,本
木構造材（補修・追加）,杉（KD） 45×45×3.0m,本
木構造材（補修・追加）,杉（KD） 45×45×3.5m,本
木構造材（補修・追加）,杉（KD） 45×45×4.0m,本
木構造材（補修・追加）,杉（KD） 45×90×1.8m,本
木構造材（補修・追加）,杉（KD） 45×90×2.0m,本
木構造材（補修・追加）,杉（KD） 45×90×3.0m,本
木構造材（補修・追加）,杉（KD） 45×90×3.5m,本
木構造材（補修・追加）,杉（KD） 45×90×4.0m,本
木構造材（補修・追加）,杉（KD） 60×60×1.8m,本
木構造材（補修・追加）,杉（KD） 60×60×2.0m,本
木構造材（補修・追加）,杉（KD） 60×60×3.0m,本
木構造材（補修・追加）,杉（KD） 60×60×3.5m,本
木構造材（補修・追加）,杉（KD） 60×60×4.0m,本
木構造材（補修・追加）,杉（KD） 60×60×5.0m,本
木構造材（補修・追加）,杉（KD） 60×60×6.0m,本
木構造材（補修・追加）,杉（KD） 90×90×1.8m,本
木構造材（補修・追加）,杉（KD） 90×90×2.0m,本
木構造材（補修・追加）,杉（KD） 90×90×3.0m,本
木構造材（補修・追加）,杉（KD） 90×90×3.5m,本
木構造材（補修・追加）,杉（KD） 90×90×4.0m,本
木構造材（補修・追加）,杉（KD） 90×90×5.0m,本
木構造材（補修・追加）,杉（KD） 90×90×6.0m,本
木構造材（補修・追加）,束（プラ束 高さ調整式）,個
木構造材（補修・追加）,根太 45×45×3000mm,本
木構造材（補修・追加）,根太掛け（45×60×4m）,本
木構造材（補修・追加）,桐（105×105×4m）,本
木構造材（補修・追加）,桐（105×150×4m）,本
木構造材（補修・追加）,桐（105×180×4m）,本
木構造材（補修・追加）,桐（105×210×4m）,本
木構造材（補修・追加）,桐（105×240×4m）,本
木構造材（補修・追加）,桐（120×120×4m）,本
木構造材（補修・追加）,桐（120×240×4m）,本
木構造材（補修・追加）,桐（150×150×4m）,本
木構造材（補修・追加）,桐（150×300×4m）,本
木構造材（補修・追加）,桐（30×40×4m）,本
木構造材（補修・追加）,桐（45×105×4m）,本
木構造材（補修・追加）,桐（45×45×4m）,本
木構造材（補修・追加）,桐（45×90×4m）,本
木構造材（補修・追加）,桐（60×60×4m）,本
木構造材（補修・追加）,桐（90×90×4m）,本
木構造材（補修・追加）,桧（105×105×3m）,本
木構造材（補修・追加）,桧（105×105×4m）,本
木構造材（補修・追加）,桧（105×150×3m）,本
木構造材（補修・追加）,桧（105×150×4m）,本
木構造材（補修・追加）,桧（105×180×3m）,本
木構造材（補修・追加）,桧（105×180×4m）,本
木構造材（補修・追加）,桧（105×210×3m）,本
木構造材（補修・追加）,桧（105×210×4m）,本
木構造材（補修・追加）,桧（105×240×3m）,本
木構造材（補修・追加）,桧（105×240×4m）,本
木構造材（補修・追加）,桧（120×120×3m）,本
木構造材（補修・追加）,桧（120×120×4m）,本
木構造材（補修・追加）,桧（150×300×3m）,本
木構造材（補修・追加）,桧（150×300×4m）,本
木構造材（補修・追加）,桧（30×40×3m）,本
木構造材（補修・追加）,桧（30×40×4m）,本
木構造材（補修・追加）,桧（30×60×3m）,本
木構造材（補修・追加）,桧（30×60×4m）,本
木構造材（補修・追加）,桧（45×105×3m）,本
木構造材（補修・追加）,桧（45×105×4m）,本
木構造材（補修・追加）,桧（45×45×3m）,本
木構造材（補修・追加）,桧（45×45×4m）,本
木構造材（補修・追加）,桧（45×60×3m）,本
木構造材（補修・追加）,桧（45×60×4m）,本
木構造材（補修・追加）,桧（45×90×3m）,本
木構造材（補修・追加）,桧（45×90×4m）,本
木構造材（補修・追加）,桧（60×60×3m）,本
木構造材（補修・追加）,桧（60×60×4m）,本
木構造材（補修・追加）,桧（90×90×3m）,本
木構造材（補修・追加）,桧（90×90×4m）,本
木構造材（補修・追加）,桧（KD 105×105×3000）,本
木構造材（補修・追加）,桧（KD 105×105×4000）,本
木構造材（補修・追加）,桧（KD 105×180×4000）,本
木構造材（補修・追加）,桧（KD 105×210×4000）,本
木構造材（補修・追加）,桧（KD 105×240×4000）,本
木構造材（補修・追加）,桧（KD 120×120×3000）,本
木構造材（補修・追加）,桧（KD 120×120×4000）,本
木構造材（補修・追加）,桧（KD 45×105×4000）,本
木構造材（補修・追加）,桧（KD） 105×105×1.8m,本
木構造材（補修・追加）,桧（KD） 105×105×2.0m,本
木構造材（補修・追加）,桧（KD） 105×105×3.0m,本
木構造材（補修・追加）,桧（KD） 105×105×3.5m,本
木構造材（補修・追加）,桧（KD） 105×105×4.0m,本
木構造材（補修・追加）,桧（KD） 105×105×5.0m,本
木構造材（補修・追加）,桧（KD） 105×105×6.0m,本
木構造材（補修・追加）,桧（KD） 105×150×1.8m,本
木構造材（補修・追加）,桧（KD） 105×150×2.0m,本
木構造材（補修・追加）,桧（KD） 105×150×3.0m,本
木構造材（補修・追加）,桧（KD） 105×150×3.5m,本
木構造材（補修・追加）,桧（KD） 105×150×4.0m,本
木構造材（補修・追加）,桧（KD） 105×150×5.0m,本
木構造材（補修・追加）,桧（KD） 105×150×6.0m,本
木構造材（補修・追加）,桧（KD） 105×180×1.8m,本
木構造材（補修・追加）,桧（KD） 105×180×2.0m,本
木構造材（補修・追加）,桧（KD） 105×180×3.0m,本
木構造材（補修・追加）,桧（KD） 105×180×3.5m,本
木構造材（補修・追加）,桧（KD） 105×180×4.0m,本
木構造材（補修・追加）,桧（KD） 105×180×5.0m,本
木構造材（補修・追加）,桧（KD） 105×180×6.0m,本
木構造材（補修・追加）,桧（KD） 105×210×1.8m,本
木構造材（補修・追加）,桧（KD） 105×210×2.0m,本
木構造材（補修・追加）,桧（KD） 105×210×3.0m,本
木構造材（補修・追加）,桧（KD） 105×210×3.5m,本
木構造材（補修・追加）,桧（KD） 105×210×4.0m,本
木構造材（補修・追加）,桧（KD） 105×210×5.0m,本
木構造材（補修・追加）,桧（KD） 105×210×6.0m,本
木構造材（補修・追加）,桧（KD） 120×120×3.0m,本
木構造材（補修・追加）,桧（KD） 120×120×3.5m,本
木構造材（補修・追加）,桧（KD） 120×120×4.0m,本
木構造材（補修・追加）,桧（KD） 120×120×5.0m,本
木構造材（補修・追加）,桧（KD） 120×120×6.0m,本
木構造材（補修・追加）,桧（KD） 120×240×3.0m,本
木構造材（補修・追加）,桧（KD） 120×240×3.5m,本
木構造材（補修・追加）,桧（KD） 120×240×4.0m,本
木構造材（補修・追加）,桧（KD） 120×240×5.0m,本
木構造材（補修・追加）,桧（KD） 120×240×6.0m,本
木構造材（補修・追加）,桧（KD） 150×150×3.0m,本
木構造材（補修・追加）,桧（KD） 150×150×3.5m,本
木構造材（補修・追加）,桧（KD） 150×150×4.0m,本
木構造材（補修・追加）,桧（KD） 150×150×5.0m,本
木構造材（補修・追加）,桧（KD） 150×150×6.0m,本
木構造材（補修・追加）,桧（KD） 150×300×3.0m,本
木構造材（補修・追加）,桧（KD） 150×300×3.5m,本
木構造材（補修・追加）,桧（KD） 150×300×4.0m,本
木構造材（補修・追加）,桧（KD） 150×300×5.0m,本
木構造材（補修・追加）,桧（KD） 150×300×6.0m,本
木構造材（補修・追加）,桧（KD） 30×40×1.8m,本
木構造材（補修・追加）,桧（KD） 30×40×2.0m,本
木構造材（補修・追加）,桧（KD） 30×40×3.0m,本
木構造材（補修・追加）,桧（KD） 30×40×3.5m,本
木構造材（補修・追加）,桧（KD） 30×40×4.0m,本
木構造材（補修・追加）,桧（KD） 30×60×1.8m,本
木構造材（補修・追加）,桧（KD） 30×60×2.0m,本
木構造材（補修・追加）,桧（KD） 30×60×3.0m,本
木構造材（補修・追加）,桧（KD） 30×60×3.5m,本
木構造材（補修・追加）,桧（KD） 30×60×4.0m,本
木構造材（補修・追加）,桧（KD） 45×105×1.8m,本
木構造材（補修・追加）,桧（KD） 45×105×2.0m,本
木構造材（補修・追加）,桧（KD） 45×105×3.0m,本
木構造材（補修・追加）,桧（KD） 45×105×3.5m,本
木構造材（補修・追加）,桧（KD） 45×105×4.0m,本
木構造材（補修・追加）,桧（KD） 45×45×1.8m,本
木構造材（補修・追加）,桧（KD） 45×45×2.0m,本
木構造材（補修・追加）,桧（KD） 45×45×3.0m,本
木構造材（補修・追加）,桧（KD） 45×45×3.5m,本
木構造材（補修・追加）,桧（KD） 45×45×4.0m,本
木構造材（補修・追加）,桧（KD） 45×90×1.8m,本
木構造材（補修・追加）,桧（KD） 45×90×2.0m,本
木構造材（補修・追加）,桧（KD） 45×90×3.0m,本
木構造材（補修・追加）,桧（KD） 45×90×3.5m,本
木構造材（補修・追加）,桧（KD） 45×90×4.0m,本
木構造材（補修・追加）,桧（KD） 60×60×1.8m,本
木構造材（補修・追加）,桧（KD） 60×60×2.0m,本
木構造材（補修・追加）,桧（KD） 60×60×3.0m,本
木構造材（補修・追加）,桧（KD） 60×60×3.5m,本
木構造材（補修・追加）,桧（KD） 60×60×4.0m,本
木構造材（補修・追加）,桧（KD） 60×60×5.0m,本
木構造材（補修・追加）,桧（KD） 60×60×6.0m,本
木構造材（補修・追加）,桧（KD） 90×90×1.8m,本
木構造材（補修・追加）,桧（KD） 90×90×2.0m,本
木構造材（補修・追加）,桧（KD） 90×90×3.0m,本
木構造材（補修・追加）,桧（KD） 90×90×3.5m,本
木構造材（補修・追加）,桧（KD） 90×90×4.0m,本
木構造材（補修・追加）,桧（KD） 90×90×5.0m,本
木構造材（補修・追加）,桧（KD） 90×90×6.0m,本
木構造材（補修・追加）,構造用合板（針葉樹 12mm 3×6）,枚
木構造材（補修・追加）,構造用合板（針葉樹 12mm 3×9）,枚
木構造材（補修・追加）,構造用合板（針葉樹 24mm 3×6）,枚
木構造材（補修・追加）,構造用合板（針葉樹 28mm 3×6）,枚
木構造材（補修・追加）,構造用合板（針葉樹 9mm 3×6）,枚
木構造材（補修・追加）,欧州松（105×105×3m）,本
木構造材（補修・追加）,欧州松（105×105×4m）,本
木構造材（補修・追加）,欧州松（105×150×3m）,本
木構造材（補修・追加）,欧州松（105×150×4m）,本
木構造材（補修・追加）,欧州松（105×180×3m）,本
木構造材（補修・追加）,欧州松（105×180×4m）,本
木構造材（補修・追加）,欧州松（105×210×3m）,本
木構造材（補修・追加）,欧州松（105×210×4m）,本
木構造材（補修・追加）,欧州松（105×240×3m）,本
木構造材（補修・追加）,欧州松（105×240×4m）,本
木構造材（補修・追加）,欧州松（120×120×3m）,本
木構造材（補修・追加）,欧州松（120×120×4m）,本
木構造材（補修・追加）,欧州松（150×300×3m）,本
木構造材（補修・追加）,欧州松（150×300×4m）,本
木構造材（補修・追加）,欧州松（30×40×3m）,本
木構造材（補修・追加）,欧州松（30×40×4m）,本
木構造材（補修・追加）,欧州松（30×60×3m）,本
木構造材（補修・追加）,欧州松（30×60×4m）,本
木構造材（補修・追加）,欧州松（45×105×3m）,本
木構造材（補修・追加）,欧州松（45×105×4m）,本
木構造材（補修・追加）,欧州松（45×45×3m）,本
木構造材（補修・追加）,欧州松（45×45×4m）,本
木構造材（補修・追加）,欧州松（45×60×3m）,本
木構造材（補修・追加）,欧州松（45×60×4m）,本
木構造材（補修・追加）,欧州松（45×90×3m）,本
木構造材（補修・追加）,欧州松（45×90×4m）,本
木構造材（補修・追加）,欧州松（60×60×3m）,本
木構造材（補修・追加）,欧州松（60×60×4m）,本
木構造材（補修・追加）,欧州松（90×90×3m）,本
木構造材（補修・追加）,欧州松（90×90×4m）,本
木構造材（補修・追加）,火打ち梁金物,個
木構造材（補修・追加）,火打ち金物,個
木構造材（補修・追加）,登り梁（105×210×4m）,本
木構造材（補修・追加）,米松（105×105×3m）,本
木構造材（補修・追加）,米松（105×105×4m）,本
木構造材（補修・追加）,米松（105×150×3m）,本
木構造材（補修・追加）,米松（105×150×4m）,本
木構造材（補修・追加）,米松（105×180×3m）,本
木構造材（補修・追加）,米松（105×180×4m）,本
木構造材（補修・追加）,米松（105×210×3m）,本
木構造材（補修・追加）,米松（105×210×4m）,本
木構造材（補修・追加）,米松（105×240×3m）,本
木構造材（補修・追加）,米松（105×240×4m）,本
木構造材（補修・追加）,米松（120×120×3m）,本
木構造材（補修・追加）,米松（120×120×4m）,本
木構造材（補修・追加）,米松（150×300×3m）,本
木構造材（補修・追加）,米松（150×300×4m）,本
木構造材（補修・追加）,米松（30×40×3m）,本
木構造材（補修・追加）,米松（30×40×4m）,本
木構造材（補修・追加）,米松（30×60×3m）,本
木構造材（補修・追加）,米松（30×60×4m）,本
木構造材（補修・追加）,米松（45×105×3m）,本
木構造材（補修・追加）,米松（45×105×4m）,本
木構造材（補修・追加）,米松（45×45×3m）,本
木構造材（補修・追加）,米松（45×45×4m）,本
木構造材（補修・追加）,米松（45×60×3m）,本
木構造材（補修・追加）,米松（45×60×4m）,本
木構造材（補修・追加）,米松（45×90×3m）,本
木構造材（補修・追加）,米松（45×90×4m）,本
木構造材（補修・追加）,米松（60×60×3m）,本
木構造材（補修・追加）,米松（60×60×4m）,本
木構造材（補修・追加）,米松（90×90×3m）,本
木構造材（補修・追加）,米松（90×90×4m）,本
木構造材（補修・追加）,米松（KD 105×105×4000）,本
木構造材（補修・追加）,米松（KD 105×180×4000）,本
木構造材（補修・追加）,米松（KD 105×210×4000）,本
木構造材（補修・追加）,米松（KD 105×240×4000）,本
木構造材（補修・追加）,米松（KD 105×270×4000）,本
木構造材（補修・追加）,米松（KD 105×300×4000）,本
木構造材（補修・追加）,米松（KD 120×240×4000）,本
木構造材（補修・追加）,米松（KD 120×300×4000）,本
木構造材（補修・追加）,米松（KD 150×300×4000）,本
木構造材（補修・追加）,米松（KD） 105×105×1.8m,本
木構造材（補修・追加）,米松（KD） 105×105×2.0m,本
木構造材（補修・追加）,米松（KD） 105×105×3.0m,本
木構造材（補修・追加）,米松（KD） 105×105×3.5m,本
木構造材（補修・追加）,米松（KD） 105×105×4.0m,本
木構造材（補修・追加）,米松（KD） 105×105×5.0m,本
木構造材（補修・追加）,米松（KD） 105×105×6.0m,本
木構造材（補修・追加）,米松（KD） 105×150×1.8m,本
木構造材（補修・追加）,米松（KD） 105×150×2.0m,本
木構造材（補修・追加）,米松（KD） 105×150×3.0m,本
木構造材（補修・追加）,米松（KD） 105×150×3.5m,本
木構造材（補修・追加）,米松（KD） 105×150×4.0m,本
木構造材（補修・追加）,米松（KD） 105×150×5.0m,本
木構造材（補修・追加）,米松（KD） 105×150×6.0m,本
木構造材（補修・追加）,米松（KD） 105×180×1.8m,本
木構造材（補修・追加）,米松（KD） 105×180×2.0m,本
木構造材（補修・追加）,米松（KD） 105×180×3.0m,本
木構造材（補修・追加）,米松（KD） 105×180×3.5m,本
木構造材（補修・追加）,米松（KD） 105×180×4.0m,本
木構造材（補修・追加）,米松（KD） 105×180×5.0m,本
木構造材（補修・追加）,米松（KD） 105×180×6.0m,本
木構造材（補修・追加）,米松（KD） 105×210×1.8m,本
木構造材（補修・追加）,米松（KD） 105×210×2.0m,本
木構造材（補修・追加）,米松（KD） 105×210×3.0m,本
木構造材（補修・追加）,米松（KD） 105×210×3.5m,本
木構造材（補修・追加）,米松（KD） 105×210×4.0m,本
木構造材（補修・追加）,米松（KD） 105×210×5.0m,本
木構造材（補修・追加）,米松（KD） 105×210×6.0m,本
木構造材（補修・追加）,米松（KD） 120×120×3.0m,本
木構造材（補修・追加）,米松（KD） 120×120×3.5m,本
木構造材（補修・追加）,米松（KD） 120×120×4.0m,本
木構造材（補修・追加）,米松（KD） 120×120×5.0m,本
木構造材（補修・追加）,米松（KD） 120×120×6.0m,本
木構造材（補修・追加）,米松（KD） 120×240×3.0m,本
木構造材（補修・追加）,米松（KD） 120×240×3.5m,本
木構造材（補修・追加）,米松（KD） 120×240×4.0m,本
木構造材（補修・追加）,米松（KD） 120×240×5.0m,本
木構造材（補修・追加）,米松（KD） 120×240×6.0m,本
木構造材（補修・追加）,米松（KD） 150×150×3.0m,本
木構造材（補修・追加）,米松（KD） 150×150×3.5m,本
木構造材（補修・追加）,米松（KD） 150×150×4.0m,本
木構造材（補修・追加）,米松（KD） 150×150×5.0m,本
木構造材（補修・追加）,米松（KD） 150×150×6.0m,本
木構造材（補修・追加）,米松（KD） 150×300×3.0m,本
木構造材（補修・追加）,米松（KD） 150×300×3.5m,本
木構造材（補修・追加）,米松（KD） 150×300×4.0m,本
木構造材（補修・追加）,米松（KD） 150×300×5.0m,本
木構造材（補修・追加）,米松（KD） 150×300×6.0m,本
木構造材（補修・追加）,米松（KD） 30×40×1.8m,本
木構造材（補修・追加）,米松（KD） 30×40×2.0m,本
木構造材（補修・追加）,米松（KD） 30×40×3.0m,本
木構造材（補修・追加）,米松（KD） 30×40×3.5m,本
木構造材（補修・追加）,米松（KD） 30×40×4.0m,本
木構造材（補修・追加）,米松（KD） 30×60×1.8m,本
木構造材（補修・追加）,米松（KD） 30×60×2.0m,本
木構造材（補修・追加）,米松（KD） 30×60×3.0m,本
木構造材（補修・追加）,米松（KD） 30×60×3.5m,本
木構造材（補修・追加）,米松（KD） 30×60×4.0m,本
木構造材（補修・追加）,米松（KD） 45×105×1.8m,本
木構造材（補修・追加）,米松（KD） 45×105×2.0m,本
木構造材（補修・追加）,米松（KD） 45×105×3.0m,本
木構造材（補修・追加）,米松（KD） 45×105×3.5m,本
木構造材（補修・追加）,米松（KD） 45×105×4.0m,本
木構造材（補修・追加）,米松（KD） 45×45×1.8m,本
木構造材（補修・追加）,米松（KD） 45×45×2.0m,本
木構造材（補修・追加）,米松（KD） 45×45×3.0m,本
木構造材（補修・追加）,米松（KD） 45×45×3.5m,本
木構造材（補修・追加）,米松（KD） 45×45×4.0m,本
木構造材（補修・追加）,米松（KD） 45×90×1.8m,本
木構造材（補修・追加）,米松（KD） 45×90×2.0m,本
木構造材（補修・追加）,米松（KD） 45×90×3.0m,本
木構造材（補修・追加）,米松（KD） 45×90×3.5m,本
木構造材（補修・追加）,米松（KD） 45×90×4.0m,本
木構造材（補修・追加）,米松（KD） 60×60×1.8m,本
木構造材（補修・追加）,米松（KD） 60×60×2.0m,本
木構造材（補修・追加）,米松（KD） 60×60×3.0m,本
木構造材（補修・追加）,米松（KD） 60×60×3.5m,本
木構造材（補修・追加）,米松（KD） 60×60×4.0m,本
木構造材（補修・追加）,米松（KD） 60×60×5.0m,本
木構造材（補修・追加）,米松（KD） 60×60×6.0m,本
木構造材（補修・追加）,米松（KD） 90×90×1.8m,本
木構造材（補修・追加）,米松（KD） 90×90×2.0m,本
木構造材（補修・追加）,米松（KD） 90×90×3.0m,本
木構造材（補修・追加）,米松（KD） 90×90×3.5m,本
木構造材（補修・追加）,米松（KD） 90×90×4.0m,本
木構造材（補修・追加）,米松（KD） 90×90×5.0m,本
木構造材（補修・追加）,米松（KD） 90×90×6.0m,本
木構造材（補修・追加）,胴差し（105×180×4m）,本
木構造材（補修・追加）,製材費（丸太→角材 1m3）,m3
木構造材（補修・追加）,軒桁（105×105×4m）,本
木構造材（補修・追加）,転び止め（45×90×455）,本
木構造材（補修・追加）,集成材 105×105×3m,本
木構造材（補修・追加）,集成材 105×105×4m,本
木構造材（補修・追加）,集成材 105×210×3m,本
木構造材（補修・追加）,集成材 105×210×4m,本
木構造材（補修・追加）,集成材 120×120×3m,本
木構造材（補修・追加）,集成材 120×120×4m,本
木構造材（補修・追加）,集成材プレカット（1本）,本
木構造材（補修・追加）,集成材柱（スギ 105×105×3000）,本
木構造材（補修・追加）,集成材柱（スギ 105×105×4000）,本
木構造材（補修・追加）,集成材（105×150×3m）,本
木構造材（補修・追加）,集成材（105×150×4m）,本
木構造材（補修・追加）,集成材（105×180×3m）,本
木構造材（補修・追加）,集成材（105×180×4m）,本
木構造材（補修・追加）,集成材（105×240×3m）,本
木構造材（補修・追加）,集成材（105×240×4m）,本
木構造材（補修・追加）,集成材（150×300×3m）,本
木構造材（補修・追加）,集成材（150×300×4m）,本
木構造材（補修・追加）,集成材（30×40×3m）,本
木構造材（補修・追加）,集成材（30×40×4m）,本
木構造材（補修・追加）,集成材（30×60×3m）,本
木構造材（補修・追加）,集成材（30×60×4m）,本
木構造材（補修・追加）,集成材（45×105×3m）,本
木構造材（補修・追加）,集成材（45×105×4m）,本
木構造材（補修・追加）,集成材（45×45×3m）,本
木構造材（補修・追加）,集成材（45×45×4m）,本
木構造材（補修・追加）,集成材（45×60×3m）,本
木構造材（補修・追加）,集成材（45×60×4m）,本
木構造材（補修・追加）,集成材（45×90×3m）,本
木構造材（補修・追加）,集成材（45×90×4m）,本
木構造材（補修・追加）,集成材（60×60×3m）,本
木構造材（補修・追加）,集成材（60×60×4m）,本
木構造材（補修・追加）,集成材（90×90×3m）,本
木構造材（補修・追加）,集成材（90×90×4m）,本
木構造材（補修・追加）,集成材（スギ）（105×105×4m）,本
木構造材（補修・追加）,集成材（スギ）（105×150×4m）,本
木構造材（補修・追加）,集成材（スギ）（105×180×4m）,本
木構造材（補修・追加）,集成材（スギ）（105×210×4m）,本
木構造材（補修・追加）,集成材（スギ）（105×240×4m）,本
木構造材（補修・追加）,集成材（スギ）（120×120×4m）,本
木構造材（補修・追加）,集成材（スギ）（150×300×4m）,本
木構造材（補修・追加）,集成材（スギ）（30×40×4m）,本
木構造材（補修・追加）,集成材（スギ）（30×60×4m）,本
木構造材（補修・追加）,集成材（スギ）（45×105×4m）,本
木構造材（補修・追加）,集成材（スギ）（45×45×4m）,本
木構造材（補修・追加）,集成材（スギ）（45×60×4m）,本
木構造材（補修・追加）,集成材（スギ）（45×90×4m）,本
木構造材（補修・追加）,集成材（スギ）（60×60×4m）,本
木構造材（補修・追加）,集成材（スギ）（90×90×4m）,本
木構造材（補修・追加）,集成梁（米松 105×180×4000）,本
木構造材（補修・追加）,集成梁（米松 105×210×4000）,本
木構造材（補修・追加）,集成梁（米松 105×240×4000）,本
木構造材（補修・追加）,集成梁（米松 105×300×4000）,本
木構造材（補修・追加）,集成梁（米松 120×240×4000）,本
木構造材（補修・追加）,集成梁（米松 120×300×4000）,本
木構造材（補修・追加）,集成梁（米松 150×300×4000）,本
木構造材（補修・追加）,頭つなぎ（45×105×4m）,本
構造用合板・面材,OSB合板 11mm 3×6,枚
構造用合板・面材,OSB合板 11mm 3×9,枚
構造用合板・面材,OSB合板 12mm 3×6,枚
構造用合板・面材,OSB合板 12mm 3×9,枚
構造用合板・面材,OSB合板 15mm 3×6,枚
構造用合板・面材,OSB合板 15mm 3×9,枚
構造用合板・面材,OSB合板 18mm 3×6,枚
構造用合板・面材,OSB合板 18mm 3×9,枚
構造用合板・面材,OSB合板 9mm 3×6,枚
構造用合板・面材,OSB合板 9mm 3×9,枚
構造用合板・面材,OSB合板 9mm 910×1820mm,枚
構造用合板・面材,ケイカル板 6mm 910×1820mm,枚
構造用合板・面材,コンクリート型枠合板 12mm 3×6,枚
構造用合板・面材,コンクリート型枠合板 12mm 3×9,枚
構造用合板・面材,コンクリート型枠合板 15mm 3×6,枚
構造用合板・面材,コンクリート型枠合板 15mm 3×9,枚
構造用合板・面材,コンクリート型枠合板 18mm 3×6,枚
構造用合板・面材,コンクリート型枠合板 18mm 3×9,枚
構造用合板・面材,コンクリート型枠合板 21mm 3×6,枚
構造用合板・面材,コンクリート型枠合板 21mm 3×9,枚
構造用合板・面材,シナ合板両面 12mm 3×6,枚
構造用合板・面材,シナ合板両面 12mm 3×9,枚
構造用合板・面材,シナ合板両面 15mm 3×6,枚
構造用合板・面材,シナ合板両面 15mm 3×9,枚
構造用合板・面材,シナ合板両面 18mm 3×6,枚
構造用合板・面材,シナ合板両面 18mm 3×9,枚
構造用合板・面材,シナ合板両面 4mm 3×6,枚
構造用合板・面材,シナ合板両面 4mm 3×9,枚
構造用合板・面材,シナ合板両面 9mm 3×6,枚
構造用合板・面材,シナ合板両面 9mm 3×9,枚
構造用合板・面材,シナ合板片面 12mm 3×6,枚
構造用合板・面材,シナ合板片面 12mm 3×9,枚
構造用合板・面材,シナ合板片面 15mm 3×6,枚
構造用合板・面材,シナ合板片面 15mm 3×9,枚
構造用合板・面材,シナ合板片面 18mm 3×6,枚
構造用合板・面材,シナ合板片面 18mm 3×9,枚
構造用合板・面材,シナ合板片面 4mm 3×6,枚
構造用合板・面材,シナ合板片面 4mm 3×9,枚
構造用合板・面材,シナ合板片面 9mm 3×6,枚
構造用合板・面材,シナ合板片面 9mm 3×9,枚
構造用合板・面材,シナ合板（両面） 5.5mm 3×6,枚
構造用合板・面材,シナ合板（片面） 5.5mm 3×6,枚
構造用合板・面材,ラワン合板 12mm 3×6,枚
構造用合板・面材,ラワン合板 12mm 3×9,枚
構造用合板・面材,ラワン合板 15mm 3×6,枚
構造用合板・面材,ラワン合板 15mm 3×9,枚
構造用合板・面材,ラワン合板 18mm 3×6,枚
構造用合板・面材,ラワン合板 3mm 3×6,枚
構造用合板・面材,ラワン合板 3mm 3×9,枚
構造用合板・面材,ラワン合板 4mm 3×6,枚
構造用合板・面材,ラワン合板 4mm 3×9,枚
構造用合板・面材,ラワン合板 5.5mm 3×6,枚
構造用合板・面材,ラワン合板 9mm 3×6,枚
構造用合板・面材,ラワン合板 9mm 3×9,枚
構造用合板・面材,ランバーコア 15mm 3×6,枚
構造用合板・面材,ランバーコア 15mm 3×9,枚
構造用合板・面材,ランバーコア 18mm 3×6,枚
構造用合板・面材,ランバーコア 18mm 3×9,枚
構造用合板・面材,ランバーコア 21mm 3×6,枚
構造用合板・面材,ランバーコア 21mm 3×9,枚
構造用合板・面材,ランバーコア 24mm 3×6,枚
構造用合板・面材,ランバーコア 24mm 3×9,枚
構造用合板・面材,ランバーコア 30mm 3×6,枚
構造用合板・面材,ランバーコア 30mm 3×9,枚
構造用合板・面材,型枠合板 12mm 3×6,枚
構造用合板・面材,型枠合板 15mm 3×6,枚
構造用合板・面材,型枠合板 18mm 3×6,枚
構造用合板・面材,床用合板（防水） 12mm 3×6,枚
構造用合板・面材,床用合板（防水） 15mm 3×6,枚
構造用合板・面材,床用合板（防水） 18mm 3×6,枚
構造用合板・面材,床用合板（防水） 24mm 3×6,枚
構造用合板・面材,床用防水合板 12mm 3×6,枚
構造用合板・面材,床用防水合板 12mm 3×9,枚
構造用合板・面材,床用防水合板 15mm 3×6,枚
構造用合板・面材,床用防水合板 15mm 3×9,枚
構造用合板・面材,床用防水合板 18mm 3×6,枚
構造用合板・面材,床用防水合板 18mm 3×9,枚
構造用合板・面材,床用防水合板 24mm 3×6,枚
構造用合板・面材,床用防水合板 24mm 3×9,枚
構造用合板・面材,構造用合板 12mm 910×1820mm,枚
構造用合板・面材,構造用合板 24mm 910×1820mm,枚
構造用合板・面材,構造用合板 9mm 910×1820mm,枚
構造用合板・面材,構造用合板F☆☆☆☆ 12mm 3×6,枚
構造用合板・面材,構造用合板F☆☆☆☆ 12mm 3×9,枚
構造用合板・面材,構造用合板F☆☆☆☆ 15mm 3×6,枚
構造用合板・面材,構造用合板F☆☆☆☆ 15mm 3×9,枚
構造用合板・面材,構造用合板F☆☆☆☆ 18mm 3×6,枚
構造用合板・面材,構造用合板F☆☆☆☆ 18mm 3×9,枚
構造用合板・面材,構造用合板F☆☆☆☆ 24mm 3×6,枚
構造用合板・面材,構造用合板F☆☆☆☆ 24mm 3×9,枚
構造用合板・面材,構造用合板F☆☆☆☆ 9mm 3×6,枚
構造用合板・面材,構造用合板F☆☆☆☆ 9mm 3×9,枚
構造用合板・面材,耐水合板 12mm 3×6,枚
構造用合板・面材,耐水合板 15mm 3×6,枚
構造用合板・面材,耐水合板 9mm 3×6,枚
構造用合板・面材,耐水合板水回り用 12mm 3×6,枚
構造用合板・面材,耐水合板水回り用 12mm 3×9,枚
構造用合板・面材,耐水合板水回り用 15mm 3×6,枚
構造用合板・面材,耐水合板水回り用 15mm 3×9,枚
構造用合板・面材,耐水合板水回り用 18mm 3×6,枚
構造用合板・面材,耐水合板水回り用 18mm 3×9,枚
構造用合板・面材,耐水合板水回り用 9mm 3×6,枚
構造用合板・面材,耐水合板水回り用 9mm 3×9,枚
構造補修（柱・梁・土台）,LGSスタッド65型 3000mm,本
構造補修（柱・梁・土台）,LGSスタッドビス（ラッパ 3.5×25mm 1000本）,箱
構造補修（柱・梁・土台）,LGSランナー65型 3000mm,本
構造補修（柱・梁・土台）,LVL梁（90×270mm×3m・開口補強用）,本
構造補修（柱・梁・土台）,アンカーボルト M16×600mm 追加固定用,本
構造補修（柱・梁・土台）,グラスウール（50mm 密度24K・防音仕様）,㎡
構造補修（柱・梁・土台）,ケミカルアンカー M12×130mm,本
構造補修（柱・梁・土台）,ケミカルアンカー M16×130mm,本
構造補修（柱・梁・土台）,ジャッキアップ工事 全面（30坪）,式
構造補修（柱・梁・土台）,ジャッキアップ工事 部分（1〜3箇所）,式
構造補修（柱・梁・土台）,ジャッキアップ（家全体・土台基礎補修時）,式
構造補修（柱・梁・土台）,ジャッキアップ（部分・1コーナー）,箇所
構造補修（柱・梁・土台）,プラ束 高さ調整式 φ90,個
構造補修（柱・梁・土台）,仮設サポートジャッキ（工期中）,本
構造補修（柱・梁・土台）,土台 105×105mm 1間（1.8m）交換,箇所
構造補修（柱・梁・土台）,土台 105×105mm 2間（3.6m）交換,箇所
構造補修（柱・梁・土台）,土台 105×105mm 全周交換 30坪・ジャッキアップ込み,式
構造補修（柱・梁・土台）,土台 120×120mm 1間（1.8m）交換,箇所
構造補修（柱・梁・土台）,土台全周交換（30坪・ジャッキアップ込み）,式
構造補修（柱・梁・土台）,土台用ヒノキ KD 105×105×4000mm,本
構造補修（柱・梁・土台）,土台用ヒノキ KD 120×120×4000mm,本
構造補修（柱・梁・土台）,土台防蟻処理 加圧注入材 1本,本
構造補修（柱・梁・土台）,土台（105×105）1間（1.8m）交換,箇所
構造補修（柱・梁・土台）,基礎クラック補修 Uカット充填工法 1m,m
構造補修（柱・梁・土台）,基礎クラック補修 エポキシ注入 1m,m
構造補修（柱・梁・土台）,基礎欠損補修 モルタル充填 1箇所,箇所
構造補修（柱・梁・土台）,基礎立上がり増し打ち 1m,m
構造補修（柱・梁・土台）,既存間仕切り壁撤去（1間・3㎡）,箇所
構造補修（柱・梁・土台）,木部腐朽診断 打診・含水率測定（1式）,式
構造補修（柱・梁・土台）,木部防腐処理 ACQ加圧注入 後処理（1m）,m
構造補修（柱・梁・土台）,木部防蟻処理 ホウ酸系塗布（1m²）,m²
構造補修（柱・梁・土台）,柱 105×105mm 全交換（通し柱・ジャッキアップ込み）,本
構造補修（柱・梁・土台）,柱 105×105mm 部分交換（1本・ジャッキなし）,本
構造補修（柱・梁・土台）,柱 120×120mm 全交換（通し柱・ジャッキアップ込み）,本
構造補修（柱・梁・土台）,柱 120×120mm 部分交換（1本・ジャッキなし）,本
構造補修（柱・梁・土台）,柱 部分腐れ補修 エポキシ樹脂注入工法 1箇所,箇所
構造補修（柱・梁・土台）,柱（105×105）部分交換（1本・ジャッキなし）,本
構造補修（柱・梁・土台）,柱（105×105）部分補修（当て木・エポキシ）,箇所
構造補修（柱・梁・土台）,梁 LVL交換 105×210mm×4000mm,本
構造補修（柱・梁・土台）,梁 LVL交換 105×240mm×4000mm,本
構造補修（柱・梁・土台）,梁 添え梁補強 105×180mm×3000mm,本
構造補修（柱・梁・土台）,梁 添え梁補強 105×210mm×3000mm,本
構造補修（柱・梁・土台）,梁 添え梁補強 105×240mm×3000mm,本
構造補修（柱・梁・土台）,梁 部分腐れ補修 エポキシ充填工法,箇所
構造補修（柱・梁・土台）,梁全交換（120×180・仮設サポート含む）,本
構造補修（柱・梁・土台）,梁受け金物 大引受け・梁受け 汎用,個
構造補修（柱・梁・土台）,梁補強 開口部上部 ツーバイフォー工法,箇所
構造補修（柱・梁・土台）,添え柱補強 105×105×3000mm（既存柱に並走固定）,本
構造補修（柱・梁・土台）,添え柱補強 45×105×3000mm（片側補強）,本
構造補修（柱・梁・土台）,添え梁補強（既存梁に並べて固定）,箇所
構造補修（柱・梁・土台）,耐震補強 ホールダウン金物 追加 HD-B15,個
構造補修（柱・梁・土台）,耐震補強 床合板 24mm 増し張り（1m²）,m²
構造補修（柱・梁・土台）,耐震補強 柱脚金物 追加 Z座（2個）,個
構造補修（柱・梁・土台）,耐震補強 筋交い追加 45×90mm（1本）,本
構造補修（柱・梁・土台）,耐震補強 耐力壁 ダイライト 9mm 追加（1枚）,枚
構造補修（柱・梁・土台）,貫・横胴縁（30×105mm×3000mm）,本
構造補修（柱・梁・土台）,通し柱全交換（105×105・ジャッキアップ含む）,本
構造補修（柱・梁・土台）,遮音シート（RESTA 940mm×10m巻）,巻
構造補修（柱・梁・土台）,鋼製束 高さ調整式 φ100,個
構造補修（柱・梁・土台）,鋼製束 高さ調整式 φ90,個
構造補修（柱・梁・土台）,鋼製束（調整式 高さ180〜270mm）,本
構造補修（柱・梁・土台）,開口補強集成材ヘッダー（105×105×1.8m）,本
構造補修（柱・梁・土台）,開口部 拡張・縮小 1箇所,箇所
構造補修（柱・梁・土台）,開口部 新設 ドア用（木造・1箇所）,箇所
構造補修（柱・梁・土台）,開口部 新設 窓用（木造・1箇所）,箇所
構造補修（柱・梁・土台）,間仕切り壁 撤去 木造 1m²,m²
構造補修（柱・梁・土台）,間仕切り壁 新設 LGS下地 1m²,m²
構造補修（柱・梁・土台）,間仕切り壁新設（LGS・PB12.5両面・3㎡）,箇所
構造補修（柱・梁・土台）,間柱（45×90mm×3000mm 乾燥材）,本
構造金物・耐震,SGC（構造金物） アンカーボルト M16×600mm（基礎）,個
構造金物・耐震,SGC（構造金物） ドリフトピン φ12×65mm（100本）,個
構造金物・耐震,SGC（構造金物） ドリフトピン φ16×90mm,個
構造金物・耐震,SGC（構造金物） ホールダウン金物 HD-B15（引張15kN）,個
構造金物・耐震,SGC（構造金物） ホールダウン金物 HD-B20（引張20kN）,個
構造金物・耐震,SGC（構造金物） ホールダウン金物 HD-B25（引張25kN）,個
構造金物・耐震,SGC（構造金物） ホールダウン金物 HD-B30（引張30kN）,個
構造金物・耐震,SGC（構造金物） ホールダウン金物 HD-N25（内蔵型）,個
構造金物・耐震,SGC（構造金物） 制震ダンパー（オイル式）住宅用 1本,個
構造金物・耐震,SGC（構造金物） 制震ダンパー（粘弾性）1本,個
構造金物・耐震,SGC（構造金物） 垂木クリップ 45×60用（10個）,個
構造金物・耐震,SGC（構造金物） 垂木クリップ 45×90用,個
構造金物・耐震,SGC（構造金物） 大引き受け金物 OT-90,個
構造金物・耐震,SGC（構造金物） 屋根パネル固定金物,個
構造金物・耐震,SGC（構造金物） 木造耐震補強ブレース 1本,個
構造金物・耐震,SGC（構造金物） 柱脚金物 CP-T（梁上用）,個
構造金物・耐震,SGC（構造金物） 柱脚金物 SC 角座金,個
構造金物・耐震,SGC（構造金物） 柱脚金物 Z-120,個
構造金物・耐震,SGC（構造金物） 柱脚金物 Z-S90（胴差用）,個
構造金物・耐震,SGC（構造金物） 梁受け金物 HTB,個
構造金物・耐震,SGC（構造金物） 梁受け金物 LSB（大引き受け）,個
構造金物・耐震,SGC（構造金物） 梁受け金物 LTP（大梁・小梁）,個
構造金物・耐震,SGC（構造金物） 棟梁掛け金物,個
構造金物・耐震,SGC（構造金物） 母屋掛け金物,個
構造金物・耐震,SGC（構造金物） 筋交いプレート BP-1（45×90用）,個
構造金物・耐震,SGC（構造金物） 筋交いプレート BP-2,個
構造金物・耐震,SGC（構造金物） 筋交い端部金物 Zプレート,個
構造金物・耐震,SGC（構造金物） 羽子板ボルト M12×200mm,個
構造金物・耐震,SGC（構造金物） 羽子板ボルト M16,個
構造金物・耐震,SGC（構造金物） 耐震パネル（かべ大将）1枚,個
構造金物・耐震,SGC（構造金物） 通しボルト M12×300mm,個
構造金物・耐震,Simpson Strong-Tie アンカーボルト M16×600mm（基礎）,個
構造金物・耐震,Simpson Strong-Tie ドリフトピン φ12×65mm（100本）,個
構造金物・耐震,Simpson Strong-Tie ドリフトピン φ16×90mm,個
構造金物・耐震,Simpson Strong-Tie ホールダウン金物 HD-B15（引張15kN）,個
構造金物・耐震,Simpson Strong-Tie ホールダウン金物 HD-B20（引張20kN）,個
構造金物・耐震,Simpson Strong-Tie ホールダウン金物 HD-B25（引張25kN）,個
構造金物・耐震,Simpson Strong-Tie ホールダウン金物 HD-B30（引張30kN）,個
構造金物・耐震,Simpson Strong-Tie ホールダウン金物 HD-N25（内蔵型）,個
構造金物・耐震,Simpson Strong-Tie 制震ダンパー（オイル式）住宅用 1本,個
構造金物・耐震,Simpson Strong-Tie 制震ダンパー（粘弾性）1本,個
構造金物・耐震,Simpson Strong-Tie 垂木クリップ 45×60用（10個）,個
構造金物・耐震,Simpson Strong-Tie 垂木クリップ 45×90用,個
構造金物・耐震,Simpson Strong-Tie 大引き受け金物 OT-90,個
構造金物・耐震,Simpson Strong-Tie 屋根パネル固定金物,個
構造金物・耐震,Simpson Strong-Tie 木造耐震補強ブレース 1本,個
構造金物・耐震,Simpson Strong-Tie 柱脚金物 CP-T（梁上用）,個
構造金物・耐震,Simpson Strong-Tie 柱脚金物 SC 角座金,個
構造金物・耐震,Simpson Strong-Tie 柱脚金物 Z-120,個
構造金物・耐震,Simpson Strong-Tie 柱脚金物 Z-S90（胴差用）,個
構造金物・耐震,Simpson Strong-Tie 梁受け金物 HTB,個
構造金物・耐震,Simpson Strong-Tie 梁受け金物 LSB（大引き受け）,個
構造金物・耐震,Simpson Strong-Tie 梁受け金物 LTP（大梁・小梁）,個
構造金物・耐震,Simpson Strong-Tie 棟梁掛け金物,個
構造金物・耐震,Simpson Strong-Tie 母屋掛け金物,個
構造金物・耐震,Simpson Strong-Tie 筋交いプレート BP-1（45×90用）,個
構造金物・耐震,Simpson Strong-Tie 筋交いプレート BP-2,個
構造金物・耐震,Simpson Strong-Tie 筋交い端部金物 Zプレート,個
構造金物・耐震,Simpson Strong-Tie 羽子板ボルト M12×200mm,個
構造金物・耐震,Simpson Strong-Tie 羽子板ボルト M16,個
構造金物・耐震,Simpson Strong-Tie 耐震パネル（かべ大将）1枚,個
構造金物・耐震,Simpson Strong-Tie 通しボルト M12×300mm,個
構造金物・耐震,T型プレート（1個）,個
構造金物・耐震,アンカーボルト M16×600mm,本
構造金物・耐震,アンカーボルト（M12×300）,個
構造金物・耐震,アンカーボルト（M12×500）,個
構造金物・耐震,アンカーボルト（M16×300）,個
構造金物・耐震,アンカーボルト（M16×500）,個
構造金物・耐震,カネシン アンカーボルト M16×600mm（基礎）,個
構造金物・耐震,カネシン ドリフトピン φ12×65mm（100本）,個
構造金物・耐震,カネシン ドリフトピン φ16×90mm,個
構造金物・耐震,カネシン ホールダウン金物 HD-B15（引張15kN）,個
構造金物・耐震,カネシン ホールダウン金物 HD-B20（引張20kN）,個
構造金物・耐震,カネシン ホールダウン金物 HD-B25（引張25kN）,個
構造金物・耐震,カネシン ホールダウン金物 HD-B30（引張30kN）,個
構造金物・耐震,カネシン ホールダウン金物 HD-N25（内蔵型）,個
構造金物・耐震,カネシン 制震ダンパー（オイル式）住宅用 1本,個
構造金物・耐震,カネシン 制震ダンパー（粘弾性）1本,個
構造金物・耐震,カネシン 垂木クリップ 45×60用（10個）,個
構造金物・耐震,カネシン 垂木クリップ 45×90用,個
構造金物・耐震,カネシン 大引き受け金物 OT-90,個
構造金物・耐震,カネシン 屋根パネル固定金物,個
構造金物・耐震,カネシン 木造耐震補強ブレース 1本,個
構造金物・耐震,カネシン 柱脚金物 CP-T（梁上用）,個
構造金物・耐震,カネシン 柱脚金物 SC 角座金,個
構造金物・耐震,カネシン 柱脚金物 Z-120,個
構造金物・耐震,カネシン 柱脚金物 Z-S90（胴差用）,個
構造金物・耐震,カネシン 梁受け金物 HTB,個
構造金物・耐震,カネシン 梁受け金物 LSB（大引き受け）,個
構造金物・耐震,カネシン 梁受け金物 LTP（大梁・小梁）,個
構造金物・耐震,カネシン 棟梁掛け金物,個
構造金物・耐震,カネシン 母屋掛け金物,個
構造金物・耐震,カネシン 筋交いプレート BP-1（45×90用）,個
構造金物・耐震,カネシン 筋交いプレート BP-2,個
構造金物・耐震,カネシン 筋交い端部金物 Zプレート,個
構造金物・耐震,カネシン 羽子板ボルト M12×200mm,個
構造金物・耐震,カネシン 羽子板ボルト M16,個
構造金物・耐震,カネシン 耐震パネル（かべ大将）1枚,個
構造金物・耐震,カネシン 通しボルト M12×300mm,個
構造金物・耐震,ケミカルアンカー（M10×130）,個
構造金物・耐震,ケミカルアンカー（M12×130）,個
構造金物・耐震,ケミカルアンカー（M16×160）,個
構造金物・耐震,ケミカルアンカー（M20×200）,個
構造金物・耐震,タナカ（金物） アンカーボルト M16×600mm（基礎）,個
構造金物・耐震,タナカ（金物） ドリフトピン φ12×65mm（100本）,個
構造金物・耐震,タナカ（金物） ドリフトピン φ16×90mm,個
構造金物・耐震,タナカ（金物） ホールダウン金物 HD-B15（引張15kN）,個
構造金物・耐震,タナカ（金物） ホールダウン金物 HD-B20（引張20kN）,個
構造金物・耐震,タナカ（金物） ホールダウン金物 HD-B25（引張25kN）,個
構造金物・耐震,タナカ（金物） ホールダウン金物 HD-B30（引張30kN）,個
構造金物・耐震,タナカ（金物） ホールダウン金物 HD-N25（内蔵型）,個
構造金物・耐震,タナカ（金物） 制震ダンパー（オイル式）住宅用 1本,個
構造金物・耐震,タナカ（金物） 制震ダンパー（粘弾性）1本,個
構造金物・耐震,タナカ（金物） 垂木クリップ 45×60用（10個）,個
構造金物・耐震,タナカ（金物） 垂木クリップ 45×90用,個
構造金物・耐震,タナカ（金物） 大引き受け金物 OT-90,個
構造金物・耐震,タナカ（金物） 屋根パネル固定金物,個
構造金物・耐震,タナカ（金物） 木造耐震補強ブレース 1本,個
構造金物・耐震,タナカ（金物） 柱脚金物 CP-T（梁上用）,個
構造金物・耐震,タナカ（金物） 柱脚金物 SC 角座金,個
構造金物・耐震,タナカ（金物） 柱脚金物 Z-120,個
構造金物・耐震,タナカ（金物） 柱脚金物 Z-S90（胴差用）,個
構造金物・耐震,タナカ（金物） 梁受け金物 HTB,個
構造金物・耐震,タナカ（金物） 梁受け金物 LSB（大引き受け）,個
構造金物・耐震,タナカ（金物） 梁受け金物 LTP（大梁・小梁）,個
構造金物・耐震,タナカ（金物） 棟梁掛け金物,個
構造金物・耐震,タナカ（金物） 母屋掛け金物,個
構造金物・耐震,タナカ（金物） 筋交いプレート BP-1（45×90用）,個
構造金物・耐震,タナカ（金物） 筋交いプレート BP-2,個
構造金物・耐震,タナカ（金物） 筋交い端部金物 Zプレート,個
構造金物・耐震,タナカ（金物） 羽子板ボルト M12×200mm,個
構造金物・耐震,タナカ（金物） 羽子板ボルト M16,個
構造金物・耐震,タナカ（金物） 耐震パネル（かべ大将）1枚,個
構造金物・耐震,タナカ（金物） 通しボルト M12×300mm,個
構造金物・耐震,ドリフトピン φ12×150mm,本
構造金物・耐震,ビスホールダウン（1個）,個
構造金物・耐震,ホールダウン HD-B15（1個）,個
構造金物・耐震,ホールダウン HD-B25（1個）,個
構造金物・耐震,ホールダウン HD-N25（1個）,個
構造金物・耐震,ホールダウン金物 HD-B15（引寄せ金物）,個
構造金物・耐震,ホールダウン金物（HD25）,個
構造金物・耐震,ホールダウン金物（HD30）,個
構造金物・耐震,住友金属建材 アンカーボルト M16×600mm（基礎）,個
構造金物・耐震,住友金属建材 ドリフトピン φ12×65mm（100本）,個
構造金物・耐震,住友金属建材 ドリフトピン φ16×90mm,個
構造金物・耐震,住友金属建材 ホールダウン金物 HD-B15（引張15kN）,個
構造金物・耐震,住友金属建材 ホールダウン金物 HD-B20（引張20kN）,個
構造金物・耐震,住友金属建材 ホールダウン金物 HD-B25（引張25kN）,個
構造金物・耐震,住友金属建材 ホールダウン金物 HD-B30（引張30kN）,個
構造金物・耐震,住友金属建材 ホールダウン金物 HD-N25（内蔵型）,個
構造金物・耐震,住友金属建材 制震ダンパー（オイル式）住宅用 1本,個
構造金物・耐震,住友金属建材 制震ダンパー（粘弾性）1本,個
構造金物・耐震,住友金属建材 垂木クリップ 45×60用（10個）,個
構造金物・耐震,住友金属建材 垂木クリップ 45×90用,個
構造金物・耐震,住友金属建材 大引き受け金物 OT-90,個
構造金物・耐震,住友金属建材 屋根パネル固定金物,個
構造金物・耐震,住友金属建材 木造耐震補強ブレース 1本,個
構造金物・耐震,住友金属建材 柱脚金物 CP-T（梁上用）,個
構造金物・耐震,住友金属建材 柱脚金物 SC 角座金,個
構造金物・耐震,住友金属建材 柱脚金物 Z-120,個
構造金物・耐震,住友金属建材 柱脚金物 Z-S90（胴差用）,個
構造金物・耐震,住友金属建材 梁受け金物 HTB,個
構造金物・耐震,住友金属建材 梁受け金物 LSB（大引き受け）,個
構造金物・耐震,住友金属建材 梁受け金物 LTP（大梁・小梁）,個
構造金物・耐震,住友金属建材 棟梁掛け金物,個
構造金物・耐震,住友金属建材 母屋掛け金物,個
構造金物・耐震,住友金属建材 筋交いプレート BP-1（45×90用）,個
構造金物・耐震,住友金属建材 筋交いプレート BP-2,個
構造金物・耐震,住友金属建材 筋交い端部金物 Zプレート,個
構造金物・耐震,住友金属建材 羽子板ボルト M12×200mm,個
構造金物・耐震,住友金属建材 羽子板ボルト M16,個
構造金物・耐震,住友金属建材 耐震パネル（かべ大将）1枚,個
構造金物・耐震,住友金属建材 通しボルト M12×300mm,個
構造金物・耐震,免震装置（戸建用 1基）,基
構造金物・耐震,免震装置（積層ゴム 1個）,個
構造金物・耐震,制振ダンパー MGEO（1本）,本
構造金物・耐震,制振ダンパー evoltz（1本）,本
構造金物・耐震,制振ダンパー ミライエ（積水化学）,式
構造金物・耐震,制振ダンパー（軸組用 1本）,本
構造金物・耐震,制震ダンパー（KダンパーDU-30）,個
構造金物・耐震,制震テープ（1m）,m
構造金物・耐震,制震ブレース BRACE-α（1本）,本
構造金物・耐震,制震壁 KダンパーⅡ（1枚）,枚
構造金物・耐震,合板型枠（床剛性補強・構造用12mm）,枚
構造金物・耐震,柱脚金物（Z120）,個
構造金物・耐震,柱脚金物（Z135）,個
構造金物・耐震,柱脚金物（Z150）,個
構造金物・耐震,柱頭柱脚金物 N値計算対応（各種）,個
構造金物・耐震,根太受け金物（NH105）,個
構造金物・耐震,根太受け金物（NH120）,個
構造金物・耐震,根太受け金物（NH90）,個
構造金物・耐震,根太掛け（45×60mm×4m）,本
構造金物・耐震,梁受け金物 スーパービーム（1個）,個
構造金物・耐震,梁受け金物（LS120）,個
構造金物・耐震,梁受け金物（LS150）,個
構造金物・耐震,梁受け金物（LS180）,個
構造金物・耐震,梁受け金物（LS90）,個
構造金物・耐震,構造用接合プレート（各種）,個
構造金物・耐震,火打ち梁（45×90mm×1.8m）,本
構造金物・耐震,筋交い金物 BP-2,個
構造金物・耐震,筋交い金物（BP2・引寄せ）,個
構造金物・耐震,筋交い（45×90mm 3m・圧縮引張兼用）,本
構造金物・耐震,締結材（CN釘 CN50 1kg）,箱
構造金物・耐震,締結材（CN釘 CN75 1kg）,箱
構造金物・耐震,締結材（CN釘 CN90 1kg）,箱
構造金物・耐震,締結材（N釘 N65 1kg）,箱
構造金物・耐震,締結材（N釘 N75 1kg）,箱
構造金物・耐震,締結材（N釘 N90 1kg）,箱
構造金物・耐震,締結材（ガルバビス 4.2×32）,箱
構造金物・耐震,締結材（コーススレッド 3.8×51 500本）,箱
構造金物・耐震,締結材（コーススレッド 3.8×75 500本）,箱
構造金物・耐震,締結材（コーススレッド 4.2×90 200本）,箱
構造金物・耐震,締結材（ステンレスビス 3.5×35）,箱
構造金物・耐震,締結材（デッキビス 4.2×90 ステン）,箱
構造金物・耐震,締結材（ビス 3.5×65 内装用）,箱
構造金物・耐震,締結材（フロアビス 3.8×55）,箱
構造金物・耐震,羽子板ボルト M12×200mm,個
構造金物・耐震,羽子板ボルト（M12×200）,個
構造金物・耐震,羽子板ボルト（M12×300）,個
構造金物・耐震,羽子板ボルト（M16×200）,個
構造金物・耐震,羽子板ボルト（M16×300）,個
構造金物・耐震,耐力壁面材（ダイライト 9mm）,枚
構造金物・耐震,耐震シェルター（1基）,基
構造金物・耐震,耐震合板 構造用9mm（3×6）,枚
構造金物・耐震,耐震壁 ダイライト15（1枚）,枚
構造金物・耐震,耐震壁 ハイベストウッド（1枚）,枚
構造金物・耐震,耐震壁 モイス15（1枚）,枚
構造金物・耐震,耐震補強プレート（1枚）,枚
構造金物・耐震,耐震設計・工事監理（構造設計士）,式
構造金物・耐震,耐震診断費（木造 精密 1棟）,棟
構造金物・耐震,耐震診断（1〜2階木造・専門家）,式
構造金物・耐震,通し柱 ピン工法金物（1組）,組
水栓金具・衛生器具部材,GROHE キッチン シングルレバー,個
水栓金具・衛生器具部材,GROHE キッチン タッチレス,個
水栓金具・衛生器具部材,GROHE キッチン 浄水器一体型,個
水栓金具・衛生器具部材,GROHE シャワーヘッド 節水型,個
水栓金具・衛生器具部材,GROHE タッチレス水栓 キッチン,個
水栓金具・衛生器具部材,GROHE タッチレス自動水栓,個
水栓金具・衛生器具部材,GROHE ハンドシャワー付きキッチン,個
水栓金具・衛生器具部材,GROHE 外部 2口立水栓,個
水栓金具・衛生器具部材,GROHE 散水栓 埋込型,個
水栓金具・衛生器具部材,GROHE 洗濯機 混合水栓,個
水栓金具・衛生器具部材,GROHE 洗面 サーモスタット,個
水栓金具・衛生器具部材,GROHE 洗面 シングルレバー,個
水栓金具・衛生器具部材,GROHE 洗面用 サーモスタット,個
水栓金具・衛生器具部材,GROHE 浴室 サーモスタット,個
水栓金具・衛生器具部材,GROHE 浴室 ハンドシャワー,個
水栓金具・衛生器具部材,GROHE 立水栓 単水栓,個
水栓金具・衛生器具部材,INAX キッチン シングルレバー,個
水栓金具・衛生器具部材,INAX キッチン タッチレス,個
水栓金具・衛生器具部材,INAX キッチン 浄水器一体型,個
水栓金具・衛生器具部材,INAX シャワーヘッド 節水型,個
水栓金具・衛生器具部材,INAX タッチレス自動水栓,個
水栓金具・衛生器具部材,INAX 散水栓 埋込型,個
水栓金具・衛生器具部材,INAX 洗濯機 混合水栓,個
水栓金具・衛生器具部材,INAX 洗面 サーモスタット,個
水栓金具・衛生器具部材,INAX 洗面 シングルレバー,個
水栓金具・衛生器具部材,INAX 浴室 サーモスタット,個
水栓金具・衛生器具部材,INAX 浴室 ハンドシャワー,個
水栓金具・衛生器具部材,INAX 立水栓 単水栓,個
水栓金具・衛生器具部材,KVK キッチン シングルレバー,個
水栓金具・衛生器具部材,KVK キッチン タッチレス,個
水栓金具・衛生器具部材,KVK キッチン 浄水器一体型,個
水栓金具・衛生器具部材,KVK シャワーヘッド 節水型,個
水栓金具・衛生器具部材,KVK タッチレス水栓 キッチン,個
水栓金具・衛生器具部材,KVK タッチレス自動水栓,個
水栓金具・衛生器具部材,KVK ハンドシャワー付きキッチン,個
水栓金具・衛生器具部材,KVK 外部 2口立水栓,個
水栓金具・衛生器具部材,KVK 散水栓 埋込型,個
水栓金具・衛生器具部材,KVK 洗濯機 混合水栓,個
水栓金具・衛生器具部材,KVK 洗面 サーモスタット,個
水栓金具・衛生器具部材,KVK 洗面 シングルレバー,個
水栓金具・衛生器具部材,KVK 洗面用 サーモスタット,個
水栓金具・衛生器具部材,KVK 浴室 サーモスタット,個
水栓金具・衛生器具部材,KVK 浴室 ハンドシャワー,個
水栓金具・衛生器具部材,KVK 立水栓 単水栓,個
水栓金具・衛生器具部材,LIXIL キッチン シングルレバー,個
水栓金具・衛生器具部材,LIXIL キッチン タッチレス,個
水栓金具・衛生器具部材,LIXIL キッチン 浄水器一体型,個
水栓金具・衛生器具部材,LIXIL シャワーヘッド 節水型,個
水栓金具・衛生器具部材,LIXIL タッチレス水栓 キッチン,個
水栓金具・衛生器具部材,LIXIL タッチレス自動水栓,個
水栓金具・衛生器具部材,LIXIL ハンドシャワー付きキッチン,個
水栓金具・衛生器具部材,LIXIL 外部 2口立水栓,個
水栓金具・衛生器具部材,LIXIL 散水栓 埋込型,個
水栓金具・衛生器具部材,LIXIL 洗濯機 混合水栓,個
水栓金具・衛生器具部材,LIXIL 洗面 サーモスタット,個
水栓金具・衛生器具部材,LIXIL 洗面 シングルレバー,個
水栓金具・衛生器具部材,LIXIL 洗面用 サーモスタット,個
水栓金具・衛生器具部材,LIXIL 浴室 サーモスタット,個
水栓金具・衛生器具部材,LIXIL 浴室 ハンドシャワー,個
水栓金具・衛生器具部材,LIXIL 立水栓 単水栓,個
水栓金具・衛生器具部材,TOTO キッチン シングルレバー,個
水栓金具・衛生器具部材,TOTO キッチン タッチレス,個
水栓金具・衛生器具部材,TOTO キッチン 浄水器一体型,個
水栓金具・衛生器具部材,TOTO シャワーヘッド 節水型,個
水栓金具・衛生器具部材,TOTO タッチレス水栓 キッチン,個
水栓金具・衛生器具部材,TOTO タッチレス自動水栓,個
水栓金具・衛生器具部材,TOTO ハンドシャワー付きキッチン,個
水栓金具・衛生器具部材,TOTO 外部 2口立水栓,個
水栓金具・衛生器具部材,TOTO 散水栓 埋込型,個
水栓金具・衛生器具部材,TOTO 洗濯機 混合水栓,個
水栓金具・衛生器具部材,TOTO 洗面 サーモスタット,個
水栓金具・衛生器具部材,TOTO 洗面 シングルレバー,個
水栓金具・衛生器具部材,TOTO 洗面用 サーモスタット,個
水栓金具・衛生器具部材,TOTO 浴室 サーモスタット,個
水栓金具・衛生器具部材,TOTO 浴室 ハンドシャワー,個
水栓金具・衛生器具部材,TOTO 立水栓 単水栓,個
水栓金具・衛生器具部材,アクセサリーセット（TP・タオル掛け・コップ掛け）,セット
水栓金具・衛生器具部材,エコキュート（370L）,式
水栓金具・衛生器具部材,カクダイ キッチン シングルレバー,個
水栓金具・衛生器具部材,カクダイ キッチン タッチレス,個
水栓金具・衛生器具部材,カクダイ キッチン 浄水器一体型,個
水栓金具・衛生器具部材,カクダイ シャワーヘッド 節水型,個
水栓金具・衛生器具部材,カクダイ タッチレス水栓 キッチン,個
水栓金具・衛生器具部材,カクダイ タッチレス自動水栓,個
水栓金具・衛生器具部材,カクダイ ハンドシャワー付きキッチン,個
水栓金具・衛生器具部材,カクダイ 外部 2口立水栓,個
水栓金具・衛生器具部材,カクダイ 散水栓 埋込型,個
水栓金具・衛生器具部材,カクダイ 洗濯機 混合水栓,個
水栓金具・衛生器具部材,カクダイ 洗面 サーモスタット,個
水栓金具・衛生器具部材,カクダイ 洗面 シングルレバー,個
水栓金具・衛生器具部材,カクダイ 洗面用 サーモスタット,個
水栓金具・衛生器具部材,カクダイ 浴室 サーモスタット,個
水栓金具・衛生器具部材,カクダイ 浴室 ハンドシャワー,個
水栓金具・衛生器具部材,カクダイ 立水栓 単水栓,個
水栓金具・衛生器具部材,キッチン水栓（シングルレバー混合）,個
水栓金具・衛生器具部材,システムキッチン（2400 標準）,式
水栓金具・衛生器具部材,システムバス（1616 標準）,式
水栓金具・衛生器具部材,シャワーフック（移動式・高さ調整）,個
水栓金具・衛生器具部材,シャワー水栓（サーモスタット）,個
水栓金具・衛生器具部材,タオルハンガー（ステンレス 600mm）,本
水栓金具・衛生器具部材,タオルバー（600mm ステンレス）,本
水栓金具・衛生器具部材,トイレ（ウォシュレット付き）,式
水栓金具・衛生器具部材,パナソニック キッチン シングルレバー,個
水栓金具・衛生器具部材,パナソニック キッチン タッチレス,個
水栓金具・衛生器具部材,パナソニック キッチン 浄水器一体型,個
水栓金具・衛生器具部材,パナソニック シャワーヘッド 節水型,個
水栓金具・衛生器具部材,パナソニック タッチレス自動水栓,個
水栓金具・衛生器具部材,パナソニック 散水栓 埋込型,個
水栓金具・衛生器具部材,パナソニック 洗濯機 混合水栓,個
水栓金具・衛生器具部材,パナソニック 洗面 サーモスタット,個
水栓金具・衛生器具部材,パナソニック 洗面 シングルレバー,個
水栓金具・衛生器具部材,パナソニック 浴室 サーモスタット,個
水栓金具・衛生器具部材,パナソニック 浴室 ハンドシャワー,個
水栓金具・衛生器具部材,パナソニック 立水栓 単水栓,個
水栓金具・衛生器具部材,フレキ管 13mm×300mm,本
水栓金具・衛生器具部材,ペーパーホルダー（ステンレス）,個
水栓金具・衛生器具部材,三栄水栓 キッチン シングルレバー,個
水栓金具・衛生器具部材,三栄水栓 キッチン タッチレス,個
水栓金具・衛生器具部材,三栄水栓 キッチン 浄水器一体型,個
水栓金具・衛生器具部材,三栄水栓 シャワーヘッド 節水型,個
水栓金具・衛生器具部材,三栄水栓 タッチレス水栓 キッチン,個
水栓金具・衛生器具部材,三栄水栓 タッチレス自動水栓,個
水栓金具・衛生器具部材,三栄水栓 ハンドシャワー付きキッチン,個
水栓金具・衛生器具部材,三栄水栓 外部 2口立水栓,個
水栓金具・衛生器具部材,三栄水栓 散水栓 埋込型,個
水栓金具・衛生器具部材,三栄水栓 洗濯機 混合水栓,個
水栓金具・衛生器具部材,三栄水栓 洗面 サーモスタット,個
水栓金具・衛生器具部材,三栄水栓 洗面 シングルレバー,個
水栓金具・衛生器具部材,三栄水栓 洗面用 サーモスタット,個
水栓金具・衛生器具部材,三栄水栓 浴室 サーモスタット,個
水栓金具・衛生器具部材,三栄水栓 浴室 ハンドシャワー,個
水栓金具・衛生器具部材,三栄水栓 立水栓 単水栓,個
水栓金具・衛生器具部材,排水トラップ φ50,個
水栓金具・衛生器具部材,止水栓 13mm アングル型,個
水栓金具・衛生器具部材,洗濯パン（640×640）,個
水栓金具・衛生器具部材,洗濯水栓（緊急止水弁付き 13mm）,個
水栓金具・衛生器具部材,洗面化粧台（750 標準）,式
水栓金具・衛生器具部材,洗面台鏡（化粧鏡 W750×H600）,枚
水栓金具・衛生器具部材,洗面水栓（シングルレバー）,個
水栓金具・衛生器具部材,浴室タオルバー（ステンレス 600mm）,本
水栓金具・衛生器具部材,浴室乾燥暖房機（100V・天井埋込）,台
水栓金具・衛生器具部材,給湯器（エコジョーズ 20号）,式
水栓金具・衛生器具部材,給湯器（エコジョーズ 24号）,式
産廃・廃材処理,アスファルトがら処分（1t）,t
産廃・廃材処理,アスベスト含有廃材 分析費（1検体）,式
産廃・廃材処理,アスベスト廃材処分費（レベル3）1袋,袋
産廃・廃材処理,アスベスト廃棄物処分（1t）,t
産廃・廃材処理,インパクトドライバー,台
産廃・廃材処理,ガラ袋（土嚢袋）,枚
産廃・廃材処理,コンクリートガラ処分費 1m³,m³
産廃・廃材処理,コンクリートガラ処分費 5m³,m³
産廃・廃材処理,コンクリートガラ処分（1t）,t
産廃・廃材処理,コンプレッサー（釘打ち機用）,台
産廃・廃材処理,フレコンバッグ（1t用）,枚
産廃・廃材処理,フロン回収費 エアコン1台,台
産廃・廃材処理,フロン回収費 エアコン2台以上,台
産廃・廃材処理,土砂処分費 1m³（建設発生土）,m³
産廃・廃材処理,土砂処分費 5m³（建設発生土）,m³
産廃・廃材処理,土砂処分費（建設発生土 1m3）,m3
産廃・廃材処理,家電リサイクル料 エアコン,台
産廃・廃材処理,家電リサイクル料 テレビ,台
産廃・廃材処理,家電リサイクル料 冷蔵庫,台
産廃・廃材処理,家電リサイクル料 洗濯機,台
産廃・廃材処理,廃タタミ処分費 1枚,枚
産廃・廃材処理,廃プラスチック処分（1t）,t
産廃・廃材処理,廃プラ・断熱材処分費 1m³,m³
産廃・廃材処理,廃プラ・断熱材処分費 2m³,m³
産廃・廃材処理,廃家電リサイクル（エアコン 1台）,台
産廃・廃材処理,廃家電リサイクル（冷蔵庫 1台）,台
産廃・廃材処理,廃家電リサイクル（洗濯機 1台）,台
産廃・廃材処理,廃材仮置き場 設置費 1式,式
産廃・廃材処理,廃材運搬費 10tダンプ 1回,回
産廃・廃材処理,廃材運搬費 2tトラック 1回,回
産廃・廃材処理,廃材運搬費 4tトラック 1回,回
産廃・廃材処理,廃材運搬費 軽トラ 1回,回
産廃・廃材処理,廃材運搬費（2tトラック）,回
産廃・廃材処理,廃棄物保管容器 フレコン袋 1t用,枚
産廃・廃材処理,廃棄物保管容器 鉄製コンテナ 1m³,個
産廃・廃材処理,廃油処分費 1L以上（廃シンナー等）,式
産廃・廃材処理,廃油処分（1缶 18L）,缶
産廃・廃材処理,廃瓦処分費 1m³,m³
産廃・廃材処理,廃畳処分費 6枚（1間）,式
産廃・廃材処理,廃畳処分（1枚）,枚
産廃・廃材処理,廃石膏ボード処分（1t）,t
産廃・廃材処理,建設残土処分（1m3）,m3
産廃・廃材処理,建設混合廃棄物処分（1t）,t
産廃・廃材処理,木くず処分費 1m³（収集運搬込み）,m³
産廃・廃材処理,木くず処分費 2m³（収集運搬込み）,m³
産廃・廃材処理,木くず処分費 5m³（収集運搬込み）,m³
産廃・廃材処理,木くず処分費（1m³）,m³
産廃・廃材処理,木材廃棄物処分（1t）,t
産廃・廃材処理,混合廃棄物処分費 1m³（収集運搬込み）,m³
産廃・廃材処理,混合廃棄物処分費 2m³（収集運搬込み）,m³
産廃・廃材処理,混合廃棄物処分費 5m³（収集運搬込み）,m³
産廃・廃材処理,混合廃棄物処分費（1m³）,m³
産廃・廃材処理,産廃マニフェスト発行費 1式,式
産廃・廃材処理,産廃処分費（コンクリート 1m3）,m3
産廃・廃材処理,産廃処分費（木材 1m3）,m3
産廃・廃材処理,産廃処分費（混合廃棄物 1m3）,m3
産廃・廃材処理,産廃処分費（金属 1m3）,m3
産廃・廃材処理,産廃収集運搬費（1回）,回
産廃・廃材処理,発電機（2kVA）,台
産廃・廃材処理,石膏ボード処分費 1m³（収集運搬込み）,m³
産廃・廃材処理,石膏ボード処分費 2m³（収集運搬込み）,m³
産廃・廃材処理,石膏ボード処分費 5m³（収集運搬込み）,m³
産廃・廃材処理,石膏ボード処分費（1m³）,m³
産廃・廃材処理,金属くず（売却 1トン）,t
産廃・廃材処理,金属スクラップ処分（1t）,t
産廃・廃材処理,釘打ち機（CN65）,台
産廃・廃材処理,釘打ち機（CN90）,台
産廃・廃材処理,電動丸鋸（165mm）,台
省エネ・ZEH設備,CO2センサー室内,個
省エネ・ZEH設備,EV充電設備 急速15kW,台
省エネ・ZEH設備,EV充電設備 急速50kW,台
省エネ・ZEH設備,EV充電設備 普通3kW 100V,台
省エネ・ZEH設備,EV充電設備 普通3kW 200V,台
省エネ・ZEH設備,EV充電設備 普通6kW,台
省エネ・ZEH設備,FF式石油ストーブ10kW,台
省エネ・ZEH設備,HEMS標準,式
省エネ・ZEH設備,JA Solar 太陽光パネル 600W,枚
省エネ・ZEH設備,LCCM申請費,式
省エネ・ZEH設備,LONGi 太陽光パネル 250W,枚
省エネ・ZEH設備,LONGi 太陽光パネル 300W,枚
省エネ・ZEH設備,LONGi 太陽光パネル 350W,枚
省エネ・ZEH設備,LONGi 太陽光パネル 380W,枚
省エネ・ZEH設備,LONGi 太陽光パネル 400W,枚
省エネ・ZEH設備,LONGi 太陽光パネル 430W,枚
省エネ・ZEH設備,LONGi 太陽光パネル 450W,枚
省エネ・ZEH設備,LONGi 太陽光パネル 500W,枚
省エネ・ZEH設備,LONGi 太陽光パネル 550W,枚
省エネ・ZEH設備,LONGi 太陽光パネル 600W,枚
省エネ・ZEH設備,Low-Eガラストリプル,m2
省エネ・ZEH設備,Low-Eガラス複層透明,m2
省エネ・ZEH設備,Low-Eガラス複層遮熱,m2
省エネ・ZEH設備,Qセルズ 太陽光パネル 250W,枚
省エネ・ZEH設備,Qセルズ 太陽光パネル 300W,枚
省エネ・ZEH設備,Qセルズ 太陽光パネル 350W,枚
省エネ・ZEH設備,Qセルズ 太陽光パネル 380W,枚
省エネ・ZEH設備,Qセルズ 太陽光パネル 400W,枚
省エネ・ZEH設備,Qセルズ 太陽光パネル 430W,枚
省エネ・ZEH設備,Qセルズ 太陽光パネル 450W,枚
省エネ・ZEH設備,Qセルズ 太陽光パネル 500W,枚
省エネ・ZEH設備,Qセルズ 太陽光パネル 550W,枚
省エネ・ZEH設備,Qセルズ 太陽光パネル 600W,枚
省エネ・ZEH設備,V2H（Vehicle to Home）充放電器,台
省エネ・ZEH設備,ZEH申請費,式
省エネ・ZEH設備,エコ給湯器HP370L,台
省エネ・ZEH設備,エネルギーモニター,台
省エネ・ZEH設備,オムロン 蓄電池（11.4kWh）,台
省エネ・ZEH設備,オムロン 蓄電池（13.0kWh）,台
省エネ・ZEH設備,オムロン 蓄電池（3.5kWh）,台
省エネ・ZEH設備,オムロン 蓄電池（5.0kWh）,台
省エネ・ZEH設備,オムロン 蓄電池（6.5kWh）,台
省エネ・ZEH設備,オムロン 蓄電池（9.8kWh）,台
省エネ・ZEH設備,カネカ 太陽光パネル 250W,枚
省エネ・ZEH設備,カネカ 太陽光パネル 300W,枚
省エネ・ZEH設備,カネカ 太陽光パネル 350W,枚
省エネ・ZEH設備,カネカ 太陽光パネル 380W,枚
省エネ・ZEH設備,カネカ 太陽光パネル 400W,枚
省エネ・ZEH設備,カネカ 太陽光パネル 430W,枚
省エネ・ZEH設備,カネカ 太陽光パネル 450W,枚
省エネ・ZEH設備,カネカ 太陽光パネル 500W,枚
省エネ・ZEH設備,カネカ 太陽光パネル 550W,枚
省エネ・ZEH設備,カネカ 太陽光パネル 600W,枚
省エネ・ZEH設備,ガス給湯器省エネ24号,台
省エネ・ZEH設備,コージェネレーション（エネファーム）,台
省エネ・ZEH設備,シャープ NEC 蓄電池（11.4kWh）,台
省エネ・ZEH設備,シャープ NEC 蓄電池（13.0kWh）,台
省エネ・ZEH設備,シャープ NEC 蓄電池（3.5kWh）,台
省エネ・ZEH設備,シャープ NEC 蓄電池（5.0kWh）,台
省エネ・ZEH設備,シャープ NEC 蓄電池（6.5kWh）,台
省エネ・ZEH設備,シャープ NEC 蓄電池（9.8kWh）,台
省エネ・ZEH設備,シャープ 太陽光パネル 250W,枚
省エネ・ZEH設備,シャープ 太陽光パネル 300W,枚
省エネ・ZEH設備,シャープ 太陽光パネル 350W,枚
省エネ・ZEH設備,シャープ 太陽光パネル 380W,枚
省エネ・ZEH設備,シャープ 太陽光パネル 400W,枚
省エネ・ZEH設備,シャープ 太陽光パネル 430W,枚
省エネ・ZEH設備,シャープ 太陽光パネル 450W,枚
省エネ・ZEH設備,シャープ 太陽光パネル 500W,枚
省エネ・ZEH設備,シャープ 太陽光パネル 550W,枚
省エネ・ZEH設備,シャープ 太陽光パネル 600W,枚
省エネ・ZEH設備,シャープ 蓄電池（11.4kWh）,台
省エネ・ZEH設備,シャープ 蓄電池（13.0kWh）,台
省エネ・ZEH設備,シャープ 蓄電池（3.5kWh）,台
省エネ・ZEH設備,シャープ 蓄電池（5.0kWh）,台
省エネ・ZEH設備,シャープ 蓄電池（6.5kWh）,台
省エネ・ZEH設備,シャープ 蓄電池（9.8kWh）,台
省エネ・ZEH設備,スマートメーター屋内表示,台
省エネ・ZEH設備,ソーラーシステム（集熱+給湯）,式
省エネ・ZEH設備,ソーラー温水器標準,式
省エネ・ZEH設備,ダクトレス換気（1台）,台
省エネ・ZEH設備,テスラ 蓄電池 11.4kWh,台
省エネ・ZEH設備,テスラ 蓄電池 13.0kWh,台
省エネ・ZEH設備,テスラ 蓄電池 3.5kWh,台
省エネ・ZEH設備,テスラ 蓄電池 5.0kWh,台
省エネ・ZEH設備,テスラ 蓄電池 6.5kWh,台
省エネ・ZEH設備,テスラ 蓄電池 9.8kWh,台
省エネ・ZEH設備,ニチコン 蓄電池（11.4kWh）,台
省エネ・ZEH設備,ニチコン 蓄電池（13.0kWh）,台
省エネ・ZEH設備,ニチコン 蓄電池（3.5kWh）,台
省エネ・ZEH設備,ニチコン 蓄電池（5.0kWh）,台
省エネ・ZEH設備,ニチコン 蓄電池（6.5kWh）,台
省エネ・ZEH設備,ニチコン 蓄電池（9.8kWh）,台
省エネ・ZEH設備,ハンファQセルズ 太陽光パネル 300W,枚
省エネ・ZEH設備,ハンファQセルズ 太陽光パネル 350W,枚
省エネ・ZEH設備,ハンファQセルズ 太陽光パネル 380W,枚
省エネ・ZEH設備,ハンファQセルズ 太陽光パネル 400W,枚
省エネ・ZEH設備,ハンファQセルズ 太陽光パネル 450W,枚
省エネ・ZEH設備,ハンファQセルズ 太陽光パネル 500W,枚
省エネ・ZEH設備,ハンファQセルズ 太陽光パネル 550W,枚
省エネ・ZEH設備,ハンファQセルズ 太陽光パネル 600W,枚
省エネ・ZEH設備,パナソニック 太陽光パネル 250W,枚
省エネ・ZEH設備,パナソニック 太陽光パネル 300W,枚
省エネ・ZEH設備,パナソニック 太陽光パネル 350W,枚
省エネ・ZEH設備,パナソニック 太陽光パネル 380W,枚
省エネ・ZEH設備,パナソニック 太陽光パネル 400W,枚
省エネ・ZEH設備,パナソニック 太陽光パネル 430W,枚
省エネ・ZEH設備,パナソニック 太陽光パネル 450W,枚
省エネ・ZEH設備,パナソニック 太陽光パネル 500W,枚
省エネ・ZEH設備,パナソニック 太陽光パネル 550W,枚
省エネ・ZEH設備,パナソニック 太陽光パネル 600W,枚
省エネ・ZEH設備,パナソニック 蓄電池（11.4kWh）,台
省エネ・ZEH設備,パナソニック 蓄電池（13.0kWh）,台
省エネ・ZEH設備,パナソニック 蓄電池（3.5kWh）,台
省エネ・ZEH設備,パナソニック 蓄電池（5.0kWh）,台
省エネ・ZEH設備,パナソニック 蓄電池（6.5kWh）,台
省エネ・ZEH設備,パナソニック 蓄電池（9.8kWh）,台
省エネ・ZEH設備,パワーコンディショナ5.5kW,台
省エネ・ZEH設備,パワーコンディショナ（2.0kW）,台
省エネ・ZEH設備,パワーコンディショナ（3.5kW）,台
省エネ・ZEH設備,パワーコンディショナ（4.0kW）,台
省エネ・ZEH設備,パワーコンディショナ（4.4kW）,台
省エネ・ZEH設備,パワーコンディショナ（5.9kW）,台
省エネ・ZEH設備,パワーコンディショナ（7.5kW）,台
省エネ・ZEH設備,パワーコンディショナ（9.9kW）,台
省エネ・ZEH設備,ペレットストーブ5kW,台
省エネ・ZEH設備,不凍液温水用18L,缶
省エネ・ZEH設備,中水道設備（1式）,式
省エネ・ZEH設備,井戸ポンプ設置,式
省エネ・ZEH設備,井戸掘削（10m以内）,式
省エネ・ZEH設備,全熱交換ユニット（ロスナイ φ150 1台）,台
省エネ・ZEH設備,全熱交換換気（1台）,台
省エネ・ZEH設備,全館空調システム小型,式
省エネ・ZEH設備,地中熱ヒートポンプ（住宅用 1式）,式
省エネ・ZEH設備,地中熱採熱管埋設（1m）,m
省エネ・ZEH設備,壁面緑化 ユニット型（1m2）,m2
省エネ・ZEH設備,外壁換気口（ステンレス防虫網付き φ100）,個
省エネ・ZEH設備,外断熱ビス外壁固定,本
省エネ・ZEH設備,外断熱材EPS100mm,m2
省エネ・ZEH設備,外断熱材EPS50mm,m2
省エネ・ZEH設備,太陽光パネル400W,枚
省エネ・ZEH設備,太陽光パネル500W,枚
省エネ・ZEH設備,太陽光パネルシステム5kW工事込み,式
省エネ・ZEH設備,太陽光架台ガルバ用,式
省エネ・ZEH設備,太陽光架台スレート用,式
省エネ・ZEH設備,太陽熱温水器（平板式 2m2）,式
省エネ・ZEH設備,太陽熱温水器（真空管式 2m2）,式
省エネ・ZEH設備,家庭用蓄電池13kWh,台
省エネ・ZEH設備,家庭用蓄電池6.5kWh,台
省エネ・ZEH設備,屋上緑化 厚層型（1m2）,m2
省エネ・ZEH設備,屋上緑化 薄層型（1m2）,m2
省エネ・ZEH設備,屋上緑化 防水込み（1m2）,m2
省エネ・ZEH設備,床暖房サーモスタット,個
省エネ・ZEH設備,床暖房システム温水式12畳,式
省エネ・ZEH設備,床暖房システム温水式6畳,式
省エネ・ZEH設備,床暖房システム電気式6畳,式
省エネ・ZEH設備,床暖房パネル温水式600×900,枚
省エネ・ZEH設備,床暖房用ヘッダー4回路,個
省エネ・ZEH設備,循環ポンプ温水用小型,台
省エネ・ZEH設備,接続箱4回路,台
省エネ・ZEH設備,接続箱8回路,台
省エネ・ZEH設備,換気ダクト断熱材（グラスウール巻き 25mm）,m
省エネ・ZEH設備,換気ダクト（φ100mm 硬質・1m）,m
省エネ・ZEH設備,断熱窓トリプルガラス,枚
省エネ・ZEH設備,断熱窓内窓樹脂引違い,枚
省エネ・ZEH設備,断熱窓複層ガラス交換,枚
省エネ・ZEH設備,気密スリーブ25mm,個
省エネ・ZEH設備,浄水装置（アンダーシンク型）,台
省エネ・ZEH設備,温水ルームヒーターパネル型,台
省エネ・ZEH設備,温水配管架橋ポリ13mm50m,巻
省エネ・ZEH設備,熱画像診断,式
省エネ・ZEH設備,燃料電池システム（1台）,台
省エネ・ZEH設備,真空ガラススペーシア,m2
省エネ・ZEH設備,窓断熱フィルム（1m2）,m2
省エネ・ZEH設備,第1種換気システム（全熱交換器 200㎡対応）,台
省エネ・ZEH設備,緑化用土（軽量 1m3）,m3
省エネ・ZEH設備,緑化用防根シート（1m2）,m2
省エネ・ZEH設備,膨張タンク3L,個
省エネ・ZEH設備,自動灌水システム（1式）,式
省エネ・ZEH設備,蓄熱システム（深夜電力利用）,式
省エネ・ZEH設備,薄膜太陽光パネル,枚
省エネ・ZEH設備,薪ストーブ用炉台石材1m2,m2
省エネ・ZEH設備,薪ストーブ用煙突二重断熱1m,本
省エネ・ZEH設備,薪ストーブ鋳鉄製標準,台
省エネ・ZEH設備,軒（出寸法600mm 1m）,m
省エネ・ZEH設備,透湿防水シート高性能1×30m,巻
省エネ・ZEH設備,遮熱シート外壁用1×20m,巻
省エネ・ZEH設備,遮熱シート屋根裏用1×20m,巻
省エネ・ZEH設備,長州産業 太陽光パネル 250W,枚
省エネ・ZEH設備,長州産業 太陽光パネル 300W,枚
省エネ・ZEH設備,長州産業 太陽光パネル 350W,枚
省エネ・ZEH設備,長州産業 太陽光パネル 380W,枚
省エネ・ZEH設備,長州産業 太陽光パネル 400W,枚
省エネ・ZEH設備,長州産業 太陽光パネル 430W,枚
省エネ・ZEH設備,長州産業 太陽光パネル 450W,枚
省エネ・ZEH設備,長州産業 太陽光パネル 500W,枚
省エネ・ZEH設備,長州産業 太陽光パネル 550W,枚
省エネ・ZEH設備,長州産業 太陽光パネル 600W,枚
省エネ・ZEH設備,雨水タンク（200L）,台
省エネ・ZEH設備,雨水タンク（500L）,台
省エネ・ZEH設備,雨水利用設備（本格型）,式
省エネ・ZEH設備,雨水利用設備（簡易型）,式
省エネ・ZEH設備,高断熱サッシ樹脂フレーム,枚
給排水配管材,HI-VP継手 エルボ 90° 100A,個
給排水配管材,HI-VP継手 エルボ 90° 13A,個
給排水配管材,HI-VP継手 エルボ 90° 20A,個
給排水配管材,HI-VP継手 エルボ 90° 25A,個
給排水配管材,HI-VP継手 エルボ 90° 40A,個
給排水配管材,HI-VP継手 エルボ 90° 50A,個
給排水配管材,HI-VP継手 エルボ 90° 75A,個
給排水配管材,HI-VP継手 ソケット 100A,個
給排水配管材,HI-VP継手 ソケット 13A,個
給排水配管材,HI-VP継手 ソケット 20A,個
給排水配管材,HI-VP継手 ソケット 25A,個
給排水配管材,HI-VP継手 ソケット 40A,個
給排水配管材,HI-VP継手 ソケット 50A,個
給排水配管材,HI-VP継手 ソケット 75A,個
給排水配管材,HI-VP継手 チーズ 100A,個
給排水配管材,HI-VP継手 チーズ 13A,個
給排水配管材,HI-VP継手 チーズ 20A,個
給排水配管材,HI-VP継手 チーズ 25A,個
給排水配管材,HI-VP継手 チーズ 40A,個
給排水配管材,HI-VP継手 チーズ 50A,個
給排水配管材,HI-VP継手 チーズ 75A,個
給排水配管材,VP管給水 13mm,m
給排水配管材,VP管給水 13mm 4m本,本
給排水配管材,VP管給水 20mm,m
給排水配管材,VP管給水 20mm 4m本,本
給排水配管材,VP管給水 25mm,m
給排水配管材,VP管給水 25mm 4m本,本
給排水配管材,VP管給水 30mm,m
給排水配管材,VP管給水 40mm,m
給排水配管材,VP管給水 50mm,m
給排水配管材,VP継手 エルボ 45° 100A,個
給排水配管材,VP継手 エルボ 45° 125A,個
給排水配管材,VP継手 エルボ 45° 13A,個
給排水配管材,VP継手 エルボ 45° 150A,個
給排水配管材,VP継手 エルボ 45° 16A,個
給排水配管材,VP継手 エルボ 45° 20A,個
給排水配管材,VP継手 エルボ 45° 25A,個
給排水配管材,VP継手 エルボ 45° 30A,個
給排水配管材,VP継手 エルボ 45° 40A,個
給排水配管材,VP継手 エルボ 45° 50A,個
給排水配管材,VP継手 エルボ 45° 65A,個
給排水配管材,VP継手 エルボ 45° 75A,個
給排水配管材,VP継手 エルボ 90° 100A,個
給排水配管材,VP継手 エルボ 90° 125A,個
給排水配管材,VP継手 エルボ 90° 13A,個
給排水配管材,VP継手 エルボ 90° 150A,個
給排水配管材,VP継手 エルボ 90° 16A,個
給排水配管材,VP継手 エルボ 90° 20A,個
給排水配管材,VP継手 エルボ 90° 25A,個
給排水配管材,VP継手 エルボ 90° 30A,個
給排水配管材,VP継手 エルボ 90° 40A,個
給排水配管材,VP継手 エルボ 90° 50A,個
給排水配管材,VP継手 エルボ 90° 65A,個
給排水配管材,VP継手 エルボ 90° 75A,個
給排水配管材,VP継手 キャップ 100A,個
給排水配管材,VP継手 キャップ 125A,個
給排水配管材,VP継手 キャップ 13A,個
給排水配管材,VP継手 キャップ 150A,個
給排水配管材,VP継手 キャップ 16A,個
給排水配管材,VP継手 キャップ 20A,個
給排水配管材,VP継手 キャップ 25A,個
給排水配管材,VP継手 キャップ 30A,個
給排水配管材,VP継手 キャップ 40A,個
給排水配管材,VP継手 キャップ 50A,個
給排水配管材,VP継手 キャップ 65A,個
給排水配管材,VP継手 キャップ 75A,個
給排水配管材,VP継手 ソケット 100A,個
給排水配管材,VP継手 ソケット 125A,個
給排水配管材,VP継手 ソケット 13A,個
給排水配管材,VP継手 ソケット 150A,個
給排水配管材,VP継手 ソケット 16A,個
給排水配管材,VP継手 ソケット 20A,個
給排水配管材,VP継手 ソケット 25A,個
給排水配管材,VP継手 ソケット 30A,個
給排水配管材,VP継手 ソケット 40A,個
給排水配管材,VP継手 ソケット 50A,個
給排水配管材,VP継手 ソケット 65A,個
給排水配管材,VP継手 ソケット 75A,個
給排水配管材,VP継手 チーズ 同径 100A,個
給排水配管材,VP継手 チーズ 同径 125A,個
給排水配管材,VP継手 チーズ 同径 13A,個
給排水配管材,VP継手 チーズ 同径 150A,個
給排水配管材,VP継手 チーズ 同径 16A,個
給排水配管材,VP継手 チーズ 同径 20A,個
給排水配管材,VP継手 チーズ 同径 25A,個
給排水配管材,VP継手 チーズ 同径 30A,個
給排水配管材,VP継手 チーズ 同径 40A,個
給排水配管材,VP継手 チーズ 同径 50A,個
給排水配管材,VP継手 チーズ 同径 65A,個
給排水配管材,VP継手 チーズ 同径 75A,個
給排水配管材,VP継手 チーズ 異径 100A,個
給排水配管材,VP継手 チーズ 異径 125A,個
給排水配管材,VP継手 チーズ 異径 13A,個
給排水配管材,VP継手 チーズ 異径 150A,個
給排水配管材,VP継手 チーズ 異径 16A,個
給排水配管材,VP継手 チーズ 異径 20A,個
給排水配管材,VP継手 チーズ 異径 25A,個
給排水配管材,VP継手 チーズ 異径 30A,個
給排水配管材,VP継手 チーズ 異径 40A,個
給排水配管材,VP継手 チーズ 異径 50A,個
給排水配管材,VP継手 チーズ 異径 65A,個
給排水配管材,VP継手 チーズ 異径 75A,個
給排水配管材,VP継手 フランジ 100A,個
給排水配管材,VP継手 フランジ 125A,個
給排水配管材,VP継手 フランジ 13A,個
給排水配管材,VP継手 フランジ 150A,個
給排水配管材,VP継手 フランジ 16A,個
給排水配管材,VP継手 フランジ 20A,個
給排水配管材,VP継手 フランジ 25A,個
給排水配管材,VP継手 フランジ 30A,個
給排水配管材,VP継手 フランジ 40A,個
給排水配管材,VP継手 フランジ 50A,個
給排水配管材,VP継手 フランジ 65A,個
給排水配管材,VP継手 フランジ 75A,個
給排水配管材,VP継手 プラグ 100A,個
給排水配管材,VP継手 プラグ 125A,個
給排水配管材,VP継手 プラグ 13A,個
給排水配管材,VP継手 プラグ 150A,個
給排水配管材,VP継手 プラグ 16A,個
給排水配管材,VP継手 プラグ 20A,個
給排水配管材,VP継手 プラグ 25A,個
給排水配管材,VP継手 プラグ 30A,個
給排水配管材,VP継手 プラグ 40A,個
給排水配管材,VP継手 プラグ 50A,個
給排水配管材,VP継手 プラグ 65A,個
給排水配管材,VP継手 プラグ 75A,個
給排水配管材,VP継手 ユニオン 100A,個
給排水配管材,VP継手 ユニオン 125A,個
給排水配管材,VP継手 ユニオン 13A,個
給排水配管材,VP継手 ユニオン 150A,個
給排水配管材,VP継手 ユニオン 16A,個
給排水配管材,VP継手 ユニオン 20A,個
給排水配管材,VP継手 ユニオン 25A,個
給排水配管材,VP継手 ユニオン 30A,個
給排水配管材,VP継手 ユニオン 40A,個
給排水配管材,VP継手 ユニオン 50A,個
給排水配管材,VP継手 ユニオン 65A,個
給排水配管材,VP継手 ユニオン 75A,個
給排水配管材,VP継手 掃除口 100A,個
給排水配管材,VP継手 掃除口 125A,個
給排水配管材,VP継手 掃除口 13A,個
給排水配管材,VP継手 掃除口 150A,個
給排水配管材,VP継手 掃除口 16A,個
給排水配管材,VP継手 掃除口 20A,個
給排水配管材,VP継手 掃除口 25A,個
給排水配管材,VP継手 掃除口 30A,個
給排水配管材,VP継手 掃除口 40A,個
給排水配管材,VP継手 掃除口 50A,個
給排水配管材,VP継手 掃除口 65A,個
給排水配管材,VP継手 掃除口 75A,個
給排水配管材,VP継手 異径ソケット 100A,個
給排水配管材,VP継手 異径ソケット 125A,個
給排水配管材,VP継手 異径ソケット 13A,個
給排水配管材,VP継手 異径ソケット 150A,個
給排水配管材,VP継手 異径ソケット 16A,個
給排水配管材,VP継手 異径ソケット 20A,個
給排水配管材,VP継手 異径ソケット 25A,個
給排水配管材,VP継手 異径ソケット 30A,個
給排水配管材,VP継手 異径ソケット 40A,個
給排水配管材,VP継手 異径ソケット 50A,個
給排水配管材,VP継手 異径ソケット 65A,個
給排水配管材,VP継手 異径ソケット 75A,個
給排水配管材,VP継手セット（エルボ・チーズ・ソケット 各10個）,式
給排水配管材,VU管排水 100mm,m
給排水配管材,VU管排水 100mm 4m本,本
給排水配管材,VU管排水 125mm,m
給排水配管材,VU管排水 150mm,m
給排水配管材,VU管排水 30mm,m
給排水配管材,VU管排水 30mm 4m本,本
給排水配管材,VU管排水 40mm,m
給排水配管材,VU管排水 50mm,m
給排水配管材,VU管排水 50mm 4m本,本
給排水配管材,VU管排水 65mm,m
給排水配管材,VU管排水 75mm,m
給排水配管材,VU管排水 75mm 4m本,本
給排水配管材,ウォーターハンマー防止器,個
給排水配管材,ガスメーター（マイコン）,台
給排水配管材,ガス用フレキ（Φ15.88 1m）,本
給排水配管材,ガス用フレキ（Φ19.05 1m）,本
給排水配管材,グリストラップ清掃（1回）,回
給排水配管材,グリストラップ清掃（年1回）,回
給排水配管材,グリストラップ（1槽式 50L）,台
給排水配管材,グリストラップ（2槽式 100L）,台
給排水配管材,グリストラップ（3槽式 200L）,台
給排水配管材,ゲートバルブ（20A）,個
給排水配管材,ゲートバルブ（25A）,個
給排水配管材,システムキッチン 2400 標準 LIXIL,式
給排水配管材,シャワートイレ一体型,式
給排水配管材,シールテープ 水道用,巻
給排水配管材,ステンレス管 13mm,m
給排水配管材,ステンレス管 20mm,m
給排水配管材,ステンレス管 25mm,m
給排水配管材,ステンレス管 32mm,m
給排水配管材,ステンレス管 40mm,m
給排水配管材,ストレーナー（20A Y型）,個
給排水配管材,ストレーナー（25A Y型）,個
給排水配管材,ディスポーザー 標準,台
給排水配管材,ニップル（13A×100mm）,個
給排水配管材,ニップル（20A×100mm）,個
給排水配管材,バルブ（ゲート 25A）,個
給排水配管材,バルブ（ボール 20A）,個
給排水配管材,フィルター（Y型 20A）,個
給排水配管材,フレキシブルジョイント（20A）,個
給排水配管材,フレキ管 13mm×300,本
給排水配管材,フレキ管（13A 300mm）,本
給排水配管材,フレキ管（13A 500mm）,本
給排水配管材,フレキ管（20A 300mm）,本
給排水配管材,フレキ管（20A 500mm）,本
給排水配管材,フレキ管（ガス用 1m）,m
給排水配管材,ヘッダー 給水4分岐,個
給排水配管材,ヘッダー 給湯6分岐,個
給排水配管材,ヘッダー工法分岐（給水・16mm×8回路）,式
給排水配管材,ヘッダー工法分岐（給湯・16mm×8回路）,式
給排水配管材,ヘルメシール 500ml,缶
給排水配管材,ボールバルブ 13mm,個
給排水配管材,ボールバルブ 20mm,個
給排水配管材,ボールバルブ（13A）,個
給排水配管材,ボールバルブ（20A）,個
給排水配管材,ボールバルブ（25A）,個
給排水配管材,ボールバルブ（50A）,個
給排水配管材,ポリ管継手（PB13 エルボ）,個
給排水配管材,ポリ管継手（PB13 ソケット）,個
給排水配管材,ポリ管継手（PB13 チーズ）,個
給排水配管材,ポリ管継手（PB20 エルボ）,個
給排水配管材,ポリ管継手（PB20 チーズ）,個
給排水配管材,ポンプ点検整備（1台）,台
給排水配管材,マンホール設置（1基）,基
給排水配管材,ユニオン（13A）,個
給排水配管材,ユニオン（20A）,個
給排水配管材,ユニオン（25A）,個
給排水配管材,ユニットバス 1616 標準 TOTO,式
給排水配管材,上水道本管布設（1m）,m
給排水配管材,下水道接続工事（1箇所）,箇所
給排水配管材,下水道本管布設（1m）,m
給排水配管材,不凍水栓柱（材工）,本
給排水配管材,便器 タンクレス TOTO,式
給排水配管材,保温材（エラストマー 25mm 2m）,本
給排水配管材,保温材（グラスウール 25mm 2m）,本
給排水配管材,保温材（ポリエチレン 25mm 2m）,本
給排水配管材,信号機設置（1基）,基
給排水配管材,側溝設置 U字溝（1m）,m
給排水配管材,加圧ポンプ（小型 1台）,台
給排水配管材,受水槽（1m3）,台
給排水配管材,受水槽（3m3）,台
給排水配管材,塩ビエルボ（VP100 90度）,個
給排水配管材,塩ビエルボ（VP13 90度）,個
給排水配管材,塩ビエルボ（VP20 90度）,個
給排水配管材,塩ビエルボ（VP25 90度）,個
給排水配管材,塩ビエルボ（VP30 90度）,個
給排水配管材,塩ビエルボ（VP40 90度）,個
給排水配管材,塩ビエルボ（VP50 90度）,個
給排水配管材,塩ビエルボ（VP75 90度）,個
給排水配管材,塩ビソケット（VP100）,個
給排水配管材,塩ビソケット（VP13）,個
給排水配管材,塩ビソケット（VP20）,個
給排水配管材,塩ビソケット（VP25）,個
給排水配管材,塩ビソケット（VP50）,個
給排水配管材,塩ビチーズ（VP100）,個
給排水配管材,塩ビチーズ（VP13）,個
給排水配管材,塩ビチーズ（VP20）,個
給排水配管材,塩ビチーズ（VP25）,個
給排水配管材,塩ビチーズ（VP40）,個
給排水配管材,塩ビチーズ（VP50）,個
給排水配管材,塩ビチーズ（VP75）,個
給排水配管材,塩ビ管 VP100（4m）,本
給排水配管材,塩ビ管 VP50（4m）,本
給排水配管材,塩ビ管 VP75（4m）,本
給排水配管材,小便器,台
給排水配管材,床排水金物 φ50,個
給排水配管材,掃除流し（壁掛け）,台
給排水配管材,排水VP管（100mm×4m）,本
給排水配管材,排水VP管（50mm×4m）,本
給排水配管材,排水VP管（75mm×4m）,本
給排水配管材,排水インクリーザー（VU100×75）,個
給排水配管材,排水インクリーザー（VU75×50）,個
給排水配管材,排水エルボ（VU100 90度）,個
給排水配管材,排水エルボ（VU125 90度）,個
給排水配管材,排水エルボ（VU150 90度）,個
給排水配管材,排水エルボ（VU50 90度）,個
給排水配管材,排水エルボ（VU75 90度）,個
給排水配管材,排水チーズ（VU100）,個
給排水配管材,排水チーズ（VU125）,個
給排水配管材,排水チーズ（VU50）,個
給排水配管材,排水チーズ（VU75）,個
給排水配管材,排水トラップ P型 40mm,個
給排水配管材,排水トラップ S型 40mm,個
給排水配管材,排水マス 塩ビ200径,個
給排水配管材,排水掃除口（VU100）,個
給排水配管材,排水掃除口（VU150）,個
給排水配管材,排水桝（コンクリート 300角）,個
給排水配管材,排水桝（塩ビ 200角）,個
給排水配管材,排水管カメラ調査（1m）,m
給排水配管材,排水管高圧洗浄（1m）,m
給排水配管材,排水管（VP100 1m）,m
給排水配管材,排水管（VP50 1m）,m
給排水配管材,排水管（VP75 1m）,m
給排水配管材,排水継手 VP100エルボ,個
給排水配管材,排水継手 VP100チーズ,個
給排水配管材,排水継手 VP50エルボ,個
給排水配管材,散水ホース（20m）,本
給排水配管材,散水栓（埋込み 材工）,個
給排水配管材,散水栓（埋込み）,個
給排水配管材,架橋ポリエチレン管 13mm（50m巻）,巻
給排水配管材,架橋ポリエチレン管 20mm（30m巻）,巻
給排水配管材,架橋ポリエチレン管（16mm×50m）,巻
給排水配管材,架橋ポリエチレン管（20mm×50m）,巻
給排水配管材,架橋ポリ管 10mm,m
給排水配管材,架橋ポリ管 13mm,m
給排水配管材,架橋ポリ管 13mm 50m,巻
給排水配管材,架橋ポリ管 16mm,m
給排水配管材,架橋ポリ管 20mm,m
給排水配管材,架橋ポリ管 20mm 50m,巻
給排水配管材,架橋ポリ管 25mm,m
給排水配管材,架橋ポリ継手（ワンタッチ）エルボ 10A,個
給排水配管材,架橋ポリ継手（ワンタッチ）エルボ 13A,個
給排水配管材,架橋ポリ継手（ワンタッチ）エルボ 16A,個
給排水配管材,架橋ポリ継手（ワンタッチ）エルボ 20A,個
給排水配管材,架橋ポリ継手（ワンタッチ）エルボ 25A,個
給排水配管材,架橋ポリ継手（ワンタッチ）ソケット 10A,個
給排水配管材,架橋ポリ継手（ワンタッチ）ソケット 13A,個
給排水配管材,架橋ポリ継手（ワンタッチ）ソケット 16A,個
給排水配管材,架橋ポリ継手（ワンタッチ）ソケット 20A,個
給排水配管材,架橋ポリ継手（ワンタッチ）ソケット 25A,個
給排水配管材,架橋ポリ継手（ワンタッチ）チーズ 10A,個
給排水配管材,架橋ポリ継手（ワンタッチ）チーズ 13A,個
給排水配管材,架橋ポリ継手（ワンタッチ）チーズ 16A,個
給排水配管材,架橋ポリ継手（ワンタッチ）チーズ 20A,個
給排水配管材,架橋ポリ継手（ワンタッチ）チーズ 25A,個
給排水配管材,架橋ポリ継手（ワンタッチ）バルブ付き 10A,個
給排水配管材,架橋ポリ継手（ワンタッチ）バルブ付き 13A,個
給排水配管材,架橋ポリ継手（ワンタッチ）バルブ付き 16A,個
給排水配管材,架橋ポリ継手（ワンタッチ）バルブ付き 20A,個
給排水配管材,架橋ポリ継手（ワンタッチ）バルブ付き 25A,個
給排水配管材,架橋ポリ継手（ワンタッチ）異径エルボ 10A,個
給排水配管材,架橋ポリ継手（ワンタッチ）異径エルボ 13A,個
給排水配管材,架橋ポリ継手（ワンタッチ）異径エルボ 16A,個
給排水配管材,架橋ポリ継手（ワンタッチ）異径エルボ 20A,個
給排水配管材,架橋ポリ継手（ワンタッチ）異径エルボ 25A,個
給排水配管材,止水栓 13mm,個
給排水配管材,止水栓設置（1箇所）,箇所
給排水配管材,歩道整備（1m2）,m2
給排水配管材,水圧計,個
給排水配管材,水質検査（貯水槽）,式
給排水配管材,水質検査（飲料水 1式）,式
給排水配管材,水道メーター周辺材料（止水栓・逆止弁・ユニオン）,式
給排水配管材,水道メーター設置（13mm）,式
給排水配管材,水道メーター設置（20mm）,式
給排水配管材,水道メーター（20mm）,個
給排水配管材,水道メーター（25mm）,個
給排水配管材,水道凍結防止ヒーター 2m,本
給排水配管材,水道引込 マンホール（下水 φ600）,式
給排水配管材,水道引込 下水塩ビ管 VU 100A（1m）,式
給排水配管材,水道引込 下水道接続工事（5〜10m）,式
給排水配管材,水道引込 下水道接続工事（公道〜敷地内 5m以内）,式
給排水配管材,水道引込 水道メーター器 交換,式
給排水配管材,水道引込 水道引込工事（10〜15m）,式
給排水配管材,水道引込 水道引込工事（5〜10m）,式
給排水配管材,水道引込 水道引込工事（公道〜敷地内 5m以内）,式
給排水配管材,水道引込 汚水桝 CD型 φ200（掘削込み）,式
給排水配管材,水道引込 浄化槽 10人槽,式
給排水配管材,水道引込 浄化槽 5人槽（合併処理）,式
給排水配管材,水道引込 浄化槽 7人槽,式
給排水配管材,水道引込 浄化槽ブロワー（エアポンプ 年1交換）,式
給排水配管材,水道引込 給水管 引込用ポリエチ管 25A（1m）,式
給排水配管材,水道引込 給水管（塩ビ管VP 20A 1m）,式
給排水配管材,水道引込 量水器ボックス（水道メーターBOX）,式
給排水配管材,水道引込 雨水桝 φ200（掘削込み）,式
給排水配管材,水道本管引込工事（13mm）,式
給排水配管材,水道本管引込工事（20mm）,式
給排水配管材,水道本管引込工事（25mm）,式
給排水配管材,水道管凍結防止帯（1m）,m
給排水配管材,水道管漏水調査（1式）,式
給排水配管材,汚水マス 300径,個
給排水配管材,汚水桝（塩ビ製 φ200mm）交換,個
給排水配管材,油水分離槽,台
給排水配管材,洗濯機用防水パン 640×640,個
給排水配管材,洗面台 600mm スタンダード,式
給排水配管材,洗面台 750mm スタンダード,式
給排水配管材,浄化槽ブロア（1台）,台
給排水配管材,浄化槽法定点検（1回）,回
給排水配管材,浄化槽清掃（5人槽）,回
給排水配管材,浄化槽（10人槽）,基
給排水配管材,浄化槽（5人槽）,基
給排水配管材,浄化槽（7人槽）,基
給排水配管材,浄水器 ビルトイン,台
給排水配管材,消火栓設置（1基）,基
給排水配管材,減圧弁,個
給排水配管材,温度計,個
給排水配管材,異径ソケット（20×13）,個
給排水配管材,異径ソケット（25×20）,個
給排水配管材,給水ポンプ（加圧給水）,台
給排水配管材,給水止水栓（ボール弁 20A）,個
給排水配管材,給水管（塩ビ HI VP20 1m）,m
給排水配管材,給水管（塩ビ HI VP25 1m）,m
給排水配管材,給水管（屋内配管 1m）,m
給排水配管材,給湯器リモコン セット,式
給排水配管材,給湯器架台 スチール,個
給排水配管材,給湯管（銅管 20A 1m）,m
給排水配管材,給湯管（銅管 25A 1m）,m
給排水配管材,継手 VP13 チーズ,個
給排水配管材,継手 VU100 エルボ,個
給排水配管材,継手 VU50 エルボ,個
給排水配管材,膨張タンク（18L）,個
給排水配管材,膨張継手（20A）,個
給排水配管材,自動水栓（感知式）,個
給排水配管材,街路灯設置（1基）,基
給排水配管材,貯水槽清掃（10m3以下）,式
給排水配管材,貯水槽清掃（1m3以下）,式
給排水配管材,軟水器,台
給排水配管材,軟水器 家庭用,台
給排水配管材,逆止弁 13mm,個
給排水配管材,逆止弁（13A スイングタイプ）,個
給排水配管材,逆止弁（20A）,個
給排水配管材,通気管（VU40mm×4m）,本
給排水配管材,道路舗装 アスファルト（1m2）,m2
給排水配管材,道路舗装 コンクリート（1m2）,m2
給排水配管材,配管保温材（ポリエチレン 20mm厚・1m）,m
給排水配管材,配管支持金物（1個）,個
給排水配管材,銅管 10mm,m
給排水配管材,銅管 13mm,m
給排水配管材,銅管 16mm,m
給排水配管材,銅管 20mm,m
給排水配管材,銅管 8mm,m
給排水配管材,銅管継手 エルボ 10×0.5mm,個
給排水配管材,銅管継手 エルボ 12×0.5mm,個
給排水配管材,銅管継手 エルボ 15×0.5mm,個
給排水配管材,銅管継手 エルボ 20×0.5mm,個
給排水配管材,銅管継手 エルボ 25×0.5mm,個
給排水配管材,銅管継手 エルボ 32×0.5mm,個
給排水配管材,銅管継手 エルボ 6×0.5mm,個
給排水配管材,銅管継手 エルボ 8×0.5mm,個
給排水配管材,銅管継手 ソケット 10×0.5mm,個
給排水配管材,銅管継手 ソケット 12×0.5mm,個
給排水配管材,銅管継手 ソケット 15×0.5mm,個
給排水配管材,銅管継手 ソケット 20×0.5mm,個
給排水配管材,銅管継手 ソケット 25×0.5mm,個
給排水配管材,銅管継手 ソケット 32×0.5mm,個
給排水配管材,銅管継手 ソケット 6×0.5mm,個
給排水配管材,銅管継手 ソケット 8×0.5mm,個
給排水配管材,銅管継手 チーズ 10×0.5mm,個
給排水配管材,銅管継手 チーズ 12×0.5mm,個
給排水配管材,銅管継手 チーズ 15×0.5mm,個
給排水配管材,銅管継手 チーズ 20×0.5mm,個
給排水配管材,銅管継手 チーズ 25×0.5mm,個
給排水配管材,銅管継手 チーズ 32×0.5mm,個
給排水配管材,銅管継手 チーズ 6×0.5mm,個
給排水配管材,銅管継手 チーズ 8×0.5mm,個
給排水配管材,銅管継手 レジューサー 10×0.5mm,個
給排水配管材,銅管継手 レジューサー 12×0.5mm,個
給排水配管材,銅管継手 レジューサー 15×0.5mm,個
給排水配管材,銅管継手 レジューサー 20×0.5mm,個
給排水配管材,銅管継手 レジューサー 25×0.5mm,個
給排水配管材,銅管継手 レジューサー 32×0.5mm,個
給排水配管材,銅管継手 レジューサー 6×0.5mm,個
給排水配管材,銅管継手 レジューサー 8×0.5mm,個
給排水配管材,銅管継手（15A エルボ）,個
給排水配管材,銅管継手（15A チーズ）,個
給排水配管材,銅管継手（20A エルボ）,個
給排水配管材,銅管継手（20A チーズ）,個
給排水配管材,銅管継手（25A エルボ）,個
給排水配管材,防火区画貫通処理材（Φ100）,個
給排水配管材,防火区画貫通処理材（Φ150）,個
給排水配管材,防火水槽（40m3）,基
給排水配管材,防臭キャップ（φ50mm・φ100mm 各5個）,式
給排水配管材,防露材 保温材 13mm（1m）,m
給排水配管材,雨水マス 300径,個
給排水配管材,雨水桝（樹脂製 φ200mm）交換,個
給排水配管材,高架水槽（1m3）,台
給湯器,コロナ エコキュート CHP-37AY4 370L,台
給湯器,コロナ 石油給湯器（屋外型）,台
給湯器,コロナ 石油給湯器（水道直圧）,台
給湯器,ダイキン エコキュート EQ37VFV 370L,台
給湯器,ノーリツ GT-C1662SAWX 16号,台
給湯器,ノーリツ GT-C2052SAWX 20号,台
給湯器,ノーリツ GT-C2462SAWX 24号,台
給湯器,ノーリツ 給湯器 16号 LPガス ふろ給湯 フルオート,台
給湯器,ノーリツ 給湯器 16号 LPガス ふろ給湯 追い炊き付き,台
給湯器,ノーリツ 給湯器 16号 LPガス 給湯専用,台
給湯器,ノーリツ 給湯器 16号 エコジョーズ追い焚き付き,台
給湯器,ノーリツ 給湯器 16号 標準,台
給湯器,ノーリツ 給湯器 16号 都市ガス 13A ふろ給湯 フルオート,台
給湯器,ノーリツ 給湯器 16号 都市ガス 13A ふろ給湯 追い炊き付き,台
給湯器,ノーリツ 給湯器 16号 都市ガス 13A 給湯専用,台
給湯器,ノーリツ 給湯器 20号 LPガス ふろ給湯 フルオート,台
給湯器,ノーリツ 給湯器 20号 LPガス ふろ給湯 追い炊き付き,台
給湯器,ノーリツ 給湯器 20号 LPガス 給湯専用,台
給湯器,ノーリツ 給湯器 20号 エコジョーズ追い焚き付き,台
給湯器,ノーリツ 給湯器 20号 標準,台
給湯器,ノーリツ 給湯器 20号 都市ガス 13A ふろ給湯 フルオート,台
給湯器,ノーリツ 給湯器 20号 都市ガス 13A ふろ給湯 追い炊き付き,台
給湯器,ノーリツ 給湯器 20号 都市ガス 13A 給湯専用,台
給湯器,ノーリツ 給湯器 24号 LPガス ふろ給湯 フルオート,台
給湯器,ノーリツ 給湯器 24号 LPガス ふろ給湯 追い炊き付き,台
給湯器,ノーリツ 給湯器 24号 LPガス 給湯専用,台
給湯器,ノーリツ 給湯器 24号 エコジョーズ追い焚き付き,台
給湯器,ノーリツ 給湯器 24号 標準,台
給湯器,ノーリツ 給湯器 24号 都市ガス 13A ふろ給湯 フルオート,台
給湯器,ノーリツ 給湯器 24号 都市ガス 13A ふろ給湯 追い炊き付き,台
給湯器,ノーリツ 給湯器 24号 都市ガス 13A 給湯専用,台
給湯器,ノーリツ 給湯器（16号 エコジョーズ追い焚き）,台
給湯器,ノーリツ 給湯器（16号 エコジョーズ）,台
給湯器,ノーリツ 給湯器（20号 エコジョーズ追い焚き）,台
給湯器,ノーリツ 給湯器（20号 エコジョーズ）,台
給湯器,ノーリツ 給湯器（24号 エコジョーズ追い焚き）,台
給湯器,ノーリツ 給湯器（24号 エコジョーズ）,台
給湯器,パナソニック エコキュート HE-J37LQS 370L,台
給湯器,パロマ PH-2015AW 20号,台
給湯器,パロマ PH-2415AW 24号,台
給湯器,パロマ 給湯器 16号 LPガス ふろ給湯 フルオート,台
給湯器,パロマ 給湯器 16号 LPガス ふろ給湯 追い炊き付き,台
給湯器,パロマ 給湯器 16号 LPガス 給湯専用,台
給湯器,パロマ 給湯器 16号 都市ガス 13A ふろ給湯 フルオート,台
給湯器,パロマ 給湯器 16号 都市ガス 13A ふろ給湯 追い炊き付き,台
給湯器,パロマ 給湯器 16号 都市ガス 13A 給湯専用,台
給湯器,パロマ 給湯器 20号 LPガス ふろ給湯 フルオート,台
給湯器,パロマ 給湯器 20号 LPガス ふろ給湯 追い炊き付き,台
給湯器,パロマ 給湯器 20号 LPガス 給湯専用,台
給湯器,パロマ 給湯器 20号 都市ガス 13A ふろ給湯 フルオート,台
給湯器,パロマ 給湯器 20号 都市ガス 13A ふろ給湯 追い炊き付き,台
給湯器,パロマ 給湯器 20号 都市ガス 13A 給湯専用,台
給湯器,パロマ 給湯器 24号 LPガス ふろ給湯 フルオート,台
給湯器,パロマ 給湯器 24号 LPガス ふろ給湯 追い炊き付き,台
給湯器,パロマ 給湯器 24号 LPガス 給湯専用,台
給湯器,パロマ 給湯器 24号 都市ガス 13A ふろ給湯 フルオート,台
給湯器,パロマ 給湯器 24号 都市ガス 13A ふろ給湯 追い炊き付き,台
給湯器,パロマ 給湯器 24号 都市ガス 13A 給湯専用,台
給湯器,パーパス 給湯器 16号 エコジョーズ追い焚き付き,台
給湯器,パーパス 給湯器 16号 標準,台
給湯器,パーパス 給湯器 20号 エコジョーズ追い焚き付き,台
給湯器,パーパス 給湯器 20号 標準,台
給湯器,パーパス 給湯器 24号 エコジョーズ追い焚き付き,台
給湯器,パーパス 給湯器 24号 標準,台
給湯器,パーパス 給湯器（16号 エコジョーズ追い焚き）,台
給湯器,パーパス 給湯器（16号 エコジョーズ）,台
給湯器,パーパス 給湯器（20号 エコジョーズ追い焚き）,台
給湯器,パーパス 給湯器（20号 エコジョーズ）,台
給湯器,パーパス 給湯器（24号 エコジョーズ追い焚き）,台
給湯器,パーパス 給湯器（24号 エコジョーズ）,台
給湯器,リンナイ RUF-A1615SAW 16号,台
給湯器,リンナイ RUF-A2005SAW 20号,台
給湯器,リンナイ RUF-A2405SAW 24号,台
給湯器,リンナイ 給湯器 16号 LPガス ふろ給湯 フルオート,台
給湯器,リンナイ 給湯器 16号 LPガス ふろ給湯 追い炊き付き,台
給湯器,リンナイ 給湯器 16号 LPガス 給湯専用,台
給湯器,リンナイ 給湯器 16号 エコジョーズ追い焚き付き,台
給湯器,リンナイ 給湯器 16号 標準,台
給湯器,リンナイ 給湯器 16号 都市ガス 13A ふろ給湯 フルオート,台
給湯器,リンナイ 給湯器 16号 都市ガス 13A ふろ給湯 追い炊き付き,台
給湯器,リンナイ 給湯器 16号 都市ガス 13A 給湯専用,台
給湯器,リンナイ 給湯器 20号 LPガス ふろ給湯 フルオート,台
給湯器,リンナイ 給湯器 20号 LPガス ふろ給湯 追い炊き付き,台
給湯器,リンナイ 給湯器 20号 LPガス 給湯専用,台
給湯器,リンナイ 給湯器 20号 エコジョーズ追い焚き付き,台
給湯器,リンナイ 給湯器 20号 標準,台
給湯器,リンナイ 給湯器 20号 都市ガス 13A ふろ給湯 フルオート,台
給湯器,リンナイ 給湯器 20号 都市ガス 13A ふろ給湯 追い炊き付き,台
給湯器,リンナイ 給湯器 20号 都市ガス 13A 給湯専用,台
給湯器,リンナイ 給湯器 24号 LPガス ふろ給湯 フルオート,台
給湯器,リンナイ 給湯器 24号 LPガス ふろ給湯 追い炊き付き,台
給湯器,リンナイ 給湯器 24号 LPガス 暖房熱源機,台
給湯器,リンナイ 給湯器 24号 LPガス 給湯専用,台
給湯器,リンナイ 給湯器 24号 エコジョーズ追い焚き付き,台
給湯器,リンナイ 給湯器 24号 標準,台
給湯器,リンナイ 給湯器 24号 都市ガス 13A ふろ給湯 フルオート,台
給湯器,リンナイ 給湯器 24号 都市ガス 13A ふろ給湯 追い炊き付き,台
給湯器,リンナイ 給湯器 24号 都市ガス 13A 暖房熱源機,台
給湯器,リンナイ 給湯器 24号 都市ガス 13A 給湯専用,台
給湯器,リンナイ 給湯器（16号 エコジョーズ追い焚き）,台
給湯器,リンナイ 給湯器（16号 エコジョーズ）,台
給湯器,リンナイ 給湯器（20号 エコジョーズ追い焚き）,台
給湯器,リンナイ 給湯器（20号 エコジョーズ）,台
給湯器,リンナイ 給湯器（24号 エコジョーズ追い焚き）,台
給湯器,リンナイ 給湯器（24号 エコジョーズ）,台
給湯器,石油給湯器 屋外型 コロナ,台
給湯器,長府製作所 給湯器 16号 LPガス ふろ給湯 フルオート,台
給湯器,長府製作所 給湯器 16号 LPガス ふろ給湯 追い炊き付き,台
給湯器,長府製作所 給湯器 16号 LPガス 給湯専用,台
給湯器,長府製作所 給湯器 16号 都市ガス 13A ふろ給湯 フルオート,台
給湯器,長府製作所 給湯器 16号 都市ガス 13A ふろ給湯 追い炊き付き,台
給湯器,長府製作所 給湯器 16号 都市ガス 13A 給湯専用,台
給湯器,長府製作所 給湯器 20号 LPガス ふろ給湯 フルオート,台
給湯器,長府製作所 給湯器 20号 LPガス ふろ給湯 追い炊き付き,台
給湯器,長府製作所 給湯器 20号 LPガス 給湯専用,台
給湯器,長府製作所 給湯器 20号 都市ガス 13A ふろ給湯 フルオート,台
給湯器,長府製作所 給湯器 20号 都市ガス 13A ふろ給湯 追い炊き付き,台
給湯器,長府製作所 給湯器 20号 都市ガス 13A 給湯専用,台
給湯器,長府製作所 給湯器 24号 LPガス ふろ給湯 フルオート,台
給湯器,長府製作所 給湯器 24号 LPガス ふろ給湯 追い炊き付き,台
給湯器,長府製作所 給湯器 24号 LPガス 給湯専用,台
給湯器,長府製作所 給湯器 24号 都市ガス 13A ふろ給湯 フルオート,台
給湯器,長府製作所 給湯器 24号 都市ガス 13A ふろ給湯 追い炊き付き,台
給湯器,長府製作所 給湯器 24号 都市ガス 13A 給湯専用,台
給湯器,電気温水器 370L,台
給湯器,電気温水器 460L,台
解体・廃材処理,RC解体費（坪単価）,坪
解体・廃材処理,RC解体費（坪）,坪
解体・廃材処理,RC造解体 坪単価,坪
解体・廃材処理,RC造解体（1m2）,m2
解体・廃材処理,SRC解体費（坪）,坪
解体・廃材処理,はつり コンクリートm2,m2
解体・廃材処理,はつり工事 コンクリートm2,m2
解体・廃材処理,アスベスト分析 1検体,検体
解体・廃材処理,アスベスト除去 レベル1 m2,m2
解体・廃材処理,アスベスト除去 レベル3,m2
解体・廃材処理,アスベスト除去 レベル3 m2,m2
解体・廃材処理,ガラ処分 RC1m3,m3
解体・廃材処理,ガラ搬出 4t,回
解体・廃材処理,ガラ搬出費 4t,回
解体・廃材処理,コンクリートガラ 1t,t
解体・廃材処理,コンクリートガラ処分 1t,t
解体・廃材処理,タイル解体 m2,m2
解体・廃材処理,ブロック解体 1個,個
解体・廃材処理,内装解体 坪単価,坪
解体・廃材処理,内装解体（1m2）,m2
解体・廃材処理,基礎解体（1m2）,m2
解体・廃材処理,外構解体（コンクリート 1m2）,m2
解体・廃材処理,床材剥がし m2,m2
解体・廃材処理,廃材分別費（坪単価）,坪
解体・廃材処理,廃材袋 フレコン1t用,枚
解体・廃材処理,廃材袋 土のう袋大,枚
解体・廃材処理,廃棄物処分（混廃 1t）,t
解体・廃材処理,廃棄物処理 FRP1t,t
解体・廃材処理,廃棄物処理 アスファルト1t,t
解体・廃材処理,廃棄物処理 ウレタン1t,t
解体・廃材処理,廃棄物処理 ガラス1t,t
解体・廃材処理,廃棄物処理 コンクリート1t,t
解体・廃材処理,廃棄物処理 塩ビ1t,t
解体・廃材処理,廃棄物処理 断熱材1t,t
解体・廃材処理,廃棄物処理 木材1t,t
解体・廃材処理,廃棄物処理 混合廃材1t,t
解体・廃材処理,廃棄物処理 石膏ボード1t,t
解体・廃材処理,廃棄物処理 蛍光灯（本）,本
解体・廃材処理,廃棄物収集運搬 10tトラック,台
解体・廃材処理,廃棄物収集運搬 2tトラック,台
解体・廃材処理,廃棄物収集運搬 4tトラック,台
解体・廃材処理,廃棄物収集運搬（1t）,t
解体・廃材処理,木造解体 坪単価標準,坪
解体・廃材処理,木造解体 坪単価重機,坪
解体・廃材処理,木造解体費（坪単価）,坪
解体・廃材処理,木造解体費（坪）,坪
解体・廃材処理,木造解体（1m2）,m2
解体・廃材処理,樹木伐採（H5m以下 1本）,本
解体・廃材処理,残土処分 1m3,m3
解体・廃材処理,浄化槽撤去（1基）,基
解体・廃材処理,産廃マニフェスト（1式）,式
解体・廃材処理,解体届出書類作成費,式
解体・廃材処理,解体工事準備費（養生等）,式
解体・廃材処理,解体後整地 坪,坪
解体・廃材処理,鉄骨造解体 坪単価,坪
解体・廃材処理,鉄骨造解体（1m2）,m2
軒天・破風・雨樋,クボタシーアイ パネルウォール樋 エルボ 90° 60φ カラーシルバー,個
軒天・破風・雨樋,クボタシーアイ パネルウォール樋 エルボ 90° 60φ グレー,個
軒天・破風・雨樋,クボタシーアイ パネルウォール樋 エルボ 90° 60φ チョコ,個
軒天・破風・雨樋,クボタシーアイ パネルウォール樋 エルボ 90° 60φ 白,個
軒天・破風・雨樋,クボタシーアイ パネルウォール樋 エルボ 90° 60φ 茶,個
軒天・破風・雨樋,クボタシーアイ パネルウォール樋 エルボ 90° 60φ 黒,個
軒天・破風・雨樋,クボタシーアイ パネルウォール樋 竪樋 角型45×60 3m カラーシルバー,本
軒天・破風・雨樋,クボタシーアイ パネルウォール樋 竪樋 角型45×60 3m グレー,本
軒天・破風・雨樋,クボタシーアイ パネルウォール樋 竪樋 角型45×60 3m チョコ,本
軒天・破風・雨樋,クボタシーアイ パネルウォール樋 竪樋 角型45×60 3m 白,本
軒天・破風・雨樋,クボタシーアイ パネルウォール樋 竪樋 角型45×60 3m 茶,本
軒天・破風・雨樋,クボタシーアイ パネルウォール樋 竪樋 角型45×60 3m 黒,本
軒天・破風・雨樋,クボタシーアイ パネルウォール樋 竪樋（たてどい） 丸型60φ 3m カラーシルバー,本
軒天・破風・雨樋,クボタシーアイ パネルウォール樋 竪樋（たてどい） 丸型60φ 3m グレー,本
軒天・破風・雨樋,クボタシーアイ パネルウォール樋 竪樋（たてどい） 丸型60φ 3m チョコ,本
軒天・破風・雨樋,クボタシーアイ パネルウォール樋 竪樋（たてどい） 丸型60φ 3m 白,本
軒天・破風・雨樋,クボタシーアイ パネルウォール樋 竪樋（たてどい） 丸型60φ 3m 茶,本
軒天・破風・雨樋,クボタシーアイ パネルウォール樋 竪樋（たてどい） 丸型60φ 3m 黒,本
軒天・破風・雨樋,クボタシーアイ パネルウォール樋 軒樋 丸型75φ 3m カラーシルバー,本
軒天・破風・雨樋,クボタシーアイ パネルウォール樋 軒樋 丸型75φ 3m グレー,本
軒天・破風・雨樋,クボタシーアイ パネルウォール樋 軒樋 丸型75φ 3m チョコ,本
軒天・破風・雨樋,クボタシーアイ パネルウォール樋 軒樋 丸型75φ 3m 白,本
軒天・破風・雨樋,クボタシーアイ パネルウォール樋 軒樋 丸型75φ 3m 茶,本
軒天・破風・雨樋,クボタシーアイ パネルウォール樋 軒樋 丸型75φ 3m 黒,本
軒天・破風・雨樋,クボタシーアイ パネルウォール樋 軒樋 角型60×80 3m カラーシルバー,本
軒天・破風・雨樋,クボタシーアイ パネルウォール樋 軒樋 角型60×80 3m グレー,本
軒天・破風・雨樋,クボタシーアイ パネルウォール樋 軒樋 角型60×80 3m チョコ,本
軒天・破風・雨樋,クボタシーアイ パネルウォール樋 軒樋 角型60×80 3m 白,本
軒天・破風・雨樋,クボタシーアイ パネルウォール樋 軒樋 角型60×80 3m 茶,本
軒天・破風・雨樋,クボタシーアイ パネルウォール樋 軒樋 角型60×80 3m 黒,本
軒天・破風・雨樋,クボタシーアイ パネルウォール樋 軒樋（のきどい） 丸型60φ 3m カラーシルバー,本
軒天・破風・雨樋,クボタシーアイ パネルウォール樋 軒樋（のきどい） 丸型60φ 3m グレー,本
軒天・破風・雨樋,クボタシーアイ パネルウォール樋 軒樋（のきどい） 丸型60φ 3m チョコ,本
軒天・破風・雨樋,クボタシーアイ パネルウォール樋 軒樋（のきどい） 丸型60φ 3m 白,本
軒天・破風・雨樋,クボタシーアイ パネルウォール樋 軒樋（のきどい） 丸型60φ 3m 茶,本
軒天・破風・雨樋,クボタシーアイ パネルウォール樋 軒樋（のきどい） 丸型60φ 3m 黒,本
軒天・破風・雨樋,クボタシーアイ パネルウォール樋 集水器 75φ対応 カラーシルバー,個
軒天・破風・雨樋,クボタシーアイ パネルウォール樋 集水器 75φ対応 グレー,個
軒天・破風・雨樋,クボタシーアイ パネルウォール樋 集水器 75φ対応 チョコ,個
軒天・破風・雨樋,クボタシーアイ パネルウォール樋 集水器 75φ対応 白,個
軒天・破風・雨樋,クボタシーアイ パネルウォール樋 集水器 75φ対応 茶,個
軒天・破風・雨樋,クボタシーアイ パネルウォール樋 集水器 75φ対応 黒,個
軒天・破風・雨樋,クボタシーアイ パネルウォール樋 集水器（しゅうすいき） 60φ対応 カラーシルバー,個
軒天・破風・雨樋,クボタシーアイ パネルウォール樋 集水器（しゅうすいき） 60φ対応 グレー,個
軒天・破風・雨樋,クボタシーアイ パネルウォール樋 集水器（しゅうすいき） 60φ対応 チョコ,個
軒天・破風・雨樋,クボタシーアイ パネルウォール樋 集水器（しゅうすいき） 60φ対応 白,個
軒天・破風・雨樋,クボタシーアイ パネルウォール樋 集水器（しゅうすいき） 60φ対応 茶,個
軒天・破風・雨樋,クボタシーアイ パネルウォール樋 集水器（しゅうすいき） 60φ対応 黒,個
軒天・破風・雨樋,クボタシーアイ 縦樋60 エルボ 90° 60φ カラーシルバー,個
軒天・破風・雨樋,クボタシーアイ 縦樋60 エルボ 90° 60φ グレー,個
軒天・破風・雨樋,クボタシーアイ 縦樋60 エルボ 90° 60φ チョコ,個
軒天・破風・雨樋,クボタシーアイ 縦樋60 エルボ 90° 60φ 白,個
軒天・破風・雨樋,クボタシーアイ 縦樋60 エルボ 90° 60φ 茶,個
軒天・破風・雨樋,クボタシーアイ 縦樋60 エルボ 90° 60φ 黒,個
軒天・破風・雨樋,クボタシーアイ 縦樋60 竪樋 角型45×60 3m カラーシルバー,本
軒天・破風・雨樋,クボタシーアイ 縦樋60 竪樋 角型45×60 3m グレー,本
軒天・破風・雨樋,クボタシーアイ 縦樋60 竪樋 角型45×60 3m チョコ,本
軒天・破風・雨樋,クボタシーアイ 縦樋60 竪樋 角型45×60 3m 白,本
軒天・破風・雨樋,クボタシーアイ 縦樋60 竪樋 角型45×60 3m 茶,本
軒天・破風・雨樋,クボタシーアイ 縦樋60 竪樋 角型45×60 3m 黒,本
軒天・破風・雨樋,クボタシーアイ 縦樋60 竪樋（たてどい） 丸型60φ 3m カラーシルバー,本
軒天・破風・雨樋,クボタシーアイ 縦樋60 竪樋（たてどい） 丸型60φ 3m グレー,本
軒天・破風・雨樋,クボタシーアイ 縦樋60 竪樋（たてどい） 丸型60φ 3m チョコ,本
軒天・破風・雨樋,クボタシーアイ 縦樋60 竪樋（たてどい） 丸型60φ 3m 白,本
軒天・破風・雨樋,クボタシーアイ 縦樋60 竪樋（たてどい） 丸型60φ 3m 茶,本
軒天・破風・雨樋,クボタシーアイ 縦樋60 竪樋（たてどい） 丸型60φ 3m 黒,本
軒天・破風・雨樋,クボタシーアイ 縦樋60 軒樋 丸型75φ 3m カラーシルバー,本
軒天・破風・雨樋,クボタシーアイ 縦樋60 軒樋 丸型75φ 3m グレー,本
軒天・破風・雨樋,クボタシーアイ 縦樋60 軒樋 丸型75φ 3m チョコ,本
軒天・破風・雨樋,クボタシーアイ 縦樋60 軒樋 丸型75φ 3m 白,本
軒天・破風・雨樋,クボタシーアイ 縦樋60 軒樋 丸型75φ 3m 茶,本
軒天・破風・雨樋,クボタシーアイ 縦樋60 軒樋 丸型75φ 3m 黒,本
軒天・破風・雨樋,クボタシーアイ 縦樋60 軒樋 角型60×80 3m カラーシルバー,本
軒天・破風・雨樋,クボタシーアイ 縦樋60 軒樋 角型60×80 3m グレー,本
軒天・破風・雨樋,クボタシーアイ 縦樋60 軒樋 角型60×80 3m チョコ,本
軒天・破風・雨樋,クボタシーアイ 縦樋60 軒樋 角型60×80 3m 白,本
軒天・破風・雨樋,クボタシーアイ 縦樋60 軒樋 角型60×80 3m 茶,本
軒天・破風・雨樋,クボタシーアイ 縦樋60 軒樋 角型60×80 3m 黒,本
軒天・破風・雨樋,クボタシーアイ 縦樋60 軒樋（のきどい） 丸型60φ 3m カラーシルバー,本
軒天・破風・雨樋,クボタシーアイ 縦樋60 軒樋（のきどい） 丸型60φ 3m グレー,本
軒天・破風・雨樋,クボタシーアイ 縦樋60 軒樋（のきどい） 丸型60φ 3m チョコ,本
軒天・破風・雨樋,クボタシーアイ 縦樋60 軒樋（のきどい） 丸型60φ 3m 白,本
軒天・破風・雨樋,クボタシーアイ 縦樋60 軒樋（のきどい） 丸型60φ 3m 茶,本
軒天・破風・雨樋,クボタシーアイ 縦樋60 軒樋（のきどい） 丸型60φ 3m 黒,本
軒天・破風・雨樋,クボタシーアイ 縦樋60 集水器 75φ対応 カラーシルバー,個
軒天・破風・雨樋,クボタシーアイ 縦樋60 集水器 75φ対応 グレー,個
軒天・破風・雨樋,クボタシーアイ 縦樋60 集水器 75φ対応 チョコ,個
軒天・破風・雨樋,クボタシーアイ 縦樋60 集水器 75φ対応 白,個
軒天・破風・雨樋,クボタシーアイ 縦樋60 集水器 75φ対応 茶,個
軒天・破風・雨樋,クボタシーアイ 縦樋60 集水器 75φ対応 黒,個
軒天・破風・雨樋,クボタシーアイ 縦樋60 集水器（しゅうすいき） 60φ対応 カラーシルバー,個
軒天・破風・雨樋,クボタシーアイ 縦樋60 集水器（しゅうすいき） 60φ対応 グレー,個
軒天・破風・雨樋,クボタシーアイ 縦樋60 集水器（しゅうすいき） 60φ対応 チョコ,個
軒天・破風・雨樋,クボタシーアイ 縦樋60 集水器（しゅうすいき） 60φ対応 白,個
軒天・破風・雨樋,クボタシーアイ 縦樋60 集水器（しゅうすいき） 60φ対応 茶,個
軒天・破風・雨樋,クボタシーアイ 縦樋60 集水器（しゅうすいき） 60φ対応 黒,個
軒天・破風・雨樋,クボタシーアイ 縦樋75 エルボ 90° 60φ カラーシルバー,個
軒天・破風・雨樋,クボタシーアイ 縦樋75 エルボ 90° 60φ グレー,個
軒天・破風・雨樋,クボタシーアイ 縦樋75 エルボ 90° 60φ チョコ,個
軒天・破風・雨樋,クボタシーアイ 縦樋75 エルボ 90° 60φ 白,個
軒天・破風・雨樋,クボタシーアイ 縦樋75 エルボ 90° 60φ 茶,個
軒天・破風・雨樋,クボタシーアイ 縦樋75 エルボ 90° 60φ 黒,個
軒天・破風・雨樋,クボタシーアイ 縦樋75 竪樋 角型45×60 3m カラーシルバー,本
軒天・破風・雨樋,クボタシーアイ 縦樋75 竪樋 角型45×60 3m グレー,本
軒天・破風・雨樋,クボタシーアイ 縦樋75 竪樋 角型45×60 3m チョコ,本
軒天・破風・雨樋,クボタシーアイ 縦樋75 竪樋 角型45×60 3m 白,本
軒天・破風・雨樋,クボタシーアイ 縦樋75 竪樋 角型45×60 3m 茶,本
軒天・破風・雨樋,クボタシーアイ 縦樋75 竪樋 角型45×60 3m 黒,本
軒天・破風・雨樋,クボタシーアイ 縦樋75 竪樋（たてどい） 丸型60φ 3m カラーシルバー,本
軒天・破風・雨樋,クボタシーアイ 縦樋75 竪樋（たてどい） 丸型60φ 3m グレー,本
軒天・破風・雨樋,クボタシーアイ 縦樋75 竪樋（たてどい） 丸型60φ 3m チョコ,本
軒天・破風・雨樋,クボタシーアイ 縦樋75 竪樋（たてどい） 丸型60φ 3m 白,本
軒天・破風・雨樋,クボタシーアイ 縦樋75 竪樋（たてどい） 丸型60φ 3m 茶,本
軒天・破風・雨樋,クボタシーアイ 縦樋75 竪樋（たてどい） 丸型60φ 3m 黒,本
軒天・破風・雨樋,クボタシーアイ 縦樋75 軒樋 丸型75φ 3m カラーシルバー,本
軒天・破風・雨樋,クボタシーアイ 縦樋75 軒樋 丸型75φ 3m グレー,本
軒天・破風・雨樋,クボタシーアイ 縦樋75 軒樋 丸型75φ 3m チョコ,本
軒天・破風・雨樋,クボタシーアイ 縦樋75 軒樋 丸型75φ 3m 白,本
軒天・破風・雨樋,クボタシーアイ 縦樋75 軒樋 丸型75φ 3m 茶,本
軒天・破風・雨樋,クボタシーアイ 縦樋75 軒樋 丸型75φ 3m 黒,本
軒天・破風・雨樋,クボタシーアイ 縦樋75 軒樋 角型60×80 3m カラーシルバー,本
軒天・破風・雨樋,クボタシーアイ 縦樋75 軒樋 角型60×80 3m グレー,本
軒天・破風・雨樋,クボタシーアイ 縦樋75 軒樋 角型60×80 3m チョコ,本
軒天・破風・雨樋,クボタシーアイ 縦樋75 軒樋 角型60×80 3m 白,本
軒天・破風・雨樋,クボタシーアイ 縦樋75 軒樋 角型60×80 3m 茶,本
軒天・破風・雨樋,クボタシーアイ 縦樋75 軒樋 角型60×80 3m 黒,本
軒天・破風・雨樋,クボタシーアイ 縦樋75 軒樋（のきどい） 丸型60φ 3m カラーシルバー,本
軒天・破風・雨樋,クボタシーアイ 縦樋75 軒樋（のきどい） 丸型60φ 3m グレー,本
軒天・破風・雨樋,クボタシーアイ 縦樋75 軒樋（のきどい） 丸型60φ 3m チョコ,本
軒天・破風・雨樋,クボタシーアイ 縦樋75 軒樋（のきどい） 丸型60φ 3m 白,本
軒天・破風・雨樋,クボタシーアイ 縦樋75 軒樋（のきどい） 丸型60φ 3m 茶,本
軒天・破風・雨樋,クボタシーアイ 縦樋75 軒樋（のきどい） 丸型60φ 3m 黒,本
軒天・破風・雨樋,クボタシーアイ 縦樋75 集水器 75φ対応 カラーシルバー,個
軒天・破風・雨樋,クボタシーアイ 縦樋75 集水器 75φ対応 グレー,個
軒天・破風・雨樋,クボタシーアイ 縦樋75 集水器 75φ対応 チョコ,個
軒天・破風・雨樋,クボタシーアイ 縦樋75 集水器 75φ対応 白,個
軒天・破風・雨樋,クボタシーアイ 縦樋75 集水器 75φ対応 茶,個
軒天・破風・雨樋,クボタシーアイ 縦樋75 集水器 75φ対応 黒,個
軒天・破風・雨樋,クボタシーアイ 縦樋75 集水器（しゅうすいき） 60φ対応 カラーシルバー,個
軒天・破風・雨樋,クボタシーアイ 縦樋75 集水器（しゅうすいき） 60φ対応 グレー,個
軒天・破風・雨樋,クボタシーアイ 縦樋75 集水器（しゅうすいき） 60φ対応 チョコ,個
軒天・破風・雨樋,クボタシーアイ 縦樋75 集水器（しゅうすいき） 60φ対応 白,個
軒天・破風・雨樋,クボタシーアイ 縦樋75 集水器（しゅうすいき） 60φ対応 茶,個
軒天・破風・雨樋,クボタシーアイ 縦樋75 集水器（しゅうすいき） 60φ対応 黒,個
軒天・破風・雨樋,ケラバ板金（1m）,m
軒天・破風・雨樋,タキロンシーアイ よこ樋50 エルボ 90° 60φ カラーシルバー,個
軒天・破風・雨樋,タキロンシーアイ よこ樋50 エルボ 90° 60φ グレー,個
軒天・破風・雨樋,タキロンシーアイ よこ樋50 エルボ 90° 60φ チョコ,個
軒天・破風・雨樋,タキロンシーアイ よこ樋50 エルボ 90° 60φ 白,個
軒天・破風・雨樋,タキロンシーアイ よこ樋50 エルボ 90° 60φ 茶,個
軒天・破風・雨樋,タキロンシーアイ よこ樋50 エルボ 90° 60φ 黒,個
軒天・破風・雨樋,タキロンシーアイ よこ樋50 竪樋 角型45×60 3m カラーシルバー,本
軒天・破風・雨樋,タキロンシーアイ よこ樋50 竪樋 角型45×60 3m グレー,本
軒天・破風・雨樋,タキロンシーアイ よこ樋50 竪樋 角型45×60 3m チョコ,本
軒天・破風・雨樋,タキロンシーアイ よこ樋50 竪樋 角型45×60 3m 白,本
軒天・破風・雨樋,タキロンシーアイ よこ樋50 竪樋 角型45×60 3m 茶,本
軒天・破風・雨樋,タキロンシーアイ よこ樋50 竪樋 角型45×60 3m 黒,本
軒天・破風・雨樋,タキロンシーアイ よこ樋50 竪樋（たてどい） 丸型60φ 3m カラーシルバー,本
軒天・破風・雨樋,タキロンシーアイ よこ樋50 竪樋（たてどい） 丸型60φ 3m グレー,本
軒天・破風・雨樋,タキロンシーアイ よこ樋50 竪樋（たてどい） 丸型60φ 3m チョコ,本
軒天・破風・雨樋,タキロンシーアイ よこ樋50 竪樋（たてどい） 丸型60φ 3m 白,本
軒天・破風・雨樋,タキロンシーアイ よこ樋50 竪樋（たてどい） 丸型60φ 3m 茶,本
軒天・破風・雨樋,タキロンシーアイ よこ樋50 竪樋（たてどい） 丸型60φ 3m 黒,本
軒天・破風・雨樋,タキロンシーアイ よこ樋50 軒樋 丸型75φ 3m カラーシルバー,本
軒天・破風・雨樋,タキロンシーアイ よこ樋50 軒樋 丸型75φ 3m グレー,本
軒天・破風・雨樋,タキロンシーアイ よこ樋50 軒樋 丸型75φ 3m チョコ,本
軒天・破風・雨樋,タキロンシーアイ よこ樋50 軒樋 丸型75φ 3m 白,本
軒天・破風・雨樋,タキロンシーアイ よこ樋50 軒樋 丸型75φ 3m 茶,本
軒天・破風・雨樋,タキロンシーアイ よこ樋50 軒樋 丸型75φ 3m 黒,本
軒天・破風・雨樋,タキロンシーアイ よこ樋50 軒樋 角型60×80 3m カラーシルバー,本
軒天・破風・雨樋,タキロンシーアイ よこ樋50 軒樋 角型60×80 3m グレー,本
軒天・破風・雨樋,タキロンシーアイ よこ樋50 軒樋 角型60×80 3m チョコ,本
軒天・破風・雨樋,タキロンシーアイ よこ樋50 軒樋 角型60×80 3m 白,本
軒天・破風・雨樋,タキロンシーアイ よこ樋50 軒樋 角型60×80 3m 茶,本
軒天・破風・雨樋,タキロンシーアイ よこ樋50 軒樋 角型60×80 3m 黒,本
軒天・破風・雨樋,タキロンシーアイ よこ樋50 軒樋（のきどい） 丸型60φ 3m カラーシルバー,本
軒天・破風・雨樋,タキロンシーアイ よこ樋50 軒樋（のきどい） 丸型60φ 3m グレー,本
軒天・破風・雨樋,タキロンシーアイ よこ樋50 軒樋（のきどい） 丸型60φ 3m チョコ,本
軒天・破風・雨樋,タキロンシーアイ よこ樋50 軒樋（のきどい） 丸型60φ 3m 白,本
軒天・破風・雨樋,タキロンシーアイ よこ樋50 軒樋（のきどい） 丸型60φ 3m 茶,本
軒天・破風・雨樋,タキロンシーアイ よこ樋50 軒樋（のきどい） 丸型60φ 3m 黒,本
軒天・破風・雨樋,タキロンシーアイ よこ樋50 集水器 75φ対応 カラーシルバー,個
軒天・破風・雨樋,タキロンシーアイ よこ樋50 集水器 75φ対応 グレー,個
軒天・破風・雨樋,タキロンシーアイ よこ樋50 集水器 75φ対応 チョコ,個
軒天・破風・雨樋,タキロンシーアイ よこ樋50 集水器 75φ対応 白,個
軒天・破風・雨樋,タキロンシーアイ よこ樋50 集水器 75φ対応 茶,個
軒天・破風・雨樋,タキロンシーアイ よこ樋50 集水器 75φ対応 黒,個
軒天・破風・雨樋,タキロンシーアイ よこ樋50 集水器（しゅうすいき） 60φ対応 カラーシルバー,個
軒天・破風・雨樋,タキロンシーアイ よこ樋50 集水器（しゅうすいき） 60φ対応 グレー,個
軒天・破風・雨樋,タキロンシーアイ よこ樋50 集水器（しゅうすいき） 60φ対応 チョコ,個
軒天・破風・雨樋,タキロンシーアイ よこ樋50 集水器（しゅうすいき） 60φ対応 白,個
軒天・破風・雨樋,タキロンシーアイ よこ樋50 集水器（しゅうすいき） 60φ対応 茶,個
軒天・破風・雨樋,タキロンシーアイ よこ樋50 集水器（しゅうすいき） 60φ対応 黒,個
軒天・破風・雨樋,タキロンシーアイ よこ樋60 エルボ 90° 60φ カラーシルバー,個
軒天・破風・雨樋,タキロンシーアイ よこ樋60 エルボ 90° 60φ グレー,個
軒天・破風・雨樋,タキロンシーアイ よこ樋60 エルボ 90° 60φ チョコ,個
軒天・破風・雨樋,タキロンシーアイ よこ樋60 エルボ 90° 60φ 白,個
軒天・破風・雨樋,タキロンシーアイ よこ樋60 エルボ 90° 60φ 茶,個
軒天・破風・雨樋,タキロンシーアイ よこ樋60 エルボ 90° 60φ 黒,個
軒天・破風・雨樋,タキロンシーアイ よこ樋60 竪樋 角型45×60 3m カラーシルバー,本
軒天・破風・雨樋,タキロンシーアイ よこ樋60 竪樋 角型45×60 3m グレー,本
軒天・破風・雨樋,タキロンシーアイ よこ樋60 竪樋 角型45×60 3m チョコ,本
軒天・破風・雨樋,タキロンシーアイ よこ樋60 竪樋 角型45×60 3m 白,本
軒天・破風・雨樋,タキロンシーアイ よこ樋60 竪樋 角型45×60 3m 茶,本
軒天・破風・雨樋,タキロンシーアイ よこ樋60 竪樋 角型45×60 3m 黒,本
軒天・破風・雨樋,タキロンシーアイ よこ樋60 竪樋（たてどい） 丸型60φ 3m カラーシルバー,本
軒天・破風・雨樋,タキロンシーアイ よこ樋60 竪樋（たてどい） 丸型60φ 3m グレー,本
軒天・破風・雨樋,タキロンシーアイ よこ樋60 竪樋（たてどい） 丸型60φ 3m チョコ,本
軒天・破風・雨樋,タキロンシーアイ よこ樋60 竪樋（たてどい） 丸型60φ 3m 白,本
軒天・破風・雨樋,タキロンシーアイ よこ樋60 竪樋（たてどい） 丸型60φ 3m 茶,本
軒天・破風・雨樋,タキロンシーアイ よこ樋60 竪樋（たてどい） 丸型60φ 3m 黒,本
軒天・破風・雨樋,タキロンシーアイ よこ樋60 軒樋 丸型75φ 3m カラーシルバー,本
軒天・破風・雨樋,タキロンシーアイ よこ樋60 軒樋 丸型75φ 3m グレー,本
軒天・破風・雨樋,タキロンシーアイ よこ樋60 軒樋 丸型75φ 3m チョコ,本
軒天・破風・雨樋,タキロンシーアイ よこ樋60 軒樋 丸型75φ 3m 白,本
軒天・破風・雨樋,タキロンシーアイ よこ樋60 軒樋 丸型75φ 3m 茶,本
軒天・破風・雨樋,タキロンシーアイ よこ樋60 軒樋 丸型75φ 3m 黒,本
軒天・破風・雨樋,タキロンシーアイ よこ樋60 軒樋 角型60×80 3m カラーシルバー,本
軒天・破風・雨樋,タキロンシーアイ よこ樋60 軒樋 角型60×80 3m グレー,本
軒天・破風・雨樋,タキロンシーアイ よこ樋60 軒樋 角型60×80 3m チョコ,本
軒天・破風・雨樋,タキロンシーアイ よこ樋60 軒樋 角型60×80 3m 白,本
軒天・破風・雨樋,タキロンシーアイ よこ樋60 軒樋 角型60×80 3m 茶,本
軒天・破風・雨樋,タキロンシーアイ よこ樋60 軒樋 角型60×80 3m 黒,本
軒天・破風・雨樋,タキロンシーアイ よこ樋60 軒樋（のきどい） 丸型60φ 3m カラーシルバー,本
軒天・破風・雨樋,タキロンシーアイ よこ樋60 軒樋（のきどい） 丸型60φ 3m グレー,本
軒天・破風・雨樋,タキロンシーアイ よこ樋60 軒樋（のきどい） 丸型60φ 3m チョコ,本
軒天・破風・雨樋,タキロンシーアイ よこ樋60 軒樋（のきどい） 丸型60φ 3m 白,本
軒天・破風・雨樋,タキロンシーアイ よこ樋60 軒樋（のきどい） 丸型60φ 3m 茶,本
軒天・破風・雨樋,タキロンシーアイ よこ樋60 軒樋（のきどい） 丸型60φ 3m 黒,本
軒天・破風・雨樋,タキロンシーアイ よこ樋60 集水器 75φ対応 カラーシルバー,個
軒天・破風・雨樋,タキロンシーアイ よこ樋60 集水器 75φ対応 グレー,個
軒天・破風・雨樋,タキロンシーアイ よこ樋60 集水器 75φ対応 チョコ,個
軒天・破風・雨樋,タキロンシーアイ よこ樋60 集水器 75φ対応 白,個
軒天・破風・雨樋,タキロンシーアイ よこ樋60 集水器 75φ対応 茶,個
軒天・破風・雨樋,タキロンシーアイ よこ樋60 集水器 75φ対応 黒,個
軒天・破風・雨樋,タキロンシーアイ よこ樋60 集水器（しゅうすいき） 60φ対応 カラーシルバー,個
軒天・破風・雨樋,タキロンシーアイ よこ樋60 集水器（しゅうすいき） 60φ対応 グレー,個
軒天・破風・雨樋,タキロンシーアイ よこ樋60 集水器（しゅうすいき） 60φ対応 チョコ,個
軒天・破風・雨樋,タキロンシーアイ よこ樋60 集水器（しゅうすいき） 60φ対応 白,個
軒天・破風・雨樋,タキロンシーアイ よこ樋60 集水器（しゅうすいき） 60φ対応 茶,個
軒天・破風・雨樋,タキロンシーアイ よこ樋60 集水器（しゅうすいき） 60φ対応 黒,個
軒天・破風・雨樋,タキロンシーアイ よこ樋75 エルボ 90° 60φ カラーシルバー,個
軒天・破風・雨樋,タキロンシーアイ よこ樋75 エルボ 90° 60φ グレー,個
軒天・破風・雨樋,タキロンシーアイ よこ樋75 エルボ 90° 60φ チョコ,個
軒天・破風・雨樋,タキロンシーアイ よこ樋75 エルボ 90° 60φ 白,個
軒天・破風・雨樋,タキロンシーアイ よこ樋75 エルボ 90° 60φ 茶,個
軒天・破風・雨樋,タキロンシーアイ よこ樋75 エルボ 90° 60φ 黒,個
軒天・破風・雨樋,タキロンシーアイ よこ樋75 竪樋 角型45×60 3m カラーシルバー,本
軒天・破風・雨樋,タキロンシーアイ よこ樋75 竪樋 角型45×60 3m グレー,本
軒天・破風・雨樋,タキロンシーアイ よこ樋75 竪樋 角型45×60 3m チョコ,本
軒天・破風・雨樋,タキロンシーアイ よこ樋75 竪樋 角型45×60 3m 白,本
軒天・破風・雨樋,タキロンシーアイ よこ樋75 竪樋 角型45×60 3m 茶,本
軒天・破風・雨樋,タキロンシーアイ よこ樋75 竪樋 角型45×60 3m 黒,本
軒天・破風・雨樋,タキロンシーアイ よこ樋75 竪樋（たてどい） 丸型60φ 3m カラーシルバー,本
軒天・破風・雨樋,タキロンシーアイ よこ樋75 竪樋（たてどい） 丸型60φ 3m グレー,本
軒天・破風・雨樋,タキロンシーアイ よこ樋75 竪樋（たてどい） 丸型60φ 3m チョコ,本
軒天・破風・雨樋,タキロンシーアイ よこ樋75 竪樋（たてどい） 丸型60φ 3m 白,本
軒天・破風・雨樋,タキロンシーアイ よこ樋75 竪樋（たてどい） 丸型60φ 3m 茶,本
軒天・破風・雨樋,タキロンシーアイ よこ樋75 竪樋（たてどい） 丸型60φ 3m 黒,本
軒天・破風・雨樋,タキロンシーアイ よこ樋75 軒樋 丸型75φ 3m カラーシルバー,本
軒天・破風・雨樋,タキロンシーアイ よこ樋75 軒樋 丸型75φ 3m グレー,本
軒天・破風・雨樋,タキロンシーアイ よこ樋75 軒樋 丸型75φ 3m チョコ,本
軒天・破風・雨樋,タキロンシーアイ よこ樋75 軒樋 丸型75φ 3m 白,本
軒天・破風・雨樋,タキロンシーアイ よこ樋75 軒樋 丸型75φ 3m 茶,本
軒天・破風・雨樋,タキロンシーアイ よこ樋75 軒樋 丸型75φ 3m 黒,本
軒天・破風・雨樋,タキロンシーアイ よこ樋75 軒樋 角型60×80 3m カラーシルバー,本
軒天・破風・雨樋,タキロンシーアイ よこ樋75 軒樋 角型60×80 3m グレー,本
軒天・破風・雨樋,タキロンシーアイ よこ樋75 軒樋 角型60×80 3m チョコ,本
軒天・破風・雨樋,タキロンシーアイ よこ樋75 軒樋 角型60×80 3m 白,本
軒天・破風・雨樋,タキロンシーアイ よこ樋75 軒樋 角型60×80 3m 茶,本
軒天・破風・雨樋,タキロンシーアイ よこ樋75 軒樋 角型60×80 3m 黒,本
軒天・破風・雨樋,タキロンシーアイ よこ樋75 軒樋（のきどい） 丸型60φ 3m カラーシルバー,本
軒天・破風・雨樋,タキロンシーアイ よこ樋75 軒樋（のきどい） 丸型60φ 3m グレー,本
軒天・破風・雨樋,タキロンシーアイ よこ樋75 軒樋（のきどい） 丸型60φ 3m チョコ,本
軒天・破風・雨樋,タキロンシーアイ よこ樋75 軒樋（のきどい） 丸型60φ 3m 白,本
軒天・破風・雨樋,タキロンシーアイ よこ樋75 軒樋（のきどい） 丸型60φ 3m 茶,本
軒天・破風・雨樋,タキロンシーアイ よこ樋75 軒樋（のきどい） 丸型60φ 3m 黒,本
軒天・破風・雨樋,タキロンシーアイ よこ樋75 集水器 75φ対応 カラーシルバー,個
軒天・破風・雨樋,タキロンシーアイ よこ樋75 集水器 75φ対応 グレー,個
軒天・破風・雨樋,タキロンシーアイ よこ樋75 集水器 75φ対応 チョコ,個
軒天・破風・雨樋,タキロンシーアイ よこ樋75 集水器 75φ対応 白,個
軒天・破風・雨樋,タキロンシーアイ よこ樋75 集水器 75φ対応 茶,個
軒天・破風・雨樋,タキロンシーアイ よこ樋75 集水器 75φ対応 黒,個
軒天・破風・雨樋,タキロンシーアイ よこ樋75 集水器（しゅうすいき） 60φ対応 カラーシルバー,個
軒天・破風・雨樋,タキロンシーアイ よこ樋75 集水器（しゅうすいき） 60φ対応 グレー,個
軒天・破風・雨樋,タキロンシーアイ よこ樋75 集水器（しゅうすいき） 60φ対応 チョコ,個
軒天・破風・雨樋,タキロンシーアイ よこ樋75 集水器（しゅうすいき） 60φ対応 白,個
軒天・破風・雨樋,タキロンシーアイ よこ樋75 集水器（しゅうすいき） 60φ対応 茶,個
軒天・破風・雨樋,タキロンシーアイ よこ樋75 集水器（しゅうすいき） 60φ対応 黒,個
軒天・破風・雨樋,タキロンシーアイ 角型樋 エルボ 90° 60φ カラーシルバー,個
軒天・破風・雨樋,タキロンシーアイ 角型樋 エルボ 90° 60φ グレー,個
軒天・破風・雨樋,タキロンシーアイ 角型樋 エルボ 90° 60φ チョコ,個
軒天・破風・雨樋,タキロンシーアイ 角型樋 エルボ 90° 60φ 白,個
軒天・破風・雨樋,タキロンシーアイ 角型樋 エルボ 90° 60φ 茶,個
軒天・破風・雨樋,タキロンシーアイ 角型樋 エルボ 90° 60φ 黒,個
軒天・破風・雨樋,タキロンシーアイ 角型樋 竪樋 角型45×60 3m カラーシルバー,本
軒天・破風・雨樋,タキロンシーアイ 角型樋 竪樋 角型45×60 3m グレー,本
軒天・破風・雨樋,タキロンシーアイ 角型樋 竪樋 角型45×60 3m チョコ,本
軒天・破風・雨樋,タキロンシーアイ 角型樋 竪樋 角型45×60 3m 白,本
軒天・破風・雨樋,タキロンシーアイ 角型樋 竪樋 角型45×60 3m 茶,本
軒天・破風・雨樋,タキロンシーアイ 角型樋 竪樋 角型45×60 3m 黒,本
軒天・破風・雨樋,タキロンシーアイ 角型樋 竪樋（たてどい） 丸型60φ 3m カラーシルバー,本
軒天・破風・雨樋,タキロンシーアイ 角型樋 竪樋（たてどい） 丸型60φ 3m グレー,本
軒天・破風・雨樋,タキロンシーアイ 角型樋 竪樋（たてどい） 丸型60φ 3m チョコ,本
軒天・破風・雨樋,タキロンシーアイ 角型樋 竪樋（たてどい） 丸型60φ 3m 白,本
軒天・破風・雨樋,タキロンシーアイ 角型樋 竪樋（たてどい） 丸型60φ 3m 茶,本
軒天・破風・雨樋,タキロンシーアイ 角型樋 竪樋（たてどい） 丸型60φ 3m 黒,本
軒天・破風・雨樋,タキロンシーアイ 角型樋 軒樋 丸型75φ 3m カラーシルバー,本
軒天・破風・雨樋,タキロンシーアイ 角型樋 軒樋 丸型75φ 3m グレー,本
軒天・破風・雨樋,タキロンシーアイ 角型樋 軒樋 丸型75φ 3m チョコ,本
軒天・破風・雨樋,タキロンシーアイ 角型樋 軒樋 丸型75φ 3m 白,本
軒天・破風・雨樋,タキロンシーアイ 角型樋 軒樋 丸型75φ 3m 茶,本
軒天・破風・雨樋,タキロンシーアイ 角型樋 軒樋 丸型75φ 3m 黒,本
軒天・破風・雨樋,タキロンシーアイ 角型樋 軒樋 角型60×80 3m カラーシルバー,本
軒天・破風・雨樋,タキロンシーアイ 角型樋 軒樋 角型60×80 3m グレー,本
軒天・破風・雨樋,タキロンシーアイ 角型樋 軒樋 角型60×80 3m チョコ,本
軒天・破風・雨樋,タキロンシーアイ 角型樋 軒樋 角型60×80 3m 白,本
軒天・破風・雨樋,タキロンシーアイ 角型樋 軒樋 角型60×80 3m 茶,本
軒天・破風・雨樋,タキロンシーアイ 角型樋 軒樋 角型60×80 3m 黒,本
軒天・破風・雨樋,タキロンシーアイ 角型樋 軒樋（のきどい） 丸型60φ 3m カラーシルバー,本
軒天・破風・雨樋,タキロンシーアイ 角型樋 軒樋（のきどい） 丸型60φ 3m グレー,本
軒天・破風・雨樋,タキロンシーアイ 角型樋 軒樋（のきどい） 丸型60φ 3m チョコ,本
軒天・破風・雨樋,タキロンシーアイ 角型樋 軒樋（のきどい） 丸型60φ 3m 白,本
軒天・破風・雨樋,タキロンシーアイ 角型樋 軒樋（のきどい） 丸型60φ 3m 茶,本
軒天・破風・雨樋,タキロンシーアイ 角型樋 軒樋（のきどい） 丸型60φ 3m 黒,本
軒天・破風・雨樋,タキロンシーアイ 角型樋 集水器 75φ対応 カラーシルバー,個
軒天・破風・雨樋,タキロンシーアイ 角型樋 集水器 75φ対応 グレー,個
軒天・破風・雨樋,タキロンシーアイ 角型樋 集水器 75φ対応 チョコ,個
軒天・破風・雨樋,タキロンシーアイ 角型樋 集水器 75φ対応 白,個
軒天・破風・雨樋,タキロンシーアイ 角型樋 集水器 75φ対応 茶,個
軒天・破風・雨樋,タキロンシーアイ 角型樋 集水器 75φ対応 黒,個
軒天・破風・雨樋,タキロンシーアイ 角型樋 集水器（しゅうすいき） 60φ対応 カラーシルバー,個
軒天・破風・雨樋,タキロンシーアイ 角型樋 集水器（しゅうすいき） 60φ対応 グレー,個
軒天・破風・雨樋,タキロンシーアイ 角型樋 集水器（しゅうすいき） 60φ対応 チョコ,個
軒天・破風・雨樋,タキロンシーアイ 角型樋 集水器（しゅうすいき） 60φ対応 白,個
軒天・破風・雨樋,タキロンシーアイ 角型樋 集水器（しゅうすいき） 60φ対応 茶,個
軒天・破風・雨樋,タキロンシーアイ 角型樋 集水器（しゅうすいき） 60φ対応 黒,個
軒天・破風・雨樋,パナソニック（雨樋） PC50 エルボ 90° 60φ カラーシルバー,個
軒天・破風・雨樋,パナソニック（雨樋） PC50 エルボ 90° 60φ グレー,個
軒天・破風・雨樋,パナソニック（雨樋） PC50 エルボ 90° 60φ チョコ,個
軒天・破風・雨樋,パナソニック（雨樋） PC50 エルボ 90° 60φ 白,個
軒天・破風・雨樋,パナソニック（雨樋） PC50 エルボ 90° 60φ 茶,個
軒天・破風・雨樋,パナソニック（雨樋） PC50 エルボ 90° 60φ 黒,個
軒天・破風・雨樋,パナソニック（雨樋） PC50 竪樋 角型45×60 3m カラーシルバー,本
軒天・破風・雨樋,パナソニック（雨樋） PC50 竪樋 角型45×60 3m グレー,本
軒天・破風・雨樋,パナソニック（雨樋） PC50 竪樋 角型45×60 3m チョコ,本
軒天・破風・雨樋,パナソニック（雨樋） PC50 竪樋 角型45×60 3m 白,本
軒天・破風・雨樋,パナソニック（雨樋） PC50 竪樋 角型45×60 3m 茶,本
軒天・破風・雨樋,パナソニック（雨樋） PC50 竪樋 角型45×60 3m 黒,本
軒天・破風・雨樋,パナソニック（雨樋） PC50 竪樋（たてどい） 丸型60φ 3m カラーシルバー,本
軒天・破風・雨樋,パナソニック（雨樋） PC50 竪樋（たてどい） 丸型60φ 3m グレー,本
軒天・破風・雨樋,パナソニック（雨樋） PC50 竪樋（たてどい） 丸型60φ 3m チョコ,本
軒天・破風・雨樋,パナソニック（雨樋） PC50 竪樋（たてどい） 丸型60φ 3m 白,本
軒天・破風・雨樋,パナソニック（雨樋） PC50 竪樋（たてどい） 丸型60φ 3m 茶,本
軒天・破風・雨樋,パナソニック（雨樋） PC50 竪樋（たてどい） 丸型60φ 3m 黒,本
軒天・破風・雨樋,パナソニック（雨樋） PC50 軒樋 丸型75φ 3m カラーシルバー,本
軒天・破風・雨樋,パナソニック（雨樋） PC50 軒樋 丸型75φ 3m グレー,本
軒天・破風・雨樋,パナソニック（雨樋） PC50 軒樋 丸型75φ 3m チョコ,本
軒天・破風・雨樋,パナソニック（雨樋） PC50 軒樋 丸型75φ 3m 白,本
軒天・破風・雨樋,パナソニック（雨樋） PC50 軒樋 丸型75φ 3m 茶,本
軒天・破風・雨樋,パナソニック（雨樋） PC50 軒樋 丸型75φ 3m 黒,本
軒天・破風・雨樋,パナソニック（雨樋） PC50 軒樋 角型60×80 3m カラーシルバー,本
軒天・破風・雨樋,パナソニック（雨樋） PC50 軒樋 角型60×80 3m グレー,本
軒天・破風・雨樋,パナソニック（雨樋） PC50 軒樋 角型60×80 3m チョコ,本
軒天・破風・雨樋,パナソニック（雨樋） PC50 軒樋 角型60×80 3m 白,本
軒天・破風・雨樋,パナソニック（雨樋） PC50 軒樋 角型60×80 3m 茶,本
軒天・破風・雨樋,パナソニック（雨樋） PC50 軒樋 角型60×80 3m 黒,本
軒天・破風・雨樋,パナソニック（雨樋） PC50 軒樋（のきどい） 丸型60φ 3m カラーシルバー,本
軒天・破風・雨樋,パナソニック（雨樋） PC50 軒樋（のきどい） 丸型60φ 3m グレー,本
軒天・破風・雨樋,パナソニック（雨樋） PC50 軒樋（のきどい） 丸型60φ 3m チョコ,本
軒天・破風・雨樋,パナソニック（雨樋） PC50 軒樋（のきどい） 丸型60φ 3m 白,本
軒天・破風・雨樋,パナソニック（雨樋） PC50 軒樋（のきどい） 丸型60φ 3m 茶,本
軒天・破風・雨樋,パナソニック（雨樋） PC50 軒樋（のきどい） 丸型60φ 3m 黒,本
軒天・破風・雨樋,パナソニック（雨樋） PC50 集水器 75φ対応 カラーシルバー,個
軒天・破風・雨樋,パナソニック（雨樋） PC50 集水器 75φ対応 グレー,個
軒天・破風・雨樋,パナソニック（雨樋） PC50 集水器 75φ対応 チョコ,個
軒天・破風・雨樋,パナソニック（雨樋） PC50 集水器 75φ対応 白,個
軒天・破風・雨樋,パナソニック（雨樋） PC50 集水器 75φ対応 茶,個
軒天・破風・雨樋,パナソニック（雨樋） PC50 集水器 75φ対応 黒,個
軒天・破風・雨樋,パナソニック（雨樋） PC50 集水器（しゅうすいき） 60φ対応 カラーシルバー,個
軒天・破風・雨樋,パナソニック（雨樋） PC50 集水器（しゅうすいき） 60φ対応 グレー,個
軒天・破風・雨樋,パナソニック（雨樋） PC50 集水器（しゅうすいき） 60φ対応 チョコ,個
軒天・破風・雨樋,パナソニック（雨樋） PC50 集水器（しゅうすいき） 60φ対応 白,個
軒天・破風・雨樋,パナソニック（雨樋） PC50 集水器（しゅうすいき） 60φ対応 茶,個
軒天・破風・雨樋,パナソニック（雨樋） PC50 集水器（しゅうすいき） 60φ対応 黒,個
軒天・破風・雨樋,パナソニック（雨樋） PC60 エルボ 90° 60φ カラーシルバー,個
軒天・破風・雨樋,パナソニック（雨樋） PC60 エルボ 90° 60φ グレー,個
軒天・破風・雨樋,パナソニック（雨樋） PC60 エルボ 90° 60φ チョコ,個
軒天・破風・雨樋,パナソニック（雨樋） PC60 エルボ 90° 60φ 白,個
軒天・破風・雨樋,パナソニック（雨樋） PC60 エルボ 90° 60φ 茶,個
軒天・破風・雨樋,パナソニック（雨樋） PC60 エルボ 90° 60φ 黒,個
軒天・破風・雨樋,パナソニック（雨樋） PC60 竪樋 角型45×60 3m カラーシルバー,本
軒天・破風・雨樋,パナソニック（雨樋） PC60 竪樋 角型45×60 3m グレー,本
軒天・破風・雨樋,パナソニック（雨樋） PC60 竪樋 角型45×60 3m チョコ,本
軒天・破風・雨樋,パナソニック（雨樋） PC60 竪樋 角型45×60 3m 白,本
軒天・破風・雨樋,パナソニック（雨樋） PC60 竪樋 角型45×60 3m 茶,本
軒天・破風・雨樋,パナソニック（雨樋） PC60 竪樋 角型45×60 3m 黒,本
軒天・破風・雨樋,パナソニック（雨樋） PC60 竪樋（たてどい） 丸型60φ 3m カラーシルバー,本
軒天・破風・雨樋,パナソニック（雨樋） PC60 竪樋（たてどい） 丸型60φ 3m グレー,本
軒天・破風・雨樋,パナソニック（雨樋） PC60 竪樋（たてどい） 丸型60φ 3m チョコ,本
軒天・破風・雨樋,パナソニック（雨樋） PC60 竪樋（たてどい） 丸型60φ 3m 白,本
軒天・破風・雨樋,パナソニック（雨樋） PC60 竪樋（たてどい） 丸型60φ 3m 茶,本
軒天・破風・雨樋,パナソニック（雨樋） PC60 竪樋（たてどい） 丸型60φ 3m 黒,本
軒天・破風・雨樋,パナソニック（雨樋） PC60 軒樋 丸型75φ 3m カラーシルバー,本
軒天・破風・雨樋,パナソニック（雨樋） PC60 軒樋 丸型75φ 3m グレー,本
軒天・破風・雨樋,パナソニック（雨樋） PC60 軒樋 丸型75φ 3m チョコ,本
軒天・破風・雨樋,パナソニック（雨樋） PC60 軒樋 丸型75φ 3m 白,本
軒天・破風・雨樋,パナソニック（雨樋） PC60 軒樋 丸型75φ 3m 茶,本
軒天・破風・雨樋,パナソニック（雨樋） PC60 軒樋 丸型75φ 3m 黒,本
軒天・破風・雨樋,パナソニック（雨樋） PC60 軒樋 角型60×80 3m カラーシルバー,本
軒天・破風・雨樋,パナソニック（雨樋） PC60 軒樋 角型60×80 3m グレー,本
軒天・破風・雨樋,パナソニック（雨樋） PC60 軒樋 角型60×80 3m チョコ,本
軒天・破風・雨樋,パナソニック（雨樋） PC60 軒樋 角型60×80 3m 白,本
軒天・破風・雨樋,パナソニック（雨樋） PC60 軒樋 角型60×80 3m 茶,本
軒天・破風・雨樋,パナソニック（雨樋） PC60 軒樋 角型60×80 3m 黒,本
軒天・破風・雨樋,パナソニック（雨樋） PC60 軒樋（のきどい） 丸型60φ 3m カラーシルバー,本
軒天・破風・雨樋,パナソニック（雨樋） PC60 軒樋（のきどい） 丸型60φ 3m グレー,本
軒天・破風・雨樋,パナソニック（雨樋） PC60 軒樋（のきどい） 丸型60φ 3m チョコ,本
軒天・破風・雨樋,パナソニック（雨樋） PC60 軒樋（のきどい） 丸型60φ 3m 白,本
軒天・破風・雨樋,パナソニック（雨樋） PC60 軒樋（のきどい） 丸型60φ 3m 茶,本
軒天・破風・雨樋,パナソニック（雨樋） PC60 軒樋（のきどい） 丸型60φ 3m 黒,本
軒天・破風・雨樋,パナソニック（雨樋） PC60 集水器 75φ対応 カラーシルバー,個
軒天・破風・雨樋,パナソニック（雨樋） PC60 集水器 75φ対応 グレー,個
軒天・破風・雨樋,パナソニック（雨樋） PC60 集水器 75φ対応 チョコ,個
軒天・破風・雨樋,パナソニック（雨樋） PC60 集水器 75φ対応 白,個
軒天・破風・雨樋,パナソニック（雨樋） PC60 集水器 75φ対応 茶,個
軒天・破風・雨樋,パナソニック（雨樋） PC60 集水器 75φ対応 黒,個
軒天・破風・雨樋,パナソニック（雨樋） PC60 集水器（しゅうすいき） 60φ対応 カラーシルバー,個
軒天・破風・雨樋,パナソニック（雨樋） PC60 集水器（しゅうすいき） 60φ対応 グレー,個
軒天・破風・雨樋,パナソニック（雨樋） PC60 集水器（しゅうすいき） 60φ対応 チョコ,個
軒天・破風・雨樋,パナソニック（雨樋） PC60 集水器（しゅうすいき） 60φ対応 白,個
軒天・破風・雨樋,パナソニック（雨樋） PC60 集水器（しゅうすいき） 60φ対応 茶,個
軒天・破風・雨樋,パナソニック（雨樋） PC60 集水器（しゅうすいき） 60φ対応 黒,個
軒天・破風・雨樋,パナソニック（雨樋） PC75 エルボ 90° 60φ カラーシルバー,個
軒天・破風・雨樋,パナソニック（雨樋） PC75 エルボ 90° 60φ グレー,個
軒天・破風・雨樋,パナソニック（雨樋） PC75 エルボ 90° 60φ チョコ,個
軒天・破風・雨樋,パナソニック（雨樋） PC75 エルボ 90° 60φ 白,個
軒天・破風・雨樋,パナソニック（雨樋） PC75 エルボ 90° 60φ 茶,個
軒天・破風・雨樋,パナソニック（雨樋） PC75 エルボ 90° 60φ 黒,個
軒天・破風・雨樋,パナソニック（雨樋） PC75 竪樋 角型45×60 3m カラーシルバー,本
軒天・破風・雨樋,パナソニック（雨樋） PC75 竪樋 角型45×60 3m グレー,本
軒天・破風・雨樋,パナソニック（雨樋） PC75 竪樋 角型45×60 3m チョコ,本
軒天・破風・雨樋,パナソニック（雨樋） PC75 竪樋 角型45×60 3m 白,本
軒天・破風・雨樋,パナソニック（雨樋） PC75 竪樋 角型45×60 3m 茶,本
軒天・破風・雨樋,パナソニック（雨樋） PC75 竪樋 角型45×60 3m 黒,本
軒天・破風・雨樋,パナソニック（雨樋） PC75 竪樋（たてどい） 丸型60φ 3m カラーシルバー,本
軒天・破風・雨樋,パナソニック（雨樋） PC75 竪樋（たてどい） 丸型60φ 3m グレー,本
軒天・破風・雨樋,パナソニック（雨樋） PC75 竪樋（たてどい） 丸型60φ 3m チョコ,本
軒天・破風・雨樋,パナソニック（雨樋） PC75 竪樋（たてどい） 丸型60φ 3m 白,本
軒天・破風・雨樋,パナソニック（雨樋） PC75 竪樋（たてどい） 丸型60φ 3m 茶,本
軒天・破風・雨樋,パナソニック（雨樋） PC75 竪樋（たてどい） 丸型60φ 3m 黒,本
軒天・破風・雨樋,パナソニック（雨樋） PC75 軒樋 丸型75φ 3m カラーシルバー,本
軒天・破風・雨樋,パナソニック（雨樋） PC75 軒樋 丸型75φ 3m グレー,本
軒天・破風・雨樋,パナソニック（雨樋） PC75 軒樋 丸型75φ 3m チョコ,本
軒天・破風・雨樋,パナソニック（雨樋） PC75 軒樋 丸型75φ 3m 白,本
軒天・破風・雨樋,パナソニック（雨樋） PC75 軒樋 丸型75φ 3m 茶,本
軒天・破風・雨樋,パナソニック（雨樋） PC75 軒樋 丸型75φ 3m 黒,本
軒天・破風・雨樋,パナソニック（雨樋） PC75 軒樋 角型60×80 3m カラーシルバー,本
軒天・破風・雨樋,パナソニック（雨樋） PC75 軒樋 角型60×80 3m グレー,本
軒天・破風・雨樋,パナソニック（雨樋） PC75 軒樋 角型60×80 3m チョコ,本
軒天・破風・雨樋,パナソニック（雨樋） PC75 軒樋 角型60×80 3m 白,本
軒天・破風・雨樋,パナソニック（雨樋） PC75 軒樋 角型60×80 3m 茶,本
軒天・破風・雨樋,パナソニック（雨樋） PC75 軒樋 角型60×80 3m 黒,本
軒天・破風・雨樋,パナソニック（雨樋） PC75 軒樋（のきどい） 丸型60φ 3m カラーシルバー,本
軒天・破風・雨樋,パナソニック（雨樋） PC75 軒樋（のきどい） 丸型60φ 3m グレー,本
軒天・破風・雨樋,パナソニック（雨樋） PC75 軒樋（のきどい） 丸型60φ 3m チョコ,本
軒天・破風・雨樋,パナソニック（雨樋） PC75 軒樋（のきどい） 丸型60φ 3m 白,本
軒天・破風・雨樋,パナソニック（雨樋） PC75 軒樋（のきどい） 丸型60φ 3m 茶,本
軒天・破風・雨樋,パナソニック（雨樋） PC75 軒樋（のきどい） 丸型60φ 3m 黒,本
軒天・破風・雨樋,パナソニック（雨樋） PC75 集水器 75φ対応 カラーシルバー,個
軒天・破風・雨樋,パナソニック（雨樋） PC75 集水器 75φ対応 グレー,個
軒天・破風・雨樋,パナソニック（雨樋） PC75 集水器 75φ対応 チョコ,個
軒天・破風・雨樋,パナソニック（雨樋） PC75 集水器 75φ対応 白,個
軒天・破風・雨樋,パナソニック（雨樋） PC75 集水器 75φ対応 茶,個
軒天・破風・雨樋,パナソニック（雨樋） PC75 集水器 75φ対応 黒,個
軒天・破風・雨樋,パナソニック（雨樋） PC75 集水器（しゅうすいき） 60φ対応 カラーシルバー,個
軒天・破風・雨樋,パナソニック（雨樋） PC75 集水器（しゅうすいき） 60φ対応 グレー,個
軒天・破風・雨樋,パナソニック（雨樋） PC75 集水器（しゅうすいき） 60φ対応 チョコ,個
軒天・破風・雨樋,パナソニック（雨樋） PC75 集水器（しゅうすいき） 60φ対応 白,個
軒天・破風・雨樋,パナソニック（雨樋） PC75 集水器（しゅうすいき） 60φ対応 茶,個
軒天・破風・雨樋,パナソニック（雨樋） PC75 集水器（しゅうすいき） 60φ対応 黒,個
軒天・破風・雨樋,パナソニック（雨樋） 角ドレン エルボ 90° 60φ カラーシルバー,個
軒天・破風・雨樋,パナソニック（雨樋） 角ドレン エルボ 90° 60φ グレー,個
軒天・破風・雨樋,パナソニック（雨樋） 角ドレン エルボ 90° 60φ チョコ,個
軒天・破風・雨樋,パナソニック（雨樋） 角ドレン エルボ 90° 60φ 白,個
軒天・破風・雨樋,パナソニック（雨樋） 角ドレン エルボ 90° 60φ 茶,個
軒天・破風・雨樋,パナソニック（雨樋） 角ドレン エルボ 90° 60φ 黒,個
軒天・破風・雨樋,パナソニック（雨樋） 角ドレン 竪樋 角型45×60 3m カラーシルバー,本
軒天・破風・雨樋,パナソニック（雨樋） 角ドレン 竪樋 角型45×60 3m グレー,本
軒天・破風・雨樋,パナソニック（雨樋） 角ドレン 竪樋 角型45×60 3m チョコ,本
軒天・破風・雨樋,パナソニック（雨樋） 角ドレン 竪樋 角型45×60 3m 白,本
軒天・破風・雨樋,パナソニック（雨樋） 角ドレン 竪樋 角型45×60 3m 茶,本
軒天・破風・雨樋,パナソニック（雨樋） 角ドレン 竪樋 角型45×60 3m 黒,本
軒天・破風・雨樋,パナソニック（雨樋） 角ドレン 竪樋（たてどい） 丸型60φ 3m カラーシルバー,本
軒天・破風・雨樋,パナソニック（雨樋） 角ドレン 竪樋（たてどい） 丸型60φ 3m グレー,本
軒天・破風・雨樋,パナソニック（雨樋） 角ドレン 竪樋（たてどい） 丸型60φ 3m チョコ,本
軒天・破風・雨樋,パナソニック（雨樋） 角ドレン 竪樋（たてどい） 丸型60φ 3m 白,本
軒天・破風・雨樋,パナソニック（雨樋） 角ドレン 竪樋（たてどい） 丸型60φ 3m 茶,本
軒天・破風・雨樋,パナソニック（雨樋） 角ドレン 竪樋（たてどい） 丸型60φ 3m 黒,本
軒天・破風・雨樋,パナソニック（雨樋） 角ドレン 軒樋 丸型75φ 3m カラーシルバー,本
軒天・破風・雨樋,パナソニック（雨樋） 角ドレン 軒樋 丸型75φ 3m グレー,本
軒天・破風・雨樋,パナソニック（雨樋） 角ドレン 軒樋 丸型75φ 3m チョコ,本
軒天・破風・雨樋,パナソニック（雨樋） 角ドレン 軒樋 丸型75φ 3m 白,本
軒天・破風・雨樋,パナソニック（雨樋） 角ドレン 軒樋 丸型75φ 3m 茶,本
軒天・破風・雨樋,パナソニック（雨樋） 角ドレン 軒樋 丸型75φ 3m 黒,本
軒天・破風・雨樋,パナソニック（雨樋） 角ドレン 軒樋 角型60×80 3m カラーシルバー,本
軒天・破風・雨樋,パナソニック（雨樋） 角ドレン 軒樋 角型60×80 3m グレー,本
軒天・破風・雨樋,パナソニック（雨樋） 角ドレン 軒樋 角型60×80 3m チョコ,本
軒天・破風・雨樋,パナソニック（雨樋） 角ドレン 軒樋 角型60×80 3m 白,本
軒天・破風・雨樋,パナソニック（雨樋） 角ドレン 軒樋 角型60×80 3m 茶,本
軒天・破風・雨樋,パナソニック（雨樋） 角ドレン 軒樋 角型60×80 3m 黒,本
軒天・破風・雨樋,パナソニック（雨樋） 角ドレン 軒樋（のきどい） 丸型60φ 3m カラーシルバー,本
軒天・破風・雨樋,パナソニック（雨樋） 角ドレン 軒樋（のきどい） 丸型60φ 3m グレー,本
軒天・破風・雨樋,パナソニック（雨樋） 角ドレン 軒樋（のきどい） 丸型60φ 3m チョコ,本
軒天・破風・雨樋,パナソニック（雨樋） 角ドレン 軒樋（のきどい） 丸型60φ 3m 白,本
軒天・破風・雨樋,パナソニック（雨樋） 角ドレン 軒樋（のきどい） 丸型60φ 3m 茶,本
軒天・破風・雨樋,パナソニック（雨樋） 角ドレン 軒樋（のきどい） 丸型60φ 3m 黒,本
軒天・破風・雨樋,パナソニック（雨樋） 角ドレン 集水器 75φ対応 カラーシルバー,個
軒天・破風・雨樋,パナソニック（雨樋） 角ドレン 集水器 75φ対応 グレー,個
軒天・破風・雨樋,パナソニック（雨樋） 角ドレン 集水器 75φ対応 チョコ,個
軒天・破風・雨樋,パナソニック（雨樋） 角ドレン 集水器 75φ対応 白,個
軒天・破風・雨樋,パナソニック（雨樋） 角ドレン 集水器 75φ対応 茶,個
軒天・破風・雨樋,パナソニック（雨樋） 角ドレン 集水器 75φ対応 黒,個
軒天・破風・雨樋,パナソニック（雨樋） 角ドレン 集水器（しゅうすいき） 60φ対応 カラーシルバー,個
軒天・破風・雨樋,パナソニック（雨樋） 角ドレン 集水器（しゅうすいき） 60φ対応 グレー,個
軒天・破風・雨樋,パナソニック（雨樋） 角ドレン 集水器（しゅうすいき） 60φ対応 チョコ,個
軒天・破風・雨樋,パナソニック（雨樋） 角ドレン 集水器（しゅうすいき） 60φ対応 白,個
軒天・破風・雨樋,パナソニック（雨樋） 角ドレン 集水器（しゅうすいき） 60φ対応 茶,個
軒天・破風・雨樋,パナソニック（雨樋） 角ドレン 集水器（しゅうすいき） 60φ対応 黒,個
軒天・破風・雨樋,三菱ケミカル 三菱丸樋 エルボ 90° 60φ カラーシルバー,個
軒天・破風・雨樋,三菱ケミカル 三菱丸樋 エルボ 90° 60φ グレー,個
軒天・破風・雨樋,三菱ケミカル 三菱丸樋 エルボ 90° 60φ チョコ,個
軒天・破風・雨樋,三菱ケミカル 三菱丸樋 エルボ 90° 60φ 白,個
軒天・破風・雨樋,三菱ケミカル 三菱丸樋 エルボ 90° 60φ 茶,個
軒天・破風・雨樋,三菱ケミカル 三菱丸樋 エルボ 90° 60φ 黒,個
軒天・破風・雨樋,三菱ケミカル 三菱丸樋 竪樋 角型45×60 3m カラーシルバー,本
軒天・破風・雨樋,三菱ケミカル 三菱丸樋 竪樋 角型45×60 3m グレー,本
軒天・破風・雨樋,三菱ケミカル 三菱丸樋 竪樋 角型45×60 3m チョコ,本
軒天・破風・雨樋,三菱ケミカル 三菱丸樋 竪樋 角型45×60 3m 白,本
軒天・破風・雨樋,三菱ケミカル 三菱丸樋 竪樋 角型45×60 3m 茶,本
軒天・破風・雨樋,三菱ケミカル 三菱丸樋 竪樋 角型45×60 3m 黒,本
軒天・破風・雨樋,三菱ケミカル 三菱丸樋 竪樋（たてどい） 丸型60φ 3m カラーシルバー,本
軒天・破風・雨樋,三菱ケミカル 三菱丸樋 竪樋（たてどい） 丸型60φ 3m グレー,本
軒天・破風・雨樋,三菱ケミカル 三菱丸樋 竪樋（たてどい） 丸型60φ 3m チョコ,本
軒天・破風・雨樋,三菱ケミカル 三菱丸樋 竪樋（たてどい） 丸型60φ 3m 白,本
軒天・破風・雨樋,三菱ケミカル 三菱丸樋 竪樋（たてどい） 丸型60φ 3m 茶,本
軒天・破風・雨樋,三菱ケミカル 三菱丸樋 竪樋（たてどい） 丸型60φ 3m 黒,本
軒天・破風・雨樋,三菱ケミカル 三菱丸樋 軒樋 丸型75φ 3m カラーシルバー,本
軒天・破風・雨樋,三菱ケミカル 三菱丸樋 軒樋 丸型75φ 3m グレー,本
軒天・破風・雨樋,三菱ケミカル 三菱丸樋 軒樋 丸型75φ 3m チョコ,本
軒天・破風・雨樋,三菱ケミカル 三菱丸樋 軒樋 丸型75φ 3m 白,本
軒天・破風・雨樋,三菱ケミカル 三菱丸樋 軒樋 丸型75φ 3m 茶,本
軒天・破風・雨樋,三菱ケミカル 三菱丸樋 軒樋 丸型75φ 3m 黒,本
軒天・破風・雨樋,三菱ケミカル 三菱丸樋 軒樋 角型60×80 3m カラーシルバー,本
軒天・破風・雨樋,三菱ケミカル 三菱丸樋 軒樋 角型60×80 3m グレー,本
軒天・破風・雨樋,三菱ケミカル 三菱丸樋 軒樋 角型60×80 3m チョコ,本
軒天・破風・雨樋,三菱ケミカル 三菱丸樋 軒樋 角型60×80 3m 白,本
軒天・破風・雨樋,三菱ケミカル 三菱丸樋 軒樋 角型60×80 3m 茶,本
軒天・破風・雨樋,三菱ケミカル 三菱丸樋 軒樋 角型60×80 3m 黒,本
軒天・破風・雨樋,三菱ケミカル 三菱丸樋 軒樋（のきどい） 丸型60φ 3m カラーシルバー,本
軒天・破風・雨樋,三菱ケミカル 三菱丸樋 軒樋（のきどい） 丸型60φ 3m グレー,本
軒天・破風・雨樋,三菱ケミカル 三菱丸樋 軒樋（のきどい） 丸型60φ 3m チョコ,本
軒天・破風・雨樋,三菱ケミカル 三菱丸樋 軒樋（のきどい） 丸型60φ 3m 白,本
軒天・破風・雨樋,三菱ケミカル 三菱丸樋 軒樋（のきどい） 丸型60φ 3m 茶,本
軒天・破風・雨樋,三菱ケミカル 三菱丸樋 軒樋（のきどい） 丸型60φ 3m 黒,本
軒天・破風・雨樋,三菱ケミカル 三菱丸樋 集水器 75φ対応 カラーシルバー,個
軒天・破風・雨樋,三菱ケミカル 三菱丸樋 集水器 75φ対応 グレー,個
軒天・破風・雨樋,三菱ケミカル 三菱丸樋 集水器 75φ対応 チョコ,個
軒天・破風・雨樋,三菱ケミカル 三菱丸樋 集水器 75φ対応 白,個
軒天・破風・雨樋,三菱ケミカル 三菱丸樋 集水器 75φ対応 茶,個
軒天・破風・雨樋,三菱ケミカル 三菱丸樋 集水器 75φ対応 黒,個
軒天・破風・雨樋,三菱ケミカル 三菱丸樋 集水器（しゅうすいき） 60φ対応 カラーシルバー,個
軒天・破風・雨樋,三菱ケミカル 三菱丸樋 集水器（しゅうすいき） 60φ対応 グレー,個
軒天・破風・雨樋,三菱ケミカル 三菱丸樋 集水器（しゅうすいき） 60φ対応 チョコ,個
軒天・破風・雨樋,三菱ケミカル 三菱丸樋 集水器（しゅうすいき） 60φ対応 白,個
軒天・破風・雨樋,三菱ケミカル 三菱丸樋 集水器（しゅうすいき） 60φ対応 茶,個
軒天・破風・雨樋,三菱ケミカル 三菱丸樋 集水器（しゅうすいき） 60φ対応 黒,個
軒天・破風・雨樋,三菱ケミカル 三菱角樋 エルボ 90° 60φ カラーシルバー,個
軒天・破風・雨樋,三菱ケミカル 三菱角樋 エルボ 90° 60φ グレー,個
軒天・破風・雨樋,三菱ケミカル 三菱角樋 エルボ 90° 60φ チョコ,個
軒天・破風・雨樋,三菱ケミカル 三菱角樋 エルボ 90° 60φ 白,個
軒天・破風・雨樋,三菱ケミカル 三菱角樋 エルボ 90° 60φ 茶,個
軒天・破風・雨樋,三菱ケミカル 三菱角樋 エルボ 90° 60φ 黒,個
軒天・破風・雨樋,三菱ケミカル 三菱角樋 竪樋 角型45×60 3m カラーシルバー,本
軒天・破風・雨樋,三菱ケミカル 三菱角樋 竪樋 角型45×60 3m グレー,本
軒天・破風・雨樋,三菱ケミカル 三菱角樋 竪樋 角型45×60 3m チョコ,本
軒天・破風・雨樋,三菱ケミカル 三菱角樋 竪樋 角型45×60 3m 白,本
軒天・破風・雨樋,三菱ケミカル 三菱角樋 竪樋 角型45×60 3m 茶,本
軒天・破風・雨樋,三菱ケミカル 三菱角樋 竪樋 角型45×60 3m 黒,本
軒天・破風・雨樋,三菱ケミカル 三菱角樋 竪樋（たてどい） 丸型60φ 3m カラーシルバー,本
軒天・破風・雨樋,三菱ケミカル 三菱角樋 竪樋（たてどい） 丸型60φ 3m グレー,本
軒天・破風・雨樋,三菱ケミカル 三菱角樋 竪樋（たてどい） 丸型60φ 3m チョコ,本
軒天・破風・雨樋,三菱ケミカル 三菱角樋 竪樋（たてどい） 丸型60φ 3m 白,本
軒天・破風・雨樋,三菱ケミカル 三菱角樋 竪樋（たてどい） 丸型60φ 3m 茶,本
軒天・破風・雨樋,三菱ケミカル 三菱角樋 竪樋（たてどい） 丸型60φ 3m 黒,本
軒天・破風・雨樋,三菱ケミカル 三菱角樋 軒樋 丸型75φ 3m カラーシルバー,本
軒天・破風・雨樋,三菱ケミカル 三菱角樋 軒樋 丸型75φ 3m グレー,本
軒天・破風・雨樋,三菱ケミカル 三菱角樋 軒樋 丸型75φ 3m チョコ,本
軒天・破風・雨樋,三菱ケミカル 三菱角樋 軒樋 丸型75φ 3m 白,本
軒天・破風・雨樋,三菱ケミカル 三菱角樋 軒樋 丸型75φ 3m 茶,本
軒天・破風・雨樋,三菱ケミカル 三菱角樋 軒樋 丸型75φ 3m 黒,本
軒天・破風・雨樋,三菱ケミカル 三菱角樋 軒樋 角型60×80 3m カラーシルバー,本
軒天・破風・雨樋,三菱ケミカル 三菱角樋 軒樋 角型60×80 3m グレー,本
軒天・破風・雨樋,三菱ケミカル 三菱角樋 軒樋 角型60×80 3m チョコ,本
軒天・破風・雨樋,三菱ケミカル 三菱角樋 軒樋 角型60×80 3m 白,本
軒天・破風・雨樋,三菱ケミカル 三菱角樋 軒樋 角型60×80 3m 茶,本
軒天・破風・雨樋,三菱ケミカル 三菱角樋 軒樋 角型60×80 3m 黒,本
軒天・破風・雨樋,三菱ケミカル 三菱角樋 軒樋（のきどい） 丸型60φ 3m カラーシルバー,本
軒天・破風・雨樋,三菱ケミカル 三菱角樋 軒樋（のきどい） 丸型60φ 3m グレー,本
軒天・破風・雨樋,三菱ケミカル 三菱角樋 軒樋（のきどい） 丸型60φ 3m チョコ,本
軒天・破風・雨樋,三菱ケミカル 三菱角樋 軒樋（のきどい） 丸型60φ 3m 白,本
軒天・破風・雨樋,三菱ケミカル 三菱角樋 軒樋（のきどい） 丸型60φ 3m 茶,本
軒天・破風・雨樋,三菱ケミカル 三菱角樋 軒樋（のきどい） 丸型60φ 3m 黒,本
軒天・破風・雨樋,三菱ケミカル 三菱角樋 集水器 75φ対応 カラーシルバー,個
軒天・破風・雨樋,三菱ケミカル 三菱角樋 集水器 75φ対応 グレー,個
軒天・破風・雨樋,三菱ケミカル 三菱角樋 集水器 75φ対応 チョコ,個
軒天・破風・雨樋,三菱ケミカル 三菱角樋 集水器 75φ対応 白,個
軒天・破風・雨樋,三菱ケミカル 三菱角樋 集水器 75φ対応 茶,個
軒天・破風・雨樋,三菱ケミカル 三菱角樋 集水器 75φ対応 黒,個
軒天・破風・雨樋,三菱ケミカル 三菱角樋 集水器（しゅうすいき） 60φ対応 カラーシルバー,個
軒天・破風・雨樋,三菱ケミカル 三菱角樋 集水器（しゅうすいき） 60φ対応 グレー,個
軒天・破風・雨樋,三菱ケミカル 三菱角樋 集水器（しゅうすいき） 60φ対応 チョコ,個
軒天・破風・雨樋,三菱ケミカル 三菱角樋 集水器（しゅうすいき） 60φ対応 白,個
軒天・破風・雨樋,三菱ケミカル 三菱角樋 集水器（しゅうすいき） 60φ対応 茶,個
軒天・破風・雨樋,三菱ケミカル 三菱角樋 集水器（しゅうすいき） 60φ対応 黒,個
軒天・破風・雨樋,三菱ケミカル 雨水利用樋 エルボ 90° 60φ カラーシルバー,個
軒天・破風・雨樋,三菱ケミカル 雨水利用樋 エルボ 90° 60φ グレー,個
軒天・破風・雨樋,三菱ケミカル 雨水利用樋 エルボ 90° 60φ チョコ,個
軒天・破風・雨樋,三菱ケミカル 雨水利用樋 エルボ 90° 60φ 白,個
軒天・破風・雨樋,三菱ケミカル 雨水利用樋 エルボ 90° 60φ 茶,個
軒天・破風・雨樋,三菱ケミカル 雨水利用樋 エルボ 90° 60φ 黒,個
軒天・破風・雨樋,三菱ケミカル 雨水利用樋 竪樋 角型45×60 3m カラーシルバー,本
軒天・破風・雨樋,三菱ケミカル 雨水利用樋 竪樋 角型45×60 3m グレー,本
軒天・破風・雨樋,三菱ケミカル 雨水利用樋 竪樋 角型45×60 3m チョコ,本
軒天・破風・雨樋,三菱ケミカル 雨水利用樋 竪樋 角型45×60 3m 白,本
軒天・破風・雨樋,三菱ケミカル 雨水利用樋 竪樋 角型45×60 3m 茶,本
軒天・破風・雨樋,三菱ケミカル 雨水利用樋 竪樋 角型45×60 3m 黒,本
軒天・破風・雨樋,三菱ケミカル 雨水利用樋 竪樋（たてどい） 丸型60φ 3m カラーシルバー,本
軒天・破風・雨樋,三菱ケミカル 雨水利用樋 竪樋（たてどい） 丸型60φ 3m グレー,本
軒天・破風・雨樋,三菱ケミカル 雨水利用樋 竪樋（たてどい） 丸型60φ 3m チョコ,本
軒天・破風・雨樋,三菱ケミカル 雨水利用樋 竪樋（たてどい） 丸型60φ 3m 白,本
軒天・破風・雨樋,三菱ケミカル 雨水利用樋 竪樋（たてどい） 丸型60φ 3m 茶,本
軒天・破風・雨樋,三菱ケミカル 雨水利用樋 竪樋（たてどい） 丸型60φ 3m 黒,本
軒天・破風・雨樋,三菱ケミカル 雨水利用樋 軒樋 丸型75φ 3m カラーシルバー,本
軒天・破風・雨樋,三菱ケミカル 雨水利用樋 軒樋 丸型75φ 3m グレー,本
軒天・破風・雨樋,三菱ケミカル 雨水利用樋 軒樋 丸型75φ 3m チョコ,本
軒天・破風・雨樋,三菱ケミカル 雨水利用樋 軒樋 丸型75φ 3m 白,本
軒天・破風・雨樋,三菱ケミカル 雨水利用樋 軒樋 丸型75φ 3m 茶,本
軒天・破風・雨樋,三菱ケミカル 雨水利用樋 軒樋 丸型75φ 3m 黒,本
軒天・破風・雨樋,三菱ケミカル 雨水利用樋 軒樋 角型60×80 3m カラーシルバー,本
軒天・破風・雨樋,三菱ケミカル 雨水利用樋 軒樋 角型60×80 3m グレー,本
軒天・破風・雨樋,三菱ケミカル 雨水利用樋 軒樋 角型60×80 3m チョコ,本
軒天・破風・雨樋,三菱ケミカル 雨水利用樋 軒樋 角型60×80 3m 白,本
軒天・破風・雨樋,三菱ケミカル 雨水利用樋 軒樋 角型60×80 3m 茶,本
軒天・破風・雨樋,三菱ケミカル 雨水利用樋 軒樋 角型60×80 3m 黒,本
軒天・破風・雨樋,三菱ケミカル 雨水利用樋 軒樋（のきどい） 丸型60φ 3m カラーシルバー,本
軒天・破風・雨樋,三菱ケミカル 雨水利用樋 軒樋（のきどい） 丸型60φ 3m グレー,本
軒天・破風・雨樋,三菱ケミカル 雨水利用樋 軒樋（のきどい） 丸型60φ 3m チョコ,本
軒天・破風・雨樋,三菱ケミカル 雨水利用樋 軒樋（のきどい） 丸型60φ 3m 白,本
軒天・破風・雨樋,三菱ケミカル 雨水利用樋 軒樋（のきどい） 丸型60φ 3m 茶,本
軒天・破風・雨樋,三菱ケミカル 雨水利用樋 軒樋（のきどい） 丸型60φ 3m 黒,本
軒天・破風・雨樋,三菱ケミカル 雨水利用樋 集水器 75φ対応 カラーシルバー,個
軒天・破風・雨樋,三菱ケミカル 雨水利用樋 集水器 75φ対応 グレー,個
軒天・破風・雨樋,三菱ケミカル 雨水利用樋 集水器 75φ対応 チョコ,個
軒天・破風・雨樋,三菱ケミカル 雨水利用樋 集水器 75φ対応 白,個
軒天・破風・雨樋,三菱ケミカル 雨水利用樋 集水器 75φ対応 茶,個
軒天・破風・雨樋,三菱ケミカル 雨水利用樋 集水器 75φ対応 黒,個
軒天・破風・雨樋,三菱ケミカル 雨水利用樋 集水器（しゅうすいき） 60φ対応 カラーシルバー,個
軒天・破風・雨樋,三菱ケミカル 雨水利用樋 集水器（しゅうすいき） 60φ対応 グレー,個
軒天・破風・雨樋,三菱ケミカル 雨水利用樋 集水器（しゅうすいき） 60φ対応 チョコ,個
軒天・破風・雨樋,三菱ケミカル 雨水利用樋 集水器（しゅうすいき） 60φ対応 白,個
軒天・破風・雨樋,三菱ケミカル 雨水利用樋 集水器（しゅうすいき） 60φ対応 茶,個
軒天・破風・雨樋,三菱ケミカル 雨水利用樋 集水器（しゅうすいき） 60φ対応 黒,個
軒天・破風・雨樋,破風板 ガルバ板金（幅180mm 1m）,m
軒天・破風・雨樋,破風板 木製プライム 180mm（3000mm）,本
軒天・破風・雨樋,破風板 窯業系（幅180mm 1m）,m
軒天・破風・雨樋,積水化学工業 エスロン丸樋 エルボ 90° 60φ カラーシルバー,個
軒天・破風・雨樋,積水化学工業 エスロン丸樋 エルボ 90° 60φ グレー,個
軒天・破風・雨樋,積水化学工業 エスロン丸樋 エルボ 90° 60φ チョコ,個
軒天・破風・雨樋,積水化学工業 エスロン丸樋 エルボ 90° 60φ 白,個
軒天・破風・雨樋,積水化学工業 エスロン丸樋 エルボ 90° 60φ 茶,個
軒天・破風・雨樋,積水化学工業 エスロン丸樋 エルボ 90° 60φ 黒,個
軒天・破風・雨樋,積水化学工業 エスロン丸樋 竪樋 角型45×60 3m カラーシルバー,本
軒天・破風・雨樋,積水化学工業 エスロン丸樋 竪樋 角型45×60 3m グレー,本
軒天・破風・雨樋,積水化学工業 エスロン丸樋 竪樋 角型45×60 3m チョコ,本
軒天・破風・雨樋,積水化学工業 エスロン丸樋 竪樋 角型45×60 3m 白,本
軒天・破風・雨樋,積水化学工業 エスロン丸樋 竪樋 角型45×60 3m 茶,本
軒天・破風・雨樋,積水化学工業 エスロン丸樋 竪樋 角型45×60 3m 黒,本
軒天・破風・雨樋,積水化学工業 エスロン丸樋 竪樋（たてどい） 丸型60φ 3m カラーシルバー,本
軒天・破風・雨樋,積水化学工業 エスロン丸樋 竪樋（たてどい） 丸型60φ 3m グレー,本
軒天・破風・雨樋,積水化学工業 エスロン丸樋 竪樋（たてどい） 丸型60φ 3m チョコ,本
軒天・破風・雨樋,積水化学工業 エスロン丸樋 竪樋（たてどい） 丸型60φ 3m 白,本
軒天・破風・雨樋,積水化学工業 エスロン丸樋 竪樋（たてどい） 丸型60φ 3m 茶,本
軒天・破風・雨樋,積水化学工業 エスロン丸樋 竪樋（たてどい） 丸型60φ 3m 黒,本
軒天・破風・雨樋,積水化学工業 エスロン丸樋 軒樋 丸型75φ 3m カラーシルバー,本
軒天・破風・雨樋,積水化学工業 エスロン丸樋 軒樋 丸型75φ 3m グレー,本
軒天・破風・雨樋,積水化学工業 エスロン丸樋 軒樋 丸型75φ 3m チョコ,本
軒天・破風・雨樋,積水化学工業 エスロン丸樋 軒樋 丸型75φ 3m 白,本
軒天・破風・雨樋,積水化学工業 エスロン丸樋 軒樋 丸型75φ 3m 茶,本
軒天・破風・雨樋,積水化学工業 エスロン丸樋 軒樋 丸型75φ 3m 黒,本
軒天・破風・雨樋,積水化学工業 エスロン丸樋 軒樋 角型60×80 3m カラーシルバー,本
軒天・破風・雨樋,積水化学工業 エスロン丸樋 軒樋 角型60×80 3m グレー,本
軒天・破風・雨樋,積水化学工業 エスロン丸樋 軒樋 角型60×80 3m チョコ,本
軒天・破風・雨樋,積水化学工業 エスロン丸樋 軒樋 角型60×80 3m 白,本
軒天・破風・雨樋,積水化学工業 エスロン丸樋 軒樋 角型60×80 3m 茶,本
軒天・破風・雨樋,積水化学工業 エスロン丸樋 軒樋 角型60×80 3m 黒,本
軒天・破風・雨樋,積水化学工業 エスロン丸樋 軒樋（のきどい） 丸型60φ 3m カラーシルバー,本
軒天・破風・雨樋,積水化学工業 エスロン丸樋 軒樋（のきどい） 丸型60φ 3m グレー,本
軒天・破風・雨樋,積水化学工業 エスロン丸樋 軒樋（のきどい） 丸型60φ 3m チョコ,本
軒天・破風・雨樋,積水化学工業 エスロン丸樋 軒樋（のきどい） 丸型60φ 3m 白,本
軒天・破風・雨樋,積水化学工業 エスロン丸樋 軒樋（のきどい） 丸型60φ 3m 茶,本
軒天・破風・雨樋,積水化学工業 エスロン丸樋 軒樋（のきどい） 丸型60φ 3m 黒,本
軒天・破風・雨樋,積水化学工業 エスロン丸樋 集水器 75φ対応 カラーシルバー,個
軒天・破風・雨樋,積水化学工業 エスロン丸樋 集水器 75φ対応 グレー,個
軒天・破風・雨樋,積水化学工業 エスロン丸樋 集水器 75φ対応 チョコ,個
軒天・破風・雨樋,積水化学工業 エスロン丸樋 集水器 75φ対応 白,個
軒天・破風・雨樋,積水化学工業 エスロン丸樋 集水器 75φ対応 茶,個
軒天・破風・雨樋,積水化学工業 エスロン丸樋 集水器 75φ対応 黒,個
軒天・破風・雨樋,積水化学工業 エスロン丸樋 集水器（しゅうすいき） 60φ対応 カラーシルバー,個
軒天・破風・雨樋,積水化学工業 エスロン丸樋 集水器（しゅうすいき） 60φ対応 グレー,個
軒天・破風・雨樋,積水化学工業 エスロン丸樋 集水器（しゅうすいき） 60φ対応 チョコ,個
軒天・破風・雨樋,積水化学工業 エスロン丸樋 集水器（しゅうすいき） 60φ対応 白,個
軒天・破風・雨樋,積水化学工業 エスロン丸樋 集水器（しゅうすいき） 60φ対応 茶,個
軒天・破風・雨樋,積水化学工業 エスロン丸樋 集水器（しゅうすいき） 60φ対応 黒,個
軒天・破風・雨樋,積水化学工業 エスロン半丸 エルボ 90° 60φ カラーシルバー,個
軒天・破風・雨樋,積水化学工業 エスロン半丸 エルボ 90° 60φ グレー,個
軒天・破風・雨樋,積水化学工業 エスロン半丸 エルボ 90° 60φ チョコ,個
軒天・破風・雨樋,積水化学工業 エスロン半丸 エルボ 90° 60φ 白,個
軒天・破風・雨樋,積水化学工業 エスロン半丸 エルボ 90° 60φ 茶,個
軒天・破風・雨樋,積水化学工業 エスロン半丸 エルボ 90° 60φ 黒,個
軒天・破風・雨樋,積水化学工業 エスロン半丸 竪樋 角型45×60 3m カラーシルバー,本
軒天・破風・雨樋,積水化学工業 エスロン半丸 竪樋 角型45×60 3m グレー,本
軒天・破風・雨樋,積水化学工業 エスロン半丸 竪樋 角型45×60 3m チョコ,本
軒天・破風・雨樋,積水化学工業 エスロン半丸 竪樋 角型45×60 3m 白,本
軒天・破風・雨樋,積水化学工業 エスロン半丸 竪樋 角型45×60 3m 茶,本
軒天・破風・雨樋,積水化学工業 エスロン半丸 竪樋 角型45×60 3m 黒,本
軒天・破風・雨樋,積水化学工業 エスロン半丸 竪樋（たてどい） 丸型60φ 3m カラーシルバー,本
軒天・破風・雨樋,積水化学工業 エスロン半丸 竪樋（たてどい） 丸型60φ 3m グレー,本
軒天・破風・雨樋,積水化学工業 エスロン半丸 竪樋（たてどい） 丸型60φ 3m チョコ,本
軒天・破風・雨樋,積水化学工業 エスロン半丸 竪樋（たてどい） 丸型60φ 3m 白,本
軒天・破風・雨樋,積水化学工業 エスロン半丸 竪樋（たてどい） 丸型60φ 3m 茶,本
軒天・破風・雨樋,積水化学工業 エスロン半丸 竪樋（たてどい） 丸型60φ 3m 黒,本
軒天・破風・雨樋,積水化学工業 エスロン半丸 軒樋 丸型75φ 3m カラーシルバー,本
軒天・破風・雨樋,積水化学工業 エスロン半丸 軒樋 丸型75φ 3m グレー,本
軒天・破風・雨樋,積水化学工業 エスロン半丸 軒樋 丸型75φ 3m チョコ,本
軒天・破風・雨樋,積水化学工業 エスロン半丸 軒樋 丸型75φ 3m 白,本
軒天・破風・雨樋,積水化学工業 エスロン半丸 軒樋 丸型75φ 3m 茶,本
軒天・破風・雨樋,積水化学工業 エスロン半丸 軒樋 丸型75φ 3m 黒,本
軒天・破風・雨樋,積水化学工業 エスロン半丸 軒樋 角型60×80 3m カラーシルバー,本
軒天・破風・雨樋,積水化学工業 エスロン半丸 軒樋 角型60×80 3m グレー,本
軒天・破風・雨樋,積水化学工業 エスロン半丸 軒樋 角型60×80 3m チョコ,本
軒天・破風・雨樋,積水化学工業 エスロン半丸 軒樋 角型60×80 3m 白,本
軒天・破風・雨樋,積水化学工業 エスロン半丸 軒樋 角型60×80 3m 茶,本
軒天・破風・雨樋,積水化学工業 エスロン半丸 軒樋 角型60×80 3m 黒,本
軒天・破風・雨樋,積水化学工業 エスロン半丸 軒樋（のきどい） 丸型60φ 3m カラーシルバー,本
軒天・破風・雨樋,積水化学工業 エスロン半丸 軒樋（のきどい） 丸型60φ 3m グレー,本
軒天・破風・雨樋,積水化学工業 エスロン半丸 軒樋（のきどい） 丸型60φ 3m チョコ,本
軒天・破風・雨樋,積水化学工業 エスロン半丸 軒樋（のきどい） 丸型60φ 3m 白,本
軒天・破風・雨樋,積水化学工業 エスロン半丸 軒樋（のきどい） 丸型60φ 3m 茶,本
軒天・破風・雨樋,積水化学工業 エスロン半丸 軒樋（のきどい） 丸型60φ 3m 黒,本
軒天・破風・雨樋,積水化学工業 エスロン半丸 集水器 75φ対応 カラーシルバー,個
軒天・破風・雨樋,積水化学工業 エスロン半丸 集水器 75φ対応 グレー,個
軒天・破風・雨樋,積水化学工業 エスロン半丸 集水器 75φ対応 チョコ,個
軒天・破風・雨樋,積水化学工業 エスロン半丸 集水器 75φ対応 白,個
軒天・破風・雨樋,積水化学工業 エスロン半丸 集水器 75φ対応 茶,個
軒天・破風・雨樋,積水化学工業 エスロン半丸 集水器 75φ対応 黒,個
軒天・破風・雨樋,積水化学工業 エスロン半丸 集水器（しゅうすいき） 60φ対応 カラーシルバー,個
軒天・破風・雨樋,積水化学工業 エスロン半丸 集水器（しゅうすいき） 60φ対応 グレー,個
軒天・破風・雨樋,積水化学工業 エスロン半丸 集水器（しゅうすいき） 60φ対応 チョコ,個
軒天・破風・雨樋,積水化学工業 エスロン半丸 集水器（しゅうすいき） 60φ対応 白,個
軒天・破風・雨樋,積水化学工業 エスロン半丸 集水器（しゅうすいき） 60φ対応 茶,個
軒天・破風・雨樋,積水化学工業 エスロン半丸 集水器（しゅうすいき） 60φ対応 黒,個
軒天・破風・雨樋,積水化学工業 エスロン角樋 エルボ 90° 60φ カラーシルバー,個
軒天・破風・雨樋,積水化学工業 エスロン角樋 エルボ 90° 60φ グレー,個
軒天・破風・雨樋,積水化学工業 エスロン角樋 エルボ 90° 60φ チョコ,個
軒天・破風・雨樋,積水化学工業 エスロン角樋 エルボ 90° 60φ 白,個
軒天・破風・雨樋,積水化学工業 エスロン角樋 エルボ 90° 60φ 茶,個
軒天・破風・雨樋,積水化学工業 エスロン角樋 エルボ 90° 60φ 黒,個
軒天・破風・雨樋,積水化学工業 エスロン角樋 竪樋 角型45×60 3m カラーシルバー,本
軒天・破風・雨樋,積水化学工業 エスロン角樋 竪樋 角型45×60 3m グレー,本
軒天・破風・雨樋,積水化学工業 エスロン角樋 竪樋 角型45×60 3m チョコ,本
軒天・破風・雨樋,積水化学工業 エスロン角樋 竪樋 角型45×60 3m 白,本
軒天・破風・雨樋,積水化学工業 エスロン角樋 竪樋 角型45×60 3m 茶,本
軒天・破風・雨樋,積水化学工業 エスロン角樋 竪樋 角型45×60 3m 黒,本
軒天・破風・雨樋,積水化学工業 エスロン角樋 竪樋（たてどい） 丸型60φ 3m カラーシルバー,本
軒天・破風・雨樋,積水化学工業 エスロン角樋 竪樋（たてどい） 丸型60φ 3m グレー,本
軒天・破風・雨樋,積水化学工業 エスロン角樋 竪樋（たてどい） 丸型60φ 3m チョコ,本
軒天・破風・雨樋,積水化学工業 エスロン角樋 竪樋（たてどい） 丸型60φ 3m 白,本
軒天・破風・雨樋,積水化学工業 エスロン角樋 竪樋（たてどい） 丸型60φ 3m 茶,本
軒天・破風・雨樋,積水化学工業 エスロン角樋 竪樋（たてどい） 丸型60φ 3m 黒,本
軒天・破風・雨樋,積水化学工業 エスロン角樋 軒樋 丸型75φ 3m カラーシルバー,本
軒天・破風・雨樋,積水化学工業 エスロン角樋 軒樋 丸型75φ 3m グレー,本
軒天・破風・雨樋,積水化学工業 エスロン角樋 軒樋 丸型75φ 3m チョコ,本
軒天・破風・雨樋,積水化学工業 エスロン角樋 軒樋 丸型75φ 3m 白,本
軒天・破風・雨樋,積水化学工業 エスロン角樋 軒樋 丸型75φ 3m 茶,本
軒天・破風・雨樋,積水化学工業 エスロン角樋 軒樋 丸型75φ 3m 黒,本
軒天・破風・雨樋,積水化学工業 エスロン角樋 軒樋 角型60×80 3m カラーシルバー,本
軒天・破風・雨樋,積水化学工業 エスロン角樋 軒樋 角型60×80 3m グレー,本
軒天・破風・雨樋,積水化学工業 エスロン角樋 軒樋 角型60×80 3m チョコ,本
軒天・破風・雨樋,積水化学工業 エスロン角樋 軒樋 角型60×80 3m 白,本
軒天・破風・雨樋,積水化学工業 エスロン角樋 軒樋 角型60×80 3m 茶,本
軒天・破風・雨樋,積水化学工業 エスロン角樋 軒樋 角型60×80 3m 黒,本
軒天・破風・雨樋,積水化学工業 エスロン角樋 軒樋（のきどい） 丸型60φ 3m カラーシルバー,本
軒天・破風・雨樋,積水化学工業 エスロン角樋 軒樋（のきどい） 丸型60φ 3m グレー,本
軒天・破風・雨樋,積水化学工業 エスロン角樋 軒樋（のきどい） 丸型60φ 3m チョコ,本
軒天・破風・雨樋,積水化学工業 エスロン角樋 軒樋（のきどい） 丸型60φ 3m 白,本
軒天・破風・雨樋,積水化学工業 エスロン角樋 軒樋（のきどい） 丸型60φ 3m 茶,本
軒天・破風・雨樋,積水化学工業 エスロン角樋 軒樋（のきどい） 丸型60φ 3m 黒,本
軒天・破風・雨樋,積水化学工業 エスロン角樋 集水器 75φ対応 カラーシルバー,個
軒天・破風・雨樋,積水化学工業 エスロン角樋 集水器 75φ対応 グレー,個
軒天・破風・雨樋,積水化学工業 エスロン角樋 集水器 75φ対応 チョコ,個
軒天・破風・雨樋,積水化学工業 エスロン角樋 集水器 75φ対応 白,個
軒天・破風・雨樋,積水化学工業 エスロン角樋 集水器 75φ対応 茶,個
軒天・破風・雨樋,積水化学工業 エスロン角樋 集水器 75φ対応 黒,個
軒天・破風・雨樋,積水化学工業 エスロン角樋 集水器（しゅうすいき） 60φ対応 カラーシルバー,個
軒天・破風・雨樋,積水化学工業 エスロン角樋 集水器（しゅうすいき） 60φ対応 グレー,個
軒天・破風・雨樋,積水化学工業 エスロン角樋 集水器（しゅうすいき） 60φ対応 チョコ,個
軒天・破風・雨樋,積水化学工業 エスロン角樋 集水器（しゅうすいき） 60φ対応 白,個
軒天・破風・雨樋,積水化学工業 エスロン角樋 集水器（しゅうすいき） 60φ対応 茶,個
軒天・破風・雨樋,積水化学工業 エスロン角樋 集水器（しゅうすいき） 60φ対応 黒,個
軒天・破風・雨樋,軒天ボード ケイカル板 4mm（910×1820）,枚
軒天・破風・雨樋,軒天ボード ケイカル板（6mm 910×1820）,枚
軒天・破風・雨樋,軒天換気材（1m）,m
軒天・破風・雨樋,軒天材 アルミ軒天（1m2）,m2
軒天・破風・雨樋,軒天材 木目調（1m2）,m2
軒天・破風・雨樋,軒天通気見切り（1m）,m
軒天・破風・雨樋,軒裏換気口（Φ60 1個）,個
軒天・破風・雨樋,集水器（エルボ型）,個
軒天・破風・雨樋,雨樋 丸型 105mm（3m）,本
軒天・破風・雨樋,雨樋部材 エルボ 45° 60φ（汎用）,個
軒天・破風・雨樋,雨樋部材 エルボ 90° 60φ（汎用）,個
軒天・破風・雨樋,雨樋部材 呼び樋（よびどい） 60φ 1m（汎用）,本
軒天・破風・雨樋,雨樋部材 止まり（とまり） 60φ（汎用）,個
軒天・破風・雨樋,雨樋部材 竪樋 角型45×60 3m（汎用）,本
軒天・破風・雨樋,雨樋部材 竪樋取付金具 60φ用（汎用）,個
軒天・破風・雨樋,雨樋部材 竪樋穴あけ・排水口 汎用（汎用）,個
軒天・破風・雨樋,雨樋部材 竪樋（たてどい） 丸型60φ 3m（汎用）,本
軒天・破風・雨樋,雨樋部材 継手（つぎて） 60φ（汎用）,個
軒天・破風・雨樋,雨樋部材 落とし口（おとしぐち） 60φ用（汎用）,個
軒天・破風・雨樋,雨樋部材 越し板金（あんこう） 60×60（汎用）,個
軒天・破風・雨樋,雨樋部材 軒樋 丸型75φ 3m（汎用）,本
軒天・破風・雨樋,雨樋部材 軒樋 角型60×80 3m（汎用）,本
軒天・破風・雨樋,雨樋部材 軒樋吊り金具 60φ用（汎用）,個
軒天・破風・雨樋,雨樋部材 軒樋（のきどい） 丸型60φ 3m（汎用）,本
軒天・破風・雨樋,雨樋部材 集水器 75φ対応（汎用）,個
軒天・破風・雨樋,雨樋部材 集水器（しゅうすいき） 60φ対応（汎用）,個
軒天・破風・雨樋,雨樋部材 雨水タンク接続部品 汎用（汎用）,式
軒天・破風・雨樋,雨樋金物（軒樋受け）,個
軒天・破風・雨樋,鼻隠し ガルバ（幅120mm 1m）,m
軒天・破風・雨樋,鼻隠し 窯業系（幅120mm 1m）,m
軒天・破風・雨樋,鼻隠し板 木製プライム 180mm（3000mm）,本
通信・弱電設備,ALSOK ガラス破壊センサー,台
通信・弱電設備,ALSOK ホームセキュリティ初期費用（機器一式）,台
通信・弱電設備,ALSOK 煙感知器（火災連動型）,台
通信・弱電設備,ALSOK 緊急通報ボタン（パニックボタン）,台
通信・弱電設備,ALSOK 防犯カメラ 録画機（NVR 8CH）,台
通信・弱電設備,ALSOK 防犯カメラ（屋内 360°）,台
通信・弱電設備,ALSOK 防犯カメラ（屋外 HD 1080p）,台
通信・弱電設備,ALSOK 防犯ガラスフィルム（断熱兼用）,台
通信・弱電設備,ALSOK 防犯センサー（熱線検知）,台
通信・弱電設備,ALSOK 防犯センサー（開閉検知）,台
通信・弱電設備,ALSOK 電気錠制御盤,台
通信・弱電設備,DXアンテナ アンテナ設備 2分配器 全端子電流通過,個
通信・弱電設備,DXアンテナ アンテナ設備 4K8K対応テレビ端子 2端子型,個
通信・弱電設備,DXアンテナ アンテナ設備 4分配器 全端子電流通過,個
通信・弱電設備,DXアンテナ アンテナ設備 8分配器,個
通信・弱電設備,DXアンテナ アンテナ設備 BS 4K8K対応 大型 60cm,個
通信・弱電設備,DXアンテナ アンテナ設備 BS 4K8K対応アンテナ 45cm,個
通信・弱電設備,DXアンテナ アンテナ設備 BS/CS 110度 共用アンテナ 45cm,個
通信・弱電設備,DXアンテナ アンテナ設備 BSアンテナ 45cm（BSデジタル対応）,個
通信・弱電設備,DXアンテナ アンテナ設備 BSアンテナ 60cm（大型・降雨時安定）,個
通信・弱電設備,DXアンテナ アンテナ設備 UHF/BS混合器,個
通信・弱電設備,DXアンテナ アンテナ設備 アンテナマスト 32φ×2m,個
通信・弱電設備,DXアンテナ アンテナ設備 アンテナマスト 32φ×3m,個
通信・弱電設備,DXアンテナ アンテナ設備 アンテナ支線（ステンレス 3本）,個
通信・弱電設備,DXアンテナ アンテナ設備 テレビ端子 ターミナル（末端）,個
通信・弱電設備,DXアンテナ アンテナ設備 テレビ端子（直列ユニット 壁面）,個
通信・弱電設備,DXアンテナ アンテナ設備 ブースター 屋内用（電源部）,個
通信・弱電設備,DXアンテナ アンテナ設備 ブースター 幹線用 40dB,個
通信・弱電設備,DXアンテナ アンテナ設備 ブースター（増幅器）屋外用 30dB,個
通信・弱電設備,DXアンテナ アンテナ設備 同軸ケーブル S-4C-FB 30m,個
通信・弱電設備,DXアンテナ アンテナ設備 同軸ケーブル S-5C-FB 100m巻,個
通信・弱電設備,DXアンテナ アンテナ設備 地デジアンテナ UHF 14素子,個
通信・弱電設備,DXアンテナ アンテナ設備 地デジアンテナ UHF 20素子（屋根上）,個
通信・弱電設備,DXアンテナ アンテナ設備 地デジアンテナ 室内用,個
通信・弱電設備,DXアンテナ アンテナ設備 地デジアンテナ 平面型（美観重視）,個
通信・弱電設備,DXアンテナ アンテナ設備 防水キャップ（F型コネクタ用）,個
通信・弱電設備,LANケーブル CAT5e 0.5m イエロー（幹線識別）,本
通信・弱電設備,LANケーブル CAT5e 0.5m グレー,本
通信・弱電設備,LANケーブル CAT5e 0.5m ブルー,本
通信・弱電設備,LANケーブル CAT5e 0.5m ホワイト,本
通信・弱電設備,LANケーブル CAT5e 0.5m レッド（冗長系）,本
通信・弱電設備,LANケーブル CAT5e 10m イエロー（幹線識別）,本
通信・弱電設備,LANケーブル CAT5e 10m グレー,本
通信・弱電設備,LANケーブル CAT5e 10m ブルー,本
通信・弱電設備,LANケーブル CAT5e 10m ホワイト,本
通信・弱電設備,LANケーブル CAT5e 10m レッド（冗長系）,本
通信・弱電設備,LANケーブル CAT5e 1m イエロー（幹線識別）,本
通信・弱電設備,LANケーブル CAT5e 1m グレー,本
通信・弱電設備,LANケーブル CAT5e 1m ブルー,本
通信・弱電設備,LANケーブル CAT5e 1m ホワイト,本
通信・弱電設備,LANケーブル CAT5e 1m レッド（冗長系）,本
通信・弱電設備,LANケーブル CAT5e 20m イエロー（幹線識別）,本
通信・弱電設備,LANケーブル CAT5e 20m グレー,本
通信・弱電設備,LANケーブル CAT5e 20m ブルー,本
通信・弱電設備,LANケーブル CAT5e 20m ホワイト,本
通信・弱電設備,LANケーブル CAT5e 20m レッド（冗長系）,本
通信・弱電設備,LANケーブル CAT5e 2m イエロー（幹線識別）,本
通信・弱電設備,LANケーブル CAT5e 2m グレー,本
通信・弱電設備,LANケーブル CAT5e 2m ブルー,本
通信・弱電設備,LANケーブル CAT5e 2m ホワイト,本
通信・弱電設備,LANケーブル CAT5e 2m レッド（冗長系）,本
通信・弱電設備,LANケーブル CAT5e 30m イエロー（幹線識別）,本
通信・弱電設備,LANケーブル CAT5e 30m グレー,本
通信・弱電設備,LANケーブル CAT5e 30m ブルー,本
通信・弱電設備,LANケーブル CAT5e 30m ホワイト,本
通信・弱電設備,LANケーブル CAT5e 30m レッド（冗長系）,本
通信・弱電設備,LANケーブル CAT5e 3m イエロー（幹線識別）,本
通信・弱電設備,LANケーブル CAT5e 3m グレー,本
通信・弱電設備,LANケーブル CAT5e 3m ブルー,本
通信・弱電設備,LANケーブル CAT5e 3m ホワイト,本
通信・弱電設備,LANケーブル CAT5e 3m レッド（冗長系）,本
通信・弱電設備,LANケーブル CAT5e 50m（業務用巻） イエロー（幹線識別）,本
通信・弱電設備,LANケーブル CAT5e 50m（業務用巻） グレー,本
通信・弱電設備,LANケーブル CAT5e 50m（業務用巻） ブルー,本
通信・弱電設備,LANケーブル CAT5e 50m（業務用巻） ホワイト,本
通信・弱電設備,LANケーブル CAT5e 50m（業務用巻） レッド（冗長系）,本
通信・弱電設備,LANケーブル CAT5e 5m イエロー（幹線識別）,本
通信・弱電設備,LANケーブル CAT5e 5m グレー,本
通信・弱電設備,LANケーブル CAT5e 5m ブルー,本
通信・弱電設備,LANケーブル CAT5e 5m ホワイト,本
通信・弱電設備,LANケーブル CAT5e 5m レッド（冗長系）,本
通信・弱電設備,LANケーブル CAT6 0.5m イエロー（幹線識別）,本
通信・弱電設備,LANケーブル CAT6 0.5m グレー,本
通信・弱電設備,LANケーブル CAT6 0.5m ブルー,本
通信・弱電設備,LANケーブル CAT6 0.5m ホワイト,本
通信・弱電設備,LANケーブル CAT6 0.5m レッド（冗長系）,本
通信・弱電設備,LANケーブル CAT6 10m イエロー（幹線識別）,本
通信・弱電設備,LANケーブル CAT6 10m グレー,本
通信・弱電設備,LANケーブル CAT6 10m ブルー,本
通信・弱電設備,LANケーブル CAT6 10m ホワイト,本
通信・弱電設備,LANケーブル CAT6 10m レッド（冗長系）,本
通信・弱電設備,LANケーブル CAT6 1m イエロー（幹線識別）,本
通信・弱電設備,LANケーブル CAT6 1m グレー,本
通信・弱電設備,LANケーブル CAT6 1m ブルー,本
通信・弱電設備,LANケーブル CAT6 1m ホワイト,本
通信・弱電設備,LANケーブル CAT6 1m レッド（冗長系）,本
通信・弱電設備,LANケーブル CAT6 20m イエロー（幹線識別）,本
通信・弱電設備,LANケーブル CAT6 20m グレー,本
通信・弱電設備,LANケーブル CAT6 20m ブルー,本
通信・弱電設備,LANケーブル CAT6 20m ホワイト,本
通信・弱電設備,LANケーブル CAT6 20m レッド（冗長系）,本
通信・弱電設備,LANケーブル CAT6 2m イエロー（幹線識別）,本
通信・弱電設備,LANケーブル CAT6 2m グレー,本
通信・弱電設備,LANケーブル CAT6 2m ブルー,本
通信・弱電設備,LANケーブル CAT6 2m ホワイト,本
通信・弱電設備,LANケーブル CAT6 2m レッド（冗長系）,本
通信・弱電設備,LANケーブル CAT6 30m イエロー（幹線識別）,本
通信・弱電設備,LANケーブル CAT6 30m グレー,本
通信・弱電設備,LANケーブル CAT6 30m ブルー,本
通信・弱電設備,LANケーブル CAT6 30m ホワイト,本
通信・弱電設備,LANケーブル CAT6 30m レッド（冗長系）,本
通信・弱電設備,LANケーブル CAT6 3m イエロー（幹線識別）,本
通信・弱電設備,LANケーブル CAT6 3m グレー,本
通信・弱電設備,LANケーブル CAT6 3m ブルー,本
通信・弱電設備,LANケーブル CAT6 3m ホワイト,本
通信・弱電設備,LANケーブル CAT6 3m レッド（冗長系）,本
通信・弱電設備,LANケーブル CAT6 50m（業務用巻） イエロー（幹線識別）,本
通信・弱電設備,LANケーブル CAT6 50m（業務用巻） グレー,本
通信・弱電設備,LANケーブル CAT6 50m（業務用巻） ブルー,本
通信・弱電設備,LANケーブル CAT6 50m（業務用巻） ホワイト,本
通信・弱電設備,LANケーブル CAT6 50m（業務用巻） レッド（冗長系）,本
通信・弱電設備,LANケーブル CAT6 5m イエロー（幹線識別）,本
通信・弱電設備,LANケーブル CAT6 5m グレー,本
通信・弱電設備,LANケーブル CAT6 5m ブルー,本
通信・弱電設備,LANケーブル CAT6 5m ホワイト,本
通信・弱電設備,LANケーブル CAT6 5m レッド（冗長系）,本
通信・弱電設備,LANケーブル CAT6A 0.5m イエロー（幹線識別）,本
通信・弱電設備,LANケーブル CAT6A 0.5m グレー,本
通信・弱電設備,LANケーブル CAT6A 0.5m ブルー,本
通信・弱電設備,LANケーブル CAT6A 0.5m ホワイト,本
通信・弱電設備,LANケーブル CAT6A 0.5m レッド（冗長系）,本
通信・弱電設備,LANケーブル CAT6A 10m イエロー（幹線識別）,本
通信・弱電設備,LANケーブル CAT6A 10m グレー,本
通信・弱電設備,LANケーブル CAT6A 10m ブルー,本
通信・弱電設備,LANケーブル CAT6A 10m ホワイト,本
通信・弱電設備,LANケーブル CAT6A 10m レッド（冗長系）,本
通信・弱電設備,LANケーブル CAT6A 1m イエロー（幹線識別）,本
通信・弱電設備,LANケーブル CAT6A 1m グレー,本
通信・弱電設備,LANケーブル CAT6A 1m ブルー,本
通信・弱電設備,LANケーブル CAT6A 1m ホワイト,本
通信・弱電設備,LANケーブル CAT6A 1m レッド（冗長系）,本
通信・弱電設備,LANケーブル CAT6A 20m イエロー（幹線識別）,本
通信・弱電設備,LANケーブル CAT6A 20m グレー,本
通信・弱電設備,LANケーブル CAT6A 20m ブルー,本
通信・弱電設備,LANケーブル CAT6A 20m ホワイト,本
通信・弱電設備,LANケーブル CAT6A 20m レッド（冗長系）,本
通信・弱電設備,LANケーブル CAT6A 2m イエロー（幹線識別）,本
通信・弱電設備,LANケーブル CAT6A 2m グレー,本
通信・弱電設備,LANケーブル CAT6A 2m ブルー,本
通信・弱電設備,LANケーブル CAT6A 2m ホワイト,本
通信・弱電設備,LANケーブル CAT6A 2m レッド（冗長系）,本
通信・弱電設備,LANケーブル CAT6A 30m イエロー（幹線識別）,本
通信・弱電設備,LANケーブル CAT6A 30m グレー,本
通信・弱電設備,LANケーブル CAT6A 30m ブルー,本
通信・弱電設備,LANケーブル CAT6A 30m ホワイト,本
通信・弱電設備,LANケーブル CAT6A 30m レッド（冗長系）,本
通信・弱電設備,LANケーブル CAT6A 3m イエロー（幹線識別）,本
通信・弱電設備,LANケーブル CAT6A 3m グレー,本
通信・弱電設備,LANケーブル CAT6A 3m ブルー,本
通信・弱電設備,LANケーブル CAT6A 3m ホワイト,本
通信・弱電設備,LANケーブル CAT6A 3m レッド（冗長系）,本
通信・弱電設備,LANケーブル CAT6A 50m（業務用巻） イエロー（幹線識別）,本
通信・弱電設備,LANケーブル CAT6A 50m（業務用巻） グレー,本
通信・弱電設備,LANケーブル CAT6A 50m（業務用巻） ブルー,本
通信・弱電設備,LANケーブル CAT6A 50m（業務用巻） ホワイト,本
通信・弱電設備,LANケーブル CAT6A 50m（業務用巻） レッド（冗長系）,本
通信・弱電設備,LANケーブル CAT6A 5m イエロー（幹線識別）,本
通信・弱電設備,LANケーブル CAT6A 5m グレー,本
通信・弱電設備,LANケーブル CAT6A 5m ブルー,本
通信・弱電設備,LANケーブル CAT6A 5m ホワイト,本
通信・弱電設備,LANケーブル CAT6A 5m レッド（冗長系）,本
通信・弱電設備,LANケーブル CAT7 0.5m イエロー（幹線識別）,本
通信・弱電設備,LANケーブル CAT7 0.5m グレー,本
通信・弱電設備,LANケーブル CAT7 0.5m ブルー,本
通信・弱電設備,LANケーブル CAT7 0.5m ホワイト,本
通信・弱電設備,LANケーブル CAT7 0.5m レッド（冗長系）,本
通信・弱電設備,LANケーブル CAT7 10m イエロー（幹線識別）,本
通信・弱電設備,LANケーブル CAT7 10m グレー,本
通信・弱電設備,LANケーブル CAT7 10m ブルー,本
通信・弱電設備,LANケーブル CAT7 10m ホワイト,本
通信・弱電設備,LANケーブル CAT7 10m レッド（冗長系）,本
通信・弱電設備,LANケーブル CAT7 1m イエロー（幹線識別）,本
通信・弱電設備,LANケーブル CAT7 1m グレー,本
通信・弱電設備,LANケーブル CAT7 1m ブルー,本
通信・弱電設備,LANケーブル CAT7 1m ホワイト,本
通信・弱電設備,LANケーブル CAT7 1m レッド（冗長系）,本
通信・弱電設備,LANケーブル CAT7 20m イエロー（幹線識別）,本
通信・弱電設備,LANケーブル CAT7 20m グレー,本
通信・弱電設備,LANケーブル CAT7 20m ブルー,本
通信・弱電設備,LANケーブル CAT7 20m ホワイト,本
通信・弱電設備,LANケーブル CAT7 20m レッド（冗長系）,本
通信・弱電設備,LANケーブル CAT7 2m イエロー（幹線識別）,本
通信・弱電設備,LANケーブル CAT7 2m グレー,本
通信・弱電設備,LANケーブル CAT7 2m ブルー,本
通信・弱電設備,LANケーブル CAT7 2m ホワイト,本
通信・弱電設備,LANケーブル CAT7 2m レッド（冗長系）,本
通信・弱電設備,LANケーブル CAT7 30m イエロー（幹線識別）,本
通信・弱電設備,LANケーブル CAT7 30m グレー,本
通信・弱電設備,LANケーブル CAT7 30m ブルー,本
通信・弱電設備,LANケーブル CAT7 30m ホワイト,本
通信・弱電設備,LANケーブル CAT7 30m レッド（冗長系）,本
通信・弱電設備,LANケーブル CAT7 3m イエロー（幹線識別）,本
通信・弱電設備,LANケーブル CAT7 3m グレー,本
通信・弱電設備,LANケーブル CAT7 3m ブルー,本
通信・弱電設備,LANケーブル CAT7 3m ホワイト,本
通信・弱電設備,LANケーブル CAT7 3m レッド（冗長系）,本
通信・弱電設備,LANケーブル CAT7 50m（業務用巻） イエロー（幹線識別）,本
通信・弱電設備,LANケーブル CAT7 50m（業務用巻） グレー,本
通信・弱電設備,LANケーブル CAT7 50m（業務用巻） ブルー,本
通信・弱電設備,LANケーブル CAT7 50m（業務用巻） ホワイト,本
通信・弱電設備,LANケーブル CAT7 50m（業務用巻） レッド（冗長系）,本
通信・弱電設備,LANケーブル CAT7 5m イエロー（幹線識別）,本
通信・弱電設備,LANケーブル CAT7 5m グレー,本
通信・弱電設備,LANケーブル CAT7 5m ブルー,本
通信・弱電設備,LANケーブル CAT7 5m ホワイト,本
通信・弱電設備,LANケーブル CAT7 5m レッド（冗長系）,本
通信・弱電設備,LANケーブル CAT8（10Gbps） 0.5m イエロー（幹線識別）,本
通信・弱電設備,LANケーブル CAT8（10Gbps） 0.5m グレー,本
通信・弱電設備,LANケーブル CAT8（10Gbps） 0.5m ブルー,本
通信・弱電設備,LANケーブル CAT8（10Gbps） 0.5m ホワイト,本
通信・弱電設備,LANケーブル CAT8（10Gbps） 0.5m レッド（冗長系）,本
通信・弱電設備,LANケーブル CAT8（10Gbps） 10m イエロー（幹線識別）,本
通信・弱電設備,LANケーブル CAT8（10Gbps） 10m グレー,本
通信・弱電設備,LANケーブル CAT8（10Gbps） 10m ブルー,本
通信・弱電設備,LANケーブル CAT8（10Gbps） 10m ホワイト,本
通信・弱電設備,LANケーブル CAT8（10Gbps） 10m レッド（冗長系）,本
通信・弱電設備,LANケーブル CAT8（10Gbps） 1m イエロー（幹線識別）,本
通信・弱電設備,LANケーブル CAT8（10Gbps） 1m グレー,本
通信・弱電設備,LANケーブル CAT8（10Gbps） 1m ブルー,本
通信・弱電設備,LANケーブル CAT8（10Gbps） 1m ホワイト,本
通信・弱電設備,LANケーブル CAT8（10Gbps） 1m レッド（冗長系）,本
通信・弱電設備,LANケーブル CAT8（10Gbps） 20m イエロー（幹線識別）,本
通信・弱電設備,LANケーブル CAT8（10Gbps） 20m グレー,本
通信・弱電設備,LANケーブル CAT8（10Gbps） 20m ブルー,本
通信・弱電設備,LANケーブル CAT8（10Gbps） 20m ホワイト,本
通信・弱電設備,LANケーブル CAT8（10Gbps） 20m レッド（冗長系）,本
通信・弱電設備,LANケーブル CAT8（10Gbps） 2m イエロー（幹線識別）,本
通信・弱電設備,LANケーブル CAT8（10Gbps） 2m グレー,本
通信・弱電設備,LANケーブル CAT8（10Gbps） 2m ブルー,本
通信・弱電設備,LANケーブル CAT8（10Gbps） 2m ホワイト,本
通信・弱電設備,LANケーブル CAT8（10Gbps） 2m レッド（冗長系）,本
通信・弱電設備,LANケーブル CAT8（10Gbps） 30m イエロー（幹線識別）,本
通信・弱電設備,LANケーブル CAT8（10Gbps） 30m グレー,本
通信・弱電設備,LANケーブル CAT8（10Gbps） 30m ブルー,本
通信・弱電設備,LANケーブル CAT8（10Gbps） 30m ホワイト,本
通信・弱電設備,LANケーブル CAT8（10Gbps） 30m レッド（冗長系）,本
通信・弱電設備,LANケーブル CAT8（10Gbps） 3m イエロー（幹線識別）,本
通信・弱電設備,LANケーブル CAT8（10Gbps） 3m グレー,本
通信・弱電設備,LANケーブル CAT8（10Gbps） 3m ブルー,本
通信・弱電設備,LANケーブル CAT8（10Gbps） 3m ホワイト,本
通信・弱電設備,LANケーブル CAT8（10Gbps） 3m レッド（冗長系）,本
通信・弱電設備,LANケーブル CAT8（10Gbps） 50m（業務用巻） イエロー（幹線識別）,本
通信・弱電設備,LANケーブル CAT8（10Gbps） 50m（業務用巻） グレー,本
通信・弱電設備,LANケーブル CAT8（10Gbps） 50m（業務用巻） ブルー,本
通信・弱電設備,LANケーブル CAT8（10Gbps） 50m（業務用巻） ホワイト,本
通信・弱電設備,LANケーブル CAT8（10Gbps） 50m（業務用巻） レッド（冗長系）,本
通信・弱電設備,LANケーブル CAT8（10Gbps） 5m イエロー（幹線識別）,本
通信・弱電設備,LANケーブル CAT8（10Gbps） 5m グレー,本
通信・弱電設備,LANケーブル CAT8（10Gbps） 5m ブルー,本
通信・弱電設備,LANケーブル CAT8（10Gbps） 5m ホワイト,本
通信・弱電設備,LANケーブル CAT8（10Gbps） 5m レッド（冗長系）,本
通信・弱電設備,LAN配線（CAT6 1m）,m
通信・弱電設備,LAN配線（CAT6A 1m）,m
通信・弱電設備,NTT（設備） 通信設備 CAT6Aモジュラージャック 24個,個
通信・弱電設備,NTT（設備） 通信設備 LANパッチパネル 24ポート,個
通信・弱電設備,NTT（設備） 通信設備 LANパッチパネル 48ポート,個
通信・弱電設備,NTT（設備） 通信設備 PoE対応スイッチングハブ 8ポート,個
通信・弱電設備,NTT（設備） 通信設備 UPS（無停電電源装置 500VA）,個
通信・弱電設備,NTT（設備） 通信設備 WAP 全館Wi-Fi対応 5台セット,個
通信・弱電設備,NTT（設備） 通信設備 WAP（無線アクセスポイント 天井埋込）,個
通信・弱電設備,NTT（設備） 通信設備 Wi-Fi 6 メッシュルーター 2台セット,個
通信・弱電設備,NTT（設備） 通信設備 Wi-Fi 6E ルーター（AX6000）,個
通信・弱電設備,NTT（設備） 通信設備 Wi-Fi 6ルーター（AX3000）,個
通信・弱電設備,NTT（設備） 通信設備 Wi-Fi 7 ルーター（最新）,個
通信・弱電設備,NTT（設備） 通信設備 コードレス電話機（子機3台）,個
通信・弱電設備,NTT（設備） 通信設備 スイッチングハブ 16ポート,個
通信・弱電設備,NTT（設備） 通信設備 ネットワークラック 6U（壁掛け）,個
通信・弱電設備,NTT（設備） 通信設備 メディアコンバーター（光-LAN変換）,個
通信・弱電設備,NTT（設備） 通信設備 モジュラージャック（電話 壁面）,個
通信・弱電設備,NTT（設備） 通信設備 光コンセント（ファイバー端末）,個
通信・弱電設備,NTT（設備） 通信設備 光ファイバー 屋内配線 1m,個
通信・弱電設備,NTT（設備） 通信設備 光ファイバー引込工事（NTT Fネット）,個
通信・弱電設備,NTT（設備） 通信設備 宅配ボックス マンション用 4戸,個
通信・弱電設備,NTT（設備） 通信設備 宅配ボックス 中型（W450×H700）,個
通信・弱電設備,NTT（設備） 通信設備 宅配ボックス 大型（前入れ後取り）,個
通信・弱電設備,NTT（設備） 通信設備 宅配ボックス 小型（W350×H500）,個
通信・弱電設備,NTT（設備） 通信設備 郵便ポスト スタンド型,個
通信・弱電設備,NTT（設備） 通信設備 郵便ポスト（埋込型）,個
通信・弱電設備,NTT（設備） 通信設備 集合郵便受け 4戸用,個
通信・弱電設備,NTT（設備） 通信設備 電話配線 2芯×4心 100m,個
通信・弱電設備,OPTEX スマートフォン連動 Wi-Fi,台
通信・弱電設備,OPTEX テレビドアホン 1対1 カラー,台
通信・弱電設備,OPTEX テレビドアホン 広角カメラ,台
通信・弱電設備,OPTEX テレビドアホン 録画機能付き,台
通信・弱電設備,OPTEX 宅配ボックス連動型,台
通信・弱電設備,OPTEX 集合住宅対応 増設型,台
通信・弱電設備,OPTEX 顔認証付き スマートロック連動,台
通信・弱電設備,OPTEX（センサー） ガラス破壊センサー,台
通信・弱電設備,OPTEX（センサー） ホームセキュリティ初期費用（機器一式）,台
通信・弱電設備,OPTEX（センサー） 煙感知器（火災連動型）,台
通信・弱電設備,OPTEX（センサー） 緊急通報ボタン（パニックボタン）,台
通信・弱電設備,OPTEX（センサー） 防犯カメラ 録画機（NVR 8CH）,台
通信・弱電設備,OPTEX（センサー） 防犯カメラ（屋内 360°）,台
通信・弱電設備,OPTEX（センサー） 防犯カメラ（屋外 HD 1080p）,台
通信・弱電設備,OPTEX（センサー） 防犯ガラスフィルム（断熱兼用）,台
通信・弱電設備,OPTEX（センサー） 防犯センサー（熱線検知）,台
通信・弱電設備,OPTEX（センサー） 防犯センサー（開閉検知）,台
通信・弱電設備,OPTEX（センサー） 電気錠制御盤,台
通信・弱電設備,SECOM（セコム） ガラス破壊センサー,台
通信・弱電設備,SECOM（セコム） ホームセキュリティ初期費用（機器一式）,台
通信・弱電設備,SECOM（セコム） 煙感知器（火災連動型）,台
通信・弱電設備,SECOM（セコム） 緊急通報ボタン（パニックボタン）,台
通信・弱電設備,SECOM（セコム） 防犯カメラ 録画機（NVR 8CH）,台
通信・弱電設備,SECOM（セコム） 防犯カメラ（屋内 360°）,台
通信・弱電設備,SECOM（セコム） 防犯カメラ（屋外 HD 1080p）,台
通信・弱電設備,SECOM（セコム） 防犯ガラスフィルム（断熱兼用）,台
通信・弱電設備,SECOM（セコム） 防犯センサー（熱線検知）,台
通信・弱電設備,SECOM（セコム） 防犯センサー（開閉検知）,台
通信・弱電設備,SECOM（セコム） 電気錠制御盤,台
通信・弱電設備,Wi-Fiルーター（業務用）,台
通信・弱電設備,Wi-Fi中継器,台
通信・弱電設備,アイホン スマートフォン連動 Wi-Fi,台
通信・弱電設備,アイホン テレビドアホン 1対1 カラー,台
通信・弱電設備,アイホン テレビドアホン 広角カメラ,台
通信・弱電設備,アイホン テレビドアホン 録画機能付き,台
通信・弱電設備,アイホン 宅配ボックス連動型,台
通信・弱電設備,アイホン 集合住宅対応 増設型,台
通信・弱電設備,アイホン 顔認証付き スマートロック連動,台
通信・弱電設備,アイ・オー・データ 通信設備 CAT6Aモジュラージャック 24個,個
通信・弱電設備,アイ・オー・データ 通信設備 LANパッチパネル 24ポート,個
通信・弱電設備,アイ・オー・データ 通信設備 LANパッチパネル 48ポート,個
通信・弱電設備,アイ・オー・データ 通信設備 PoE対応スイッチングハブ 8ポート,個
通信・弱電設備,アイ・オー・データ 通信設備 UPS（無停電電源装置 500VA）,個
通信・弱電設備,アイ・オー・データ 通信設備 WAP 全館Wi-Fi対応 5台セット,個
通信・弱電設備,アイ・オー・データ 通信設備 WAP（無線アクセスポイント 天井埋込）,個
通信・弱電設備,アイ・オー・データ 通信設備 Wi-Fi 6 メッシュルーター 2台セット,個
通信・弱電設備,アイ・オー・データ 通信設備 Wi-Fi 6E ルーター（AX6000）,個
通信・弱電設備,アイ・オー・データ 通信設備 Wi-Fi 6ルーター（AX3000）,個
通信・弱電設備,アイ・オー・データ 通信設備 Wi-Fi 7 ルーター（最新）,個
通信・弱電設備,アイ・オー・データ 通信設備 コードレス電話機（子機3台）,個
通信・弱電設備,アイ・オー・データ 通信設備 スイッチングハブ 16ポート,個
通信・弱電設備,アイ・オー・データ 通信設備 ネットワークラック 6U（壁掛け）,個
通信・弱電設備,アイ・オー・データ 通信設備 メディアコンバーター（光-LAN変換）,個
通信・弱電設備,アイ・オー・データ 通信設備 モジュラージャック（電話 壁面）,個
通信・弱電設備,アイ・オー・データ 通信設備 光コンセント（ファイバー端末）,個
通信・弱電設備,アイ・オー・データ 通信設備 光ファイバー 屋内配線 1m,個
通信・弱電設備,アイ・オー・データ 通信設備 光ファイバー引込工事（NTT Fネット）,個
通信・弱電設備,アイ・オー・データ 通信設備 宅配ボックス マンション用 4戸,個
通信・弱電設備,アイ・オー・データ 通信設備 宅配ボックス 中型（W450×H700）,個
通信・弱電設備,アイ・オー・データ 通信設備 宅配ボックス 大型（前入れ後取り）,個
通信・弱電設備,アイ・オー・データ 通信設備 宅配ボックス 小型（W350×H500）,個
通信・弱電設備,アイ・オー・データ 通信設備 郵便ポスト スタンド型,個
通信・弱電設備,アイ・オー・データ 通信設備 郵便ポスト（埋込型）,個
通信・弱電設備,アイ・オー・データ 通信設備 集合郵便受け 4戸用,個
通信・弱電設備,アイ・オー・データ 通信設備 電話配線 2芯×4心 100m,個
通信・弱電設備,エレコム 通信設備 CAT6Aモジュラージャック 24個,個
通信・弱電設備,エレコム 通信設備 LANパッチパネル 24ポート,個
通信・弱電設備,エレコム 通信設備 LANパッチパネル 48ポート,個
通信・弱電設備,エレコム 通信設備 PoE対応スイッチングハブ 8ポート,個
通信・弱電設備,エレコム 通信設備 UPS（無停電電源装置 500VA）,個
通信・弱電設備,エレコム 通信設備 WAP 全館Wi-Fi対応 5台セット,個
通信・弱電設備,エレコム 通信設備 WAP（無線アクセスポイント 天井埋込）,個
通信・弱電設備,エレコム 通信設備 Wi-Fi 6 メッシュルーター 2台セット,個
通信・弱電設備,エレコム 通信設備 Wi-Fi 6E ルーター（AX6000）,個
通信・弱電設備,エレコム 通信設備 Wi-Fi 6ルーター（AX3000）,個
通信・弱電設備,エレコム 通信設備 Wi-Fi 7 ルーター（最新）,個
通信・弱電設備,エレコム 通信設備 コードレス電話機（子機3台）,個
通信・弱電設備,エレコム 通信設備 スイッチングハブ 16ポート,個
通信・弱電設備,エレコム 通信設備 ネットワークラック 6U（壁掛け）,個
通信・弱電設備,エレコム 通信設備 メディアコンバーター（光-LAN変換）,個
通信・弱電設備,エレコム 通信設備 モジュラージャック（電話 壁面）,個
通信・弱電設備,エレコム 通信設備 光コンセント（ファイバー端末）,個
通信・弱電設備,エレコム 通信設備 光ファイバー 屋内配線 1m,個
通信・弱電設備,エレコム 通信設備 光ファイバー引込工事（NTT Fネット）,個
通信・弱電設備,エレコム 通信設備 宅配ボックス マンション用 4戸,個
通信・弱電設備,エレコム 通信設備 宅配ボックス 中型（W450×H700）,個
通信・弱電設備,エレコム 通信設備 宅配ボックス 大型（前入れ後取り）,個
通信・弱電設備,エレコム 通信設備 宅配ボックス 小型（W350×H500）,個
通信・弱電設備,エレコム 通信設備 郵便ポスト スタンド型,個
通信・弱電設備,エレコム 通信設備 郵便ポスト（埋込型）,個
通信・弱電設備,エレコム 通信設備 集合郵便受け 4戸用,個
通信・弱電設備,エレコム 通信設備 電話配線 2芯×4心 100m,個
通信・弱電設備,サン電子 アンテナ設備 2分配器 全端子電流通過,個
通信・弱電設備,サン電子 アンテナ設備 4K8K対応テレビ端子 2端子型,個
通信・弱電設備,サン電子 アンテナ設備 4分配器 全端子電流通過,個
通信・弱電設備,サン電子 アンテナ設備 8分配器,個
通信・弱電設備,サン電子 アンテナ設備 BS 4K8K対応 大型 60cm,個
通信・弱電設備,サン電子 アンテナ設備 BS 4K8K対応アンテナ 45cm,個
通信・弱電設備,サン電子 アンテナ設備 BS/CS 110度 共用アンテナ 45cm,個
通信・弱電設備,サン電子 アンテナ設備 BSアンテナ 45cm（BSデジタル対応）,個
通信・弱電設備,サン電子 アンテナ設備 BSアンテナ 60cm（大型・降雨時安定）,個
通信・弱電設備,サン電子 アンテナ設備 UHF/BS混合器,個
通信・弱電設備,サン電子 アンテナ設備 アンテナマスト 32φ×2m,個
通信・弱電設備,サン電子 アンテナ設備 アンテナマスト 32φ×3m,個
通信・弱電設備,サン電子 アンテナ設備 アンテナ支線（ステンレス 3本）,個
通信・弱電設備,サン電子 アンテナ設備 テレビ端子 ターミナル（末端）,個
通信・弱電設備,サン電子 アンテナ設備 テレビ端子（直列ユニット 壁面）,個
通信・弱電設備,サン電子 アンテナ設備 ブースター 屋内用（電源部）,個
通信・弱電設備,サン電子 アンテナ設備 ブースター 幹線用 40dB,個
通信・弱電設備,サン電子 アンテナ設備 ブースター（増幅器）屋外用 30dB,個
通信・弱電設備,サン電子 アンテナ設備 同軸ケーブル S-4C-FB 30m,個
通信・弱電設備,サン電子 アンテナ設備 同軸ケーブル S-5C-FB 100m巻,個
通信・弱電設備,サン電子 アンテナ設備 地デジアンテナ UHF 14素子,個
通信・弱電設備,サン電子 アンテナ設備 地デジアンテナ UHF 20素子（屋根上）,個
通信・弱電設備,サン電子 アンテナ設備 地デジアンテナ 室内用,個
通信・弱電設備,サン電子 アンテナ設備 地デジアンテナ 平面型（美観重視）,個
通信・弱電設備,サン電子 アンテナ設備 防水キャップ（F型コネクタ用）,個
通信・弱電設備,テレビアンテナ（BS/CS対応）,式
通信・弱電設備,テレビ分配器（4分配）,個
通信・弱電設備,ネットギア 通信設備 CAT6Aモジュラージャック 24個,個
通信・弱電設備,ネットギア 通信設備 LANパッチパネル 24ポート,個
通信・弱電設備,ネットギア 通信設備 LANパッチパネル 48ポート,個
通信・弱電設備,ネットギア 通信設備 PoE対応スイッチングハブ 8ポート,個
通信・弱電設備,ネットギア 通信設備 UPS（無停電電源装置 500VA）,個
通信・弱電設備,ネットギア 通信設備 WAP 全館Wi-Fi対応 5台セット,個
通信・弱電設備,ネットギア 通信設備 WAP（無線アクセスポイント 天井埋込）,個
通信・弱電設備,ネットギア 通信設備 Wi-Fi 6 メッシュルーター 2台セット,個
通信・弱電設備,ネットギア 通信設備 Wi-Fi 6E ルーター（AX6000）,個
通信・弱電設備,ネットギア 通信設備 Wi-Fi 6ルーター（AX3000）,個
通信・弱電設備,ネットギア 通信設備 Wi-Fi 7 ルーター（最新）,個
通信・弱電設備,ネットギア 通信設備 コードレス電話機（子機3台）,個
通信・弱電設備,ネットギア 通信設備 スイッチングハブ 16ポート,個
通信・弱電設備,ネットギア 通信設備 ネットワークラック 6U（壁掛け）,個
通信・弱電設備,ネットギア 通信設備 メディアコンバーター（光-LAN変換）,個
通信・弱電設備,ネットギア 通信設備 モジュラージャック（電話 壁面）,個
通信・弱電設備,ネットギア 通信設備 光コンセント（ファイバー端末）,個
通信・弱電設備,ネットギア 通信設備 光ファイバー 屋内配線 1m,個
通信・弱電設備,ネットギア 通信設備 光ファイバー引込工事（NTT Fネット）,個
通信・弱電設備,ネットギア 通信設備 宅配ボックス マンション用 4戸,個
通信・弱電設備,ネットギア 通信設備 宅配ボックス 中型（W450×H700）,個
通信・弱電設備,ネットギア 通信設備 宅配ボックス 大型（前入れ後取り）,個
通信・弱電設備,ネットギア 通信設備 宅配ボックス 小型（W350×H500）,個
通信・弱電設備,ネットギア 通信設備 郵便ポスト スタンド型,個
通信・弱電設備,ネットギア 通信設備 郵便ポスト（埋込型）,個
通信・弱電設備,ネットギア 通信設備 集合郵便受け 4戸用,個
通信・弱電設備,ネットギア 通信設備 電話配線 2芯×4心 100m,個
通信・弱電設備,バッファロー 通信設備 CAT6Aモジュラージャック 24個,個
通信・弱電設備,バッファロー 通信設備 LANパッチパネル 24ポート,個
通信・弱電設備,バッファロー 通信設備 LANパッチパネル 48ポート,個
通信・弱電設備,バッファロー 通信設備 PoE対応スイッチングハブ 8ポート,個
通信・弱電設備,バッファロー 通信設備 UPS（無停電電源装置 500VA）,個
通信・弱電設備,バッファロー 通信設備 WAP 全館Wi-Fi対応 5台セット,個
通信・弱電設備,バッファロー 通信設備 WAP（無線アクセスポイント 天井埋込）,個
通信・弱電設備,バッファロー 通信設備 Wi-Fi 6 メッシュルーター 2台セット,個
通信・弱電設備,バッファロー 通信設備 Wi-Fi 6E ルーター（AX6000）,個
通信・弱電設備,バッファロー 通信設備 Wi-Fi 6ルーター（AX3000）,個
通信・弱電設備,バッファロー 通信設備 Wi-Fi 7 ルーター（最新）,個
通信・弱電設備,バッファロー 通信設備 コードレス電話機（子機3台）,個
通信・弱電設備,バッファロー 通信設備 スイッチングハブ 16ポート,個
通信・弱電設備,バッファロー 通信設備 ネットワークラック 6U（壁掛け）,個
通信・弱電設備,バッファロー 通信設備 メディアコンバーター（光-LAN変換）,個
通信・弱電設備,バッファロー 通信設備 モジュラージャック（電話 壁面）,個
通信・弱電設備,バッファロー 通信設備 光コンセント（ファイバー端末）,個
通信・弱電設備,バッファロー 通信設備 光ファイバー 屋内配線 1m,個
通信・弱電設備,バッファロー 通信設備 光ファイバー引込工事（NTT Fネット）,個
通信・弱電設備,バッファロー 通信設備 宅配ボックス マンション用 4戸,個
通信・弱電設備,バッファロー 通信設備 宅配ボックス 中型（W450×H700）,個
通信・弱電設備,バッファロー 通信設備 宅配ボックス 大型（前入れ後取り）,個
通信・弱電設備,バッファロー 通信設備 宅配ボックス 小型（W350×H500）,個
通信・弱電設備,バッファロー 通信設備 郵便ポスト スタンド型,個
通信・弱電設備,バッファロー 通信設備 郵便ポスト（埋込型）,個
通信・弱電設備,バッファロー 通信設備 集合郵便受け 4戸用,個
通信・弱電設備,バッファロー 通信設備 電話配線 2芯×4心 100m,個
通信・弱電設備,パナソニック（インターホン） スマートフォン連動 Wi-Fi,台
通信・弱電設備,パナソニック（インターホン） テレビドアホン 1対1 カラー,台
通信・弱電設備,パナソニック（インターホン） テレビドアホン 広角カメラ,台
通信・弱電設備,パナソニック（インターホン） テレビドアホン 録画機能付き,台
通信・弱電設備,パナソニック（インターホン） 宅配ボックス連動型,台
通信・弱電設備,パナソニック（インターホン） 集合住宅対応 増設型,台
通信・弱電設備,パナソニック（インターホン） 顔認証付き スマートロック連動,台
通信・弱電設備,パナソニック（通信） 通信設備 CAT6Aモジュラージャック 24個,個
通信・弱電設備,パナソニック（通信） 通信設備 LANパッチパネル 24ポート,個
通信・弱電設備,パナソニック（通信） 通信設備 LANパッチパネル 48ポート,個
通信・弱電設備,パナソニック（通信） 通信設備 PoE対応スイッチングハブ 8ポート,個
通信・弱電設備,パナソニック（通信） 通信設備 UPS（無停電電源装置 500VA）,個
通信・弱電設備,パナソニック（通信） 通信設備 WAP 全館Wi-Fi対応 5台セット,個
通信・弱電設備,パナソニック（通信） 通信設備 WAP（無線アクセスポイント 天井埋込）,個
通信・弱電設備,パナソニック（通信） 通信設備 Wi-Fi 6 メッシュルーター 2台セット,個
通信・弱電設備,パナソニック（通信） 通信設備 Wi-Fi 6E ルーター（AX6000）,個
通信・弱電設備,パナソニック（通信） 通信設備 Wi-Fi 6ルーター（AX3000）,個
通信・弱電設備,パナソニック（通信） 通信設備 Wi-Fi 7 ルーター（最新）,個
通信・弱電設備,パナソニック（通信） 通信設備 コードレス電話機（子機3台）,個
通信・弱電設備,パナソニック（通信） 通信設備 スイッチングハブ 16ポート,個
通信・弱電設備,パナソニック（通信） 通信設備 ネットワークラック 6U（壁掛け）,個
通信・弱電設備,パナソニック（通信） 通信設備 メディアコンバーター（光-LAN変換）,個
通信・弱電設備,パナソニック（通信） 通信設備 モジュラージャック（電話 壁面）,個
通信・弱電設備,パナソニック（通信） 通信設備 光コンセント（ファイバー端末）,個
通信・弱電設備,パナソニック（通信） 通信設備 光ファイバー 屋内配線 1m,個
通信・弱電設備,パナソニック（通信） 通信設備 光ファイバー引込工事（NTT Fネット）,個
通信・弱電設備,パナソニック（通信） 通信設備 宅配ボックス マンション用 4戸,個
通信・弱電設備,パナソニック（通信） 通信設備 宅配ボックス 中型（W450×H700）,個
通信・弱電設備,パナソニック（通信） 通信設備 宅配ボックス 大型（前入れ後取り）,個
通信・弱電設備,パナソニック（通信） 通信設備 宅配ボックス 小型（W350×H500）,個
通信・弱電設備,パナソニック（通信） 通信設備 郵便ポスト スタンド型,個
通信・弱電設備,パナソニック（通信） 通信設備 郵便ポスト（埋込型）,個
通信・弱電設備,パナソニック（通信） 通信設備 集合郵便受け 4戸用,個
通信・弱電設備,パナソニック（通信） 通信設備 電話配線 2芯×4心 100m,個
通信・弱電設備,パナソニック（防犯） ガラス破壊センサー,台
通信・弱電設備,パナソニック（防犯） ホームセキュリティ初期費用（機器一式）,台
通信・弱電設備,パナソニック（防犯） 煙感知器（火災連動型）,台
通信・弱電設備,パナソニック（防犯） 緊急通報ボタン（パニックボタン）,台
通信・弱電設備,パナソニック（防犯） 防犯カメラ 録画機（NVR 8CH）,台
通信・弱電設備,パナソニック（防犯） 防犯カメラ（屋内 360°）,台
通信・弱電設備,パナソニック（防犯） 防犯カメラ（屋外 HD 1080p）,台
通信・弱電設備,パナソニック（防犯） 防犯ガラスフィルム（断熱兼用）,台
通信・弱電設備,パナソニック（防犯） 防犯センサー（熱線検知）,台
通信・弱電設備,パナソニック（防犯） 防犯センサー（開閉検知）,台
通信・弱電設備,パナソニック（防犯） 電気錠制御盤,台
通信・弱電設備,マスプロ電工 アンテナ設備 2分配器 全端子電流通過,個
通信・弱電設備,マスプロ電工 アンテナ設備 4K8K対応テレビ端子 2端子型,個
通信・弱電設備,マスプロ電工 アンテナ設備 4分配器 全端子電流通過,個
通信・弱電設備,マスプロ電工 アンテナ設備 8分配器,個
通信・弱電設備,マスプロ電工 アンテナ設備 BS 4K8K対応 大型 60cm,個
通信・弱電設備,マスプロ電工 アンテナ設備 BS 4K8K対応アンテナ 45cm,個
通信・弱電設備,マスプロ電工 アンテナ設備 BS/CS 110度 共用アンテナ 45cm,個
通信・弱電設備,マスプロ電工 アンテナ設備 BSアンテナ 45cm（BSデジタル対応）,個
通信・弱電設備,マスプロ電工 アンテナ設備 BSアンテナ 60cm（大型・降雨時安定）,個
通信・弱電設備,マスプロ電工 アンテナ設備 UHF/BS混合器,個
通信・弱電設備,マスプロ電工 アンテナ設備 アンテナマスト 32φ×2m,個
通信・弱電設備,マスプロ電工 アンテナ設備 アンテナマスト 32φ×3m,個
通信・弱電設備,マスプロ電工 アンテナ設備 アンテナ支線（ステンレス 3本）,個
通信・弱電設備,マスプロ電工 アンテナ設備 テレビ端子 ターミナル（末端）,個
通信・弱電設備,マスプロ電工 アンテナ設備 テレビ端子（直列ユニット 壁面）,個
通信・弱電設備,マスプロ電工 アンテナ設備 ブースター 屋内用（電源部）,個
通信・弱電設備,マスプロ電工 アンテナ設備 ブースター 幹線用 40dB,個
通信・弱電設備,マスプロ電工 アンテナ設備 ブースター（増幅器）屋外用 30dB,個
通信・弱電設備,マスプロ電工 アンテナ設備 同軸ケーブル S-4C-FB 30m,個
通信・弱電設備,マスプロ電工 アンテナ設備 同軸ケーブル S-5C-FB 100m巻,個
通信・弱電設備,マスプロ電工 アンテナ設備 地デジアンテナ UHF 14素子,個
通信・弱電設備,マスプロ電工 アンテナ設備 地デジアンテナ UHF 20素子（屋根上）,個
通信・弱電設備,マスプロ電工 アンテナ設備 地デジアンテナ 室内用,個
通信・弱電設備,マスプロ電工 アンテナ設備 地デジアンテナ 平面型（美観重視）,個
通信・弱電設備,マスプロ電工 アンテナ設備 防水キャップ（F型コネクタ用）,個
通信・弱電設備,モニター付きインターホン,式
通信・弱電設備,三菱電機（インターホン） スマートフォン連動 Wi-Fi,台
通信・弱電設備,三菱電機（インターホン） テレビドアホン 1対1 カラー,台
通信・弱電設備,三菱電機（インターホン） テレビドアホン 広角カメラ,台
通信・弱電設備,三菱電機（インターホン） テレビドアホン 録画機能付き,台
通信・弱電設備,三菱電機（インターホン） 宅配ボックス連動型,台
通信・弱電設備,三菱電機（インターホン） 集合住宅対応 増設型,台
通信・弱電設備,三菱電機（インターホン） 顔認証付き スマートロック連動,台
通信・弱電設備,光回線引込工事,式
通信・弱電設備,八木アンテナ アンテナ設備 2分配器 全端子電流通過,個
通信・弱電設備,八木アンテナ アンテナ設備 4K8K対応テレビ端子 2端子型,個
通信・弱電設備,八木アンテナ アンテナ設備 4分配器 全端子電流通過,個
通信・弱電設備,八木アンテナ アンテナ設備 8分配器,個
通信・弱電設備,八木アンテナ アンテナ設備 BS 4K8K対応 大型 60cm,個
通信・弱電設備,八木アンテナ アンテナ設備 BS 4K8K対応アンテナ 45cm,個
通信・弱電設備,八木アンテナ アンテナ設備 BS/CS 110度 共用アンテナ 45cm,個
通信・弱電設備,八木アンテナ アンテナ設備 BSアンテナ 45cm（BSデジタル対応）,個
通信・弱電設備,八木アンテナ アンテナ設備 BSアンテナ 60cm（大型・降雨時安定）,個
通信・弱電設備,八木アンテナ アンテナ設備 UHF/BS混合器,個
通信・弱電設備,八木アンテナ アンテナ設備 アンテナマスト 32φ×2m,個
通信・弱電設備,八木アンテナ アンテナ設備 アンテナマスト 32φ×3m,個
通信・弱電設備,八木アンテナ アンテナ設備 アンテナ支線（ステンレス 3本）,個
通信・弱電設備,八木アンテナ アンテナ設備 テレビ端子 ターミナル（末端）,個
通信・弱電設備,八木アンテナ アンテナ設備 テレビ端子（直列ユニット 壁面）,個
通信・弱電設備,八木アンテナ アンテナ設備 ブースター 屋内用（電源部）,個
通信・弱電設備,八木アンテナ アンテナ設備 ブースター 幹線用 40dB,個
通信・弱電設備,八木アンテナ アンテナ設備 ブースター（増幅器）屋外用 30dB,個
通信・弱電設備,八木アンテナ アンテナ設備 同軸ケーブル S-4C-FB 30m,個
通信・弱電設備,八木アンテナ アンテナ設備 同軸ケーブル S-5C-FB 100m巻,個
通信・弱電設備,八木アンテナ アンテナ設備 地デジアンテナ UHF 14素子,個
通信・弱電設備,八木アンテナ アンテナ設備 地デジアンテナ UHF 20素子（屋根上）,個
通信・弱電設備,八木アンテナ アンテナ設備 地デジアンテナ 室内用,個
通信・弱電設備,八木アンテナ アンテナ設備 地デジアンテナ 平面型（美観重視）,個
通信・弱電設備,八木アンテナ アンテナ設備 防水キャップ（F型コネクタ用）,個
通信・弱電設備,感知器（煙式 1個）,個
通信・弱電設備,感知器（熱式 1個）,個
通信・弱電設備,日本アンテナ アンテナ設備 2分配器 全端子電流通過,個
通信・弱電設備,日本アンテナ アンテナ設備 4K8K対応テレビ端子 2端子型,個
通信・弱電設備,日本アンテナ アンテナ設備 4分配器 全端子電流通過,個
通信・弱電設備,日本アンテナ アンテナ設備 8分配器,個
通信・弱電設備,日本アンテナ アンテナ設備 BS 4K8K対応 大型 60cm,個
通信・弱電設備,日本アンテナ アンテナ設備 BS 4K8K対応アンテナ 45cm,個
通信・弱電設備,日本アンテナ アンテナ設備 BS/CS 110度 共用アンテナ 45cm,個
通信・弱電設備,日本アンテナ アンテナ設備 BSアンテナ 45cm（BSデジタル対応）,個
通信・弱電設備,日本アンテナ アンテナ設備 BSアンテナ 60cm（大型・降雨時安定）,個
通信・弱電設備,日本アンテナ アンテナ設備 UHF/BS混合器,個
通信・弱電設備,日本アンテナ アンテナ設備 アンテナマスト 32φ×2m,個
通信・弱電設備,日本アンテナ アンテナ設備 アンテナマスト 32φ×3m,個
通信・弱電設備,日本アンテナ アンテナ設備 アンテナ支線（ステンレス 3本）,個
通信・弱電設備,日本アンテナ アンテナ設備 テレビ端子 ターミナル（末端）,個
通信・弱電設備,日本アンテナ アンテナ設備 テレビ端子（直列ユニット 壁面）,個
通信・弱電設備,日本アンテナ アンテナ設備 ブースター 屋内用（電源部）,個
通信・弱電設備,日本アンテナ アンテナ設備 ブースター 幹線用 40dB,個
通信・弱電設備,日本アンテナ アンテナ設備 ブースター（増幅器）屋外用 30dB,個
通信・弱電設備,日本アンテナ アンテナ設備 同軸ケーブル S-4C-FB 30m,個
通信・弱電設備,日本アンテナ アンテナ設備 同軸ケーブル S-5C-FB 100m巻,個
通信・弱電設備,日本アンテナ アンテナ設備 地デジアンテナ UHF 14素子,個
通信・弱電設備,日本アンテナ アンテナ設備 地デジアンテナ UHF 20素子（屋根上）,個
通信・弱電設備,日本アンテナ アンテナ設備 地デジアンテナ 室内用,個
通信・弱電設備,日本アンテナ アンテナ設備 地デジアンテナ 平面型（美観重視）,個
通信・弱電設備,日本アンテナ アンテナ設備 防水キャップ（F型コネクタ用）,個
通信・弱電設備,火災受信機（P型1級）,台
通信・弱電設備,発信機（1個）,個
通信・弱電設備,録画装置（NVR 8ch）,台
通信・弱電設備,防犯カメラ（IP 屋内）,台
通信・弱電設備,防犯カメラ（IP 屋外）,台
通信・弱電設備,集合住宅インターホン（1戸）,戸
通信・弱電設備,電話配線（1m）,m
通信・弱電設備,非常電源（蓄電池 1台）,台
通信・弱電設備,音響警報装置,個
金属工事（手すり・笠木・ルーバー・格子）,YKKAP（金属） アルミ手すり 格子タイプ H1100 シルバー,m
金属工事（手すり・笠木・ルーバー・格子）,YKKAP（金属） アルミ手すり 格子タイプ H1100 ブラック,m
金属工事（手すり・笠木・ルーバー・格子）,YKKAP（金属） アルミ手すり 格子タイプ H1100 ブロンズ,m
金属工事（手すり・笠木・ルーバー・格子）,YKKAP（金属） アルミ手すり 格子タイプ H1100 ホワイト,m
金属工事（手すり・笠木・ルーバー・格子）,YKKAP（金属） アルミ手すり 縦桟タイプ H1100 シルバー,m
金属工事（手すり・笠木・ルーバー・格子）,YKKAP（金属） アルミ手すり 縦桟タイプ H1100 ブラック,m
金属工事（手すり・笠木・ルーバー・格子）,YKKAP（金属） アルミ手すり 縦桟タイプ H1100 ブロンズ,m
金属工事（手すり・笠木・ルーバー・格子）,YKKAP（金属） アルミ手すり 縦桟タイプ H1100 ホワイト,m
金属工事（手すり・笠木・ルーバー・格子）,YKKAP（金属） アルミ笠木 W120 角型 シルバー,m
金属工事（手すり・笠木・ルーバー・格子）,YKKAP（金属） アルミ笠木 W120 角型 ブラック,m
金属工事（手すり・笠木・ルーバー・格子）,YKKAP（金属） アルミ笠木 W120 角型 ブロンズ,m
金属工事（手すり・笠木・ルーバー・格子）,YKKAP（金属） アルミ笠木 W120 角型 ホワイト,m
金属工事（手すり・笠木・ルーバー・格子）,YKKAP（金属） ガラス手すり（強化10mm）H1100 シルバー,m
金属工事（手すり・笠木・ルーバー・格子）,YKKAP（金属） ガラス手すり（強化10mm）H1100 ブラック,m
金属工事（手すり・笠木・ルーバー・格子）,YKKAP（金属） ガラス手すり（強化10mm）H1100 ブロンズ,m
金属工事（手すり・笠木・ルーバー・格子）,YKKAP（金属） ガラス手すり（強化10mm）H1100 ホワイト,m
金属工事（手すり・笠木・ルーバー・格子）,YKKAP（金属） スチール手すり 錬鉄調 H1100 シルバー,m
金属工事（手すり・笠木・ルーバー・格子）,YKKAP（金属） スチール手すり 錬鉄調 H1100 ブラック,m
金属工事（手すり・笠木・ルーバー・格子）,YKKAP（金属） スチール手すり 錬鉄調 H1100 ブロンズ,m
金属工事（手すり・笠木・ルーバー・格子）,YKKAP（金属） スチール手すり 錬鉄調 H1100 ホワイト,m
金属工事（手すり・笠木・ルーバー・格子）,YKKAP（金属） ステンレス手すり 丸棒φ32 H1100 シルバー,m
金属工事（手すり・笠木・ルーバー・格子）,YKKAP（金属） ステンレス手すり 丸棒φ32 H1100 ブラック,m
金属工事（手すり・笠木・ルーバー・格子）,YKKAP（金属） ステンレス手すり 丸棒φ32 H1100 ブロンズ,m
金属工事（手すり・笠木・ルーバー・格子）,YKKAP（金属） ステンレス手すり 丸棒φ32 H1100 ホワイト,m
金属工事（手すり・笠木・ルーバー・格子）,YKKAP（金属） ステンレス笠木 W150 シルバー,m
金属工事（手すり・笠木・ルーバー・格子）,YKKAP（金属） ステンレス笠木 W150 ブラック,m
金属工事（手すり・笠木・ルーバー・格子）,YKKAP（金属） ステンレス笠木 W150 ブロンズ,m
金属工事（手すり・笠木・ルーバー・格子）,YKKAP（金属） ステンレス笠木 W150 ホワイト,m
金属工事（手すり・笠木・ルーバー・格子）,YKKAP（金属） 鋳鉄格子手すり（アンティーク） シルバー,m
金属工事（手すり・笠木・ルーバー・格子）,YKKAP（金属） 鋳鉄格子手すり（アンティーク） ブラック,m
金属工事（手すり・笠木・ルーバー・格子）,YKKAP（金属） 鋳鉄格子手すり（アンティーク） ブロンズ,m
金属工事（手すり・笠木・ルーバー・格子）,YKKAP（金属） 鋳鉄格子手すり（アンティーク） ホワイト,m
金属工事（手すり・笠木・ルーバー・格子）,アルミひさし（W1800×出600）,台
金属工事（手すり・笠木・ルーバー・格子）,アルミひさし（W2700×出750）,台
金属工事（手すり・笠木・ルーバー・格子）,アルミひさし（W900×出450）,台
金属工事（手すり・笠木・ルーバー・格子）,アルミ手すり（格子型 1m 材工）,m
金属工事（手すり・笠木・ルーバー・格子）,アルミ手すり（笠木型 1m 材工）,m
金属工事（手すり・笠木・ルーバー・格子）,アルミ横格子（1m2）,m2
金属工事（手すり・笠木・ルーバー・格子）,アルミ縦格子（1m2）,m2
金属工事（手すり・笠木・ルーバー・格子）,ウッドルーバー（1m2）,m2
金属工事（手すり・笠木・ルーバー・格子）,オーニング（W3000）,台
金属工事（手すり・笠木・ルーバー・格子）,ガラス手すり（1m 材工）,m
金属工事（手すり・笠木・ルーバー・格子）,スチール手すり（1m 材工）,m
金属工事（手すり・笠木・ルーバー・格子）,ステン手すり（1m 材工）,m
金属工事（手すり・笠木・ルーバー・格子）,タカショー（金属） アルミ手すり 格子タイプ H1100 シルバー,m
金属工事（手すり・笠木・ルーバー・格子）,タカショー（金属） アルミ手すり 格子タイプ H1100 ブラック,m
金属工事（手すり・笠木・ルーバー・格子）,タカショー（金属） アルミ手すり 格子タイプ H1100 ブロンズ,m
金属工事（手すり・笠木・ルーバー・格子）,タカショー（金属） アルミ手すり 格子タイプ H1100 ホワイト,m
金属工事（手すり・笠木・ルーバー・格子）,タカショー（金属） アルミ手すり 縦桟タイプ H1100 シルバー,m
金属工事（手すり・笠木・ルーバー・格子）,タカショー（金属） アルミ手すり 縦桟タイプ H1100 ブラック,m
金属工事（手すり・笠木・ルーバー・格子）,タカショー（金属） アルミ手すり 縦桟タイプ H1100 ブロンズ,m
金属工事（手すり・笠木・ルーバー・格子）,タカショー（金属） アルミ手すり 縦桟タイプ H1100 ホワイト,m
金属工事（手すり・笠木・ルーバー・格子）,タカショー（金属） アルミ笠木 W120 角型 シルバー,m
金属工事（手すり・笠木・ルーバー・格子）,タカショー（金属） アルミ笠木 W120 角型 ブラック,m
金属工事（手すり・笠木・ルーバー・格子）,タカショー（金属） アルミ笠木 W120 角型 ブロンズ,m
金属工事（手すり・笠木・ルーバー・格子）,タカショー（金属） アルミ笠木 W120 角型 ホワイト,m
金属工事（手すり・笠木・ルーバー・格子）,タカショー（金属） ガラス手すり（強化10mm）H1100 シルバー,m
金属工事（手すり・笠木・ルーバー・格子）,タカショー（金属） ガラス手すり（強化10mm）H1100 ブラック,m
金属工事（手すり・笠木・ルーバー・格子）,タカショー（金属） ガラス手すり（強化10mm）H1100 ブロンズ,m
金属工事（手すり・笠木・ルーバー・格子）,タカショー（金属） ガラス手すり（強化10mm）H1100 ホワイト,m
金属工事（手すり・笠木・ルーバー・格子）,タカショー（金属） スチール手すり 錬鉄調 H1100 シルバー,m
金属工事（手すり・笠木・ルーバー・格子）,タカショー（金属） スチール手すり 錬鉄調 H1100 ブラック,m
金属工事（手すり・笠木・ルーバー・格子）,タカショー（金属） スチール手すり 錬鉄調 H1100 ブロンズ,m
金属工事（手すり・笠木・ルーバー・格子）,タカショー（金属） スチール手すり 錬鉄調 H1100 ホワイト,m
金属工事（手すり・笠木・ルーバー・格子）,タカショー（金属） ステンレス手すり 丸棒φ32 H1100 シルバー,m
金属工事（手すり・笠木・ルーバー・格子）,タカショー（金属） ステンレス手すり 丸棒φ32 H1100 ブラック,m
金属工事（手すり・笠木・ルーバー・格子）,タカショー（金属） ステンレス手すり 丸棒φ32 H1100 ブロンズ,m
金属工事（手すり・笠木・ルーバー・格子）,タカショー（金属） ステンレス手すり 丸棒φ32 H1100 ホワイト,m
金属工事（手すり・笠木・ルーバー・格子）,タカショー（金属） ステンレス笠木 W150 シルバー,m
金属工事（手すり・笠木・ルーバー・格子）,タカショー（金属） ステンレス笠木 W150 ブラック,m
金属工事（手すり・笠木・ルーバー・格子）,タカショー（金属） ステンレス笠木 W150 ブロンズ,m
金属工事（手すり・笠木・ルーバー・格子）,タカショー（金属） ステンレス笠木 W150 ホワイト,m
金属工事（手すり・笠木・ルーバー・格子）,タカショー（金属） 鋳鉄格子手すり（アンティーク） シルバー,m
金属工事（手すり・笠木・ルーバー・格子）,タカショー（金属） 鋳鉄格子手すり（アンティーク） ブラック,m
金属工事（手すり・笠木・ルーバー・格子）,タカショー（金属） 鋳鉄格子手すり（アンティーク） ブロンズ,m
金属工事（手すり・笠木・ルーバー・格子）,タカショー（金属） 鋳鉄格子手すり（アンティーク） ホワイト,m
金属工事（手すり・笠木・ルーバー・格子）,テラス屋根（W3000×D2000）,台
金属工事（手すり・笠木・ルーバー・格子）,テラス屋根（W6000×D2500）,台
金属工事（手すり・笠木・ルーバー・格子）,バルコニー排水口（1個）,個
金属工事（手すり・笠木・ルーバー・格子）,バルコニー物干し金物（1本）,本
金属工事（手すり・笠木・ルーバー・格子）,バルコニー立水栓,個
金属工事（手すり・笠木・ルーバー・格子）,バルコニー笠木（アルミ 1m）,m
金属工事（手すり・笠木・ルーバー・格子）,ルーバーフェンス（アルミ 1m）,m
金属工事（手すり・笠木・ルーバー・格子）,三協アルミ（金属） アルミルーバー W90 横型 固定 シルバー,m
金属工事（手すり・笠木・ルーバー・格子）,三協アルミ（金属） アルミルーバー W90 横型 固定 ブラック,m
金属工事（手すり・笠木・ルーバー・格子）,三協アルミ（金属） アルミルーバー W90 横型 固定 ブロンズ,m
金属工事（手すり・笠木・ルーバー・格子）,三協アルミ（金属） アルミルーバー W90 横型 固定 木目調,m
金属工事（手すり・笠木・ルーバー・格子）,三協アルミ（金属） アルミルーバー W90 縦型 固定 シルバー,m
金属工事（手すり・笠木・ルーバー・格子）,三協アルミ（金属） アルミルーバー W90 縦型 固定 ブラック,m
金属工事（手すり・笠木・ルーバー・格子）,三協アルミ（金属） アルミルーバー W90 縦型 固定 ブロンズ,m
金属工事（手すり・笠木・ルーバー・格子）,三協アルミ（金属） アルミルーバー W90 縦型 固定 木目調,m
金属工事（手すり・笠木・ルーバー・格子）,三協アルミ（金属） アルミルーバー 可動式 電動 シルバー,m
金属工事（手すり・笠木・ルーバー・格子）,三協アルミ（金属） アルミルーバー 可動式 電動 ブラック,m
金属工事（手すり・笠木・ルーバー・格子）,三協アルミ（金属） アルミルーバー 可動式 電動 ブロンズ,m
金属工事（手すり・笠木・ルーバー・格子）,三協アルミ（金属） アルミルーバー 可動式 電動 木目調,m
金属工事（手すり・笠木・ルーバー・格子）,三協アルミ（金属） アルミルーバー 目隠しフェンス シルバー,m
金属工事（手すり・笠木・ルーバー・格子）,三協アルミ（金属） アルミルーバー 目隠しフェンス ブラック,m
金属工事（手すり・笠木・ルーバー・格子）,三協アルミ（金属） アルミルーバー 目隠しフェンス ブロンズ,m
金属工事（手すり・笠木・ルーバー・格子）,三協アルミ（金属） アルミルーバー 目隠しフェンス 木目調,m
金属工事（手すり・笠木・ルーバー・格子）,三協アルミ（金属） アルミ手すり 格子タイプ H1100 シルバー,m
金属工事（手すり・笠木・ルーバー・格子）,三協アルミ（金属） アルミ手すり 格子タイプ H1100 ブラック,m
金属工事（手すり・笠木・ルーバー・格子）,三協アルミ（金属） アルミ手すり 格子タイプ H1100 ブロンズ,m
金属工事（手すり・笠木・ルーバー・格子）,三協アルミ（金属） アルミ手すり 格子タイプ H1100 ホワイト,m
金属工事（手すり・笠木・ルーバー・格子）,三協アルミ（金属） アルミ手すり 縦桟タイプ H1100 シルバー,m
金属工事（手すり・笠木・ルーバー・格子）,三協アルミ（金属） アルミ手すり 縦桟タイプ H1100 ブラック,m
金属工事（手すり・笠木・ルーバー・格子）,三協アルミ（金属） アルミ手すり 縦桟タイプ H1100 ブロンズ,m
金属工事（手すり・笠木・ルーバー・格子）,三協アルミ（金属） アルミ手すり 縦桟タイプ H1100 ホワイト,m
金属工事（手すり・笠木・ルーバー・格子）,三協アルミ（金属） アルミ笠木 W120 角型 シルバー,m
金属工事（手すり・笠木・ルーバー・格子）,三協アルミ（金属） アルミ笠木 W120 角型 ブラック,m
金属工事（手すり・笠木・ルーバー・格子）,三協アルミ（金属） アルミ笠木 W120 角型 ブロンズ,m
金属工事（手すり・笠木・ルーバー・格子）,三協アルミ（金属） アルミ笠木 W120 角型 ホワイト,m
金属工事（手すり・笠木・ルーバー・格子）,三協アルミ（金属） ガラス手すり（強化10mm）H1100 シルバー,m
金属工事（手すり・笠木・ルーバー・格子）,三協アルミ（金属） ガラス手すり（強化10mm）H1100 ブラック,m
金属工事（手すり・笠木・ルーバー・格子）,三協アルミ（金属） ガラス手すり（強化10mm）H1100 ブロンズ,m
金属工事（手すり・笠木・ルーバー・格子）,三協アルミ（金属） ガラス手すり（強化10mm）H1100 ホワイト,m
金属工事（手すり・笠木・ルーバー・格子）,三協アルミ（金属） スチール手すり 錬鉄調 H1100 シルバー,m
金属工事（手すり・笠木・ルーバー・格子）,三協アルミ（金属） スチール手すり 錬鉄調 H1100 ブラック,m
金属工事（手すり・笠木・ルーバー・格子）,三協アルミ（金属） スチール手すり 錬鉄調 H1100 ブロンズ,m
金属工事（手すり・笠木・ルーバー・格子）,三協アルミ（金属） スチール手すり 錬鉄調 H1100 ホワイト,m
金属工事（手すり・笠木・ルーバー・格子）,三協アルミ（金属） ステンレスルーバー W50 シルバー,m
金属工事（手すり・笠木・ルーバー・格子）,三協アルミ（金属） ステンレスルーバー W50 ブラック,m
金属工事（手すり・笠木・ルーバー・格子）,三協アルミ（金属） ステンレスルーバー W50 ブロンズ,m
金属工事（手すり・笠木・ルーバー・格子）,三協アルミ（金属） ステンレスルーバー W50 木目調,m
金属工事（手すり・笠木・ルーバー・格子）,三協アルミ（金属） ステンレス手すり 丸棒φ32 H1100 シルバー,m
金属工事（手すり・笠木・ルーバー・格子）,三協アルミ（金属） ステンレス手すり 丸棒φ32 H1100 ブラック,m
金属工事（手すり・笠木・ルーバー・格子）,三協アルミ（金属） ステンレス手すり 丸棒φ32 H1100 ブロンズ,m
金属工事（手すり・笠木・ルーバー・格子）,三協アルミ（金属） ステンレス手すり 丸棒φ32 H1100 ホワイト,m
金属工事（手すり・笠木・ルーバー・格子）,三協アルミ（金属） ステンレス笠木 W150 シルバー,m
金属工事（手すり・笠木・ルーバー・格子）,三協アルミ（金属） ステンレス笠木 W150 ブラック,m
金属工事（手すり・笠木・ルーバー・格子）,三協アルミ（金属） ステンレス笠木 W150 ブロンズ,m
金属工事（手すり・笠木・ルーバー・格子）,三協アルミ（金属） ステンレス笠木 W150 ホワイト,m
金属工事（手すり・笠木・ルーバー・格子）,三協アルミ（金属） 木調ルーバー アルミ芯材 シルバー,m
金属工事（手すり・笠木・ルーバー・格子）,三協アルミ（金属） 木調ルーバー アルミ芯材 ブラック,m
金属工事（手すり・笠木・ルーバー・格子）,三協アルミ（金属） 木調ルーバー アルミ芯材 ブロンズ,m
金属工事（手すり・笠木・ルーバー・格子）,三協アルミ（金属） 木調ルーバー アルミ芯材 木目調,m
金属工事（手すり・笠木・ルーバー・格子）,三協アルミ（金属） 鋳鉄格子手すり（アンティーク） シルバー,m
金属工事（手すり・笠木・ルーバー・格子）,三協アルミ（金属） 鋳鉄格子手すり（アンティーク） ブラック,m
金属工事（手すり・笠木・ルーバー・格子）,三協アルミ（金属） 鋳鉄格子手すり（アンティーク） ブロンズ,m
金属工事（手すり・笠木・ルーバー・格子）,三協アルミ（金属） 鋳鉄格子手すり（アンティーク） ホワイト,m
金属工事（手すり・笠木・ルーバー・格子）,四国化成 アルミルーバー W90 横型 固定 シルバー,m
金属工事（手すり・笠木・ルーバー・格子）,四国化成 アルミルーバー W90 横型 固定 ブラック,m
金属工事（手すり・笠木・ルーバー・格子）,四国化成 アルミルーバー W90 横型 固定 ブロンズ,m
金属工事（手すり・笠木・ルーバー・格子）,四国化成 アルミルーバー W90 横型 固定 木目調,m
金属工事（手すり・笠木・ルーバー・格子）,四国化成 アルミルーバー W90 縦型 固定 シルバー,m
金属工事（手すり・笠木・ルーバー・格子）,四国化成 アルミルーバー W90 縦型 固定 ブラック,m
金属工事（手すり・笠木・ルーバー・格子）,四国化成 アルミルーバー W90 縦型 固定 ブロンズ,m
金属工事（手すり・笠木・ルーバー・格子）,四国化成 アルミルーバー W90 縦型 固定 木目調,m
金属工事（手すり・笠木・ルーバー・格子）,四国化成 アルミルーバー 可動式 電動 シルバー,m
金属工事（手すり・笠木・ルーバー・格子）,四国化成 アルミルーバー 可動式 電動 ブラック,m
金属工事（手すり・笠木・ルーバー・格子）,四国化成 アルミルーバー 可動式 電動 ブロンズ,m
金属工事（手すり・笠木・ルーバー・格子）,四国化成 アルミルーバー 可動式 電動 木目調,m
金属工事（手すり・笠木・ルーバー・格子）,四国化成 アルミルーバー 目隠しフェンス シルバー,m
金属工事（手すり・笠木・ルーバー・格子）,四国化成 アルミルーバー 目隠しフェンス ブラック,m
金属工事（手すり・笠木・ルーバー・格子）,四国化成 アルミルーバー 目隠しフェンス ブロンズ,m
金属工事（手すり・笠木・ルーバー・格子）,四国化成 アルミルーバー 目隠しフェンス 木目調,m
金属工事（手すり・笠木・ルーバー・格子）,四国化成 アルミ手すり 格子タイプ H1100 シルバー,m
金属工事（手すり・笠木・ルーバー・格子）,四国化成 アルミ手すり 格子タイプ H1100 ブラック,m
金属工事（手すり・笠木・ルーバー・格子）,四国化成 アルミ手すり 格子タイプ H1100 ブロンズ,m
金属工事（手すり・笠木・ルーバー・格子）,四国化成 アルミ手すり 格子タイプ H1100 ホワイト,m
金属工事（手すり・笠木・ルーバー・格子）,四国化成 アルミ手すり 縦桟タイプ H1100 シルバー,m
金属工事（手すり・笠木・ルーバー・格子）,四国化成 アルミ手すり 縦桟タイプ H1100 ブラック,m
金属工事（手すり・笠木・ルーバー・格子）,四国化成 アルミ手すり 縦桟タイプ H1100 ブロンズ,m
金属工事（手すり・笠木・ルーバー・格子）,四国化成 アルミ手すり 縦桟タイプ H1100 ホワイト,m
金属工事（手すり・笠木・ルーバー・格子）,四国化成 アルミ笠木 W120 角型 シルバー,m
金属工事（手すり・笠木・ルーバー・格子）,四国化成 アルミ笠木 W120 角型 ブラック,m
金属工事（手すり・笠木・ルーバー・格子）,四国化成 アルミ笠木 W120 角型 ブロンズ,m
金属工事（手すり・笠木・ルーバー・格子）,四国化成 アルミ笠木 W120 角型 ホワイト,m
金属工事（手すり・笠木・ルーバー・格子）,四国化成 ガラス手すり（強化10mm）H1100 シルバー,m
金属工事（手すり・笠木・ルーバー・格子）,四国化成 ガラス手すり（強化10mm）H1100 ブラック,m
金属工事（手すり・笠木・ルーバー・格子）,四国化成 ガラス手すり（強化10mm）H1100 ブロンズ,m
金属工事（手すり・笠木・ルーバー・格子）,四国化成 ガラス手すり（強化10mm）H1100 ホワイト,m
金属工事（手すり・笠木・ルーバー・格子）,四国化成 スチール手すり 錬鉄調 H1100 シルバー,m
金属工事（手すり・笠木・ルーバー・格子）,四国化成 スチール手すり 錬鉄調 H1100 ブラック,m
金属工事（手すり・笠木・ルーバー・格子）,四国化成 スチール手すり 錬鉄調 H1100 ブロンズ,m
金属工事（手すり・笠木・ルーバー・格子）,四国化成 スチール手すり 錬鉄調 H1100 ホワイト,m
金属工事（手すり・笠木・ルーバー・格子）,四国化成 ステンレスルーバー W50 シルバー,m
金属工事（手すり・笠木・ルーバー・格子）,四国化成 ステンレスルーバー W50 ブラック,m
金属工事（手すり・笠木・ルーバー・格子）,四国化成 ステンレスルーバー W50 ブロンズ,m
金属工事（手すり・笠木・ルーバー・格子）,四国化成 ステンレスルーバー W50 木目調,m
金属工事（手すり・笠木・ルーバー・格子）,四国化成 ステンレス手すり 丸棒φ32 H1100 シルバー,m
金属工事（手すり・笠木・ルーバー・格子）,四国化成 ステンレス手すり 丸棒φ32 H1100 ブラック,m
金属工事（手すり・笠木・ルーバー・格子）,四国化成 ステンレス手すり 丸棒φ32 H1100 ブロンズ,m
金属工事（手すり・笠木・ルーバー・格子）,四国化成 ステンレス手すり 丸棒φ32 H1100 ホワイト,m
金属工事（手すり・笠木・ルーバー・格子）,四国化成 ステンレス笠木 W150 シルバー,m
金属工事（手すり・笠木・ルーバー・格子）,四国化成 ステンレス笠木 W150 ブラック,m
金属工事（手すり・笠木・ルーバー・格子）,四国化成 ステンレス笠木 W150 ブロンズ,m
金属工事（手すり・笠木・ルーバー・格子）,四国化成 ステンレス笠木 W150 ホワイト,m
金属工事（手すり・笠木・ルーバー・格子）,四国化成 木調ルーバー アルミ芯材 シルバー,m
金属工事（手すり・笠木・ルーバー・格子）,四国化成 木調ルーバー アルミ芯材 ブラック,m
金属工事（手すり・笠木・ルーバー・格子）,四国化成 木調ルーバー アルミ芯材 ブロンズ,m
金属工事（手すり・笠木・ルーバー・格子）,四国化成 木調ルーバー アルミ芯材 木目調,m
金属工事（手すり・笠木・ルーバー・格子）,四国化成 鋳鉄格子手すり（アンティーク） シルバー,m
金属工事（手すり・笠木・ルーバー・格子）,四国化成 鋳鉄格子手すり（アンティーク） ブラック,m
金属工事（手すり・笠木・ルーバー・格子）,四国化成 鋳鉄格子手すり（アンティーク） ブロンズ,m
金属工事（手すり・笠木・ルーバー・格子）,四国化成 鋳鉄格子手すり（アンティーク） ホワイト,m
金属工事（手すり・笠木・ルーバー・格子）,庇（FRP製 1m2）,m2
金属工事（手すり・笠木・ルーバー・格子）,庇（ポリカ波板 1m2）,m2
金属工事（手すり・笠木・ルーバー・格子）,手すり子（縦格子 1本）,本
金属工事（手すり・笠木・ルーバー・格子）,新日軽 アルミルーバー W90 横型 固定 シルバー,m
金属工事（手すり・笠木・ルーバー・格子）,新日軽 アルミルーバー W90 横型 固定 ブラック,m
金属工事（手すり・笠木・ルーバー・格子）,新日軽 アルミルーバー W90 横型 固定 ブロンズ,m
金属工事（手すり・笠木・ルーバー・格子）,新日軽 アルミルーバー W90 横型 固定 木目調,m
金属工事（手すり・笠木・ルーバー・格子）,新日軽 アルミルーバー W90 縦型 固定 シルバー,m
金属工事（手すり・笠木・ルーバー・格子）,新日軽 アルミルーバー W90 縦型 固定 ブラック,m
金属工事（手すり・笠木・ルーバー・格子）,新日軽 アルミルーバー W90 縦型 固定 ブロンズ,m
金属工事（手すり・笠木・ルーバー・格子）,新日軽 アルミルーバー W90 縦型 固定 木目調,m
金属工事（手すり・笠木・ルーバー・格子）,新日軽 アルミルーバー 可動式 電動 シルバー,m
金属工事（手すり・笠木・ルーバー・格子）,新日軽 アルミルーバー 可動式 電動 ブラック,m
金属工事（手すり・笠木・ルーバー・格子）,新日軽 アルミルーバー 可動式 電動 ブロンズ,m
金属工事（手すり・笠木・ルーバー・格子）,新日軽 アルミルーバー 可動式 電動 木目調,m
金属工事（手すり・笠木・ルーバー・格子）,新日軽 アルミルーバー 目隠しフェンス シルバー,m
金属工事（手すり・笠木・ルーバー・格子）,新日軽 アルミルーバー 目隠しフェンス ブラック,m
金属工事（手すり・笠木・ルーバー・格子）,新日軽 アルミルーバー 目隠しフェンス ブロンズ,m
金属工事（手すり・笠木・ルーバー・格子）,新日軽 アルミルーバー 目隠しフェンス 木目調,m
金属工事（手すり・笠木・ルーバー・格子）,新日軽 アルミ手すり 格子タイプ H1100 シルバー,m
金属工事（手すり・笠木・ルーバー・格子）,新日軽 アルミ手すり 格子タイプ H1100 ブラック,m
金属工事（手すり・笠木・ルーバー・格子）,新日軽 アルミ手すり 格子タイプ H1100 ブロンズ,m
金属工事（手すり・笠木・ルーバー・格子）,新日軽 アルミ手すり 格子タイプ H1100 ホワイト,m
金属工事（手すり・笠木・ルーバー・格子）,新日軽 アルミ手すり 縦桟タイプ H1100 シルバー,m
金属工事（手すり・笠木・ルーバー・格子）,新日軽 アルミ手すり 縦桟タイプ H1100 ブラック,m
金属工事（手すり・笠木・ルーバー・格子）,新日軽 アルミ手すり 縦桟タイプ H1100 ブロンズ,m
金属工事（手すり・笠木・ルーバー・格子）,新日軽 アルミ手すり 縦桟タイプ H1100 ホワイト,m
金属工事（手すり・笠木・ルーバー・格子）,新日軽 アルミ笠木 W120 角型 シルバー,m
金属工事（手すり・笠木・ルーバー・格子）,新日軽 アルミ笠木 W120 角型 ブラック,m
金属工事（手すり・笠木・ルーバー・格子）,新日軽 アルミ笠木 W120 角型 ブロンズ,m
金属工事（手すり・笠木・ルーバー・格子）,新日軽 アルミ笠木 W120 角型 ホワイト,m
金属工事（手すり・笠木・ルーバー・格子）,新日軽 ガラス手すり（強化10mm）H1100 シルバー,m
金属工事（手すり・笠木・ルーバー・格子）,新日軽 ガラス手すり（強化10mm）H1100 ブラック,m
金属工事（手すり・笠木・ルーバー・格子）,新日軽 ガラス手すり（強化10mm）H1100 ブロンズ,m
金属工事（手すり・笠木・ルーバー・格子）,新日軽 ガラス手すり（強化10mm）H1100 ホワイト,m
金属工事（手すり・笠木・ルーバー・格子）,新日軽 スチール手すり 錬鉄調 H1100 シルバー,m
金属工事（手すり・笠木・ルーバー・格子）,新日軽 スチール手すり 錬鉄調 H1100 ブラック,m
金属工事（手すり・笠木・ルーバー・格子）,新日軽 スチール手すり 錬鉄調 H1100 ブロンズ,m
金属工事（手すり・笠木・ルーバー・格子）,新日軽 スチール手すり 錬鉄調 H1100 ホワイト,m
金属工事（手すり・笠木・ルーバー・格子）,新日軽 ステンレスルーバー W50 シルバー,m
金属工事（手すり・笠木・ルーバー・格子）,新日軽 ステンレスルーバー W50 ブラック,m
金属工事（手すり・笠木・ルーバー・格子）,新日軽 ステンレスルーバー W50 ブロンズ,m
金属工事（手すり・笠木・ルーバー・格子）,新日軽 ステンレスルーバー W50 木目調,m
金属工事（手すり・笠木・ルーバー・格子）,新日軽 ステンレス手すり 丸棒φ32 H1100 シルバー,m
金属工事（手すり・笠木・ルーバー・格子）,新日軽 ステンレス手すり 丸棒φ32 H1100 ブラック,m
金属工事（手すり・笠木・ルーバー・格子）,新日軽 ステンレス手すり 丸棒φ32 H1100 ブロンズ,m
金属工事（手すり・笠木・ルーバー・格子）,新日軽 ステンレス手すり 丸棒φ32 H1100 ホワイト,m
金属工事（手すり・笠木・ルーバー・格子）,新日軽 ステンレス笠木 W150 シルバー,m
金属工事（手すり・笠木・ルーバー・格子）,新日軽 ステンレス笠木 W150 ブラック,m
金属工事（手すり・笠木・ルーバー・格子）,新日軽 ステンレス笠木 W150 ブロンズ,m
金属工事（手すり・笠木・ルーバー・格子）,新日軽 ステンレス笠木 W150 ホワイト,m
金属工事（手すり・笠木・ルーバー・格子）,新日軽 木調ルーバー アルミ芯材 シルバー,m
金属工事（手すり・笠木・ルーバー・格子）,新日軽 木調ルーバー アルミ芯材 ブラック,m
金属工事（手すり・笠木・ルーバー・格子）,新日軽 木調ルーバー アルミ芯材 ブロンズ,m
金属工事（手すり・笠木・ルーバー・格子）,新日軽 木調ルーバー アルミ芯材 木目調,m
金属工事（手すり・笠木・ルーバー・格子）,新日軽 鋳鉄格子手すり（アンティーク） シルバー,m
金属工事（手すり・笠木・ルーバー・格子）,新日軽 鋳鉄格子手すり（アンティーク） ブラック,m
金属工事（手すり・笠木・ルーバー・格子）,新日軽 鋳鉄格子手すり（アンティーク） ブロンズ,m
金属工事（手すり・笠木・ルーバー・格子）,新日軽 鋳鉄格子手すり（アンティーク） ホワイト,m
金属工事（手すり・笠木・ルーバー・格子）,木製手すり（1m 材工）,m
金属工事（手すり・笠木・ルーバー・格子）,目隠しパネル（1m2）,m2
金属工事（手すり・笠木・ルーバー・格子）,階段手すりブラケット（1個）,個
金属工事（手すり・笠木・ルーバー・格子）,面格子 アルミ面格子 W900 シルバー,枚
金属工事（手すり・笠木・ルーバー・格子）,面格子 アルミ面格子 W900 ブラック,枚
金属工事（手すり・笠木・ルーバー・格子）,面格子 アルミ面格子 W900 ブロンズ,枚
金属工事（手すり・笠木・ルーバー・格子）,面格子 アルミ面格子 スタンダード W600 シルバー,枚
金属工事（手すり・笠木・ルーバー・格子）,面格子 アルミ面格子 スタンダード W600 ブラック,枚
金属工事（手すり・笠木・ルーバー・格子）,面格子 アルミ面格子 スタンダード W600 ブロンズ,枚
金属工事（手すり・笠木・ルーバー・格子）,面格子 ステンレス面格子 電蝕なし シルバー,枚
金属工事（手すり・笠木・ルーバー・格子）,面格子 ステンレス面格子 電蝕なし ブラック,枚
金属工事（手すり・笠木・ルーバー・格子）,面格子 ステンレス面格子 電蝕なし ブロンズ,枚
金属工事（手すり・笠木・ルーバー・格子）,面格子 内付け格子 W900 シルバー,枚
金属工事（手すり・笠木・ルーバー・格子）,面格子 内付け格子 W900 ブラック,枚
金属工事（手すり・笠木・ルーバー・格子）,面格子 内付け格子 W900 ブロンズ,枚
金属工事（手すり・笠木・ルーバー・格子）,面格子 後付け面格子 W600 外付け シルバー,枚
金属工事（手すり・笠木・ルーバー・格子）,面格子 後付け面格子 W600 外付け ブラック,枚
金属工事（手すり・笠木・ルーバー・格子）,面格子 後付け面格子 W600 外付け ブロンズ,枚
金属工事（手すり・笠木・ルーバー・格子）,面格子 鋳鉄格子（アンティーク）W600 シルバー,枚
金属工事（手すり・笠木・ルーバー・格子）,面格子 鋳鉄格子（アンティーク）W600 ブラック,枚
金属工事（手すり・笠木・ルーバー・格子）,面格子 鋳鉄格子（アンティーク）W600 ブロンズ,枚
釘・ビス・金物,CN50 50mm（1kg）,袋
釘・ビス・金物,CN65 65mm（1kg）,袋
釘・ビス・金物,CN75 75mm（1kg）,袋
釘・ビス・金物,CN90 90mm（1kg）,袋
釘・ビス・金物,CN釘 CN50（1kg）,kg
釘・ビス・金物,CN釘 CN65（1kg）,kg
釘・ビス・金物,CN釘 CN75（1kg）,kg
釘・ビス・金物,CN釘 CN90（1kg）,kg
釘・ビス・金物,CN釘（CN50）,kg
釘・ビス・金物,CN釘（CN75）,kg
釘・ビス・金物,CN釘（CN90）,kg
釘・ビス・金物,GNFボードビス 25mm（1000本）,箱
釘・ビス・金物,N50 50mm（1kg）,袋
釘・ビス・金物,N65 65mm（1kg）,袋
釘・ビス・金物,N釘 N100（1kg）,kg
釘・ビス・金物,N釘 N45（1kg）,kg
釘・ビス・金物,N釘 N50（1kg）,kg
釘・ビス・金物,N釘 N65（1kg）,kg
釘・ビス・金物,N釘 N75（1kg）,kg
釘・ビス・金物,N釘 N90（1kg）,kg
釘・ビス・金物,N釘（N50）,kg
釘・ビス・金物,N釘（N65）,kg
釘・ビス・金物,N釘（N75）,kg
釘・ビス・金物,N釘（N90）,kg
釘・ビス・金物,SUSコーススレッド 3.5×19mm（100本）,箱
釘・ビス・金物,SUSコーススレッド 3.5×25mm（100本）,箱
釘・ビス・金物,SUSコーススレッド 3.5×32mm（100本）,箱
釘・ビス・金物,SUSコーススレッド 3.5×38mm（100本）,箱
釘・ビス・金物,SUSコーススレッド 3.5×45mm（100本）,箱
釘・ビス・金物,SUSコーススレッド 3.5×51mm（100本）,箱
釘・ビス・金物,SUSコーススレッド 3.5×65mm（100本）,箱
釘・ビス・金物,SUSコーススレッド 4.0×19mm（100本）,箱
釘・ビス・金物,SUSコーススレッド 4.0×25mm（100本）,箱
釘・ビス・金物,SUSコーススレッド 4.0×32mm（100本）,箱
釘・ビス・金物,SUSコーススレッド 4.0×38mm（100本）,箱
釘・ビス・金物,SUSコーススレッド 4.0×45mm（100本）,箱
釘・ビス・金物,SUSコーススレッド 4.0×51mm（100本）,箱
釘・ビス・金物,SUSコーススレッド 4.0×65mm（100本）,箱
釘・ビス・金物,SUSコーススレッド 4.5×19mm（100本）,箱
釘・ビス・金物,SUSコーススレッド 4.5×25mm（100本）,箱
釘・ビス・金物,SUSコーススレッド 4.5×32mm（100本）,箱
釘・ビス・金物,SUSコーススレッド 4.5×38mm（100本）,箱
釘・ビス・金物,SUSコーススレッド 4.5×45mm（100本）,箱
釘・ビス・金物,SUSコーススレッド 4.5×51mm（100本）,箱
釘・ビス・金物,SUSコーススレッド 4.5×65mm（100本）,箱
釘・ビス・金物,かど金物（CP-T）,個
釘・ビス・金物,のこぎり（手引き）,本
釘・ビス・金物,アンカーセット（M12）,個
釘・ビス・金物,アンカーボルト M10×100mm,本
釘・ビス・金物,アンカーボルト M10×150mm,本
釘・ビス・金物,アンカーボルト M10×200mm,本
釘・ビス・金物,アンカーボルト M10×40mm,本
釘・ビス・金物,アンカーボルト M10×75mm,本
釘・ビス・金物,アンカーボルト M12×100mm,本
釘・ビス・金物,アンカーボルト M12×150mm,本
釘・ビス・金物,アンカーボルト M12×200mm,本
釘・ビス・金物,アンカーボルト M12×250mm,本
釘・ビス・金物,アンカーボルト M12×50mm,本
釘・ビス・金物,アンカーボルト M16×100mm,本
釘・ビス・金物,アンカーボルト M16×150mm,本
釘・ビス・金物,アンカーボルト M16×200mm,本
釘・ビス・金物,アンカーボルト M16×250mm,本
釘・ビス・金物,アンカーボルト M16×300mm,本
釘・ビス・金物,アンカーボルト M16×75mm,本
釘・ビス・金物,アンカーボルト M8×100mm,本
釘・ビス・金物,アンカーボルト M8×150mm,本
釘・ビス・金物,アンカーボルト M8×30mm,本
釘・ビス・金物,アンカーボルト M8×60mm,本
釘・ビス・金物,カッターナイフ替刃（10枚）,枚
釘・ビス・金物,ガス管用ガスケット（20A）,枚
釘・ビス・金物,グラインダー砥石（1枚）,枚
釘・ビス・金物,ケミカルアンカー M10×100mm,本
釘・ビス・金物,ケミカルアンカー M10×130mm,本
釘・ビス・金物,ケミカルアンカー M10×150mm,本
釘・ビス・金物,ケミカルアンカー M10×200mm,本
釘・ビス・金物,ケミカルアンカー M12×100mm,本
釘・ビス・金物,ケミカルアンカー M12×150mm,本
釘・ビス・金物,ケミカルアンカー M12×160mm,本
釘・ビス・金物,ケミカルアンカー M12×200mm,本
釘・ビス・金物,ケミカルアンカー M16×190mm,本
釘・ビス・金物,ケミカルアンカー M8×100mm,本
釘・ビス・金物,ケミカルアンカー M8×110mm,本
釘・ビス・金物,ケミカルアンカー M8×150mm,本
釘・ビス・金物,コンクリートドリルビット（Φ10）,本
釘・ビス・金物,コンクリートビス 4.5×40mm（100本）,箱
釘・ビス・金物,コンクリートビス 4.5×60mm（100本）,箱
釘・ビス・金物,コーキングガン,個
釘・ビス・金物,コーススレッド 2.7×16mm（500本）,箱
釘・ビス・金物,コーススレッド 2.7×19mm（500本）,箱
釘・ビス・金物,コーススレッド 2.7×22mm（500本）,箱
釘・ビス・金物,コーススレッド 2.7×25mm（500本）,箱
釘・ビス・金物,コーススレッド 2.7×32mm（500本）,箱
釘・ビス・金物,コーススレッド 2.7×38mm（500本）,箱
釘・ビス・金物,コーススレッド 2.7×41mm（500本）,箱
釘・ビス・金物,コーススレッド 2.7×45mm（500本）,箱
釘・ビス・金物,コーススレッド 2.7×51mm（500本）,箱
釘・ビス・金物,コーススレッド 2.7×57mm（500本）,箱
釘・ビス・金物,コーススレッド 2.7×65mm（500本）,箱
釘・ビス・金物,コーススレッド 3.3×100mm（100本）,箱
釘・ビス・金物,コーススレッド 3.3×120mm（100本）,箱
釘・ビス・金物,コーススレッド 3.3×16mm（500本）,箱
釘・ビス・金物,コーススレッド 3.3×19mm（500本）,箱
釘・ビス・金物,コーススレッド 3.3×22mm（500本）,箱
釘・ビス・金物,コーススレッド 3.3×25mm（500本）,箱
釘・ビス・金物,コーススレッド 3.3×32mm（500本）,箱
釘・ビス・金物,コーススレッド 3.3×38mm（500本）,箱
釘・ビス・金物,コーススレッド 3.3×41mm（500本）,箱
釘・ビス・金物,コーススレッド 3.3×45mm（500本）,箱
釘・ビス・金物,コーススレッド 3.3×51mm（500本）,箱
釘・ビス・金物,コーススレッド 3.3×57mm（500本）,箱
釘・ビス・金物,コーススレッド 3.3×65mm（500本）,箱
釘・ビス・金物,コーススレッド 3.3×75mm（500本）,箱
釘・ビス・金物,コーススレッド 3.3×90mm（100本）,箱
釘・ビス・金物,コーススレッド 3.8×100mm（100本）,箱
釘・ビス・金物,コーススレッド 3.8×120mm（100本）,箱
釘・ビス・金物,コーススレッド 3.8×16mm（500本）,箱
釘・ビス・金物,コーススレッド 3.8×16mm（徳用500本）,箱
釘・ビス・金物,コーススレッド 3.8×19mm（500本）,箱
釘・ビス・金物,コーススレッド 3.8×22mm（500本）,箱
釘・ビス・金物,コーススレッド 3.8×25mm（500本）,箱
釘・ビス・金物,コーススレッド 3.8×25mm（徳用500本）,箱
釘・ビス・金物,コーススレッド 3.8×32mm（500本）,箱
釘・ビス・金物,コーススレッド 3.8×32mm（徳用500本）,箱
釘・ビス・金物,コーススレッド 3.8×38mm（500本）,箱
釘・ビス・金物,コーススレッド 3.8×38mm（徳用500本）,箱
釘・ビス・金物,コーススレッド 3.8×41mm（500本）,箱
釘・ビス・金物,コーススレッド 3.8×45mm（500本）,箱
釘・ビス・金物,コーススレッド 3.8×45mm（徳用500本）,箱
釘・ビス・金物,コーススレッド 3.8×51mm（500本）,箱
釘・ビス・金物,コーススレッド 3.8×51mm（徳用500本）,箱
釘・ビス・金物,コーススレッド 3.8×57mm（500本）,箱
釘・ビス・金物,コーススレッド 3.8×57mm（徳用500本）,箱
釘・ビス・金物,コーススレッド 3.8×65mm（500本）,箱
釘・ビス・金物,コーススレッド 3.8×65mm（徳用500本）,箱
釘・ビス・金物,コーススレッド 3.8×75mm（500本）,箱
釘・ビス・金物,コーススレッド 3.8×75mm（徳用500本）,箱
釘・ビス・金物,コーススレッド 3.8×90mm（100本）,箱
釘・ビス・金物,コーススレッド 3.8×90mm（500本）,箱
釘・ビス・金物,コーススレッド 3.8×90mm（徳用500本）,箱
釘・ビス・金物,コーススレッド 4.2×100mm（100本）,箱
釘・ビス・金物,コーススレッド 4.2×100mm（500本）,箱
釘・ビス・金物,コーススレッド 4.2×100mm（徳用500本）,箱
釘・ビス・金物,コーススレッド 4.2×120mm（100本）,箱
釘・ビス・金物,コーススレッド 4.2×16mm（500本）,箱
釘・ビス・金物,コーススレッド 4.2×19mm（500本）,箱
釘・ビス・金物,コーススレッド 4.2×22mm（500本）,箱
釘・ビス・金物,コーススレッド 4.2×25mm（500本）,箱
釘・ビス・金物,コーススレッド 4.2×32mm（500本）,箱
釘・ビス・金物,コーススレッド 4.2×38mm（500本）,箱
釘・ビス・金物,コーススレッド 4.2×41mm（500本）,箱
釘・ビス・金物,コーススレッド 4.2×45mm（500本）,箱
釘・ビス・金物,コーススレッド 4.2×51mm（500本）,箱
釘・ビス・金物,コーススレッド 4.2×57mm（500本）,箱
釘・ビス・金物,コーススレッド 4.2×65mm（500本）,箱
釘・ビス・金物,コーススレッド 4.2×75mm（500本）,箱
釘・ビス・金物,コーススレッド 4.2×75mm（徳用500本）,箱
釘・ビス・金物,コーススレッド 4.2×90mm（100本）,箱
釘・ビス・金物,コーススレッド 4.2×90mm（徳用500本）,箱
釘・ビス・金物,コーススレッド 4.8×100mm（100本）,箱
釘・ビス・金物,コーススレッド 4.8×120mm（100本）,箱
釘・ビス・金物,コーススレッド 4.8×32mm（500本）,箱
釘・ビス・金物,コーススレッド 4.8×38mm（500本）,箱
釘・ビス・金物,コーススレッド 4.8×41mm（500本）,箱
釘・ビス・金物,コーススレッド 4.8×45mm（500本）,箱
釘・ビス・金物,コーススレッド 4.8×51mm（500本）,箱
釘・ビス・金物,コーススレッド 4.8×57mm（500本）,箱
釘・ビス・金物,コーススレッド 4.8×65mm（500本）,箱
釘・ビス・金物,コーススレッド 4.8×75mm（500本）,箱
釘・ビス・金物,コーススレッド 4.8×90mm（100本）,箱
釘・ビス・金物,コーススレッド 5.1×100mm（100本）,箱
釘・ビス・金物,コーススレッド 5.1×120mm（100本）,箱
釘・ビス・金物,コーススレッド 5.1×32mm（500本）,箱
釘・ビス・金物,コーススレッド 5.1×38mm（500本）,箱
釘・ビス・金物,コーススレッド 5.1×41mm（500本）,箱
釘・ビス・金物,コーススレッド 5.1×45mm（500本）,箱
釘・ビス・金物,コーススレッド 5.1×51mm（500本）,箱
釘・ビス・金物,コーススレッド 5.1×57mm（500本）,箱
釘・ビス・金物,コーススレッド 5.1×65mm（500本）,箱
釘・ビス・金物,コーススレッド 5.1×75mm（500本）,箱
釘・ビス・金物,コーススレッド 5.1×90mm（100本）,箱
釘・ビス・金物,コーススレッド 5.5×100mm（100本）,箱
釘・ビス・金物,コーススレッド 5.5×120mm（100本）,箱
釘・ビス・金物,コーススレッド 5.5×32mm（500本）,箱
釘・ビス・金物,コーススレッド 5.5×38mm（500本）,箱
釘・ビス・金物,コーススレッド 5.5×41mm（500本）,箱
釘・ビス・金物,コーススレッド 5.5×45mm（500本）,箱
釘・ビス・金物,コーススレッド 5.5×51mm（500本）,箱
釘・ビス・金物,コーススレッド 5.5×57mm（500本）,箱
釘・ビス・金物,コーススレッド 5.5×65mm（500本）,箱
釘・ビス・金物,コーススレッド 5.5×75mm（500本）,箱
釘・ビス・金物,コーススレッド 5.5×90mm（100本）,箱
釘・ビス・金物,コーススレッド（3.8×51 徳用）,箱
釘・ビス・金物,コーススレッド（3.8×75 徳用）,箱
釘・ビス・金物,コーススレッド（4.2×90）,箱
釘・ビス・金物,シールテープ（13mm×15m）,巻
釘・ビス・金物,スクリュー釘 45mm（1kg）,袋
釘・ビス・金物,スクリュー釘 65mm（1kg）,袋
釘・ビス・金物,スクリュー釘 75mm（1kg）,袋
釘・ビス・金物,スクリュー釘 90mm（1kg）,袋
釘・ビス・金物,スケール（5.5m）,個
釘・ビス・金物,ステンレスビス 3.5×32mm（100本）,箱
釘・ビス・金物,ステンレスビス 3.5×45mm（100本）,箱
釘・ビス・金物,ステンレスビス 4.0×65mm（100本）,箱
釘・ビス・金物,ステンレスビス（3.5×35）,箱
釘・ビス・金物,タカラ産業 物干し ベランダ用物干し 伸縮式 W1800〜2400,台
釘・ビス・金物,タカラ産業 物干し ベランダ用物干し 竿受け 2本セット（壁付け）,台
釘・ビス・金物,タカラ産業 物干し 室内物干し ホスクリーン 天井固定 2本,台
釘・ビス・金物,タカラ産業 物干し 室内物干し ホスクリーン 昇降式（2本）,台
釘・ビス・金物,タカラ産業 物干し 室内物干し レール型 W1820,台
釘・ビス・金物,タカラ産業 物干し 室内物干し 折り畳み壁付け（W1200）,台
釘・ビス・金物,タカラ産業 物干し 室内物干し 電動昇降 W2000,台
釘・ビス・金物,タカラ産業 物干し 浴室暖房乾燥機 100V 天井埋込,台
釘・ビス・金物,タカラ産業 物干し 浴室暖房乾燥機 200V 高機能,台
釘・ビス・金物,タカラ産業 物干し 浴室物干しバー（L型 折り畳み）,台
釘・ビス・金物,タカラ産業 物干し 浴室用竿受け金物 2本,台
釘・ビス・金物,タカラ産業 物干し 物干し スタンド型 折り畳み,台
釘・ビス・金物,タカラ産業 物干し 物干し 庭用 スプリングポール H2400,台
釘・ビス・金物,タカラ産業 物干し 物干し台 独立式 ステンレス,台
釘・ビス・金物,タカラ産業 物干し 電気式タオルウォーマー 500W 壁付け,台
釘・ビス・金物,タカラ産業 物干し 電気式タオルウォーマー 浴室用 防水,台
釘・ビス・金物,チップソー（165mm）,枚
釘・ビス・金物,トイレ用フランジパッキン,個
釘・ビス・金物,ハケ（3inch）,本
釘・ビス・金物,ハンマー（450g）,本
釘・ビス・金物,バール（600mm）,本
釘・ビス・金物,パナソニック（物干し） 物干し ベランダ用物干し 伸縮式 W1800〜2400,台
釘・ビス・金物,パナソニック（物干し） 物干し ベランダ用物干し 竿受け 2本セット（壁付け）,台
釘・ビス・金物,パナソニック（物干し） 物干し 室内物干し ホスクリーン 天井固定 2本,台
釘・ビス・金物,パナソニック（物干し） 物干し 室内物干し ホスクリーン 昇降式（2本）,台
釘・ビス・金物,パナソニック（物干し） 物干し 室内物干し レール型 W1820,台
釘・ビス・金物,パナソニック（物干し） 物干し 室内物干し 折り畳み壁付け（W1200）,台
釘・ビス・金物,パナソニック（物干し） 物干し 室内物干し 電動昇降 W2000,台
釘・ビス・金物,パナソニック（物干し） 物干し 浴室暖房乾燥機 100V 天井埋込,台
釘・ビス・金物,パナソニック（物干し） 物干し 浴室暖房乾燥機 200V 高機能,台
釘・ビス・金物,パナソニック（物干し） 物干し 浴室物干しバー（L型 折り畳み）,台
釘・ビス・金物,パナソニック（物干し） 物干し 浴室用竿受け金物 2本,台
釘・ビス・金物,パナソニック（物干し） 物干し 物干し スタンド型 折り畳み,台
釘・ビス・金物,パナソニック（物干し） 物干し 物干し 庭用 スプリングポール H2400,台
釘・ビス・金物,パナソニック（物干し） 物干し 物干し台 独立式 ステンレス,台
釘・ビス・金物,パナソニック（物干し） 物干し 電気式タオルウォーマー 500W 壁付け,台
釘・ビス・金物,パナソニック（物干し） 物干し 電気式タオルウォーマー 浴室用 防水,台
釘・ビス・金物,ビス 3.5×16mm（徳用500本）,箱
釘・ビス・金物,ビス 3.5×25mm（徳用500本）,箱
釘・ビス・金物,ビス 3.5×32mm（500本）,箱
釘・ビス・金物,ビス 3.5×32mm（徳用500本）,箱
釘・ビス・金物,ビス 3.5×38mm（徳用500本）,箱
釘・ビス・金物,ビス 3.5×45mm（徳用500本）,箱
釘・ビス・金物,ビス 3.5×55mm（徳用500本）,箱
釘・ビス・金物,ビス 3.5×65mm（徳用500本）,箱
釘・ビス・金物,ビス（3.5×35 徳用）,箱
釘・ビス・金物,ビス（3.5×65）,箱
釘・ビス・金物,フランジガスケット（100A）,枚
釘・ビス・金物,フランジガスケット（20A）,枚
釘・ビス・金物,フランジガスケット（50A）,枚
釘・ビス・金物,フロアビス 3.8×38mm（200本）,箱
釘・ビス・金物,フロアビス 3.8×45mm（200本）,箱
釘・ビス・金物,フロアビス 3.8×55mm（200本）,箱
釘・ビス・金物,フロアビス（3.8×55）,箱
釘・ビス・金物,フロア釘 38mm（1kg）,袋
釘・ビス・金物,フロア釘 45mm（1kg）,袋
釘・ビス・金物,フロア釘 50mm（1kg）,袋
釘・ビス・金物,プラグ 6mm（100個）,袋
釘・ビス・金物,プラグ（樹脂 10mm 100個）,袋
釘・ビス・金物,プラグ（樹脂 6mm 100個）,袋
釘・ビス・金物,プラグ（樹脂 8mm 100個）,袋
釘・ビス・金物,ヘルメット,個
釘・ビス・金物,ホスクリーン（川口技研） 物干し ベランダ用物干し 伸縮式 W1800〜2400,台
釘・ビス・金物,ホスクリーン（川口技研） 物干し ベランダ用物干し 竿受け 2本セット（壁付け）,台
釘・ビス・金物,ホスクリーン（川口技研） 物干し 室内物干し ホスクリーン 天井固定 2本,台
釘・ビス・金物,ホスクリーン（川口技研） 物干し 室内物干し ホスクリーン 昇降式（2本）,台
釘・ビス・金物,ホスクリーン（川口技研） 物干し 室内物干し レール型 W1820,台
釘・ビス・金物,ホスクリーン（川口技研） 物干し 室内物干し 折り畳み壁付け（W1200）,台
釘・ビス・金物,ホスクリーン（川口技研） 物干し 室内物干し 電動昇降 W2000,台
釘・ビス・金物,ホスクリーン（川口技研） 物干し 浴室暖房乾燥機 100V 天井埋込,台
釘・ビス・金物,ホスクリーン（川口技研） 物干し 浴室暖房乾燥機 200V 高機能,台
釘・ビス・金物,ホスクリーン（川口技研） 物干し 浴室物干しバー（L型 折り畳み）,台
釘・ビス・金物,ホスクリーン（川口技研） 物干し 浴室用竿受け金物 2本,台
釘・ビス・金物,ホスクリーン（川口技研） 物干し 物干し スタンド型 折り畳み,台
釘・ビス・金物,ホスクリーン（川口技研） 物干し 物干し 庭用 スプリングポール H2400,台
釘・ビス・金物,ホスクリーン（川口技研） 物干し 物干し台 独立式 ステンレス,台
釘・ビス・金物,ホスクリーン（川口技研） 物干し 電気式タオルウォーマー 500W 壁付け,台
釘・ビス・金物,ホスクリーン（川口技研） 物干し 電気式タオルウォーマー 浴室用 防水,台
釘・ビス・金物,ホールダウン金物（HD10）,個
釘・ビス・金物,ホールダウン金物（HD20）,個
釘・ビス・金物,ラチェットレンチ（セット）,式
釘・ビス・金物,リクシル（物干し） 物干し ベランダ用物干し 伸縮式 W1800〜2400,台
釘・ビス・金物,リクシル（物干し） 物干し ベランダ用物干し 竿受け 2本セット（壁付け）,台
釘・ビス・金物,リクシル（物干し） 物干し 室内物干し ホスクリーン 天井固定 2本,台
釘・ビス・金物,リクシル（物干し） 物干し 室内物干し ホスクリーン 昇降式（2本）,台
釘・ビス・金物,リクシル（物干し） 物干し 室内物干し レール型 W1820,台
釘・ビス・金物,リクシル（物干し） 物干し 室内物干し 折り畳み壁付け（W1200）,台
釘・ビス・金物,リクシル（物干し） 物干し 室内物干し 電動昇降 W2000,台
釘・ビス・金物,リクシル（物干し） 物干し 浴室暖房乾燥機 100V 天井埋込,台
釘・ビス・金物,リクシル（物干し） 物干し 浴室暖房乾燥機 200V 高機能,台
釘・ビス・金物,リクシル（物干し） 物干し 浴室物干しバー（L型 折り畳み）,台
釘・ビス・金物,リクシル（物干し） 物干し 浴室用竿受け金物 2本,台
釘・ビス・金物,リクシル（物干し） 物干し 物干し スタンド型 折り畳み,台
釘・ビス・金物,リクシル（物干し） 物干し 物干し 庭用 スプリングポール H2400,台
釘・ビス・金物,リクシル（物干し） 物干し 物干し台 独立式 ステンレス,台
釘・ビス・金物,リクシル（物干し） 物干し 電気式タオルウォーマー 500W 壁付け,台
釘・ビス・金物,リクシル（物干し） 物干し 電気式タオルウォーマー 浴室用 防水,台
釘・ビス・金物,ローラー（塗装用 7inch）,個
釘・ビス・金物,丸釘 100mm（1kg）,袋
釘・ビス・金物,丸釘 38mm（1kg）,袋
釘・ビス・金物,丸釘 45mm（1kg）,袋
釘・ビス・金物,丸釘 50mm（1kg）,袋
釘・ビス・金物,丸釘 57mm（1kg）,袋
釘・ビス・金物,丸釘 65mm（1kg）,袋
釘・ビス・金物,丸釘 75mm（1kg）,袋
釘・ビス・金物,丸釘 90mm（1kg）,袋
釘・ビス・金物,作業用手袋（1双）,双
釘・ビス・金物,土台プレート（BP-2）,個
釘・ビス・金物,墨壺,個
釘・ビス・金物,大工用かなづち（375g）,本
釘・ビス・金物,安全帯（フルハーネス）,式
釘・ビス・金物,安全靴,足
釘・ビス・金物,川口技研 物干し ベランダ用物干し 伸縮式 W1800〜2400,台
釘・ビス・金物,川口技研 物干し ベランダ用物干し 竿受け 2本セット（壁付け）,台
釘・ビス・金物,川口技研 物干し 室内物干し ホスクリーン 天井固定 2本,台
釘・ビス・金物,川口技研 物干し 室内物干し ホスクリーン 昇降式（2本）,台
釘・ビス・金物,川口技研 物干し 室内物干し レール型 W1820,台
釘・ビス・金物,川口技研 物干し 室内物干し 折り畳み壁付け（W1200）,台
釘・ビス・金物,川口技研 物干し 室内物干し 電動昇降 W2000,台
釘・ビス・金物,川口技研 物干し 浴室暖房乾燥機 100V 天井埋込,台
釘・ビス・金物,川口技研 物干し 浴室暖房乾燥機 200V 高機能,台
釘・ビス・金物,川口技研 物干し 浴室物干しバー（L型 折り畳み）,台
釘・ビス・金物,川口技研 物干し 浴室用竿受け金物 2本,台
釘・ビス・金物,川口技研 物干し 物干し スタンド型 折り畳み,台
釘・ビス・金物,川口技研 物干し 物干し 庭用 スプリングポール H2400,台
釘・ビス・金物,川口技研 物干し 物干し台 独立式 ステンレス,台
釘・ビス・金物,川口技研 物干し 電気式タオルウォーマー 500W 壁付け,台
釘・ビス・金物,川口技研 物干し 電気式タオルウォーマー 浴室用 防水,台
釘・ビス・金物,排水パッキン（50mm）,個
釘・ビス・金物,排水パッキン（75mm）,個
釘・ビス・金物,木ビス細目 2.0×10mm（200本）,袋
釘・ビス・金物,木ビス細目 2.0×13mm（200本）,袋
釘・ビス・金物,木ビス細目 2.0×16mm（200本）,袋
釘・ビス・金物,木ビス細目 2.0×19mm（200本）,袋
釘・ビス・金物,木ビス細目 2.0×22mm（200本）,袋
釘・ビス・金物,木ビス細目 2.0×25mm（200本）,袋
釘・ビス・金物,木ビス細目 2.0×32mm（200本）,袋
釘・ビス・金物,木ビス細目 2.0×38mm（200本）,袋
釘・ビス・金物,木ビス細目 2.0×45mm（200本）,袋
釘・ビス・金物,木ビス細目 2.0×51mm（200本）,袋
釘・ビス・金物,木ビス細目 2.4×10mm（200本）,袋
釘・ビス・金物,木ビス細目 2.4×13mm（200本）,袋
釘・ビス・金物,木ビス細目 2.4×16mm（200本）,袋
釘・ビス・金物,木ビス細目 2.4×19mm（200本）,袋
釘・ビス・金物,木ビス細目 2.4×22mm（200本）,袋
釘・ビス・金物,木ビス細目 2.4×25mm（200本）,袋
釘・ビス・金物,木ビス細目 2.4×32mm（200本）,袋
釘・ビス・金物,木ビス細目 2.4×38mm（200本）,袋
釘・ビス・金物,木ビス細目 2.4×45mm（200本）,袋
釘・ビス・金物,木ビス細目 2.4×51mm（200本）,袋
釘・ビス・金物,木ビス細目 2.7×10mm（200本）,袋
釘・ビス・金物,木ビス細目 2.7×13mm（200本）,袋
釘・ビス・金物,木ビス細目 2.7×16mm（200本）,袋
釘・ビス・金物,木ビス細目 2.7×19mm（200本）,袋
釘・ビス・金物,木ビス細目 2.7×22mm（200本）,袋
釘・ビス・金物,木ビス細目 2.7×25mm（200本）,袋
釘・ビス・金物,木ビス細目 2.7×32mm（200本）,袋
釘・ビス・金物,木ビス細目 2.7×38mm（200本）,袋
釘・ビス・金物,木ビス細目 2.7×45mm（200本）,袋
釘・ビス・金物,木ビス細目 2.7×51mm（200本）,袋
釘・ビス・金物,木ビス細目 3.1×10mm（200本）,袋
釘・ビス・金物,木ビス細目 3.1×13mm（200本）,袋
釘・ビス・金物,木ビス細目 3.1×16mm（200本）,袋
釘・ビス・金物,木ビス細目 3.1×19mm（200本）,袋
釘・ビス・金物,木ビス細目 3.1×22mm（200本）,袋
釘・ビス・金物,木ビス細目 3.1×25mm（200本）,袋
釘・ビス・金物,木ビス細目 3.1×32mm（200本）,袋
釘・ビス・金物,木ビス細目 3.1×38mm（200本）,袋
釘・ビス・金物,木ビス細目 3.1×45mm（200本）,袋
釘・ビス・金物,木ビス細目 3.1×51mm（200本）,袋
釘・ビス・金物,木ビス細目 3.5×10mm（200本）,袋
釘・ビス・金物,木ビス細目 3.5×13mm（200本）,袋
釘・ビス・金物,木ビス細目 3.5×16mm（200本）,袋
釘・ビス・金物,木ビス細目 3.5×19mm（200本）,袋
釘・ビス・金物,木ビス細目 3.5×22mm（200本）,袋
釘・ビス・金物,木ビス細目 3.5×25mm（200本）,袋
釘・ビス・金物,木ビス細目 3.5×32mm（200本）,袋
釘・ビス・金物,木ビス細目 3.5×38mm（200本）,袋
釘・ビス・金物,木ビス細目 3.5×45mm（200本）,袋
釘・ビス・金物,木ビス細目 3.5×51mm（200本）,袋
釘・ビス・金物,柱脚金物（Z90）,個
釘・ビス・金物,柱頭金物（Z90）,個
釘・ビス・金物,水平器（1m）,本
釘・ビス・金物,水道用パッキン（13mm）,個
釘・ビス・金物,水道用パッキン（20mm）,個
釘・ビス・金物,液体ガスケット（100g）,本
釘・ビス・金物,短冊金物（SB-E）,個
釘・ビス・金物,筋交いプレート（BP）,個
釘・ビス・金物,給水栓パッキン（13A コマ型）,個
釘・ビス・金物,羽子板ボルト（M12）,個
釘・ビス・金物,耐熱パッキン（100度対応）,個
釘・ビス・金物,配管用Oリング（15A）,個
釘・ビス・金物,配管用Oリング（20A）,個
釘・ビス・金物,配管用Oリング（25A）,個
釘・ビス・金物,防塵マスク（N95 1箱）,箱
釘・ビス・金物,電気ドリルビット（1本）,本
鉄骨・鋼材,H形鋼 H-100×100×6×8×12m,本
鉄骨・鋼材,H形鋼 H-100×100×6×8×6m,本
鉄骨・鋼材,H形鋼 H-100×100×6×8×9m,本
鉄骨・鋼材,H形鋼 H-100×100×6×8（6m）,本
鉄骨・鋼材,H形鋼 H-125×125×6×9×12m,本
鉄骨・鋼材,H形鋼 H-125×125×6×9×6m,本
鉄骨・鋼材,H形鋼 H-125×125×6×9×9m,本
鉄骨・鋼材,H形鋼 H-125×125×6×9（6m）,本
鉄骨・鋼材,H形鋼 H-150×150×7×10×12m,本
鉄骨・鋼材,H形鋼 H-150×150×7×10×6m,本
鉄骨・鋼材,H形鋼 H-150×150×7×10×9m,本
鉄骨・鋼材,H形鋼 H-150×150×7×10（6m）,本
鉄骨・鋼材,H形鋼 H-150×75×5×7×12m,本
鉄骨・鋼材,H形鋼 H-150×75×5×7×6m,本
鉄骨・鋼材,H形鋼 H-150×75×5×7×9m,本
鉄骨・鋼材,H形鋼 H-175×175×7.5×11×12m,本
鉄骨・鋼材,H形鋼 H-175×175×7.5×11×6m,本
鉄骨・鋼材,H形鋼 H-175×175×7.5×11×9m,本
鉄骨・鋼材,H形鋼 H-175×175×7×11（6m）,本
鉄骨・鋼材,H形鋼 H-194×150×6×9×12m,本
鉄骨・鋼材,H形鋼 H-194×150×6×9×6m,本
鉄骨・鋼材,H形鋼 H-194×150×6×9×9m,本
鉄骨・鋼材,H形鋼 H-200×100×5.5×8×12m,本
鉄骨・鋼材,H形鋼 H-200×100×5.5×8×6m,本
鉄骨・鋼材,H形鋼 H-200×100×5.5×8×9m,本
鉄骨・鋼材,H形鋼 H-200×200×8×12×12m,本
鉄骨・鋼材,H形鋼 H-200×200×8×12×6m,本
鉄骨・鋼材,H形鋼 H-200×200×8×12×9m,本
鉄骨・鋼材,H形鋼 H-200×200×8×12（6m）,本
鉄骨・鋼材,H形鋼 H-244×175×7×11×12m,本
鉄骨・鋼材,H形鋼 H-244×175×7×11×6m,本
鉄骨・鋼材,H形鋼 H-244×175×7×11×9m,本
鉄骨・鋼材,H形鋼 H-250×125×6×9×12m,本
鉄骨・鋼材,H形鋼 H-250×125×6×9×6m,本
鉄骨・鋼材,H形鋼 H-250×125×6×9×9m,本
鉄骨・鋼材,H形鋼 H-250×250×9×14×12m,本
鉄骨・鋼材,H形鋼 H-250×250×9×14×6m,本
鉄骨・鋼材,H形鋼 H-250×250×9×14×9m,本
鉄骨・鋼材,H形鋼 H-250×250×9×14（6m）,本
鉄骨・鋼材,H形鋼 H-294×200×8×12×12m,本
鉄骨・鋼材,H形鋼 H-294×200×8×12×6m,本
鉄骨・鋼材,H形鋼 H-294×200×8×12×9m,本
鉄骨・鋼材,H形鋼 H-300×150×6.5×9×12m,本
鉄骨・鋼材,H形鋼 H-300×150×6.5×9×6m,本
鉄骨・鋼材,H形鋼 H-300×150×6.5×9×9m,本
鉄骨・鋼材,H形鋼 H-300×300×10×15×12m,本
鉄骨・鋼材,H形鋼 H-300×300×10×15×6m,本
鉄骨・鋼材,H形鋼 H-300×300×10×15×9m,本
鉄骨・鋼材,H形鋼 H-300×300×10×15（6m）,本
鉄骨・鋼材,H形鋼 H-350×175×7×11×12m,本
鉄骨・鋼材,H形鋼 H-350×175×7×11×6m,本
鉄骨・鋼材,H形鋼 H-350×175×7×11×9m,本
鉄骨・鋼材,H形鋼 H-350×350×12×19×12m,本
鉄骨・鋼材,H形鋼 H-350×350×12×19×6m,本
鉄骨・鋼材,H形鋼 H-350×350×12×19×9m,本
鉄骨・鋼材,H形鋼 H-350×350×12×19（6m）,本
鉄骨・鋼材,H形鋼 H-400×200×8×13×12m,本
鉄骨・鋼材,H形鋼 H-400×200×8×13×6m,本
鉄骨・鋼材,H形鋼 H-400×200×8×13×9m,本
鉄骨・鋼材,H形鋼 H-400×400×13×21×12m,本
鉄骨・鋼材,H形鋼 H-400×400×13×21×6m,本
鉄骨・鋼材,H形鋼 H-400×400×13×21×9m,本
鉄骨・鋼材,H形鋼 H-500×200×10×16×12m,本
鉄骨・鋼材,H形鋼 H-500×200×10×16×6m,本
鉄骨・鋼材,H形鋼 H-500×200×10×16×9m,本
鉄骨・鋼材,H形鋼 H-600×200×11×17×12m,本
鉄骨・鋼材,H形鋼 H-600×200×11×17×6m,本
鉄骨・鋼材,H形鋼 H-600×200×11×17×9m,本
鉄骨・鋼材,スペーサー（コンクリート 40mm）,個
鉄骨・鋼材,スペーサー（プラスチック 40mm）,個
鉄骨・鋼材,リップ溝形鋼 C-100×50×20（6m）,本
鉄骨・鋼材,リップ溝形鋼 C-120×60×20（6m）,本
鉄骨・鋼材,リップ溝形鋼 C-150×65×20（6m）,本
鉄骨・鋼材,リップ溝形鋼 C-60×30×10（6m）,本
鉄骨・鋼材,山形鋼 L-65×65×6（6m）,本
鉄骨・鋼材,山形鋼 L-75×75×6（6m）,本
鉄骨・鋼材,山形鋼 L-90×90×7（6m）,本
鉄骨・鋼材,平鋼 FB-50×6（6m）,本
鉄骨・鋼材,平鋼 FB-75×6（6m）,本
鉄骨・鋼材,溝形鋼 [-150×75×6.5（6m）,本
鉄骨・鋼材,溶接材料 MAG溶接ワイヤー φ1.2（20kg）,本
鉄骨・鋼材,溶接材料 MIG溶接ワイヤー ER70S-6 φ0.8（5kg）,本
鉄骨・鋼材,溶接材料 ステンレス溶接棒 φ3.2（1kg）,本
鉄骨・鋼材,溶接材料 フラックス入りワイヤー φ1.2（15kg）,本
鉄骨・鋼材,溶接材料 溶接マスク（自動遮光）,本
鉄骨・鋼材,溶接材料 溶接用シールドガス CO2（20kg）,本
鉄骨・鋼材,溶接材料 溶接用混合ガス Ar80%+CO220%（20kg）,本
鉄骨・鋼材,溶接材料 軟鋼用溶接棒 B-10 φ3.2×350mm（5kg）,本
鉄骨・鋼材,溶接材料 軟鋼用溶接棒 B-10 φ4.0×400mm（5kg）,本
鉄骨・鋼材,溶接金網（Φ6 150×150 1m2）,m2
鉄骨・鋼材,異形棒鋼 SD295A D10 100kg,100kg
鉄骨・鋼材,異形棒鋼 SD295A D10 1t,1t
鉄骨・鋼材,異形棒鋼 SD295A D10 1本4m,1本4m
鉄骨・鋼材,異形棒鋼 SD295A D13 100kg,100kg
鉄骨・鋼材,異形棒鋼 SD295A D13 1t,1t
鉄骨・鋼材,異形棒鋼 SD295A D13 1本4m,1本4m
鉄骨・鋼材,異形棒鋼 SD295A D16 100kg,100kg
鉄骨・鋼材,異形棒鋼 SD295A D16 1t,1t
鉄骨・鋼材,異形棒鋼 SD295A D16 1本4m,1本4m
鉄骨・鋼材,異形棒鋼 SD295A D19 100kg,100kg
鉄骨・鋼材,異形棒鋼 SD295A D19 1t,1t
鉄骨・鋼材,異形棒鋼 SD295A D19 1本4m,1本4m
鉄骨・鋼材,異形棒鋼 SD295A D22 100kg,100kg
鉄骨・鋼材,異形棒鋼 SD295A D22 1t,1t
鉄骨・鋼材,異形棒鋼 SD295A D22 1本4m,1本4m
鉄骨・鋼材,異形棒鋼 SD295A D25 100kg,100kg
鉄骨・鋼材,異形棒鋼 SD295A D25 1t,1t
鉄骨・鋼材,異形棒鋼 SD295A D25 1本4m,1本4m
鉄骨・鋼材,異形棒鋼 SD295A D29 100kg,100kg
鉄骨・鋼材,異形棒鋼 SD295A D29 1t,1t
鉄骨・鋼材,異形棒鋼 SD295A D29 1本4m,1本4m
鉄骨・鋼材,異形棒鋼 SD295A D32 100kg,100kg
鉄骨・鋼材,異形棒鋼 SD295A D32 1t,1t
鉄骨・鋼材,異形棒鋼 SD295A D32 1本4m,1本4m
鉄骨・鋼材,異形棒鋼 SD295A D38 100kg,100kg
鉄骨・鋼材,異形棒鋼 SD295A D38 1t,1t
鉄骨・鋼材,異形棒鋼 SD295A D38 1本4m,1本4m
鉄骨・鋼材,異形棒鋼 SD295A D6 100kg,100kg
鉄骨・鋼材,異形棒鋼 SD295A D6 1t,1t
鉄骨・鋼材,異形棒鋼 SD295A D6 1本4m,1本4m
鉄骨・鋼材,異形棒鋼 SD345 D10 100kg,100kg
鉄骨・鋼材,異形棒鋼 SD345 D10 1t,1t
鉄骨・鋼材,異形棒鋼 SD345 D10 1本4m,1本4m
鉄骨・鋼材,異形棒鋼 SD345 D13 100kg,100kg
鉄骨・鋼材,異形棒鋼 SD345 D13 1t,1t
鉄骨・鋼材,異形棒鋼 SD345 D13 1本4m,1本4m
鉄骨・鋼材,異形棒鋼 SD345 D16 100kg,100kg
鉄骨・鋼材,異形棒鋼 SD345 D16 1t,1t
鉄骨・鋼材,異形棒鋼 SD345 D16 1本4m,1本4m
鉄骨・鋼材,異形棒鋼 SD345 D19 100kg,100kg
鉄骨・鋼材,異形棒鋼 SD345 D19 1t,1t
鉄骨・鋼材,異形棒鋼 SD345 D19 1本4m,1本4m
鉄骨・鋼材,異形棒鋼 SD345 D22 100kg,100kg
鉄骨・鋼材,異形棒鋼 SD345 D22 1t,1t
鉄骨・鋼材,異形棒鋼 SD345 D22 1本4m,1本4m
鉄骨・鋼材,異形棒鋼 SD345 D25 100kg,100kg
鉄骨・鋼材,異形棒鋼 SD345 D25 1t,1t
鉄骨・鋼材,異形棒鋼 SD345 D25 1本4m,1本4m
鉄骨・鋼材,異形棒鋼 SD345 D29 100kg,100kg
鉄骨・鋼材,異形棒鋼 SD345 D29 1t,1t
鉄骨・鋼材,異形棒鋼 SD345 D29 1本4m,1本4m
鉄骨・鋼材,異形棒鋼 SD345 D32 100kg,100kg
鉄骨・鋼材,異形棒鋼 SD345 D32 1t,1t
鉄骨・鋼材,異形棒鋼 SD345 D32 1本4m,1本4m
鉄骨・鋼材,異形棒鋼 SD345 D38 100kg,100kg
鉄骨・鋼材,異形棒鋼 SD345 D38 1t,1t
鉄骨・鋼材,異形棒鋼 SD345 D38 1本4m,1本4m
鉄骨・鋼材,異形棒鋼 SD345 D6 100kg,100kg
鉄骨・鋼材,異形棒鋼 SD345 D6 1t,1t
鉄骨・鋼材,異形棒鋼 SD345 D6 1本4m,1本4m
鉄骨・鋼材,異形棒鋼 SD390 D10 100kg,100kg
鉄骨・鋼材,異形棒鋼 SD390 D10 1t,1t
鉄骨・鋼材,異形棒鋼 SD390 D10 1本4m,1本4m
鉄骨・鋼材,異形棒鋼 SD390 D13 100kg,100kg
鉄骨・鋼材,異形棒鋼 SD390 D13 1t,1t
鉄骨・鋼材,異形棒鋼 SD390 D13 1本4m,1本4m
鉄骨・鋼材,異形棒鋼 SD390 D16 100kg,100kg
鉄骨・鋼材,異形棒鋼 SD390 D16 1t,1t
鉄骨・鋼材,異形棒鋼 SD390 D16 1本4m,1本4m
鉄骨・鋼材,異形棒鋼 SD390 D19 100kg,100kg
鉄骨・鋼材,異形棒鋼 SD390 D19 1t,1t
鉄骨・鋼材,異形棒鋼 SD390 D19 1本4m,1本4m
鉄骨・鋼材,異形棒鋼 SD390 D22 100kg,100kg
鉄骨・鋼材,異形棒鋼 SD390 D22 1t,1t
鉄骨・鋼材,異形棒鋼 SD390 D22 1本4m,1本4m
鉄骨・鋼材,異形棒鋼 SD390 D25 100kg,100kg
鉄骨・鋼材,異形棒鋼 SD390 D25 1t,1t
鉄骨・鋼材,異形棒鋼 SD390 D25 1本4m,1本4m
鉄骨・鋼材,異形棒鋼 SD390 D29 100kg,100kg
鉄骨・鋼材,異形棒鋼 SD390 D29 1t,1t
鉄骨・鋼材,異形棒鋼 SD390 D29 1本4m,1本4m
鉄骨・鋼材,異形棒鋼 SD390 D32 100kg,100kg
鉄骨・鋼材,異形棒鋼 SD390 D32 1t,1t
鉄骨・鋼材,異形棒鋼 SD390 D32 1本4m,1本4m
鉄骨・鋼材,異形棒鋼 SD390 D38 100kg,100kg
鉄骨・鋼材,異形棒鋼 SD390 D38 1t,1t
鉄骨・鋼材,異形棒鋼 SD390 D38 1本4m,1本4m
鉄骨・鋼材,異形棒鋼 SD390 D6 100kg,100kg
鉄骨・鋼材,異形棒鋼 SD390 D6 1t,1t
鉄骨・鋼材,異形棒鋼 SD390 D6 1本4m,1本4m
鉄骨・鋼材,異形棒鋼 SD490 D10 100kg,100kg
鉄骨・鋼材,異形棒鋼 SD490 D10 1t,1t
鉄骨・鋼材,異形棒鋼 SD490 D10 1本4m,1本4m
鉄骨・鋼材,異形棒鋼 SD490 D13 100kg,100kg
鉄骨・鋼材,異形棒鋼 SD490 D13 1t,1t
鉄骨・鋼材,異形棒鋼 SD490 D13 1本4m,1本4m
鉄骨・鋼材,異形棒鋼 SD490 D16 100kg,100kg
鉄骨・鋼材,異形棒鋼 SD490 D16 1t,1t
鉄骨・鋼材,異形棒鋼 SD490 D16 1本4m,1本4m
鉄骨・鋼材,異形棒鋼 SD490 D19 100kg,100kg
鉄骨・鋼材,異形棒鋼 SD490 D19 1t,1t
鉄骨・鋼材,異形棒鋼 SD490 D19 1本4m,1本4m
鉄骨・鋼材,異形棒鋼 SD490 D22 100kg,100kg
鉄骨・鋼材,異形棒鋼 SD490 D22 1t,1t
鉄骨・鋼材,異形棒鋼 SD490 D22 1本4m,1本4m
鉄骨・鋼材,異形棒鋼 SD490 D25 100kg,100kg
鉄骨・鋼材,異形棒鋼 SD490 D25 1t,1t
鉄骨・鋼材,異形棒鋼 SD490 D25 1本4m,1本4m
鉄骨・鋼材,異形棒鋼 SD490 D29 100kg,100kg
鉄骨・鋼材,異形棒鋼 SD490 D29 1t,1t
鉄骨・鋼材,異形棒鋼 SD490 D29 1本4m,1本4m
鉄骨・鋼材,異形棒鋼 SD490 D32 100kg,100kg
鉄骨・鋼材,異形棒鋼 SD490 D32 1t,1t
鉄骨・鋼材,異形棒鋼 SD490 D32 1本4m,1本4m
鉄骨・鋼材,異形棒鋼 SD490 D38 100kg,100kg
鉄骨・鋼材,異形棒鋼 SD490 D38 1t,1t
鉄骨・鋼材,異形棒鋼 SD490 D38 1本4m,1本4m
鉄骨・鋼材,異形棒鋼 SD490 D6 100kg,100kg
鉄骨・鋼材,異形棒鋼 SD490 D6 1t,1t
鉄骨・鋼材,異形棒鋼 SD490 D6 1本4m,1本4m
鉄骨・鋼材,結束線（#21 1kg）,kg
鉄骨・鋼材,角形鋼管 □-100×100×4.5（6m）,本
鉄骨・鋼材,角形鋼管 □-150×150×6（6m）,本
鉄骨・鋼材,角形鋼管 □-200×200×6（6m）,本
鉄骨・鋼材,角形鋼管 □-250×250×9（6m）,本
鉄骨・鋼材,角形鋼管 □-300×300×9（6m）,本
鉄骨・鋼材,角形鋼管（コラム）□-100×100×4.5×12m,本
鉄骨・鋼材,角形鋼管（コラム）□-100×100×4.5×6m,本
鉄骨・鋼材,角形鋼管（コラム）□-100×100×4.5×9m,本
鉄骨・鋼材,角形鋼管（コラム）□-125×125×6×12m,本
鉄骨・鋼材,角形鋼管（コラム）□-125×125×6×6m,本
鉄骨・鋼材,角形鋼管（コラム）□-125×125×6×9m,本
鉄骨・鋼材,角形鋼管（コラム）□-150×150×6×12m,本
鉄骨・鋼材,角形鋼管（コラム）□-150×150×6×6m,本
鉄骨・鋼材,角形鋼管（コラム）□-150×150×6×9m,本
鉄骨・鋼材,角形鋼管（コラム）□-175×175×9×12m,本
鉄骨・鋼材,角形鋼管（コラム）□-175×175×9×6m,本
鉄骨・鋼材,角形鋼管（コラム）□-175×175×9×9m,本
鉄骨・鋼材,角形鋼管（コラム）□-200×200×9×12m,本
鉄骨・鋼材,角形鋼管（コラム）□-200×200×9×6m,本
鉄骨・鋼材,角形鋼管（コラム）□-200×200×9×9m,本
鉄骨・鋼材,角形鋼管（コラム）□-250×250×9×12m,本
鉄骨・鋼材,角形鋼管（コラム）□-250×250×9×6m,本
鉄骨・鋼材,角形鋼管（コラム）□-250×250×9×9m,本
鉄骨・鋼材,角形鋼管（コラム）□-300×300×12×12m,本
鉄骨・鋼材,角形鋼管（コラム）□-300×300×12×6m,本
鉄骨・鋼材,角形鋼管（コラム）□-300×300×12×9m,本
鉄骨・鋼材,角形鋼管（コラム）□-350×350×12×12m,本
鉄骨・鋼材,角形鋼管（コラム）□-350×350×12×6m,本
鉄骨・鋼材,角形鋼管（コラム）□-350×350×12×9m,本
鉄骨・鋼材,角形鋼管（コラム）□-400×400×16×12m,本
鉄骨・鋼材,角形鋼管（コラム）□-400×400×16×6m,本
鉄骨・鋼材,角形鋼管（コラム）□-400×400×16×9m,本
鉄骨・鋼材,鉄筋カプラー（D16）,個
鉄骨・鋼材,鉄筋カプラー（D19）,個
鉄骨・鋼材,鉄筋加工・組立（1t）,t
鉄骨・鋼材,鉄筋工事副材 ドーナツスペーサー 20mm（100個）,袋
鉄骨・鋼材,鉄筋工事副材 ドーナツスペーサー 30mm,袋
鉄骨・鋼材,鉄筋工事副材 プラスチックスペーサー 65mm,袋
鉄骨・鋼材,鉄筋工事副材 結束線（焼きなまし鉄線 1kg）,袋
鉄骨・鋼材,鉄筋工事副材 角形スペーサー 40mm（100個）,袋
鉄骨・鋼材,鉄筋工事副材 鉄筋カッター 替刃,袋
鉄骨・鋼材,鉄筋（D19）,ton
鉄骨・鋼材,鉄筋（D22）,ton
鉄骨・鋼材,鉄筋（D25）,ton
鉄骨・鋼材,鉄骨ボルト アンカーボルト M24（基礎用 600mm）,セット
鉄骨・鋼材,鉄骨ボルト トルシア形高力ボルト M20×50（10本）,セット
鉄骨・鋼材,鉄骨ボルト 高力ボルト M16×35（10本セット）,セット
鉄骨・鋼材,鉄骨ボルト 高力ボルト M16×45,セット
鉄骨・鋼材,鉄骨ボルト 高力ボルト M20×50,セット
鉄骨・鋼材,鉄骨ボルト 高力ボルト M20×65,セット
鉄骨・鋼材,鉄骨ボルト 高力ボルト M22×65,セット
鉄骨・鋼材,鉄骨ボルト 高力ボルト M24×80,セット
鉄骨・鋼材,鉄骨耐火被覆 ALC板耐火パネル 100mm（3×8）,㎡
鉄骨・鋼材,鉄骨耐火被覆 耐火ボード（グラスウール内包 50mm）,㎡
鉄骨・鋼材,鉄骨耐火被覆 耐火ボード（ケイカル板 12mm 3×6）,㎡
鉄骨・鋼材,鉄骨耐火被覆 耐火塗料 1時間耐火（塗布型 1㎡）,㎡
鉄骨・鋼材,鉄骨耐火被覆 耐火塗料 2時間耐火（薄膜型 1㎡）,㎡
鉄骨・鋼材,鉄骨耐火被覆 耐火被覆 ロックウール吹付（1.5時間耐火 1㎡）,㎡
鉄骨・鋼材,鉄骨耐火被覆 耐火被覆 ロックウール吹付（2時間耐火 1㎡）,㎡
鉄骨・鋼材,鋼材 C形鋼（リップ溝形）（中型 H100）,m
鉄骨・鋼材,鋼材 C形鋼（リップ溝形）（大型 H150）,m
鉄骨・鋼材,鋼材 C形鋼（リップ溝形）（小型 H75）,m
鉄骨・鋼材,鋼材 C形鋼（リップ溝形）（特大型 H200）,m
鉄骨・鋼材,鋼材 H形鋼（中型 H100）,m
鉄骨・鋼材,鋼材 H形鋼（大型 H150）,m
鉄骨・鋼材,鋼材 H形鋼（小型 H75）,m
鉄骨・鋼材,鋼材 H形鋼（特大型 H200）,m
鉄骨・鋼材,鋼材 I形鋼（中型 H100）,m
鉄骨・鋼材,鋼材 I形鋼（大型 H150）,m
鉄骨・鋼材,鋼材 I形鋼（小型 H75）,m
鉄骨・鋼材,鋼材 I形鋼（特大型 H200）,m
鉄骨・鋼材,鋼材 T形鋼（中型 H100）,m
鉄骨・鋼材,鋼材 T形鋼（大型 H150）,m
鉄骨・鋼材,鋼材 T形鋼（小型 H75）,m
鉄骨・鋼材,鋼材 T形鋼（特大型 H200）,m
鉄骨・鋼材,鋼材 Z形鋼（中型 H100）,m
鉄骨・鋼材,鋼材 Z形鋼（大型 H150）,m
鉄骨・鋼材,鋼材 Z形鋼（小型 H75）,m
鉄骨・鋼材,鋼材 Z形鋼（特大型 H200）,m
鉄骨・鋼材,鋼材 フラットバー（平鋼）（中型 H100）,m
鉄骨・鋼材,鋼材 フラットバー（平鋼）（大型 H150）,m
鉄骨・鋼材,鋼材 フラットバー（平鋼）（小型 H75）,m
鉄骨・鋼材,鋼材 フラットバー（平鋼）（特大型 H200）,m
鉄骨・鋼材,鋼材 不等辺アングル（中型 H100）,m
鉄骨・鋼材,鋼材 不等辺アングル（大型 H150）,m
鉄骨・鋼材,鋼材 不等辺アングル（小型 H75）,m
鉄骨・鋼材,鋼材 不等辺アングル（特大型 H200）,m
鉄骨・鋼材,鋼材 丸形鋼管（丸パイプ）（中型 H100）,m
鉄骨・鋼材,鋼材 丸形鋼管（丸パイプ）（大型 H150）,m
鉄骨・鋼材,鋼材 丸形鋼管（丸パイプ）（小型 H75）,m
鉄骨・鋼材,鋼材 丸形鋼管（丸パイプ）（特大型 H200）,m
鉄骨・鋼材,鋼材 等辺アングル（L形）（中型 H100）,m
鉄骨・鋼材,鋼材 等辺アングル（L形）（大型 H150）,m
鉄骨・鋼材,鋼材 等辺アングル（L形）（小型 H75）,m
鉄骨・鋼材,鋼材 等辺アングル（L形）（特大型 H200）,m
鉄骨・鋼材,鋼材 角形鋼管（角パイプ）（中型 H100）,m
鉄骨・鋼材,鋼材 角形鋼管（角パイプ）（大型 H150）,m
鉄骨・鋼材,鋼材 角形鋼管（角パイプ）（小型 H75）,m
鉄骨・鋼材,鋼材 角形鋼管（角パイプ）（特大型 H200）,m
鉄骨・鋼材,鋼板 SS400 t=12mm（1220×2440）,枚
鉄骨・鋼材,鋼板 SS400 t=4.5mm（1220×2440）,枚
鉄骨・鋼材,鋼板 SS400 t=6mm（1220×2440）,枚
鉄骨・鋼材,鋼板 SS400 t=9mm（1220×2440）,枚
防水工事材料,AGC ウレタン防水 密着工法 1層（1㎡）,㎡
防水工事材料,AGC ウレタン防水 密着工法 2層（標準）（1㎡）,㎡
防水工事材料,AGC ウレタン防水 絶縁工法 1層（1㎡）,㎡
防水工事材料,AGC ウレタン防水 絶縁工法 2層（標準）（1㎡）,㎡
防水工事材料,AGC ウレタン防水 通気緩衝工法 1層（1㎡）,㎡
防水工事材料,AGC ウレタン防水 通気緩衝工法 2層（標準）（1㎡）,㎡
防水工事材料,AGC ウレタン防水材 1液（18kg）,缶
防水工事材料,AGC ウレタン防水材 2液（A液+B液 20kgセット）,セット
防水工事材料,AGC 脱気筒（ステンレス製）,個
防水工事材料,AGC 通気緩衝シート（0.8mm 1m×20m）,巻
防水工事材料,AGCポリマー建材 FRPマット（#450 1m×20m）,巻
防水工事材料,AGCポリマー建材 FRP樹脂（不飽和ポリエステル 20kg）,缶
防水工事材料,AGCポリマー建材 FRP防水 1層（軽歩行） クリーム（1㎡）,㎡
防水工事材料,AGCポリマー建材 FRP防水 1層（軽歩行） グレー（1㎡）,㎡
防水工事材料,AGCポリマー建材 FRP防水 1層（軽歩行） ライトグレー（1㎡）,㎡
防水工事材料,AGCポリマー建材 FRP防水 2層（重歩行） クリーム（1㎡）,㎡
防水工事材料,AGCポリマー建材 FRP防水 2層（重歩行） グレー（1㎡）,㎡
防水工事材料,AGCポリマー建材 FRP防水 2層（重歩行） ライトグレー（1㎡）,㎡
防水工事材料,AGCポリマー建材 FRP防水 3層（車道） クリーム（1㎡）,㎡
防水工事材料,AGCポリマー建材 FRP防水 3層（車道） グレー（1㎡）,㎡
防水工事材料,AGCポリマー建材 FRP防水 3層（車道） ライトグレー（1㎡）,㎡
防水工事材料,AGCポリマー建材 トップコート（グレー 16kg）,缶
防水工事材料,AGCポリマー建材 プライマー（下塗り 16kg）,缶
防水工事材料,FRP防水ガラスマット（16kg）,缶
防水工事材料,FRP防水ガラスマット（20kg）,缶
防水工事材料,FRP防水ガラスマット（8kg）,缶
防水工事材料,FRP防水トップコート（16kg）,缶
防水工事材料,FRP防水材主剤（16kg）,缶
防水工事材料,FRP防水材主剤（20kg）,缶
防水工事材料,FRP防水材主剤（8kg）,缶
防水工事材料,FRP防水樹脂（20kg）,缶
防水工事材料,FRP防水（ガラスマット 1m2）,m2
防水工事材料,ウレタン防水トップコート（16kg）,缶
防水工事材料,ウレタン防水トップコート（20kg）,缶
防水工事材料,ウレタン防水トップコート（8kg）,缶
防水工事材料,ウレタン防水材主剤（16kg）,缶
防水工事材料,ウレタン防水材主剤（20kg）,缶
防水工事材料,ウレタン防水材主剤（8kg）,缶
防水工事材料,ウレタン防水材硬化剤（16kg）,缶
防水工事材料,ウレタン防水材硬化剤（20kg）,缶
防水工事材料,ウレタン防水材硬化剤（8kg）,缶
防水工事材料,ウレタン防水材（1液 18kg）,缶
防水工事材料,ウレタン防水材（2液主剤 16kg）,セット
防水工事材料,ウレタン防水材（トップコート）（16kg）,缶
防水工事材料,ウレタン防水材（トップコート）（20kg）,缶
防水工事材料,ウレタン防水材（トップコート）（8kg）,缶
防水工事材料,ウレタン防水材（主剤 18kg）,缶
防水工事材料,エスロン気密スリーブ（Φ28）,個
防水工事材料,エスロン気密スリーブ（Φ54）,個
防水工事材料,エポキシ防水材（2液型 10kg）,セット
防水工事材料,サッシ廻り防水テープ,巻
防水工事材料,シート防水（EPDM 1.5mm）,m2
防水工事材料,シーリング材（ポリウレタン 330ml）,本
防水工事材料,シーリング材（変性シリコン 330ml）,本
防水工事材料,スリーブ（VP100 200mm）,個
防水工事材料,スリーブ（VP150 200mm）,個
防水工事材料,スリーブ（VP50 200mm）,個
防水工事材料,タジマ FRPマット（#450 1m×20m）,巻
防水工事材料,タジマ FRP樹脂（不飽和ポリエステル 20kg）,缶
防水工事材料,タジマ FRP防水 1層（軽歩行） クリーム（1㎡）,㎡
防水工事材料,タジマ FRP防水 1層（軽歩行） グレー（1㎡）,㎡
防水工事材料,タジマ FRP防水 1層（軽歩行） ライトグレー（1㎡）,㎡
防水工事材料,タジマ FRP防水 2層（重歩行） クリーム（1㎡）,㎡
防水工事材料,タジマ FRP防水 2層（重歩行） グレー（1㎡）,㎡
防水工事材料,タジマ FRP防水 2層（重歩行） ライトグレー（1㎡）,㎡
防水工事材料,タジマ FRP防水 3層（車道） クリーム（1㎡）,㎡
防水工事材料,タジマ FRP防水 3層（車道） グレー（1㎡）,㎡
防水工事材料,タジマ FRP防水 3層（車道） ライトグレー（1㎡）,㎡
防水工事材料,タジマ トップコート（グレー 16kg）,缶
防水工事材料,タジマ プライマー（下塗り 16kg）,缶
防水工事材料,タジマ（ウレタン） ウレタン防水 密着工法 1層（1㎡）,㎡
防水工事材料,タジマ（ウレタン） ウレタン防水 密着工法 2層（標準）（1㎡）,㎡
防水工事材料,タジマ（ウレタン） ウレタン防水 絶縁工法 1層（1㎡）,㎡
防水工事材料,タジマ（ウレタン） ウレタン防水 絶縁工法 2層（標準）（1㎡）,㎡
防水工事材料,タジマ（ウレタン） ウレタン防水 通気緩衝工法 1層（1㎡）,㎡
防水工事材料,タジマ（ウレタン） ウレタン防水 通気緩衝工法 2層（標準）（1㎡）,㎡
防水工事材料,タジマ（ウレタン） ウレタン防水材 1液（18kg）,缶
防水工事材料,タジマ（ウレタン） ウレタン防水材 2液（A液+B液 20kgセット）,セット
防水工事材料,タジマ（ウレタン） 脱気筒（ステンレス製）,個
防水工事材料,タジマ（ウレタン） 通気緩衝シート（0.8mm 1m×20m）,巻
防水工事材料,ダイフレックス FRPマット（#450 1m×20m）,巻
防水工事材料,ダイフレックス FRP樹脂（不飽和ポリエステル 20kg）,缶
防水工事材料,ダイフレックス FRP防水 1層（軽歩行） クリーム（1㎡）,㎡
防水工事材料,ダイフレックス FRP防水 1層（軽歩行） グレー（1㎡）,㎡
防水工事材料,ダイフレックス FRP防水 1層（軽歩行） ライトグレー（1㎡）,㎡
防水工事材料,ダイフレックス FRP防水 2層（重歩行） クリーム（1㎡）,㎡
防水工事材料,ダイフレックス FRP防水 2層（重歩行） グレー（1㎡）,㎡
防水工事材料,ダイフレックス FRP防水 2層（重歩行） ライトグレー（1㎡）,㎡
防水工事材料,ダイフレックス FRP防水 3層（車道） クリーム（1㎡）,㎡
防水工事材料,ダイフレックス FRP防水 3層（車道） グレー（1㎡）,㎡
防水工事材料,ダイフレックス FRP防水 3層（車道） ライトグレー（1㎡）,㎡
防水工事材料,ダイフレックス トップコート（グレー 16kg）,缶
防水工事材料,ダイフレックス プライマー（下塗り 16kg）,缶
防水工事材料,ダイフレックス（ベランダ） ベランダ設備 アルミ笠木 W200 フラット型 2m,個
防水工事材料,ダイフレックス（ベランダ） ベランダ設備 アルミ笠木 W250 コーナー付き,個
防水工事材料,ダイフレックス（ベランダ） ベランダ設備 オーバーフロー管 φ50（緊急排水）,個
防水工事材料,ダイフレックス（ベランダ） ベランダ設備 ステンレス笠木 W200 ヘアライン 2m,個
防水工事材料,ダイフレックス（ベランダ） ベランダ設備 ベランダ排水口 VP管接続 φ75,個
防水工事材料,ダイフレックス（ベランダ） ベランダ設備 ベランダ排水口 φ100（大型）,個
防水工事材料,ダイフレックス（ベランダ） ベランダ設備 ルーフドレン 平型 φ75,個
防水工事材料,ダイフレックス（ベランダ） ベランダ設備 ルーフドレン 縦引き φ100,個
防水工事材料,ダイフレックス（ベランダ） ベランダ設備 出入り口サッシ下 防水立上り材,個
防水工事材料,ダイフレックス（ベランダ） ベランダ設備 手すり笠木下 防水テープ 100mm×20m,個
防水工事材料,ダイフレックス（ベランダ） ベランダ設備 排水トラップ ステンレス φ75,個
防水工事材料,ダイフレックス（ベランダ） ベランダ設備 排水溝 ステンレス製 W60×H50×1m,個
防水工事材料,ダイフレックス（ベランダ） ベランダ設備 横引きドレン 防水シート対応,個
防水工事材料,ダイフレックス（ベランダ） ベランダ設備 笠木エンドキャップ（左右各1）,個
防水工事材料,ダイフレックス（ベランダ） ベランダ設備 笠木ジョイントカバー,個
防水工事材料,ダイフレックス（ベランダ） ベランダ設備 笠木固定金具（1m用 2個）,個
防水工事材料,ダイフレックス（ベランダ） ベランダ設備 笠木用ブチルシール,個
防水工事材料,ダクト貫通スリーブ（Φ100）,個
防水工事材料,ダクト貫通スリーブ（Φ150）,個
防水工事材料,デュポン（タイベック） アスファルトルーフィング940 23kg巻,巻
防水工事材料,デュポン（タイベック） 改質アスファルトルーフィング（高耐久）,巻
防水工事材料,デュポン（タイベック） 透湿防水シート（タイベック）1m×50m,巻
防水工事材料,デュポン（タイベック） 遮熱ルーフィング 23kg巻,巻
防水工事材料,デュポン（タイベック） 防音ルーフィング（ゴム系）,巻
防水工事材料,ドレン（鋳鉄 100径）,個
防水工事材料,ニッタ化工品 ウレタン防水 密着工法 1層（1㎡）,㎡
防水工事材料,ニッタ化工品 ウレタン防水 密着工法 2層（標準）（1㎡）,㎡
防水工事材料,ニッタ化工品 ウレタン防水 絶縁工法 1層（1㎡）,㎡
防水工事材料,ニッタ化工品 ウレタン防水 絶縁工法 2層（標準）（1㎡）,㎡
防水工事材料,ニッタ化工品 ウレタン防水 通気緩衝工法 1層（1㎡）,㎡
防水工事材料,ニッタ化工品 ウレタン防水 通気緩衝工法 2層（標準）（1㎡）,㎡
防水工事材料,ニッタ化工品 ウレタン防水材 1液（18kg）,缶
防水工事材料,ニッタ化工品 ウレタン防水材 2液（A液+B液 20kgセット）,セット
防水工事材料,ニッタ化工品 脱気筒（ステンレス製）,個
防水工事材料,ニッタ化工品 通気緩衝シート（0.8mm 1m×20m）,巻
防水工事材料,バックアップ材（丸型 10mm 50m）,巻
防水工事材料,バックアップ材（丸型 20mm）,m
防水工事材料,パナソニック（笠木） ベランダ設備 アルミ笠木 W200 フラット型 2m,個
防水工事材料,パナソニック（笠木） ベランダ設備 アルミ笠木 W250 コーナー付き,個
防水工事材料,パナソニック（笠木） ベランダ設備 オーバーフロー管 φ50（緊急排水）,個
防水工事材料,パナソニック（笠木） ベランダ設備 ステンレス笠木 W200 ヘアライン 2m,個
防水工事材料,パナソニック（笠木） ベランダ設備 ベランダ排水口 VP管接続 φ75,個
防水工事材料,パナソニック（笠木） ベランダ設備 ベランダ排水口 φ100（大型）,個
防水工事材料,パナソニック（笠木） ベランダ設備 ルーフドレン 平型 φ75,個
防水工事材料,パナソニック（笠木） ベランダ設備 ルーフドレン 縦引き φ100,個
防水工事材料,パナソニック（笠木） ベランダ設備 出入り口サッシ下 防水立上り材,個
防水工事材料,パナソニック（笠木） ベランダ設備 手すり笠木下 防水テープ 100mm×20m,個
防水工事材料,パナソニック（笠木） ベランダ設備 排水トラップ ステンレス φ75,個
防水工事材料,パナソニック（笠木） ベランダ設備 排水溝 ステンレス製 W60×H50×1m,個
防水工事材料,パナソニック（笠木） ベランダ設備 横引きドレン 防水シート対応,個
防水工事材料,パナソニック（笠木） ベランダ設備 笠木エンドキャップ（左右各1）,個
防水工事材料,パナソニック（笠木） ベランダ設備 笠木ジョイントカバー,個
防水工事材料,パナソニック（笠木） ベランダ設備 笠木固定金具（1m用 2個）,個
防水工事材料,パナソニック（笠木） ベランダ設備 笠木用ブチルシール,個
防水工事材料,ブチルテープ（50mm 20m）,巻
防水工事材料,城東テクノ（排水） ベランダ設備 アルミ笠木 W200 フラット型 2m,個
防水工事材料,城東テクノ（排水） ベランダ設備 アルミ笠木 W250 コーナー付き,個
防水工事材料,城東テクノ（排水） ベランダ設備 オーバーフロー管 φ50（緊急排水）,個
防水工事材料,城東テクノ（排水） ベランダ設備 ステンレス笠木 W200 ヘアライン 2m,個
防水工事材料,城東テクノ（排水） ベランダ設備 ベランダ排水口 VP管接続 φ75,個
防水工事材料,城東テクノ（排水） ベランダ設備 ベランダ排水口 φ100（大型）,個
防水工事材料,城東テクノ（排水） ベランダ設備 ルーフドレン 平型 φ75,個
防水工事材料,城東テクノ（排水） ベランダ設備 ルーフドレン 縦引き φ100,個
防水工事材料,城東テクノ（排水） ベランダ設備 出入り口サッシ下 防水立上り材,個
防水工事材料,城東テクノ（排水） ベランダ設備 手すり笠木下 防水テープ 100mm×20m,個
防水工事材料,城東テクノ（排水） ベランダ設備 排水トラップ ステンレス φ75,個
防水工事材料,城東テクノ（排水） ベランダ設備 排水溝 ステンレス製 W60×H50×1m,個
防水工事材料,城東テクノ（排水） ベランダ設備 横引きドレン 防水シート対応,個
防水工事材料,城東テクノ（排水） ベランダ設備 笠木エンドキャップ（左右各1）,個
防水工事材料,城東テクノ（排水） ベランダ設備 笠木ジョイントカバー,個
防水工事材料,城東テクノ（排水） ベランダ設備 笠木固定金具（1m用 2個）,個
防水工事材料,城東テクノ（排水） ベランダ設備 笠木用ブチルシール,個
防水工事材料,屋根防水塗料（遮熱 16kg）,缶
防水工事材料,弾性防水塗料（16kg）,缶
防水工事材料,弾性防水塗料（20kg）,缶
防水工事材料,弾性防水塗料（8kg）,缶
防水工事材料,改修ルーフィング アスファルトルーフィング940 23kg巻,巻
防水工事材料,改修ルーフィング 改質アスファルトルーフィング（高耐久）,巻
防水工事材料,改修ルーフィング 透湿防水シート（タイベック）1m×50m,巻
防水工事材料,改修ルーフィング 遮熱ルーフィング 23kg巻,巻
防水工事材料,改修ルーフィング 防音ルーフィング（ゴム系）,巻
防水工事材料,改質アスファルトシート 2mm（16kg）,缶
防水工事材料,改質アスファルトシート 2mm（20kg）,缶
防水工事材料,改質アスファルトシート 2mm（8kg）,缶
防水工事材料,改質アスファルトシート 3mm（16kg）,缶
防水工事材料,改質アスファルトシート 3mm（20kg）,缶
防水工事材料,改質アスファルトシート 3mm（8kg）,缶
防水工事材料,改質アスファルトシート（2mm 1×10m）,巻
防水工事材料,改質アスファルトシート（3mm 1×10m）,巻
防水工事材料,改質アスファルトシート（3mm）,m2
防水工事材料,改質アスファルトシート（4mm）,巻
防水工事材料,水切りシート（250mm 10m）,巻
防水工事材料,水切り板金（ガルバ）,m
防水工事材料,液体防水材水性（16kg）,缶
防水工事材料,液体防水材水性（20kg）,缶
防水工事材料,液体防水材水性（8kg）,缶
防水工事材料,液体防水材（水性 4L）,缶
防水工事材料,田島ルーフィング FRPマット（#450 1m×20m）,巻
防水工事材料,田島ルーフィング FRP樹脂（不飽和ポリエステル 20kg）,缶
防水工事材料,田島ルーフィング FRP防水 1層（軽歩行） クリーム（1㎡）,㎡
防水工事材料,田島ルーフィング FRP防水 1層（軽歩行） グレー（1㎡）,㎡
防水工事材料,田島ルーフィング FRP防水 1層（軽歩行） ライトグレー（1㎡）,㎡
防水工事材料,田島ルーフィング FRP防水 2層（重歩行） クリーム（1㎡）,㎡
防水工事材料,田島ルーフィング FRP防水 2層（重歩行） グレー（1㎡）,㎡
防水工事材料,田島ルーフィング FRP防水 2層（重歩行） ライトグレー（1㎡）,㎡
防水工事材料,田島ルーフィング FRP防水 3層（車道） クリーム（1㎡）,㎡
防水工事材料,田島ルーフィング FRP防水 3層（車道） グレー（1㎡）,㎡
防水工事材料,田島ルーフィング FRP防水 3層（車道） ライトグレー（1㎡）,㎡
防水工事材料,田島ルーフィング アスファルトルーフィング940 23kg巻,巻
防水工事材料,田島ルーフィング ウレタン防水 密着工法 1層（1㎡）,㎡
防水工事材料,田島ルーフィング ウレタン防水 密着工法 2層（標準）（1㎡）,㎡
防水工事材料,田島ルーフィング ウレタン防水 絶縁工法 1層（1㎡）,㎡
防水工事材料,田島ルーフィング ウレタン防水 絶縁工法 2層（標準）（1㎡）,㎡
防水工事材料,田島ルーフィング ウレタン防水 通気緩衝工法 1層（1㎡）,㎡
防水工事材料,田島ルーフィング ウレタン防水 通気緩衝工法 2層（標準）（1㎡）,㎡
防水工事材料,田島ルーフィング ウレタン防水材 1液（18kg）,缶
防水工事材料,田島ルーフィング ウレタン防水材 2液（A液+B液 20kgセット）,セット
防水工事材料,田島ルーフィング トップコート（グレー 16kg）,缶
防水工事材料,田島ルーフィング プライマー（下塗り 16kg）,缶
防水工事材料,田島ルーフィング 改質アスファルトルーフィング（高耐久）,巻
防水工事材料,田島ルーフィング 脱気筒（ステンレス製）,個
防水工事材料,田島ルーフィング 透湿防水シート（タイベック）1m×50m,巻
防水工事材料,田島ルーフィング 通気緩衝シート（0.8mm 1m×20m）,巻
防水工事材料,田島ルーフィング 遮熱ルーフィング 23kg巻,巻
防水工事材料,田島ルーフィング 防音ルーフィング（ゴム系）,巻
防水工事材料,田島ルーフィング（ベランダ） ベランダ設備 アルミ笠木 W200 フラット型 2m,個
防水工事材料,田島ルーフィング（ベランダ） ベランダ設備 アルミ笠木 W250 コーナー付き,個
防水工事材料,田島ルーフィング（ベランダ） ベランダ設備 オーバーフロー管 φ50（緊急排水）,個
防水工事材料,田島ルーフィング（ベランダ） ベランダ設備 ステンレス笠木 W200 ヘアライン 2m,個
防水工事材料,田島ルーフィング（ベランダ） ベランダ設備 ベランダ排水口 VP管接続 φ75,個
防水工事材料,田島ルーフィング（ベランダ） ベランダ設備 ベランダ排水口 φ100（大型）,個
防水工事材料,田島ルーフィング（ベランダ） ベランダ設備 ルーフドレン 平型 φ75,個
防水工事材料,田島ルーフィング（ベランダ） ベランダ設備 ルーフドレン 縦引き φ100,個
防水工事材料,田島ルーフィング（ベランダ） ベランダ設備 出入り口サッシ下 防水立上り材,個
防水工事材料,田島ルーフィング（ベランダ） ベランダ設備 手すり笠木下 防水テープ 100mm×20m,個
防水工事材料,田島ルーフィング（ベランダ） ベランダ設備 排水トラップ ステンレス φ75,個
防水工事材料,田島ルーフィング（ベランダ） ベランダ設備 排水溝 ステンレス製 W60×H50×1m,個
防水工事材料,田島ルーフィング（ベランダ） ベランダ設備 横引きドレン 防水シート対応,個
防水工事材料,田島ルーフィング（ベランダ） ベランダ設備 笠木エンドキャップ（左右各1）,個
防水工事材料,田島ルーフィング（ベランダ） ベランダ設備 笠木ジョイントカバー,個
防水工事材料,田島ルーフィング（ベランダ） ベランダ設備 笠木固定金具（1m用 2個）,個
防水工事材料,田島ルーフィング（ベランダ） ベランダ設備 笠木用ブチルシール,個
防水工事材料,笠木防水テープ（60mm 20m）,巻
防水工事材料,耐火パテ（1kg）,kg
防水工事材料,防水シート（PE 0.2mm）,m2
防水工事材料,防水テープ（150mm 20m）,巻
防水工事材料,防水テープ（50mm×20m）,巻
防水工事材料,防水テープ（75mm 20m）,巻
防水工事材料,防水ブチルテープ（50mm×10m）,巻
防水工事材料,防水プライマー（16kg）,缶
防水工事材料,防水プライマー（20kg）,缶
防水工事材料,防水プライマー（4L）,缶
防水工事材料,防水プライマー（8kg）,缶
防水工事材料,防水用アルミテープ（75mm×20m）,巻
防水工事材料,防水用プライマー（16kg）,缶
防水工事材料,防水用メッシュクロス,巻
防水工事材料,防火ダンパー（Φ100）,個
防水工事材料,防火ダンパー（Φ150）,個
防水工事材料,防火区画貫通シール（1箇所）,箇所
防水工事材料,防火区画貫通材 フィブロック（Φ114）,個
防水工事材料,防火区画貫通材 フィブロック（Φ28）,個
防水工事材料,防火区画貫通材 フィブロック（Φ54）,個
防水工事材料,防火区画貫通材 フィブロック（Φ89）,個
防水工事材料,雨仕舞い板金（ガルバ）,m
防犯・消防設備,EV充電設備 普通3kW,台
防犯・消防設備,Hikvision IPカメラ用NAS,台
防犯・消防設備,Hikvision カメラ用PoEスイッチ,台
防犯・消防設備,Hikvision スマートロック 後付け,個
防犯・消防設備,Hikvision 録画装置 16ch NVR,台
防犯・消防設備,Hikvision 録画装置 4ch NVR,台
防犯・消防設備,Hikvision 録画装置 8ch NVR,台
防犯・消防設備,Hikvision 防犯カメラ PTZ360度,個
防犯・消防設備,Hikvision 防犯カメラ 屋内2MP,個
防犯・消防設備,Hikvision 防犯カメラ 屋外2MP防水,個
防犯・消防設備,Hikvision 防犯カメラ 屋外4K防水,個
防犯・消防設備,Hikvision 防犯センサー 赤外線屋外,個
防犯・消防設備,Hikvision 電子錠 テンキー式,個
防犯・消防設備,LED非常灯 自動点灯,個
防犯・消防設備,アクセスコントロール カードリーダー,台
防犯・消防設備,インターホン カラーモニター,個
防犯・消防設備,カメラ設置架台,個
防犯・消防設備,カードリーダー（1扉）,扉
防犯・消防設備,ガラス破砕センサー,個
防犯・消防設備,コーナーガードL型1m,本
防犯・消防設備,スプリンクラーヘッド,個
防犯・消防設備,スプリンクラーヘッド 標準型,個
防犯・消防設備,スプリンクラーヘッド（1個 材工）,個
防犯・消防設備,スプリンクラー設備一式（100m2）,式
防犯・消防設備,スプリンクラー配管 25mm,m
防犯・消防設備,スプリンクラー配管（1m）,m
防犯・消防設備,スプリンクラー（1ヘッド）,個
防犯・消防設備,スマートロック 後付け,個
防犯・消防設備,スロープ用ノンスリップ,m
防犯・消防設備,セキュリティパネル,台
防犯・消防設備,センサーライト（屋外 1台）,台
防犯・消防設備,テンキー錠,台
防犯・消防設備,トイレ用手摺固定L型,セット
防犯・消防設備,ドアチェーン 強化型,個
防犯・消防設備,ニッタン ABC粉末消火器 10型,個
防犯・消防設備,ニッタン ABC粉末消火器 20型,個
防犯・消防設備,ニッタン スプリンクラーヘッド 側壁型,個
防犯・消防設備,ニッタン スプリンクラーヘッド 小区画型（天井埋込）,個
防犯・消防設備,ニッタン スプリンクラーヘッド 標準型 72°C（1個）,個
防犯・消防設備,ニッタン スプリンクラー制御弁（アラーム弁）,個
防犯・消防設備,ニッタン スプリンクラー配管 SGP 25A（1m）,個
防犯・消防設備,ニッタン 厨房用消火装置（自動 Ansul）,個
防犯・消防設備,ニッタン 客席誘導灯,個
防犯・消防設備,ニッタン 消火栓ポンプ 100L/min,個
防犯・消防設備,ニッタン 消火栓箱（屋内消火栓 2号）,個
防犯・消防設備,ニッタン 炎感知器（厨房・駐車場用）,個
防犯・消防設備,ニッタン 煙感知器 光電式 2種,個
防犯・消防設備,ニッタン 熱感知器 差動式 2種,個
防犯・消防設備,ニッタン 発信機（押しボタン）,個
防犯・消防設備,ニッタン 自火報 受信機 P型1級（10回路）,個
防犯・消防設備,ニッタン 自火報 受信機 R型（アドレス式）,個
防犯・消防設備,ニッタン 誘導灯 蓄電池内蔵型 LED,個
防犯・消防設備,ニッタン 誘導灯用バッテリー 20分,個
防犯・消防設備,ニッタン 通路誘導灯 B級（床面）,個
防犯・消防設備,ニッタン 避難口誘導灯 A級 両面,個
防犯・消防設備,ニッタン 避難口誘導灯 B級 片面,個
防犯・消防設備,ニッタン 非常放送 スピーカー（天井）,個
防犯・消防設備,ニッタン 非常放送アンプ 200W,個
防犯・消防設備,ニッタン 音響装置（地区ベル）,個
防犯・消防設備,バリアフリー改修工事費坪,坪
防犯・消防設備,パナソニック IPカメラ用NAS,台
防犯・消防設備,パナソニック カメラ用PoEスイッチ,台
防犯・消防設備,パナソニック スマートロック 後付け,個
防犯・消防設備,パナソニック 録画装置 16ch NVR,台
防犯・消防設備,パナソニック 録画装置 4ch NVR,台
防犯・消防設備,パナソニック 録画装置 8ch NVR,台
防犯・消防設備,パナソニック 防犯カメラ PTZ360度,個
防犯・消防設備,パナソニック 防犯カメラ 屋内2MP,個
防犯・消防設備,パナソニック 防犯カメラ 屋外2MP防水,個
防犯・消防設備,パナソニック 防犯カメラ 屋外4K防水,個
防犯・消防設備,パナソニック 防犯センサー 赤外線屋外,個
防犯・消防設備,パナソニック 電子錠 テンキー式,個
防犯・消防設備,パナソニック（消防） ABC粉末消火器 10型,個
防犯・消防設備,パナソニック（消防） ABC粉末消火器 20型,個
防犯・消防設備,パナソニック（消防） スプリンクラーヘッド 側壁型,個
防犯・消防設備,パナソニック（消防） スプリンクラーヘッド 小区画型（天井埋込）,個
防犯・消防設備,パナソニック（消防） スプリンクラーヘッド 標準型 72°C（1個）,個
防犯・消防設備,パナソニック（消防） スプリンクラー制御弁（アラーム弁）,個
防犯・消防設備,パナソニック（消防） スプリンクラー配管 SGP 25A（1m）,個
防犯・消防設備,パナソニック（消防） 厨房用消火装置（自動 Ansul）,個
防犯・消防設備,パナソニック（消防） 客席誘導灯,個
防犯・消防設備,パナソニック（消防） 消火栓ポンプ 100L/min,個
防犯・消防設備,パナソニック（消防） 消火栓箱（屋内消火栓 2号）,個
防犯・消防設備,パナソニック（消防） 炎感知器（厨房・駐車場用）,個
防犯・消防設備,パナソニック（消防） 煙感知器 光電式 2種,個
防犯・消防設備,パナソニック（消防） 熱感知器 差動式 2種,個
防犯・消防設備,パナソニック（消防） 発信機（押しボタン）,個
防犯・消防設備,パナソニック（消防） 自火報 受信機 P型1級（10回路）,個
防犯・消防設備,パナソニック（消防） 自火報 受信機 R型（アドレス式）,個
防犯・消防設備,パナソニック（消防） 誘導灯 蓄電池内蔵型 LED,個
防犯・消防設備,パナソニック（消防） 誘導灯用バッテリー 20分,個
防犯・消防設備,パナソニック（消防） 通路誘導灯 B級（床面）,個
防犯・消防設備,パナソニック（消防） 避難口誘導灯 A級 両面,個
防犯・消防設備,パナソニック（消防） 避難口誘導灯 B級 片面,個
防犯・消防設備,パナソニック（消防） 非常放送 スピーカー（天井）,個
防犯・消防設備,パナソニック（消防） 非常放送アンプ 200W,個
防犯・消防設備,パナソニック（消防） 音響装置（地区ベル）,個
防犯・消防設備,ホーチキ ABC粉末消火器 10型,個
防犯・消防設備,ホーチキ ABC粉末消火器 20型,個
防犯・消防設備,ホーチキ スプリンクラーヘッド 側壁型,個
防犯・消防設備,ホーチキ スプリンクラーヘッド 小区画型（天井埋込）,個
防犯・消防設備,ホーチキ スプリンクラーヘッド 標準型 72°C（1個）,個
防犯・消防設備,ホーチキ スプリンクラー制御弁（アラーム弁）,個
防犯・消防設備,ホーチキ スプリンクラー配管 SGP 25A（1m）,個
防犯・消防設備,ホーチキ 厨房用消火装置（自動 Ansul）,個
防犯・消防設備,ホーチキ 客席誘導灯,個
防犯・消防設備,ホーチキ 消火栓ポンプ 100L/min,個
防犯・消防設備,ホーチキ 消火栓箱（屋内消火栓 2号）,個
防犯・消防設備,ホーチキ 炎感知器（厨房・駐車場用）,個
防犯・消防設備,ホーチキ 煙感知器 光電式 2種,個
防犯・消防設備,ホーチキ 熱感知器 差動式 2種,個
防犯・消防設備,ホーチキ 発信機（押しボタン）,個
防犯・消防設備,ホーチキ 自火報 受信機 P型1級（10回路）,個
防犯・消防設備,ホーチキ 自火報 受信機 R型（アドレス式）,個
防犯・消防設備,ホーチキ 誘導灯 蓄電池内蔵型 LED,個
防犯・消防設備,ホーチキ 誘導灯用バッテリー 20分,個
防犯・消防設備,ホーチキ 通路誘導灯 B級（床面）,個
防犯・消防設備,ホーチキ 避難口誘導灯 A級 両面,個
防犯・消防設備,ホーチキ 避難口誘導灯 B級 片面,個
防犯・消防設備,ホーチキ 非常放送 スピーカー（天井）,個
防犯・消防設備,ホーチキ 非常放送アンプ 200W,個
防犯・消防設備,ホーチキ 音響装置（地区ベル）,個
防犯・消防設備,ホームセキュリティ（ALSOK 月額）,月
防犯・消防設備,ホームセキュリティ（セコム 月額）,月
防犯・消防設備,ポータブルトイレ標準,台
防犯・消防設備,ポータブルトイレ電動昇降,台
防犯・消防設備,ヤマトプロテック ABC粉末消火器 10型,個
防犯・消防設備,ヤマトプロテック ABC粉末消火器 20型,個
防犯・消防設備,ヤマトプロテック スプリンクラーヘッド 側壁型,個
防犯・消防設備,ヤマトプロテック スプリンクラーヘッド 小区画型（天井埋込）,個
防犯・消防設備,ヤマトプロテック スプリンクラーヘッド 標準型 72°C（1個）,個
防犯・消防設備,ヤマトプロテック スプリンクラー制御弁（アラーム弁）,個
防犯・消防設備,ヤマトプロテック スプリンクラー配管 SGP 25A（1m）,個
防犯・消防設備,ヤマトプロテック 厨房用消火装置（自動 Ansul）,個
防犯・消防設備,ヤマトプロテック 客席誘導灯,個
防犯・消防設備,ヤマトプロテック 消火栓ポンプ 100L/min,個
防犯・消防設備,ヤマトプロテック 消火栓箱（屋内消火栓 2号）,個
防犯・消防設備,ヤマトプロテック 炎感知器（厨房・駐車場用）,個
防犯・消防設備,ヤマトプロテック 煙感知器 光電式 2種,個
防犯・消防設備,ヤマトプロテック 熱感知器 差動式 2種,個
防犯・消防設備,ヤマトプロテック 発信機（押しボタン）,個
防犯・消防設備,ヤマトプロテック 自火報 受信機 P型1級（10回路）,個
防犯・消防設備,ヤマトプロテック 自火報 受信機 R型（アドレス式）,個
防犯・消防設備,ヤマトプロテック 誘導灯 蓄電池内蔵型 LED,個
防犯・消防設備,ヤマトプロテック 誘導灯用バッテリー 20分,個
防犯・消防設備,ヤマトプロテック 通路誘導灯 B級（床面）,個
防犯・消防設備,ヤマトプロテック 避難口誘導灯 A級 両面,個
防犯・消防設備,ヤマトプロテック 避難口誘導灯 B級 片面,個
防犯・消防設備,ヤマトプロテック 非常放送 スピーカー（天井）,個
防犯・消防設備,ヤマトプロテック 非常放送アンプ 200W,個
防犯・消防設備,ヤマトプロテック 音響装置（地区ベル）,個
防犯・消防設備,三菱電機 IPカメラ用NAS,台
防犯・消防設備,三菱電機 カメラ用PoEスイッチ,台
防犯・消防設備,三菱電機 スマートロック 後付け,個
防犯・消防設備,三菱電機 録画装置 16ch NVR,台
防犯・消防設備,三菱電機 録画装置 4ch NVR,台
防犯・消防設備,三菱電機 録画装置 8ch NVR,台
防犯・消防設備,三菱電機 防犯カメラ PTZ360度,個
防犯・消防設備,三菱電機 防犯カメラ 屋内2MP,個
防犯・消防設備,三菱電機 防犯カメラ 屋外2MP防水,個
防犯・消防設備,三菱電機 防犯カメラ 屋外4K防水,個
防犯・消防設備,三菱電機 防犯センサー 赤外線屋外,個
防犯・消防設備,三菱電機 電子錠 テンキー式,個
防犯・消防設備,住宅用CO警報器,個
防犯・消防設備,住宅用LPガス警報器,個
防犯・消防設備,住宅用火災警報器 煙式,個
防犯・消防設備,住宅用火災警報器 熱式,個
防犯・消防設備,住宅用火災警報器 連動型,個
防犯・消防設備,住宅用都市ガス警報器,個
防犯・消防設備,多目的トイレ設備一式,式
防犯・消防設備,宅配ボックス 防犯型,個
防犯・消防設備,床段差スロープアルミ1m,本
防犯・消防設備,床用ウレタン緩衝材5mm,m2
防犯・消防設備,床用ノンスリップ塩ビ製,m2
防犯・消防設備,廊下用手摺3m,式
防犯・消防設備,手摺L型600×400,セット
防犯・消防設備,手摺直線型ステンレス35φ1m,本
防犯・消防設備,手摺跳ね上げ式,個
防犯・消防設備,指紋認証錠,台
防犯・消防設備,日立 IPカメラ用NAS,台
防犯・消防設備,日立 カメラ用PoEスイッチ,台
防犯・消防設備,日立 スマートロック 後付け,個
防犯・消防設備,日立 録画装置 16ch NVR,台
防犯・消防設備,日立 録画装置 4ch NVR,台
防犯・消防設備,日立 録画装置 8ch NVR,台
防犯・消防設備,日立 防犯カメラ PTZ360度,個
防犯・消防設備,日立 防犯カメラ 屋内2MP,個
防犯・消防設備,日立 防犯カメラ 屋外2MP防水,個
防犯・消防設備,日立 防犯カメラ 屋外4K防水,個
防犯・消防設備,日立 防犯センサー 赤外線屋外,個
防犯・消防設備,日立 電子錠 テンキー式,個
防犯・消防設備,段差解消工事費,式
防犯・消防設備,段差解消機電動20cm,台
防犯・消防設備,消火器 10型粉末,本
防犯・消防設備,消火器 ABC 3.5kg,本
防犯・消防設備,消火器収納BOX 埋込型,個
防犯・消防設備,消火器収納箱,個
防犯・消防設備,消火器設置（ABC3kg 1本 材工）,本
防犯・消防設備,消火器設置（ABC6kg 1本 材工）,本
防犯・消防設備,消火器詰め替え費,本
防犯・消防設備,消火器（10型 粉末）,個
防犯・消防設備,消火器（ABC 3kg）,本
防犯・消防設備,消火器（ABC 6kg）,本
防犯・消防設備,消防設備点検費（1回）,回
防犯・消防設備,火災受信機 P型1級（5回線）,台
防犯・消防設備,火災受信機 P型2級（1回線）,台
防犯・消防設備,煙感知器 スポット型,個
防犯・消防設備,煙感知器（1個 材工）,個
防犯・消防設備,熱感知器 スポット型,個
防犯・消防設備,熱感知器（1個 材工）,個
防犯・消防設備,発信機（1個 材工）,個
防犯・消防設備,監視カメラ用HDD 4TB,個
防犯・消防設備,緊急呼び出しシステム,式
防犯・消防設備,緊急呼び出し浴室用防水,個
防犯・消防設備,能美防災 ABC粉末消火器 10型,個
防犯・消防設備,能美防災 ABC粉末消火器 20型,個
防犯・消防設備,能美防災 スプリンクラーヘッド 側壁型,個
防犯・消防設備,能美防災 スプリンクラーヘッド 小区画型（天井埋込）,個
防犯・消防設備,能美防災 スプリンクラーヘッド 標準型 72°C（1個）,個
防犯・消防設備,能美防災 スプリンクラー制御弁（アラーム弁）,個
防犯・消防設備,能美防災 スプリンクラー配管 SGP 25A（1m）,個
防犯・消防設備,能美防災 厨房用消火装置（自動 Ansul）,個
防犯・消防設備,能美防災 客席誘導灯,個
防犯・消防設備,能美防災 消火栓ポンプ 100L/min,個
防犯・消防設備,能美防災 消火栓箱（屋内消火栓 2号）,個
防犯・消防設備,能美防災 炎感知器（厨房・駐車場用）,個
防犯・消防設備,能美防災 煙感知器 光電式 2種,個
防犯・消防設備,能美防災 熱感知器 差動式 2種,個
防犯・消防設備,能美防災 発信機（押しボタン）,個
防犯・消防設備,能美防災 自火報 受信機 P型1級（10回路）,個
防犯・消防設備,能美防災 自火報 受信機 R型（アドレス式）,個
防犯・消防設備,能美防災 誘導灯 蓄電池内蔵型 LED,個
防犯・消防設備,能美防災 誘導灯用バッテリー 20分,個
防犯・消防設備,能美防災 通路誘導灯 B級（床面）,個
防犯・消防設備,能美防災 避難口誘導灯 A級 両面,個
防犯・消防設備,能美防災 避難口誘導灯 B級 片面,個
防犯・消防設備,能美防災 非常放送 スピーカー（天井）,個
防犯・消防設備,能美防災 非常放送アンプ 200W,個
防犯・消防設備,能美防災 音響装置（地区ベル）,個
防犯・消防設備,自動水栓センサー式,個
防犯・消防設備,自動火災報知感知器,個
防犯・消防設備,自動火災報知設備 感知器,個
防犯・消防設備,自立式浴槽台,個
防犯・消防設備,補助錠 サッシ用,個
防犯・消防設備,誘導標識 夜光型,個
防犯・消防設備,誘導灯 A級,個
防犯・消防設備,誘導灯 B級両面,個
防犯・消防設備,誘導灯 B級片面,個
防犯・消防設備,誘導灯（中型 1台 材工）,台
防犯・消防設備,誘導灯（大型 1台 材工）,台
防犯・消防設備,誘導灯（小型 1台 材工）,台
防犯・消防設備,誘導灯（小型）,台
防犯・消防設備,警備会社月額（標準）,月
防犯・消防設備,車椅子用スロープ固定2m,式
防犯・消防設備,車止めポール 昇降式,本
防犯・消防設備,連結送水管,式
防犯・消防設備,連結送水管（1式）,式
防犯・消防設備,遠隔見守りカメラ天井型,台
防犯・消防設備,避難はしご（2階用 1台）,台
防犯・消防設備,録画装置 16ch NVR,台
防犯・消防設備,録画装置 4ch NVR,台
防犯・消防設備,録画装置 8ch NVR,台
防犯・消防設備,録画装置 NVR（4ch）,台
防犯・消防設備,録画装置 NVR（8ch）,台
防犯・消防設備,防火シャッター（W3000 材工）,台
防犯・消防設備,防火扉（1枚 材工）,枚
防犯・消防設備,防犯アラーム 独立型,個
防犯・消防設備,防犯カメラ PTZ360度,台
防犯・消防設備,防犯カメラ 屋外2MP防水,台
防犯・消防設備,防犯カメラ 屋外4K防水,台
防犯・消防設備,防犯カメラ設置費（1台）,台
防犯・消防設備,防犯カメラ（屋内 1台）,台
防犯・消防設備,防犯カメラ（屋外 フルHD 1台）,台
防犯・消防設備,防犯ガラス 複層防貫通,m2
防犯・消防設備,防犯センサー 窓用マグネット,個
防犯・消防設備,防犯センサー 赤外線屋外,個
防犯・消防設備,防犯センサー設置費（1箇所）,箇所
防犯・消防設備,防犯フィルム 窓用1m幅,m
防犯・消防設備,防犯フィルム（窓 1m2）,m2
防犯・消防設備,階段昇降機直線型,台
防犯・消防設備,障害者用便器手摺付き,式
防犯・消防設備,電動シャッター（防犯用 W2700）,台
防犯・消防設備,電子錠 テンキー式,個
防犯・消防設備,電子錠 指紋認証,個
防犯・消防設備,電気錠（スマートロック 後付け）,台
防犯・消防設備,電気錠（ビルトイン型）,台
防犯・消防設備,非常ベル（1個 材工）,個
防犯・消防設備,非常口誘導灯（店舗用）,個
防犯・消防設備,非常放送設備,式
防犯・消防設備,非常放送設備スピーカー,個
防犯・消防設備,非常放送設備一式（小規模）,式
防犯・消防設備,非常用ライト自動点灯,個
防犯・消防設備,非常用照明器具 埋込型,個
防犯・消防設備,非常用照明器具 直付型,個
防犯・消防設備,非常用照明埋込型,個
防犯・消防設備,音声案内システム廊下用,式
防蟻・防腐処理,ACQ加圧注入材 105×105×3000mm,本
防蟻・防腐処理,ACQ加圧注入材 105×105×4000mm,本
防蟻・防腐処理,ACQ加圧注入材 45×105×3000mm（間柱）,本
防蟻・防腐処理,エコボロン PRO ホウ酸系防蟻剤 18L,缶
防蟻・防腐処理,エコボロン PRO ホウ酸系防蟻剤 4L,缶
防蟻・防腐処理,エコボロン PRO ホウ酸系（18L）,缶
防蟻・防腐処理,エコボロン PRO（ホウ酸系 1L）,L
防蟻・防腐処理,クロルピリホス不使用 防蟻塗料 4L,缶
防蟻・防腐処理,シロアリ防除保証書5年,式
防蟻・防腐処理,ボラケア ホウ酸系防蟻剤 9.5L,缶
防蟻・防腐処理,土台防蟻処理（加圧注入材 1m）,m
防蟻・防腐処理,基礎断熱用防蟻材,式
防蟻・防腐処理,外断熱EPS100mm,m2
防蟻・防腐処理,外断熱EPS50mm,m2
防蟻・防腐処理,床下換気扇標準品,台
防蟻・防腐処理,床下換気扇高性能,台
防蟻・防腐処理,床下清掃工事,式
防蟻・防腐処理,床下点検ロボット調査費,式
防蟻・防腐処理,床下調湿材炭系5kg,袋
防蟻・防腐処理,床下防湿コンクリート追加,m2
防蟻・防腐処理,床下防腐防蟻処理（1m2 材工）,m2
防蟻・防腐処理,断熱ブラインド,枚
防蟻・防腐処理,断熱材GW105mm16K,m2
防蟻・防腐処理,断熱材GW155mm16K,m2
防蟻・防腐処理,断熱材GW210mm16K,m2
防蟻・防腐処理,断熱材スタイロ50mm,m2
防蟻・防腐処理,断熱材セルロースファイバー75mm,m2
防蟻・防腐処理,断熱材ネオマフォーム50mm,m2
防蟻・防腐処理,断熱材フェノール50mm,m2
防蟻・防腐処理,断熱材吹付けウレタン50mm,m2
防蟻・防腐処理,木材保存剤 ACQ（銅系 18L）,缶
防蟻・防腐処理,木材保存剤 キシラデコール 16L 各色,缶
防蟻・防腐処理,木材保存剤 キシラデコール 4L 各色,缶
防蟻・防腐処理,木材保存剤 クレオソート油 18L,缶
防蟻・防腐処理,木材保存剤 クレオトップ（無臭）4L,缶
防蟻・防腐処理,木材防腐塗料 オスモカラー ウッドステイン 0.75L,缶
防蟻・防腐処理,木材防腐塗料 オスモカラー ウッドステイン 2.5L,缶
防蟻・防腐処理,木材防腐塗料 リボス タヤエクステリア 1L,缶
防蟻・防腐処理,木材防腐塗料 リボス タヤエクステリア 2.5L,缶
防蟻・防腐処理,木部保護塗料 オスモカラー（2.5L）,缶
防蟻・防腐処理,木部保護塗料 キシラデコール（16L）,缶
防蟻・防腐処理,木部保護塗料 キシラデコール（4L）,缶
防蟻・防腐処理,気密シート0.2mm1m幅,m2
防蟻・防腐処理,気密テープアルミ75mm,巻
防蟻・防腐処理,気密テープブチル75mm,巻
防蟻・防腐処理,窓用断熱フィルム,m2
防蟻・防腐処理,透湿防水シート標準1m幅,m2
防蟻・防腐処理,透湿防水シート高耐久1m幅,m2
防蟻・防腐処理,遮熱シート片面AL1m幅,m2
防蟻・防腐処理,防水気密テープ50mm,巻
防蟻・防腐処理,防湿フィルム0.2mm1m幅,m2
防蟻・防腐処理,防湿フィルム床下用0.2mm,m2
防蟻・防腐処理,防腐処理 デッキ材 キシラデコール 1m²,m²
防蟻・防腐処理,防腐処理 外部木部 ペンキ仕上げ 1m²,m²
防蟻・防腐処理,防腐剤キシラデコール14L,缶
防蟻・防腐処理,防腐剤水性ACQ18L,缶
防蟻・防腐処理,防腐防蟻処理 既存土台 注入工法 1m,m
防蟻・防腐処理,防腐防蟻処理 既存柱脚 注入工法 1箇所,箇所
防蟻・防腐処理,防腐防蟻合剤18L,缶
防蟻・防腐処理,防蟻 土壌処理 バリア工法 1m²,m²
防蟻・防腐処理,防蟻 土壌処理 ビフェントリン系 1m²,m²
防蟻・防腐処理,防蟻 土壌処理 フィプロニル系 1m²,m²
防蟻・防腐処理,防蟻シート ターミダン 1m×20m,巻
防蟻・防腐処理,防蟻シート ターミダン 2m×20m,巻
防蟻・防腐処理,防蟻シート フォームアルデヒドフリー 1m²,m²
防蟻・防腐処理,防蟻シート（1m×20m）,巻
防蟻・防腐処理,防蟻テープ断熱材用50mm,巻
防蟻・防腐処理,防蟻処理剤 タケロック（18L）,缶
防蟻・防腐処理,防蟻処理剤粉末系5kg,袋
防蟻・防腐処理,防蟻処理年次点検,回
防蟻・防腐処理,防蟻防腐処理 土台用 刷毛塗り 18L,缶
防蟻・防腐処理,防蟻防腐処理剤 シロアリハンター（18L）,缶
階段材,手すり金物（ブラケット）,個
階段材,階段コーナー保護材,個
階段材,階段側板 25mm×300×3000mm,枚
階段材,階段手すり 丸棒 φ35×3000mm,本
階段材,階段材 エンド部品（手すり端部仕舞い） DAIKEN ハピアフロア 段板,個
階段材,階段材 エンド部品（手すり端部仕舞い） ウォールナット集成,個
階段材,階段材 エンド部品（手すり端部仕舞い） オーク集成,個
階段材,階段材 エンド部品（手すり端部仕舞い） パナソニック 段板材,個
階段材,階段材 エンド部品（手すり端部仕舞い） ブナ集成（標準）,個
階段材,階段材 エンド部品（手すり端部仕舞い） 強化塗装仕上げ,個
階段材,階段材 エンド部品（手すり端部仕舞い） 朝日ウッドテック ライブナチュラル段板,個
階段材,階段材 エンド部品（手すり端部仕舞い） 杉（国産無垢）,個
階段材,階段材 エンド部品（手すり端部仕舞い） 桧（国産無垢）,個
階段材,階段材 ササラ桁 斜め加工済み W240×H3600mm DAIKEN ハピアフロア 段板,本
階段材,階段材 ササラ桁 斜め加工済み W240×H3600mm ウォールナット集成,本
階段材,階段材 ササラ桁 斜め加工済み W240×H3600mm オーク集成,本
階段材,階段材 ササラ桁 斜め加工済み W240×H3600mm パナソニック 段板材,本
階段材,階段材 ササラ桁 斜め加工済み W240×H3600mm ブナ集成（標準）,本
階段材,階段材 ササラ桁 斜め加工済み W240×H3600mm 強化塗装仕上げ,本
階段材,階段材 ササラ桁 斜め加工済み W240×H3600mm 朝日ウッドテック ライブナチュラル段板,本
階段材,階段材 ササラ桁 斜め加工済み W240×H3600mm 杉（国産無垢）,本
階段材,階段材 ササラ桁 斜め加工済み W240×H3600mm 桧（国産無垢）,本
階段材,階段材 スタート柱（ポスト）φ100×H900mm DAIKEN ハピアフロア 段板,本
階段材,階段材 スタート柱（ポスト）φ100×H900mm ウォールナット集成,本
階段材,階段材 スタート柱（ポスト）φ100×H900mm オーク集成,本
階段材,階段材 スタート柱（ポスト）φ100×H900mm パナソニック 段板材,本
階段材,階段材 スタート柱（ポスト）φ100×H900mm ブナ集成（標準）,本
階段材,階段材 スタート柱（ポスト）φ100×H900mm 強化塗装仕上げ,本
階段材,階段材 スタート柱（ポスト）φ100×H900mm 朝日ウッドテック ライブナチュラル段板,本
階段材,階段材 スタート柱（ポスト）φ100×H900mm 杉（国産無垢）,本
階段材,階段材 スタート柱（ポスト）φ100×H900mm 桧（国産無垢）,本
階段材,階段材 側板（そくいた）W300×H3000×T25mm DAIKEN ハピアフロア 段板,枚
階段材,階段材 側板（そくいた）W300×H3000×T25mm ウォールナット集成,枚
階段材,階段材 側板（そくいた）W300×H3000×T25mm オーク集成,枚
階段材,階段材 側板（そくいた）W300×H3000×T25mm パナソニック 段板材,枚
階段材,階段材 側板（そくいた）W300×H3000×T25mm ブナ集成（標準）,枚
階段材,階段材 側板（そくいた）W300×H3000×T25mm 強化塗装仕上げ,枚
階段材,階段材 側板（そくいた）W300×H3000×T25mm 朝日ウッドテック ライブナチュラル段板,枚
階段材,階段材 側板（そくいた）W300×H3000×T25mm 杉（国産無垢）,枚
階段材,階段材 側板（そくいた）W300×H3000×T25mm 桧（国産無垢）,枚
階段材,階段材 手すりブラケット（取付金物） DAIKEN ハピアフロア 段板,個
階段材,階段材 手すりブラケット（取付金物） ウォールナット集成,個
階段材,階段材 手すりブラケット（取付金物） オーク集成,個
階段材,階段材 手すりブラケット（取付金物） パナソニック 段板材,個
階段材,階段材 手すりブラケット（取付金物） ブナ集成（標準）,個
階段材,階段材 手すりブラケット（取付金物） 強化塗装仕上げ,個
階段材,階段材 手すりブラケット（取付金物） 朝日ウッドテック ライブナチュラル段板,個
階段材,階段材 手すりブラケット（取付金物） 杉（国産無垢）,個
階段材,階段材 手すりブラケット（取付金物） 桧（国産無垢）,個
階段材,階段材 手すり子 角型 W20×H20×900mm DAIKEN ハピアフロア 段板,本
階段材,階段材 手すり子 角型 W20×H20×900mm ウォールナット集成,本
階段材,階段材 手すり子 角型 W20×H20×900mm オーク集成,本
階段材,階段材 手すり子 角型 W20×H20×900mm パナソニック 段板材,本
階段材,階段材 手すり子 角型 W20×H20×900mm ブナ集成（標準）,本
階段材,階段材 手すり子 角型 W20×H20×900mm 強化塗装仕上げ,本
階段材,階段材 手すり子 角型 W20×H20×900mm 朝日ウッドテック ライブナチュラル段板,本
階段材,階段材 手すり子 角型 W20×H20×900mm 杉（国産無垢）,本
階段材,階段材 手すり子 角型 W20×H20×900mm 桧（国産無垢）,本
階段材,階段材 手すり子（てすりこ）φ25×900mm DAIKEN ハピアフロア 段板,本
階段材,階段材 手すり子（てすりこ）φ25×900mm ウォールナット集成,本
階段材,階段材 手すり子（てすりこ）φ25×900mm オーク集成,本
階段材,階段材 手すり子（てすりこ）φ25×900mm パナソニック 段板材,本
階段材,階段材 手すり子（てすりこ）φ25×900mm ブナ集成（標準）,本
階段材,階段材 手すり子（てすりこ）φ25×900mm 強化塗装仕上げ,本
階段材,階段材 手すり子（てすりこ）φ25×900mm 朝日ウッドテック ライブナチュラル段板,本
階段材,階段材 手すり子（てすりこ）φ25×900mm 杉（国産無垢）,本
階段材,階段材 手すり子（てすりこ）φ25×900mm 桧（国産無垢）,本
階段材,階段材 段板 廻り部用 扇形 DAIKEN ハピアフロア 段板,枚
階段材,階段材 段板 廻り部用 扇形 ウォールナット集成,枚
階段材,階段材 段板 廻り部用 扇形 オーク集成,枚
階段材,階段材 段板 廻り部用 扇形 パナソニック 段板材,枚
階段材,階段材 段板 廻り部用 扇形 ブナ集成（標準）,枚
階段材,階段材 段板 廻り部用 扇形 強化塗装仕上げ,枚
階段材,階段材 段板 廻り部用 扇形 朝日ウッドテック ライブナチュラル段板,枚
階段材,階段材 段板 廻り部用 扇形 杉（国産無垢）,枚
階段材,階段材 段板 廻り部用 扇形 桧（国産無垢）,枚
階段材,階段材 段板（だんいた）W909×D235×T30mm DAIKEN ハピアフロア 段板,枚
階段材,階段材 段板（だんいた）W909×D235×T30mm ウォールナット集成,枚
階段材,階段材 段板（だんいた）W909×D235×T30mm オーク集成,枚
階段材,階段材 段板（だんいた）W909×D235×T30mm パナソニック 段板材,枚
階段材,階段材 段板（だんいた）W909×D235×T30mm ブナ集成（標準）,枚
階段材,階段材 段板（だんいた）W909×D235×T30mm 強化塗装仕上げ,枚
階段材,階段材 段板（だんいた）W909×D235×T30mm 朝日ウッドテック ライブナチュラル段板,枚
階段材,階段材 段板（だんいた）W909×D235×T30mm 杉（国産無垢）,枚
階段材,階段材 段板（だんいた）W909×D235×T30mm 桧（国産無垢）,枚
階段材,階段材 段板（だんいた）W909×D260×T30mm DAIKEN ハピアフロア 段板,枚
階段材,階段材 段板（だんいた）W909×D260×T30mm ウォールナット集成,枚
階段材,階段材 段板（だんいた）W909×D260×T30mm オーク集成,枚
階段材,階段材 段板（だんいた）W909×D260×T30mm パナソニック 段板材,枚
階段材,階段材 段板（だんいた）W909×D260×T30mm ブナ集成（標準）,枚
階段材,階段材 段板（だんいた）W909×D260×T30mm 強化塗装仕上げ,枚
階段材,階段材 段板（だんいた）W909×D260×T30mm 朝日ウッドテック ライブナチュラル段板,枚
階段材,階段材 段板（だんいた）W909×D260×T30mm 杉（国産無垢）,枚
階段材,階段材 段板（だんいた）W909×D260×T30mm 桧（国産無垢）,枚
階段材,階段材 踊り場床板（おどりば）W909×D909×T30mm DAIKEN ハピアフロア 段板,枚
階段材,階段材 踊り場床板（おどりば）W909×D909×T30mm ウォールナット集成,枚
階段材,階段材 踊り場床板（おどりば）W909×D909×T30mm オーク集成,枚
階段材,階段材 踊り場床板（おどりば）W909×D909×T30mm パナソニック 段板材,枚
階段材,階段材 踊り場床板（おどりば）W909×D909×T30mm ブナ集成（標準）,枚
階段材,階段材 踊り場床板（おどりば）W909×D909×T30mm 強化塗装仕上げ,枚
階段材,階段材 踊り場床板（おどりば）W909×D909×T30mm 朝日ウッドテック ライブナチュラル段板,枚
階段材,階段材 踊り場床板（おどりば）W909×D909×T30mm 杉（国産無垢）,枚
階段材,階段材 踊り場床板（おどりば）W909×D909×T30mm 桧（国産無垢）,枚
階段材,階段材 踏み面ノンスリップ（アルミ L型）3000mm DAIKEN ハピアフロア 段板,本
階段材,階段材 踏み面ノンスリップ（アルミ L型）3000mm ウォールナット集成,本
階段材,階段材 踏み面ノンスリップ（アルミ L型）3000mm オーク集成,本
階段材,階段材 踏み面ノンスリップ（アルミ L型）3000mm パナソニック 段板材,本
階段材,階段材 踏み面ノンスリップ（アルミ L型）3000mm ブナ集成（標準）,本
階段材,階段材 踏み面ノンスリップ（アルミ L型）3000mm 強化塗装仕上げ,本
階段材,階段材 踏み面ノンスリップ（アルミ L型）3000mm 朝日ウッドテック ライブナチュラル段板,本
階段材,階段材 踏み面ノンスリップ（アルミ L型）3000mm 杉（国産無垢）,本
階段材,階段材 踏み面ノンスリップ（アルミ L型）3000mm 桧（国産無垢）,本
階段材,階段材 踏み面ノンスリップ（ゴム製） DAIKEN ハピアフロア 段板,本
階段材,階段材 踏み面ノンスリップ（ゴム製） ウォールナット集成,本
階段材,階段材 踏み面ノンスリップ（ゴム製） オーク集成,本
階段材,階段材 踏み面ノンスリップ（ゴム製） パナソニック 段板材,本
階段材,階段材 踏み面ノンスリップ（ゴム製） ブナ集成（標準）,本
階段材,階段材 踏み面ノンスリップ（ゴム製） 強化塗装仕上げ,本
階段材,階段材 踏み面ノンスリップ（ゴム製） 朝日ウッドテック ライブナチュラル段板,本
階段材,階段材 踏み面ノンスリップ（ゴム製） 杉（国産無垢）,本
階段材,階段材 踏み面ノンスリップ（ゴム製） 桧（国産無垢）,本
階段材,階段材 蹴込み板 W909×H210×T9mm DAIKEN ハピアフロア 段板,枚
階段材,階段材 蹴込み板 W909×H210×T9mm ウォールナット集成,枚
階段材,階段材 蹴込み板 W909×H210×T9mm オーク集成,枚
階段材,階段材 蹴込み板 W909×H210×T9mm パナソニック 段板材,枚
階段材,階段材 蹴込み板 W909×H210×T9mm ブナ集成（標準）,枚
階段材,階段材 蹴込み板 W909×H210×T9mm 強化塗装仕上げ,枚
階段材,階段材 蹴込み板 W909×H210×T9mm 朝日ウッドテック ライブナチュラル段板,枚
階段材,階段材 蹴込み板 W909×H210×T9mm 杉（国産無垢）,枚
階段材,階段材 蹴込み板 W909×H210×T9mm 桧（国産無垢）,枚
階段材,階段材 蹴込み板（けこみいた）W909×H180×T9mm DAIKEN ハピアフロア 段板,枚
階段材,階段材 蹴込み板（けこみいた）W909×H180×T9mm ウォールナット集成,枚
階段材,階段材 蹴込み板（けこみいた）W909×H180×T9mm オーク集成,枚
階段材,階段材 蹴込み板（けこみいた）W909×H180×T9mm パナソニック 段板材,枚
階段材,階段材 蹴込み板（けこみいた）W909×H180×T9mm ブナ集成（標準）,枚
階段材,階段材 蹴込み板（けこみいた）W909×H180×T9mm 強化塗装仕上げ,枚
階段材,階段材 蹴込み板（けこみいた）W909×H180×T9mm 朝日ウッドテック ライブナチュラル段板,枚
階段材,階段材 蹴込み板（けこみいた）W909×H180×T9mm 杉（国産無垢）,枚
階段材,階段材 蹴込み板（けこみいた）W909×H180×T9mm 桧（国産無垢）,枚
階段材,階段材 階段カーペット（防炎・W750×H7000） DAIKEN ハピアフロア 段板,式
階段材,階段材 階段カーペット（防炎・W750×H7000） ウォールナット集成,式
階段材,階段材 階段カーペット（防炎・W750×H7000） オーク集成,式
階段材,階段材 階段カーペット（防炎・W750×H7000） パナソニック 段板材,式
階段材,階段材 階段カーペット（防炎・W750×H7000） ブナ集成（標準）,式
階段材,階段材 階段カーペット（防炎・W750×H7000） 強化塗装仕上げ,式
階段材,階段材 階段カーペット（防炎・W750×H7000） 朝日ウッドテック ライブナチュラル段板,式
階段材,階段材 階段カーペット（防炎・W750×H7000） 杉（国産無垢）,式
階段材,階段材 階段カーペット（防炎・W750×H7000） 桧（国産無垢）,式
階段材,階段材 階段手すり 角型 W40×H40×3000mm DAIKEN ハピアフロア 段板,本
階段材,階段材 階段手すり 角型 W40×H40×3000mm ウォールナット集成,本
階段材,階段材 階段手すり 角型 W40×H40×3000mm オーク集成,本
階段材,階段材 階段手すり 角型 W40×H40×3000mm パナソニック 段板材,本
階段材,階段材 階段手すり 角型 W40×H40×3000mm ブナ集成（標準）,本
階段材,階段材 階段手すり 角型 W40×H40×3000mm 強化塗装仕上げ,本
階段材,階段材 階段手すり 角型 W40×H40×3000mm 朝日ウッドテック ライブナチュラル段板,本
階段材,階段材 階段手すり 角型 W40×H40×3000mm 杉（国産無垢）,本
階段材,階段材 階段手すり 角型 W40×H40×3000mm 桧（国産無垢）,本
階段材,階段材 階段手すり壁 笠木 W80×H30×3000mm DAIKEN ハピアフロア 段板,本
階段材,階段材 階段手すり壁 笠木 W80×H30×3000mm ウォールナット集成,本
階段材,階段材 階段手すり壁 笠木 W80×H30×3000mm オーク集成,本
階段材,階段材 階段手すり壁 笠木 W80×H30×3000mm パナソニック 段板材,本
階段材,階段材 階段手すり壁 笠木 W80×H30×3000mm ブナ集成（標準）,本
階段材,階段材 階段手すり壁 笠木 W80×H30×3000mm 強化塗装仕上げ,本
階段材,階段材 階段手すり壁 笠木 W80×H30×3000mm 朝日ウッドテック ライブナチュラル段板,本
階段材,階段材 階段手すり壁 笠木 W80×H30×3000mm 杉（国産無垢）,本
階段材,階段材 階段手すり壁 笠木 W80×H30×3000mm 桧（国産無垢）,本
階段材,階段材 階段手すり（てすり）丸棒φ35×3000mm DAIKEN ハピアフロア 段板,本
階段材,階段材 階段手すり（てすり）丸棒φ35×3000mm ウォールナット集成,本
階段材,階段材 階段手すり（てすり）丸棒φ35×3000mm オーク集成,本
階段材,階段材 階段手すり（てすり）丸棒φ35×3000mm パナソニック 段板材,本
階段材,階段材 階段手すり（てすり）丸棒φ35×3000mm ブナ集成（標準）,本
階段材,階段材 階段手すり（てすり）丸棒φ35×3000mm 強化塗装仕上げ,本
階段材,階段材 階段手すり（てすり）丸棒φ35×3000mm 朝日ウッドテック ライブナチュラル段板,本
階段材,階段材 階段手すり（てすり）丸棒φ35×3000mm 杉（国産無垢）,本
階段材,階段材 階段手すり（てすり）丸棒φ35×3000mm 桧（国産無垢）,本
階段材,階段滑り止め（ゴム製 1m）,m
階段材,階段笠木 MDF 60mm×3000mm,本
階段材,階段踏板 LVL 30mm×910×270mm,枚
階段材,階段蹴込板 9mm×910×200mm,枚
電気配線材,AE線（0.9mm 200m）,巻
電気配線材,CD管 16φ 50m巻（オレンジ）,巻
電気配線材,CD管 22φ 50m巻（オレンジ）,巻
電気配線材,CD管 28φ 50m巻（オレンジ）,巻
電気配線材,CD管 36φ 50m巻（オレンジ）,巻
電気配線材,CD管（16mm 30m巻）,巻
電気配線材,CD管（22mm 30m巻）,巻
電気配線材,CD管（28mm 30m巻）,巻
電気配線材,CD管（36mm 20m巻）,巻
電気配線材,CO警報器（ガス機器周辺）,個
電気配線材,CV 14sq 1C（100m）,巻
電気配線材,CV 22sq 1C（100m）,巻
電気配線材,CV 2C 2mm² 100m,m
電気配線材,CV 2C 3.5mm² 100m,m
電気配線材,CV 2C 5.5mm² 100m,m
電気配線材,CV 38sq 1C（100m）,巻
電気配線材,CV 3C 14mm² 100m,m
電気配線材,CV 3C 22mm² 100m,m
電気配線材,CV 3C 2mm² 100m,m
電気配線材,CV 3C 3.5mm² 100m,m
電気配線材,CV 3C 5.5mm² 100m,m
電気配線材,CV 3C 8mm² 100m,m
電気配線材,CV 60sq 1C（100m）,巻
電気配線材,CV 8sq 1C（100m）,巻
電気配線材,CVT 14sq（100m）,巻
電気配線材,CVT 22sq（100m）,巻
電気配線材,CVT 38sq（100m）,巻
電気配線材,CVT 3×14mm² 100m,m
電気配線材,CVT 3×22mm² 100m,m
電気配線材,CVT 3×38mm² 100m,m
電気配線材,CVT 3×60mm² 100m,m
電気配線材,CVT 3×8mm² 100m,m
電気配線材,EM-EEF 1.6mm 2C（100m）,巻
電気配線材,EM-EEF 2.0mm 2C（100m）,巻
電気配線材,EV充電ケーブル（Type1 200V 5m）,本
電気配線材,EV充電コンセント（200V 16A 普通充電）,台
電気配線材,EV充電器（急速 50kW）,台
電気配線材,EV充電器（普通充電 3kW）,台
電気配線材,HEMSコントローラー（パナソニック AiSEG2）,台
電気配線材,HEMS（ホームエネルギー管理）,式
電気配線材,HIV 2.0mm（100m）,巻
電気配線材,IV 2.0mm（100m）,巻
電気配線材,IV 5.5mm（100m）,巻
電気配線材,IV 8mm（100m）,巻
電気配線材,IV電線 1.6mm 100m,m
電気配線材,IV電線 1.6mm 50m,m
電気配線材,IV電線 14mm² 100m,m
電気配線材,IV電線 14mm² 50m,m
電気配線材,IV電線 2.0mm 100m,m
電気配線材,IV電線 2.0mm 50m,m
電気配線材,IV電線 2.6mm 100m,m
電気配線材,IV電線 2.6mm 50m,m
電気配線材,IV電線 22mm² 100m,m
電気配線材,IV電線 22mm² 50m,m
電気配線材,IV電線 3.2mm 100m,m
電気配線材,IV電線 3.2mm 50m,m
電気配線材,IV電線 38mm² 100m,m
電気配線材,IV電線 38mm² 50m,m
電気配線材,IV電線 5.5mm² 100m,m
電気配線材,IV電線 5.5mm² 50m,m
電気配線材,IV電線 8mm² 100m,m
電気配線材,IV電線 8mm² 50m,m
電気配線材,LAN CAT5e（300m）,巻
電気配線材,LAN CAT6A（300m）,巻
電気配線材,LAN CAT6（300m）,巻
電気配線材,LANコンセント（CAT6）,個
電気配線材,LED照明器具（シーリング・6畳用）,台
電気配線材,LED照明器具（ダウンライト φ100）,台
電気配線材,OAタップ（6口）,個
電気配線材,PF管 16φ 1m（難燃）,m
電気配線材,PF管 16φ 30m巻（難燃）,巻
電気配線材,PF管 16φ 50m巻（難燃）,巻
電気配線材,PF管 22φ 1m（難燃）,m
電気配線材,PF管 22φ 30m巻（難燃）,巻
電気配線材,PF管 22φ 50m巻（難燃）,巻
電気配線材,PF管 28φ 1m（難燃）,m
電気配線材,PF管 28φ 30m巻（難燃）,巻
電気配線材,PF管 28φ 50m巻（難燃）,巻
電気配線材,PF管 36φ 1m（難燃）,m
電気配線材,PF管 36φ 30m巻（難燃）,巻
電気配線材,PF管 36φ 50m巻（難燃）,巻
電気配線材,PF管 42φ 1m（難燃）,m
電気配線材,PF管 42φ 30m巻（難燃）,巻
電気配線材,PF管 42φ 50m巻（難燃）,巻
電気配線材,PF管 54φ 1m（難燃）,m
電気配線材,PF管 54φ 30m巻（難燃）,巻
電気配線材,PF管 54φ 50m巻（難燃）,巻
電気配線材,PF管（16mm 30m巻）,巻
電気配線材,PF管（22mm 30m巻）,巻
電気配線材,PF管（28mm 30m巻）,巻
電気配線材,PF管（36mm 20m巻）,巻
電気配線材,PF管（CD管 16mm 50m巻）,巻
電気配線材,TV端子,個
電気配線材,UPS（無停電電源 1kVA）,台
電気配線材,VE管 16φ 1m（グレー）,本
電気配線材,VE管 16φ 3.66m（グレー）,本
電気配線材,VE管 22φ 1m（グレー）,本
電気配線材,VE管 22φ 3.66m（グレー）,本
電気配線材,VE管 28φ 1m（グレー）,本
電気配線材,VE管 28φ 3.66m（グレー）,本
電気配線材,VE管 36φ 1m（グレー）,本
電気配線材,VE管 36φ 3.66m（グレー）,本
電気配線材,VE管 42φ 1m（グレー）,本
電気配線材,VE管 42φ 3.66m（グレー）,本
電気配線材,VE管 54φ 1m（グレー）,本
電気配線材,VE管 54φ 3.66m（グレー）,本
電気配線材,VE管 70φ 1m（グレー）,本
電気配線材,VE管 70φ 3.66m（グレー）,本
電気配線材,VVF 1.6mm 2C（100m）,巻
電気配線材,VVF 1.6mm 3C（100m）,巻
電気配線材,VVF 2.0mm 2C（100m）,巻
電気配線材,VVF 2.0mm 3C（100m）,巻
電気配線材,VVF 2.6mm 2C（100m）,巻
電気配線材,VVFケーブル 1C 1.6mm 100m巻,巻
電気配線材,VVFケーブル 1C 1.6mm 10m,m
電気配線材,VVFケーブル 1C 1.6mm 20m,m
電気配線材,VVFケーブル 1C 1.6mm 50m,m
電気配線材,VVFケーブル 1C 2.0mm 100m巻,巻
電気配線材,VVFケーブル 1C 2.0mm 10m,m
電気配線材,VVFケーブル 1C 2.0mm 20m,m
電気配線材,VVFケーブル 1C 2.0mm 50m,m
電気配線材,VVFケーブル 1C 2.6mm 100m巻,巻
電気配線材,VVFケーブル 1C 2.6mm 10m,m
電気配線材,VVFケーブル 1C 2.6mm 20m,m
電気配線材,VVFケーブル 1C 2.6mm 50m,m
電気配線材,VVFケーブル 1C 3.2mm 100m巻,巻
電気配線材,VVFケーブル 1C 3.2mm 10m,m
電気配線材,VVFケーブル 1C 3.2mm 20m,m
電気配線材,VVFケーブル 1C 3.2mm 50m,m
電気配線材,VVFケーブル 2.0mm×2芯（100m巻）,巻
電気配線材,VVFケーブル 2.0mm×3芯（100m巻）,巻
電気配線材,VVFケーブル 2.6mm×2芯（100m巻）,巻
電気配線材,VVFケーブル 2C 1.0mm 100m巻,巻
電気配線材,VVFケーブル 2C 1.0mm 10m,m
電気配線材,VVFケーブル 2C 1.0mm 20m,m
電気配線材,VVFケーブル 2C 1.0mm 50m,m
電気配線材,VVFケーブル 2C 1.2mm 100m巻,巻
電気配線材,VVFケーブル 2C 1.2mm 10m,m
電気配線材,VVFケーブル 2C 1.2mm 20m,m
電気配線材,VVFケーブル 2C 1.2mm 50m,m
電気配線材,VVFケーブル 2C 1.6mm 100m巻,巻
電気配線材,VVFケーブル 2C 1.6mm 10m,m
電気配線材,VVFケーブル 2C 1.6mm 20m,m
電気配線材,VVFケーブル 2C 1.6mm 50m,m
電気配線材,VVFケーブル 2C 2.0mm 100m巻,巻
電気配線材,VVFケーブル 2C 2.0mm 10m,m
電気配線材,VVFケーブル 2C 2.0mm 20m,m
電気配線材,VVFケーブル 2C 2.0mm 50m,m
電気配線材,VVFケーブル 2C 2.6mm 100m巻,巻
電気配線材,VVFケーブル 2C 2.6mm 10m,m
電気配線材,VVFケーブル 2C 2.6mm 20m,m
電気配線材,VVFケーブル 2C 2.6mm 50m,m
電気配線材,VVFケーブル 2C 3.2mm 100m巻,巻
電気配線材,VVFケーブル 2C 3.2mm 10m,m
電気配線材,VVFケーブル 2C 3.2mm 20m,m
電気配線材,VVFケーブル 2C 3.2mm 50m,m
電気配線材,VVFケーブル 3C 1.0mm 100m巻,巻
電気配線材,VVFケーブル 3C 1.0mm 10m,m
電気配線材,VVFケーブル 3C 1.0mm 20m,m
電気配線材,VVFケーブル 3C 1.0mm 50m,m
電気配線材,VVFケーブル 3C 1.2mm 100m巻,巻
電気配線材,VVFケーブル 3C 1.2mm 10m,m
電気配線材,VVFケーブル 3C 1.2mm 20m,m
電気配線材,VVFケーブル 3C 1.2mm 50m,m
電気配線材,VVFケーブル 3C 1.6mm 100m巻,巻
電気配線材,VVFケーブル 3C 1.6mm 10m,m
電気配線材,VVFケーブル 3C 1.6mm 20m,m
電気配線材,VVFケーブル 3C 1.6mm 50m,m
電気配線材,VVFケーブル 3C 2.0mm 100m巻,巻
電気配線材,VVFケーブル 3C 2.0mm 10m,m
電気配線材,VVFケーブル 3C 2.0mm 20m,m
電気配線材,VVFケーブル 3C 2.0mm 50m,m
電気配線材,VVFケーブル 3C 2.6mm 100m巻,巻
電気配線材,VVFケーブル 3C 2.6mm 10m,m
電気配線材,VVFケーブル 3C 2.6mm 20m,m
電気配線材,VVFケーブル 3C 2.6mm 50m,m
電気配線材,VVFケーブル 3C 3.2mm 100m巻,巻
電気配線材,VVFケーブル 3C 3.2mm 10m,m
電気配線材,VVFケーブル 3C 3.2mm 20m,m
電気配線材,VVFケーブル 3C 3.2mm 50m,m
電気配線材,VVFケーブル 4C 1.6mm 100m巻,巻
電気配線材,VVFケーブル 4C 1.6mm 10m,m
電気配線材,VVFケーブル 4C 1.6mm 20m,m
電気配線材,VVFケーブル 4C 1.6mm 50m,m
電気配線材,VVFケーブル 4C 2.0mm 100m巻,巻
電気配線材,VVFケーブル 4C 2.0mm 10m,m
電気配線材,VVFケーブル 4C 2.0mm 20m,m
電気配線材,VVFケーブル 4C 2.0mm 50m,m
電気配線材,VVFケーブル 4C 2.6mm 100m巻,巻
電気配線材,VVFケーブル 4C 2.6mm 10m,m
電気配線材,VVFケーブル 4C 2.6mm 20m,m
電気配線材,VVFケーブル 4C 2.6mm 50m,m
電気配線材,VVFケーブル 4C 3.2mm 100m巻,巻
電気配線材,VVFケーブル 4C 3.2mm 10m,m
電気配線材,VVFケーブル 4C 3.2mm 20m,m
電気配線材,VVFケーブル 4C 3.2mm 50m,m
電気配線材,VVFケーブル（1.6mm 2芯 100m巻）,巻
電気配線材,VVFケーブル（2.0mm 2芯 100m巻）,巻
電気配線材,VVF用ジョイントボックス（IP44） 樹脂製,個
電気配線材,VVF用ジョイントボックス（IP44） 鋼製,個
電気配線材,VVR 1.6mm 2C（100m）,巻
電気配線材,VVR 2.0mm 2C（100m）,巻
電気配線材,アウトレットボックス 中形四角 深型 樹脂製,個
電気配線材,アウトレットボックス 中形四角 深型 鋼製,個
電気配線材,アウトレットボックス 八角（丸型） 樹脂製,個
電気配線材,アウトレットボックス 八角（丸型） 鋼製,個
電気配線材,アウトレットボックス 大形四角 深型 樹脂製,個
電気配線材,アウトレットボックス 大形四角 深型 鋼製,個
電気配線材,アウトレットボックス 浅型 樹脂製,個
電気配線材,アウトレットボックス 浅型 鋼製,個
電気配線材,アウトレットボックス（中型）,個
電気配線材,アウトレットボックス（大型）,個
電気配線材,アース端子（1個）,個
電気配線材,アース線 2.0mm（20m）,巻
電気配線材,カップリング（VE16）,個
電気配線材,カップリング（VE22）,個
電気配線材,カップリング（VE28）,個
電気配線材,キュービクル（100kVA）,台
電気配線材,ケーブルクリップ（100個）,袋
電気配線材,ケーブルトレー W100×2000mm（亜鉛めっき）,本
電気配線材,ケーブルトレー W150×2000mm（亜鉛めっき）,本
電気配線材,ケーブルトレー W200×2000mm（亜鉛めっき）,本
電気配線材,ケーブルトレー W300×2000mm（亜鉛めっき）,本
電気配線材,ケーブルトレー W450×2000mm（亜鉛めっき）,本
電気配線材,ケーブルトレー W600×2000mm（亜鉛めっき）,本
電気配線材,ケーブルラック水平エルボ（W100）,個
電気配線材,ケーブルラック水平エルボ（W200）,個
電気配線材,ケーブルラック水平エルボ（W300）,個
電気配線材,ケーブルラック蓋（W100 3m）,本
電気配線材,ケーブルラック蓋（W200 3m）,本
電気配線材,ケーブルラック蓋（W300 3m）,本
電気配線材,ケーブルラック（W100 3m）,本
電気配線材,ケーブルラック（W150 3m）,本
電気配線材,ケーブルラック（W200 3m）,本
電気配線材,ケーブルラック（W300 3m）,本
電気配線材,ケーブルラック（W400 3m）,本
電気配線材,ケーブルラック（W600 3m）,本
電気配線材,コンセントプレート 1口 ホワイト,個
電気配線材,コンセントプレート 2口 ホワイト,個
電気配線材,スイッチ 3路（2個1組）,組
電気配線材,スイッチ 片切 ホワイト,個
電気配線材,スイッチボックス 1個用 樹脂製,個
電気配線材,スイッチボックス 1個用 鋼製,個
電気配線材,スイッチボックス 2個用 樹脂製,個
電気配線材,スイッチボックス 2個用 鋼製,個
電気配線材,スイッチボックス 3個用 樹脂製,個
電気配線材,スイッチボックス 3個用 鋼製,個
電気配線材,スイッチボックス 4個用 樹脂製,個
電気配線材,スイッチボックス 4個用 鋼製,個
電気配線材,スイッチボックス（1個用）,個
電気配線材,スイッチボックス（2個用）,個
電気配線材,スイッチボックス（3個用）,個
電気配線材,スイッチボックス（4個用）,個
電気配線材,スイッチ・コンセントプレート（パナソニック コスモ）,個
電気配線材,スイッチ（3路）,個
電気配線材,スイッチ（4路）,個
電気配線材,スマートメーター対応分電盤,台
電気配線材,スマート分電盤（Wi-Fi対応）,台
電気配線材,テンパール ELB 過電流 30mA 20A,個
電気配線材,テンパール ELCB 3P 100/200V 兼用,個
電気配線材,テンパール アース漏電ブレーカー 20A,個
電気配線材,テンパール 分電盤 スマート分電盤 Wi-Fi 30回路,面
電気配線材,テンパール 分電盤 主幹30A 分岐8回路,面
電気配線材,テンパール 分電盤 主幹40A 分岐14回路,面
電気配線材,テンパール 分電盤 主幹50A 分岐20回路,面
電気配線材,テンパール 分電盤 主幹60A 分岐24回路,面
電気配線材,テンパール 分電盤 主幹75A 分岐30回路,面
電気配線材,テンパール 分電盤 太陽光対応 W分岐 40A,面
電気配線材,テンパール 感震ブレーカー 後付型,個
電気配線材,テンパール 漏電遮断機 30A 2P,個
電気配線材,テンパール 漏電遮断機 40A 2P,個
電気配線材,テンパール 漏電遮断機 50A 2P,個
電気配線材,テンパール 漏電遮断機 60A 2P,個
電気配線材,テンパール 配線用遮断器 15A 1P,個
電気配線材,テンパール 配線用遮断器 20A 1P,個
電気配線材,テンパール 配線用遮断器 20A 3P（200V）,個
電気配線材,テンパール 配線用遮断器 30A 2P,個
電気配線材,テンパール（動力） 動力設備 CV3C 14mm² 3相幹線 100m,台
電気配線材,テンパール（動力） 動力設備 CV3C 22mm² 3相幹線 100m,台
電気配線材,テンパール（動力） 動力設備 CV3C 38mm² 大容量幹線 100m,台
電気配線材,テンパール（動力） 動力設備 CV3C 8mm² 3相配線 100m,台
電気配線材,テンパール（動力） 動力設備 低圧変圧器 50kVA,台
電気配線材,テンパール（動力） 動力設備 力率改善コンデンサ（200kvar）,台
電気配線材,テンパール（動力） 動力設備 動力分電盤 3相3線 100A 12回路,台
電気配線材,テンパール（動力） 動力設備 動力分電盤 3相3線 60A 6回路,台
電気配線材,テンパール（動力） 動力設備 動力分電盤 3相4線 200A 20回路,台
電気配線材,テンパール（動力） 動力設備 漏電遮断器 3P 100A（動力）,台
電気配線材,テンパール（動力） 動力設備 漏電遮断器 3P 30A（動力）,台
電気配線材,テンパール（動力） 動力設備 配線用遮断器 3P 20A（動力）,台
電気配線材,テンパール（動力） 動力設備 配線用遮断器 3P 30A（動力）,台
電気配線材,テンパール（動力） 動力設備 配線用遮断器 3P 50A（動力）,台
電気配線材,テンパール（動力） 動力設備 電磁開閉器 11kW（MC-80）,台
電気配線材,テンパール（動力） 動力設備 電磁開閉器 2.2kW（MC-18）,台
電気配線材,テンパール（動力） 動力設備 電磁開閉器 22kW（MC-150）,台
電気配線材,テンパール（動力） 動力設備 電磁開閉器 5.5kW（MC-40）,台
電気配線材,テンパール（動力） 動力設備 高圧受変電設備（キュービクル 300kVA）,台
電気配線材,ノーマルベンド（VE16）,個
電気配線材,ノーマルベンド（VE22）,個
電気配線材,ノーマルベンド（VE28）,個
電気配線材,ハンドホール 600×600×600mm（屋外地中） 樹脂製,個
電気配線材,ハンドホール 600×600×600mm（屋外地中） 鋼製,個
電気配線材,パナソニック電工 CV 2C 2.0mm 100m,巻
電気配線材,パナソニック電工 CV 3C 2.0mm 100m,巻
電気配線材,パナソニック電工 CV 3C 5.5mm 100m,巻
電気配線材,パナソニック電工 EM-CEE 2C 1.6mm 100m,巻
電気配線材,パナソニック電工 EM-IE 2.0mm 100m,巻
電気配線材,パナソニック電工 IV 1.6mm 100m,巻
電気配線材,パナソニック電工 IV 2.0mm 100m,巻
電気配線材,パナソニック電工 VVF 2C 1.6mm 100m,巻
電気配線材,パナソニック電工 VVF 2C 2.0mm 100m,巻
電気配線材,パナソニック電工 VVF 3C 1.6mm 100m,巻
電気配線材,パナソニック電工 VVF 3C 2.0mm 100m,巻
電気配線材,パナソニック電工 アース線IV 2mm2 100m,巻
電気配線材,パナソニック（分電盤） ELB 過電流 30mA 20A,個
電気配線材,パナソニック（分電盤） ELCB 3P 100/200V 兼用,個
電気配線材,パナソニック（分電盤） アース漏電ブレーカー 20A,個
電気配線材,パナソニック（分電盤） 分電盤 スマート分電盤 Wi-Fi 30回路,面
電気配線材,パナソニック（分電盤） 分電盤 主幹30A 分岐8回路,面
電気配線材,パナソニック（分電盤） 分電盤 主幹40A 分岐14回路,面
電気配線材,パナソニック（分電盤） 分電盤 主幹50A 分岐20回路,面
電気配線材,パナソニック（分電盤） 分電盤 主幹60A 分岐24回路,面
電気配線材,パナソニック（分電盤） 分電盤 主幹75A 分岐30回路,面
電気配線材,パナソニック（分電盤） 分電盤 太陽光対応 W分岐 40A,面
電気配線材,パナソニック（分電盤） 感震ブレーカー 後付型,個
電気配線材,パナソニック（分電盤） 漏電遮断機 30A 2P,個
電気配線材,パナソニック（分電盤） 漏電遮断機 40A 2P,個
電気配線材,パナソニック（分電盤） 漏電遮断機 50A 2P,個
電気配線材,パナソニック（分電盤） 漏電遮断機 60A 2P,個
電気配線材,パナソニック（分電盤） 配線用遮断器 15A 1P,個
電気配線材,パナソニック（分電盤） 配線用遮断器 20A 1P,個
電気配線材,パナソニック（分電盤） 配線用遮断器 20A 3P（200V）,個
電気配線材,パナソニック（分電盤） 配線用遮断器 30A 2P,個
電気配線材,パナソニック（動力） 動力設備 CV3C 14mm² 3相幹線 100m,台
電気配線材,パナソニック（動力） 動力設備 CV3C 22mm² 3相幹線 100m,台
電気配線材,パナソニック（動力） 動力設備 CV3C 38mm² 大容量幹線 100m,台
電気配線材,パナソニック（動力） 動力設備 CV3C 8mm² 3相配線 100m,台
電気配線材,パナソニック（動力） 動力設備 低圧変圧器 50kVA,台
電気配線材,パナソニック（動力） 動力設備 力率改善コンデンサ（200kvar）,台
電気配線材,パナソニック（動力） 動力設備 動力分電盤 3相3線 100A 12回路,台
電気配線材,パナソニック（動力） 動力設備 動力分電盤 3相3線 60A 6回路,台
電気配線材,パナソニック（動力） 動力設備 動力分電盤 3相4線 200A 20回路,台
電気配線材,パナソニック（動力） 動力設備 漏電遮断器 3P 100A（動力）,台
電気配線材,パナソニック（動力） 動力設備 漏電遮断器 3P 30A（動力）,台
電気配線材,パナソニック（動力） 動力設備 配線用遮断器 3P 20A（動力）,台
電気配線材,パナソニック（動力） 動力設備 配線用遮断器 3P 30A（動力）,台
電気配線材,パナソニック（動力） 動力設備 配線用遮断器 3P 50A（動力）,台
電気配線材,パナソニック（動力） 動力設備 電磁開閉器 11kW（MC-80）,台
電気配線材,パナソニック（動力） 動力設備 電磁開閉器 2.2kW（MC-18）,台
電気配線材,パナソニック（動力） 動力設備 電磁開閉器 22kW（MC-150）,台
電気配線材,パナソニック（動力） 動力設備 電磁開閉器 5.5kW（MC-40）,台
電気配線材,パナソニック（動力） 動力設備 高圧受変電設備（キュービクル 300kVA）,台
電気配線材,パワーコンディショナー,台
電気配線材,ビニルテープ（19mm×10m 黒）,巻
電気配線材,フジクラ CV 2C 2.0mm 100m,巻
電気配線材,フジクラ CV 3C 2.0mm 100m,巻
電気配線材,フジクラ CV 3C 5.5mm 100m,巻
電気配線材,フジクラ EM-CEE 2C 1.6mm 100m,巻
電気配線材,フジクラ EM-IE 2.0mm 100m,巻
電気配線材,フジクラ IV 1.6mm 100m,巻
電気配線材,フジクラ IV 2.0mm 100m,巻
電気配線材,フジクラ VVF 2C 1.6mm 100m,巻
電気配線材,フジクラ VVF 2C 2.0mm 100m,巻
電気配線材,フジクラ VVF 3C 1.6mm 100m,巻
電気配線材,フジクラ VVF 3C 2.0mm 100m,巻
電気配線材,フジクラ アース線IV 2mm2 100m,巻
電気配線材,ブレーカー用端子台（10P）,個
電気配線材,プラスチックモール（18×16 2m）,本
電気配線材,プラスチックモール（30×16 2m）,本
電気配線材,プラスチックモール（40×16 2m）,本
電気配線材,プルボックス 200×200×100mm 樹脂製,個
電気配線材,プルボックス 200×200×100mm 鋼製,個
電気配線材,プルボックス 300×300×150mm 樹脂製,個
電気配線材,プルボックス 300×300×150mm 鋼製,個
電気配線材,プルボックス 400×400×200mm 樹脂製,個
電気配線材,プルボックス 400×400×200mm 鋼製,個
電気配線材,メタルモール（A型 2m）,本
電気配線材,メタルモール（B型 2m）,本
電気配線材,メタルモール（C型 2m）,本
電気配線材,三菱電機（分電盤） ELB 過電流 30mA 20A,個
電気配線材,三菱電機（分電盤） ELCB 3P 100/200V 兼用,個
電気配線材,三菱電機（分電盤） アース漏電ブレーカー 20A,個
電気配線材,三菱電機（分電盤） 分電盤 スマート分電盤 Wi-Fi 30回路,面
電気配線材,三菱電機（分電盤） 分電盤 主幹30A 分岐8回路,面
電気配線材,三菱電機（分電盤） 分電盤 主幹40A 分岐14回路,面
電気配線材,三菱電機（分電盤） 分電盤 主幹50A 分岐20回路,面
電気配線材,三菱電機（分電盤） 分電盤 主幹60A 分岐24回路,面
電気配線材,三菱電機（分電盤） 分電盤 主幹75A 分岐30回路,面
電気配線材,三菱電機（分電盤） 分電盤 太陽光対応 W分岐 40A,面
電気配線材,三菱電機（分電盤） 感震ブレーカー 後付型,個
電気配線材,三菱電機（分電盤） 漏電遮断機 30A 2P,個
電気配線材,三菱電機（分電盤） 漏電遮断機 40A 2P,個
電気配線材,三菱電機（分電盤） 漏電遮断機 50A 2P,個
電気配線材,三菱電機（分電盤） 漏電遮断機 60A 2P,個
電気配線材,三菱電機（分電盤） 配線用遮断器 15A 1P,個
電気配線材,三菱電機（分電盤） 配線用遮断器 20A 1P,個
電気配線材,三菱電機（分電盤） 配線用遮断器 20A 3P（200V）,個
電気配線材,三菱電機（分電盤） 配線用遮断器 30A 2P,個
電気配線材,三菱電機（動力） 動力設備 CV3C 14mm² 3相幹線 100m,台
電気配線材,三菱電機（動力） 動力設備 CV3C 22mm² 3相幹線 100m,台
電気配線材,三菱電機（動力） 動力設備 CV3C 38mm² 大容量幹線 100m,台
電気配線材,三菱電機（動力） 動力設備 CV3C 8mm² 3相配線 100m,台
電気配線材,三菱電機（動力） 動力設備 低圧変圧器 50kVA,台
電気配線材,三菱電機（動力） 動力設備 力率改善コンデンサ（200kvar）,台
電気配線材,三菱電機（動力） 動力設備 動力分電盤 3相3線 100A 12回路,台
電気配線材,三菱電機（動力） 動力設備 動力分電盤 3相3線 60A 6回路,台
電気配線材,三菱電機（動力） 動力設備 動力分電盤 3相4線 200A 20回路,台
電気配線材,三菱電機（動力） 動力設備 漏電遮断器 3P 100A（動力）,台
電気配線材,三菱電機（動力） 動力設備 漏電遮断器 3P 30A（動力）,台
電気配線材,三菱電機（動力） 動力設備 配線用遮断器 3P 20A（動力）,台
電気配線材,三菱電機（動力） 動力設備 配線用遮断器 3P 30A（動力）,台
電気配線材,三菱電機（動力） 動力設備 配線用遮断器 3P 50A（動力）,台
電気配線材,三菱電機（動力） 動力設備 電磁開閉器 11kW（MC-80）,台
電気配線材,三菱電機（動力） 動力設備 電磁開閉器 2.2kW（MC-18）,台
電気配線材,三菱電機（動力） 動力設備 電磁開閉器 22kW（MC-150）,台
電気配線材,三菱電機（動力） 動力設備 電磁開閉器 5.5kW（MC-40）,台
電気配線材,三菱電機（動力） 動力設備 高圧受変電設備（キュービクル 300kVA）,台
電気配線材,低圧幹線（CV38sq 1m）,m
電気配線材,住友電工 CV 2C 2.0mm 100m,巻
電気配線材,住友電工 CV 3C 2.0mm 100m,巻
電気配線材,住友電工 CV 3C 5.5mm 100m,巻
電気配線材,住友電工 EM-CEE 2C 1.6mm 100m,巻
電気配線材,住友電工 EM-IE 2.0mm 100m,巻
電気配線材,住友電工 IV 1.6mm 100m,巻
電気配線材,住友電工 IV 2.0mm 100m,巻
電気配線材,住友電工 VVF 2C 1.6mm 100m,巻
電気配線材,住友電工 VVF 2C 2.0mm 100m,巻
電気配線材,住友電工 VVF 3C 1.6mm 100m,巻
電気配線材,住友電工 VVF 3C 2.0mm 100m,巻
電気配線材,住友電工 アース線IV 2mm2 100m,巻
電気配線材,住宅用火災警報器（光電式 単独型）,個
電気配線材,住宅用火災警報器（連動型・親機）,個
電気配線材,分電盤 主幹100A 12回路,台
電気配線材,分電盤 主幹100A 16回路,台
電気配線材,分電盤 主幹100A 20回路,台
電気配線材,分電盤 主幹100A 24回路,台
電気配線材,分電盤 主幹100A 30回路,台
電気配線材,分電盤 主幹100A 8回路,台
電気配線材,分電盤 主幹30A 12回路,台
電気配線材,分電盤 主幹30A 16回路,台
電気配線材,分電盤 主幹30A 20回路,台
電気配線材,分電盤 主幹30A 24回路,台
電気配線材,分電盤 主幹30A 30回路,台
電気配線材,分電盤 主幹30A 8回路,台
電気配線材,分電盤 主幹40A 12回路,台
電気配線材,分電盤 主幹40A 14回路,台
電気配線材,分電盤 主幹40A 16回路,台
電気配線材,分電盤 主幹40A 20回路,台
電気配線材,分電盤 主幹40A 24回路,台
電気配線材,分電盤 主幹40A 30回路,台
電気配線材,分電盤 主幹40A 8回路,台
電気配線材,分電盤 主幹50A 12回路,台
電気配線材,分電盤 主幹50A 16回路,台
電気配線材,分電盤 主幹50A 20回路,台
電気配線材,分電盤 主幹50A 24回路,台
電気配線材,分電盤 主幹50A 30回路,台
電気配線材,分電盤 主幹50A 8回路,台
電気配線材,分電盤 主幹60A 12回路,台
電気配線材,分電盤 主幹60A 16回路,台
電気配線材,分電盤 主幹60A 20回路,台
電気配線材,分電盤 主幹60A 24回路,台
電気配線材,分電盤 主幹60A 30回路,台
電気配線材,分電盤 主幹60A 8回路,台
電気配線材,分電盤 主幹75A 12回路,台
電気配線材,分電盤 主幹75A 16回路,台
電気配線材,分電盤 主幹75A 20回路,台
電気配線材,分電盤 主幹75A 24回路,台
電気配線材,分電盤 主幹75A 30回路,台
電気配線材,分電盤 主幹75A 8回路,台
電気配線材,分電盤点検（1面）,面
電気配線材,動力コンセント（3P30A）,個
電気配線材,動力分電盤（3P30A 8回路）,台
電気配線材,厚鋼電線管（G16 3.66m）,本
電気配線材,厚鋼電線管（G22 3.66m）,本
電気配線材,厚鋼電線管（G28 3.66m）,本
電気配線材,厚鋼電線管（G36 3.66m）,本
電気配線材,厚鋼電線管（G42 3.66m）,本
電気配線材,厚鋼電線管（G54 3.66m）,本
電気配線材,古河電工 CV 2C 2.0mm 100m,巻
電気配線材,古河電工 CV 3C 2.0mm 100m,巻
電気配線材,古河電工 CV 3C 5.5mm 100m,巻
電気配線材,古河電工 EM-CEE 2C 1.6mm 100m,巻
電気配線材,古河電工 EM-IE 2.0mm 100m,巻
電気配線材,古河電工 IV 1.6mm 100m,巻
電気配線材,古河電工 IV 2.0mm 100m,巻
電気配線材,古河電工 VVF 2C 1.6mm 100m,巻
電気配線材,古河電工 VVF 2C 2.0mm 100m,巻
電気配線材,古河電工 VVF 3C 1.6mm 100m,巻
電気配線材,古河電工 VVF 3C 2.0mm 100m,巻
電気配線材,古河電工 アース線IV 2mm2 100m,巻
電気配線材,圧着端子 R5.5-5（100個）,袋
電気配線材,圧着端子 棒状 BT1.25-10（100個）,袋
電気配線材,圧着端子 裸圧着端子 R1.25-3（100個）,袋
電気配線材,圧着端子 裸圧着端子 R2-4（100個）,袋
電気配線材,変圧器（50kVA）,台
電気配線材,太陽光パネル（1kW）,kW
電気配線材,太陽光パネル（4kW システム）,式
電気配線材,富士電機 ELB 過電流 30mA 20A,個
電気配線材,富士電機 ELCB 3P 100/200V 兼用,個
電気配線材,富士電機 アース漏電ブレーカー 20A,個
電気配線材,富士電機 分電盤 スマート分電盤 Wi-Fi 30回路,面
電気配線材,富士電機 分電盤 主幹30A 分岐8回路,面
電気配線材,富士電機 分電盤 主幹40A 分岐14回路,面
電気配線材,富士電機 分電盤 主幹50A 分岐20回路,面
電気配線材,富士電機 分電盤 主幹60A 分岐24回路,面
電気配線材,富士電機 分電盤 主幹75A 分岐30回路,面
電気配線材,富士電機 分電盤 太陽光対応 W分岐 40A,面
電気配線材,富士電機 感震ブレーカー 後付型,個
電気配線材,富士電機 漏電遮断機 30A 2P,個
電気配線材,富士電機 漏電遮断機 40A 2P,個
電気配線材,富士電機 漏電遮断機 50A 2P,個
電気配線材,富士電機 漏電遮断機 60A 2P,個
電気配線材,富士電機 配線用遮断器 15A 1P,個
電気配線材,富士電機 配線用遮断器 20A 1P,個
電気配線材,富士電機 配線用遮断器 20A 3P（200V）,個
電気配線材,富士電機 配線用遮断器 30A 2P,個
電気配線材,差込コネクタ（2本用 100個）,袋
電気配線材,差込コネクタ（3本用 100個）,袋
電気配線材,差込コネクタ（4本用 100個）,袋
電気配線材,幹線ケーブル（CV5.5㎟ 3芯 20m）,m
電気配線材,幹線工事（CV22sq 1m）,m
電気配線材,幹線工事（CV38sq 1m）,m
電気配線材,引掛シーリング 直付け,個
電気配線材,弱電線 2P（100m）,巻
電気配線材,接地工事（C種）,式
電気配線材,接地工事（D種）,式
電気配線材,接地抵抗測定（1箇所）,箇所
電気配線材,日立金属 CV 2C 2.0mm 100m,巻
電気配線材,日立金属 CV 3C 2.0mm 100m,巻
電気配線材,日立金属 CV 3C 5.5mm 100m,巻
電気配線材,日立金属 EM-CEE 2C 1.6mm 100m,巻
電気配線材,日立金属 EM-IE 2.0mm 100m,巻
電気配線材,日立金属 IV 1.6mm 100m,巻
電気配線材,日立金属 IV 2.0mm 100m,巻
電気配線材,日立金属 VVF 2C 1.6mm 100m,巻
電気配線材,日立金属 VVF 2C 2.0mm 100m,巻
電気配線材,日立金属 VVF 3C 1.6mm 100m,巻
電気配線材,日立金属 VVF 3C 2.0mm 100m,巻
電気配線材,日立金属 アース線IV 2mm2 100m,巻
電気配線材,河村電器 ELB 過電流 30mA 20A,個
電気配線材,河村電器 ELCB 3P 100/200V 兼用,個
電気配線材,河村電器 アース漏電ブレーカー 20A,個
電気配線材,河村電器 分電盤 スマート分電盤 Wi-Fi 30回路,面
電気配線材,河村電器 分電盤 主幹30A 分岐8回路,面
電気配線材,河村電器 分電盤 主幹40A 分岐14回路,面
電気配線材,河村電器 分電盤 主幹50A 分岐20回路,面
電気配線材,河村電器 分電盤 主幹60A 分岐24回路,面
電気配線材,河村電器 分電盤 主幹75A 分岐30回路,面
電気配線材,河村電器 分電盤 太陽光対応 W分岐 40A,面
電気配線材,河村電器 感震ブレーカー 後付型,個
電気配線材,河村電器 漏電遮断機 30A 2P,個
電気配線材,河村電器 漏電遮断機 40A 2P,個
電気配線材,河村電器 漏電遮断機 50A 2P,個
電気配線材,河村電器 漏電遮断機 60A 2P,個
電気配線材,河村電器 配線用遮断器 15A 1P,個
電気配線材,河村電器 配線用遮断器 20A 1P,個
電気配線材,河村電器 配線用遮断器 20A 3P（200V）,個
電気配線材,河村電器 配線用遮断器 30A 2P,個
電気配線材,河村電器（動力） 動力設備 CV3C 14mm² 3相幹線 100m,台
電気配線材,河村電器（動力） 動力設備 CV3C 22mm² 3相幹線 100m,台
電気配線材,河村電器（動力） 動力設備 CV3C 38mm² 大容量幹線 100m,台
電気配線材,河村電器（動力） 動力設備 CV3C 8mm² 3相配線 100m,台
電気配線材,河村電器（動力） 動力設備 低圧変圧器 50kVA,台
電気配線材,河村電器（動力） 動力設備 力率改善コンデンサ（200kvar）,台
電気配線材,河村電器（動力） 動力設備 動力分電盤 3相3線 100A 12回路,台
電気配線材,河村電器（動力） 動力設備 動力分電盤 3相3線 60A 6回路,台
電気配線材,河村電器（動力） 動力設備 動力分電盤 3相4線 200A 20回路,台
電気配線材,河村電器（動力） 動力設備 漏電遮断器 3P 100A（動力）,台
電気配線材,河村電器（動力） 動力設備 漏電遮断器 3P 30A（動力）,台
電気配線材,河村電器（動力） 動力設備 配線用遮断器 3P 20A（動力）,台
電気配線材,河村電器（動力） 動力設備 配線用遮断器 3P 30A（動力）,台
電気配線材,河村電器（動力） 動力設備 配線用遮断器 3P 50A（動力）,台
電気配線材,河村電器（動力） 動力設備 電磁開閉器 11kW（MC-80）,台
電気配線材,河村電器（動力） 動力設備 電磁開閉器 2.2kW（MC-18）,台
電気配線材,河村電器（動力） 動力設備 電磁開閉器 22kW（MC-150）,台
電気配線材,河村電器（動力） 動力設備 電磁開閉器 5.5kW（MC-40）,台
電気配線材,河村電器（動力） 動力設備 高圧受変電設備（キュービクル 300kVA）,台
電気配線材,漏電調査（1式）,式
電気配線材,照度測定（1室）,室
電気配線材,硬質塩ビ管（VE16 4m）,本
電気配線材,硬質塩ビ管（VE22 4m）,本
電気配線材,硬質塩ビ管（VE28 4m）,本
電気配線材,硬質塩ビ管（VE36 4m）,本
電気配線材,硬質塩ビ管（VE42 4m）,本
電気配線材,硬質塩ビ管（VE54 4m）,本
電気配線材,端子ボックス（防雨型） 樹脂製,個
電気配線材,端子ボックス（防雨型） 鋼製,個
電気配線材,結束バンド（150mm 100本）,袋
電気配線材,結束バンド（300mm 100本）,袋
電気配線材,絶縁キャップ（10個）,袋
電気配線材,絶縁テープ（19mm×10m）,巻
電気配線材,絶縁抵抗測定（1回路）,回路
電気配線材,自動火災報知設備,式
電気配線材,自己融着テープ（19mm×5m）,巻
電気配線材,蓄電システム（10kWh）,台
電気配線材,蓄電池（5kWh）,台
電気配線材,誘導灯（中型）,台
電気配線材,避雷針工事,式
電気配線材,避雷針点検（1式）,式
電気配線材,鋼製電線管（C19 3.66m）,本
電気配線材,鋼製電線管（C25 3.66m）,本
電気配線材,鋼製電線管（C31 3.66m）,本
電気配線材,鋼製電線管（C39 3.66m）,本
電気配線材,鋼製電線管（C51 3.66m）,本
電気配線材,防水コンセントボックス（屋外用） 樹脂製,個
電気配線材,防水コンセントボックス（屋外用） 鋼製,個
電気配線材,電力量計（スマートメーター）,台
電気配線材,電材 アース板（銅板）300×300×1mm,枚
電気配線材,電材 アース棒 φ14×1000mm,本
電気配線材,電材 アース端子（クランプ型）,個
電気配線材,電材 アース線 GV 1.6mm 10m,本
電気配線材,電材 インシュロック 100×2.5mm（100本）,袋
電気配線材,電材 インシュロック 200×3.6mm（100本）,袋
電気配線材,電材 ケーブルクリップ 100個,袋
電気配線材,電材 ケーブルタイ 300mm（100本）,袋
電気配線材,電材 ステップル（VVF2C用 100個）,袋
電気配線材,電材 ノーマルベンド VE28,個
電気配線材,電材 リングスリーブ E形 中（100個）,箱
電気配線材,電材 リングスリーブ E形 小（100個）,箱
電気配線材,電材 合成樹脂製サドル（22mm 10個）,袋
電気配線材,電材 差込形コネクタ 2本用（100個）,箱
電気配線材,電材 差込形コネクタ 3本用（100個）,箱
電気配線材,電材 差込形コネクタ 4本用（100個）,箱
電気配線材,電材 検電器（ペン型）,本
電気配線材,電材 絶縁テープ 19mm×10m（黒）,巻
電気配線材,電材 絶縁抵抗計（デジタル）消耗電池,式
電気配線材,電材 自己融着テープ 19mm×5m,巻
電気配線材,電材 金属製電線管サドル（25mm用 10個）,袋
電気配線材,電材 鉄釘ステップル 8mm（200個）,袋
電気配線材,電材 閉端接続子 CE-1（100個）,箱
電気配線材,電材 閉端接続子 CE-2（100個）,箱
電気配線材,電材 電工ナイフ（交換刃5枚）,袋
電気配線材,電材 電線管カップリング PF16,個
電気配線材,電材 電線管ストレートボックスコネクタ,個
電気配線材,電気温水器（200L 三相）,台
電気配線材,電気設備定期検査（低圧 1式）,式
電気配線材,電気設備定期検査（高圧 1式）,式
電気配線材,電気錠（電子キー）,式
電気配線材,電線 CV 2C 2.0mm 100m,巻
電気配線材,電線 CV 3C 2.0mm 100m,巻
電気配線材,電線 CV 3C 5.5mm 100m,巻
電気配線材,電線 IV 1.6mm 100m,巻
電気配線材,電線 IV 2.0mm 100m,巻
電気配線材,電線 IV 5.5mm 100m,巻
電気配線材,電線 VVF 1C 1.6mm 100m,巻
電気配線材,電線 VVF 2C 1.6mm 100m,巻
電気配線材,電線 VVF 2C 2.0mm 100m,巻
電気配線材,電線 VVF 2C 2.6mm 100m,巻
電気配線材,電線 VVF 3C 1.6mm 100m,巻
電気配線材,電線 VVF 3C 2.0mm 100m,巻
電気配線材,電線コネクタ ロック式（2P）,個
電気配線材,電線コネクタ ロック式（3P）,個
電気配線材,電線管 PF管 16mm（50m巻）,巻
電気配線材,電線管コネクタ（16mm PF用）,個
電気配線材,電線管コネクタ（22mm PF用）,個
電気配線材,電線管コネクタ（28mm PF用）,個
電気配線材,電線管サドル（16mm 10個）,袋
電気配線材,電線管サドル（22mm 10個）,袋
電気配線材,電線（IV 2.6mm 100m）,巻
電気配線材,露出スイッチボックス（丸型） 樹脂製,個
電気配線材,露出スイッチボックス（丸型） 鋼製,個
電気配線材,非常照明点検（1台）,台
電気配線材,非常照明（1箇所）,箇所
電気配線材,非常用発電機（10kVA）,台
給湯器,ノーリツ GT-C72シリーズ GT-C2472PWAW-1 BL 24号 フルオート プレミアムW除菌 屋外壁掛形,台
給湯器,ノーリツ GT-C72シリーズ GT-C2472PAW-1 BL 24号 フルオート プレミアム除菌 屋外壁掛形,台
給湯器,ノーリツ GT-C72シリーズ GT-C2472AW-1 BL 24号 フルオート スタンダード 屋外壁掛形,台
給湯器,ノーリツ GT-C72シリーズ GT-C2472SAW-1 BL 24号 オート シンプル 屋外壁掛形,台
給湯器,ノーリツ GT-C72シリーズ GT-C2072PWAW-1 BL 20号 フルオート プレミアムW除菌 屋外壁掛形,台
給湯器,ノーリツ GT-C72シリーズ GT-C2072PAW-1 BL 20号 フルオート プレミアム除菌 屋外壁掛形,台
給湯器,ノーリツ GT-C72シリーズ GT-C2072AW-1 BL 20号 フルオート スタンダード 屋外壁掛形,台
給湯器,ノーリツ GT-C72シリーズ GT-C2072SAW-1 BL 20号 オート シンプル 屋外壁掛形,台
給湯器,ノーリツ GT-C72シリーズ GT-C1672PWAW-1 BL 16号 フルオート プレミアムW除菌 屋外壁掛形,台
給湯器,ノーリツ GT-C72シリーズ GT-C1672PAW-1 BL 16号 フルオート プレミアム除菌 屋外壁掛形,台
給湯器,ノーリツ GT-C72シリーズ GT-C1672AW-1 BL 16号 フルオート スタンダード 屋外壁掛形,台
給湯器,ノーリツ GT-C72シリーズ GT-C1672SAW-1 BL 16号 オート シンプル 屋外壁掛形,台
給湯器,ノーリツ GT-C72シリーズ GT-C2472PWAR-1 BL 24号 フルオート プレミアムW除菌 屋外据置形,台
給湯器,ノーリツ GT-C72シリーズ GT-C2472PAR-1 BL 24号 フルオート プレミアム除菌 屋外据置形,台
給湯器,ノーリツ GT-C72シリーズ GT-C2472AR-1 BL 24号 フルオート スタンダード 屋外据置形,台
給湯器,ノーリツ GT-C72シリーズ GT-C2472SAR-1 BL 24号 オート シンプル 屋外据置形,台
給湯器,ノーリツ GT-C72シリーズ GT-C2072PWAR-1 BL 20号 フルオート プレミアムW除菌 屋外据置形,台
給湯器,ノーリツ GT-C72シリーズ GT-C2072PAR-1 BL 20号 フルオート プレミアム除菌 屋外据置形,台
給湯器,ノーリツ GT-C72シリーズ GT-C2072AR-1 BL 20号 フルオート スタンダード 屋外据置形,台
給湯器,ノーリツ GT-C72シリーズ GT-C2072SAR-1 BL 20号 オート シンプル 屋外据置形,台
給湯器,ノーリツ GT-C72シリーズ GT-C1672PWAR-1 BL 16号 フルオート プレミアムW除菌 屋外据置形,台
給湯器,ノーリツ GT-C72シリーズ GT-C1672PAR-1 BL 16号 フルオート プレミアム除菌 屋外据置形,台
給湯器,ノーリツ GT-C72シリーズ GT-C1672AR-1 BL 16号 フルオート スタンダード 屋外据置形,台
給湯器,ノーリツ GT-C72シリーズ GT-C1672SAR-1 BL 16号 オート シンプル 屋外据置形,台
給湯器,ノーリツ GT-C72シリーズ GT-C2472AW-PS-1 BL 24号 フルオート スタンダード PS標準設置形,台
給湯器,ノーリツ GT-C72シリーズ GT-C2472SAW-PS-1 BL 24号 オート シンプル PS標準設置形,台
給湯器,ノーリツ GT-C72シリーズ GT-C2072AW-PS-1 BL 20号 フルオート スタンダード PS標準設置形,台
給湯器,ノーリツ GT-C72シリーズ GT-C2072SAW-PS-1 BL 20号 オート シンプル PS標準設置形,台
給湯器,ノーリツ GT-C72シリーズ GT-C1672AW-PS-1 BL 16号 フルオート スタンダード PS標準設置形,台
給湯器,ノーリツ GT-C72シリーズ GT-C1672SAW-PS-1 BL 16号 オート シンプル PS標準設置形,台
給湯器,ノーリツ GT-C72シリーズ GT-C2472AW-SFF BL 24号 フルオート スタンダード 屋内壁掛強制給排気形,台
給湯器,ノーリツ GT-C72シリーズ GT-C2472SAW-SFF BL 24号 オート シンプル 屋内壁掛強制給排気形,台
給湯器,ノーリツ GT-C72シリーズ GT-C2072AW-SFF BL 20号 フルオート スタンダード 屋内壁掛強制給排気形,台
給湯器,ノーリツ GT-C72シリーズ GT-C2072SAW-SFF BL 20号 オート シンプル 屋内壁掛強制給排気形,台
給湯器,ノーリツ GT-C72シリーズ GT-C1672AW-SFF BL 16号 フルオート スタンダード 屋内壁掛強制給排気形,台
給湯器,ノーリツ GT-C72シリーズ GT-C1672SAW-SFF BL 16号 オート シンプル 屋内壁掛強制給排気形,台
給湯器,ノーリツ GTH-C2471シリーズ GTH-C2471PWAW6H BL 24号 温水暖房付ふろ給湯器 屋外壁掛形,台
給湯器,ノーリツ GTH-C2471シリーズ GTH-C2471PAW6H BL 24号 温水暖房付ふろ給湯器 屋外壁掛形,台
給湯器,ノーリツ GTH-C2471シリーズ GTH-C2471AW6H BL 24号 温水暖房付ふろ給湯器 屋外壁掛形,台
給湯器,ノーリツ GTH-C2471シリーズ GTH-C2471SAW6H BL 24号 温水暖房付ふろ給湯器 屋外壁掛形,台
給湯器,ノーリツ GTH-C2471シリーズ GTH-C2471AW3H BL 24号 温水暖房付ふろ給湯器 屋外壁掛形,台
給湯器,ノーリツ GTH-C2471シリーズ GTH-C2471SAW3H BL 24号 温水暖房付ふろ給湯器 屋外壁掛形,台
給湯器,ノーリツ GTH-C2471シリーズ GTH-C2471AWD BL 24号 温水暖房付ふろ給湯器 屋外壁掛形,台
給湯器,ノーリツ GTH-C2471シリーズ GTH-C2471SAWD BL 24号 温水暖房付ふろ給湯器 屋外壁掛形,台
給湯器,ノーリツ GTH-C2471シリーズ GTH-C2471PWAW6H-L BL 24号 温水暖房付ふろ給湯器 PSアルコーブ設置形,台
給湯器,ノーリツ GTH-C2471シリーズ GTH-C2471AW6H-L BL 24号 温水暖房付ふろ給湯器 PSアルコーブ設置形,台
給湯器,ノーリツ GTH-C2471シリーズ GTH-C2471SAW6H-L BL 24号 温水暖房付ふろ給湯器 PSアルコーブ設置形,台
給湯器,ノーリツ GTH-C2471シリーズ GTH-C2471AW3H-L BL 24号 温水暖房付ふろ給湯器 PSアルコーブ設置形,台
給湯器,ノーリツ ガス温水暖房付ふろ給湯器 GTH-C(P/V)70シリーズ 温水暖房付ふろ給湯器,台
給湯器,ノーリツ ガス温水暖房付ふろ給湯器 GTH-C2461-SFFシリーズ 温水暖房付ふろ給湯器,台
給湯器,ノーリツ ガス温水暖房付ふろ給湯器 GTH-1660-SFFシリーズ 温水暖房付ふろ給湯器,台
給湯器,ノーリツ ガス温水暖房付ふろ給湯器 GTH-C59-1シリーズ 温水暖房付ふろ給湯器 コンパクトタイプ,台
給湯器,ノーリツ ガス温水暖房付ふろ給湯器 GTH-C63シリーズ 温水暖房付ふろ給湯器 スリムタイプ,台
給湯器,ノーリツ ガス温水暖房付ふろ給湯器 GTH-54シリーズ 温水暖房付ふろ給湯器,台
給湯器,ノーリツ ガス給湯器 GQ-C32WXシリーズ 24号 給湯専用 設置フリー形,台
給湯器,ノーリツ ガス給湯器 GQ-C38WXSシリーズ 16号・20号 給湯専用 スリムタイプ 設置フリー形,台
給湯器,ノーリツ ガス給湯器 GQ-C34WSシリーズ 16号・20号・24号 給湯専用 設置フリー形,台
給湯器,ノーリツ ガス給湯器 GQ-C34AWXシリーズ 16号 給湯専用 設置フリー形,台
給湯器,ノーリツ ガス給湯器 GQ-39WSシリーズ 16号・20号・24号 給湯専用,台
給湯器,ノーリツ ガス給湯器 GQ-28WSシリーズ 16号・20号 給湯専用,台
給湯器,ノーリツ ガス給湯器 GQ-39WEシリーズ 16号・20号 給湯専用,台
給湯器,ノーリツ ガス給湯器 GQ-37シリーズ 16号・20号・24号 給湯専用,台
給湯器,ノーリツ 従来型ガスふろ給湯器 GT-70シリーズ ふろ給湯,台
給湯器,ノーリツ 従来型ガスふろ給湯器 GT-53シリーズ ふろ給湯,台
給湯器,ノーリツ 従来型ガスふろ給湯器 GT-35-KBシリーズ ふろ給湯 壁組み込み設置形,台
給湯器,ノーリツ 従来型ガスふろ給湯器 GT-35シリーズ ふろ給湯 取替推奨品,台
給湯器,ノーリツ 従来型ガスふろ給湯器 GT-44・70シリーズ ふろ給湯 屋内壁掛形 取替推奨品,台
給湯器,ノーリツ ガスバランス形ふろがま GBSシリーズ バランス形ふろがま,台
給湯器,ノーリツ ガスバランス形ふろがま GUQシリーズ バランス形ふろがま,台
給湯器,ノーリツ ガスバランス形ふろがま GUSシリーズ バランス形ふろがま,台
給湯器,リンナイ RUF-Eシリーズ RUF-E240EAW 24号 フルオート 屋外壁掛型,台
給湯器,リンナイ RUF-Eシリーズ RUF-E240ESAW 24号 オート 屋外壁掛型,台
給湯器,リンナイ RUF-Eシリーズ RUF-E200FAW 20号 フルオート 屋外壁掛型,台
給湯器,リンナイ RUF-Eシリーズ RUF-E200FSAW 20号 オート 屋外壁掛型,台
給湯器,リンナイ RUF-Eシリーズ RUF-E161EAW 16号 フルオート 屋外壁掛型,台
給湯器,リンナイ RUF-Eシリーズ RUF-E161ESAW 16号 オート 屋外壁掛型,台
給湯器,リンナイ RUFH-Eシリーズ RUFH-E2408AW2-6(A) 24号 フルオート 壁掛型,台
給湯器,リンナイ RUFH-Eシリーズ RUFH-E2408SAW2-6(A) 24号 オート 壁掛型,台
給湯器,リンナイ RVD-Eシリーズ RVD-E2405AW2-3(C) 24号 フルオート,台
給湯器,リンナイ RVD-Eシリーズ RVD-E2405SAW2-3(C) 24号 オート,台
給湯器,リンナイ RVD-Eシリーズ RVD-E2005AW2-3(C) 20号 フルオート,台
給湯器,リンナイ RVD-Eシリーズ RVD-E2005SAW2-3(C) 20号 オート,台
給湯器,リンナイ RUX-Eシリーズ RUX-E2016W(A) 20号 給湯専用 屋外壁掛型,台
給湯器,リンナイ RUX-Eシリーズ RUX-E1616W(A) 16号 給湯専用 屋外壁掛型,台
給湯器,リンナイ RUF-HEシリーズ RUF-HE163A 16号 フルオート 壁貫通型,台
給湯器,リンナイ RUF-HEシリーズ RUF-HE83SA 8.2号 オート 壁貫通型,台
給湯器,リンナイ 給湯専用機 RUX-UEシリーズ 給湯専用,台
給湯器,パロマ BRIGHTS FH-EH2422FAWL 24号 フルオート 壁掛型,台
給湯器,パロマ BRIGHTS FH-EH2422FATL 24号 フルオート PS扉内前方排気型・PS標準設置型,台
給湯器,パロマ BRIGHTS FH-EH2422FAAL 24号 フルオート PSアルコーブ・屋外壁掛型,台
給湯器,パロマ BRIGHTS FH-EH2422FAT2L 24号 フルオート PS扉内前方排気延長型,台
給湯器,パロマ BRIGHTS FH-EH2422FABL 24号 フルオート PS扉内後方排気延長型,台
給湯器,パロマ BRIGHTS FH-EH2422FAUL 24号 フルオート PS扉内上方排気延長型,台
給湯器,パロマ BRIGHTS FH-EH2422FA 24号 フルオート 壁掛型,台
給湯器,パロマ BRIGHTS FH-EH2022FA 20号 フルオート 壁掛型,台
給湯器,パロマ BRIGHTS FH-EH1612FA 16号 フルオート 壁掛型,台
給湯器,パロマ BRIGHTS FH-EH2422SA 24号 オート 壁掛型,台
給湯器,パロマ BRIGHTS FH-EH2022SA 20号 オート 壁掛型,台
給湯器,パロマ BRIGHTS FH-EH1612SA 16号 オート 壁掛型,台
給湯器,パロマ BRIGHTS FH-EH2422FARL 24号 フルオート 据置型,台
給湯器,パロマ BRIGHTS FH-EH2012FARL 20号 フルオート 据置型,台
給湯器,パロマ BRIGHTS FH-EH1612FARL 16号 フルオート 据置型,台
給湯器,パロマ BRIGHTS FH-EH2422SARL 24号 オート 据置型,台
給湯器,パロマ BRIGHTS FH-EH2012SARL 20号 オート 据置型,台
給湯器,パロマ BRIGHTS FH-EH1612SARL 16号 オート 据置型,台
給湯器,パロマ BRIGHTS FH-E2422KFAWL 24号 フルオート 壁掛型 準寒冷地,台
給湯器,パロマ BRIGHTS FH-E2022KFAWL 20号 フルオート 壁掛型 準寒冷地,台
給湯器,パロマ BRIGHTS FH-E1612KFAWL 16号 フルオート 壁掛型 準寒冷地,台
給湯器,パロマ BRIGHTS FH-E2422KSAWL 24号 オート 壁掛型 準寒冷地,台
給湯器,パロマ BRIGHTS FH-E2022KSAWL 20号 オート 壁掛型 準寒冷地,台
給湯器,パロマ BRIGHTS FH-E1612KSAWL 16号 オート 壁掛型 準寒冷地,台
給湯器,パロマ ふろ給湯器 FH-E2422FAFL 24号 フルオート 屋内設置,台
給湯器,パロマ ふろ給湯器 FH-E2022FAFL 20号 フルオート 屋内設置,台
給湯器,パロマ ふろ給湯器 FH-E1612FAFL 16号 フルオート 屋内設置,台
給湯器,パロマ ふろ給湯器 FH-E2422AFL 24号 オート 屋内設置,台
給湯器,パロマ ふろ給湯器 FH-E2022AFL 20号 オート 屋内設置,台
給湯器,パロマ ふろ給湯器 FH-E1612AFL 16号 オート 屋内設置,台
給湯器,パロマ SLIM FH-SE2024FA 20号 フルオート 壁掛型,台
給湯器,パロマ SLIM FH-SE2014FA 20号 フルオート 壁掛型,台
給湯器,パロマ SLIM FH-SE1614FA 16号 フルオート 壁掛型,台
給湯器,パロマ SLIM FH-SE2024SA 20号 オート 壁掛型,台
給湯器,パロマ SLIM FH-SE2014SA 20号 オート 壁掛型,台
給湯器,パロマ SLIM FH-SE1614SA 16号 オート 壁掛型,台
給湯器,パロマ 従来型ふろ給湯器 FH-2423FA 24号 フルオート 壁掛型,台
給湯器,パロマ 従来型ふろ給湯器 FH-2023FA 20号 フルオート 壁掛型,台
給湯器,パロマ 従来型ふろ給湯器 FH-1613FA 16号 フルオート 壁掛型,台
給湯器,パロマ 従来型ふろ給湯器 FH-2423SA 24号 オート 壁掛型,台
給湯器,パロマ 従来型ふろ給湯器 FH-2023SA 20号 オート 壁掛型,台
給湯器,パロマ 従来型ふろ給湯器 FH-2013SA 20号 オート 壁掛型,台
給湯器,パロマ 従来型ふろ給湯器 FH-1613SA 16号 オート 壁掛型,台
給湯器,パロマ 従来型ふろ給湯器 FH-2423FAR 24号 フルオート 据置型,台
給湯器,パロマ 従来型ふろ給湯器 FH-2023FAR 20号 フルオート 据置型,台
給湯器,パロマ 従来型ふろ給湯器 FH-2013FAR 20号 フルオート 据置型,台
給湯器,パロマ 従来型ふろ給湯器 FH-1613FAR 16号 フルオート 据置型,台
給湯器,パロマ 従来型ふろ給湯器 FH-2423SAR 24号 オート 据置型,台
給湯器,パロマ 従来型ふろ給湯器 FH-2023SAR 20号 オート 据置型,台
給湯器,パロマ 従来型ふろ給湯器 FH-2013SAR 20号 オート 据置型,台
給湯器,パロマ 従来型ふろ給湯器 FH-1613SAR 16号 オート 据置型,台
給湯器,パロマ BRIGHTS GRAND FH-UEH2422FAWL 24号 フルオート 壁掛型,台
給湯器,パロマ BRIGHTS GRAND FH-UEH2422SAWL 24号 セミオート 壁掛型,台
給湯器,パロマ BRIGHTS GRAND FH-UEH2022FAWL 20号 フルオート 壁掛型,台
給湯器,パロマ BRIGHTS GRAND FH-UEH2022SAWL 20号 セミオート 壁掛型,台
給湯器,パロマ HYBRID PLUS HBF-E242FAWL 24号 フルオート 壁掛型,台
給湯器,パロマ HYBRID PLUS HBF-E242FARL 24号 フルオート 据置型,台
給湯器,パロマ HYBRID PLUS HBF-E242SAWL 24号 オート 壁掛型,台
給湯器,パロマ T-ino FH-C2010A 20号 オート 壁掛型,台
給湯器,パロマ T-ino FH-C2020A 20号 オート 壁掛型,台
給湯器,パーパス GXシリーズ GX-HFL241ZW 24号 フルオート 屋外壁掛形 エコジョーズ,台
給湯器,パーパス GXシリーズ GX-HFL201ZW-1 20号 フルオート 屋外壁掛形 エコジョーズ,台
給湯器,パーパス GXシリーズ GX-HFL161ZW-1 16号 フルオート 屋外壁掛形 エコジョーズ,台
給湯器,パーパス GXシリーズ GX-HFL200ZWS-1 20号 フルオート 屋外壁掛形 エコジョーズ,台
給湯器,パーパス GXシリーズ GX-HFL200ZWS-2 20号 フルオート 屋外壁掛形 エコジョーズ,台
給湯器,パーパス GXシリーズ GX-HFL160ZWS-1 16号 フルオート 屋外壁掛形 エコジョーズ,台
給湯器,パーパス GXシリーズ GX-HFL160ZWS-2 16号 フルオート 屋外壁掛形 エコジョーズ,台
給湯器,パーパス GXシリーズ GX-H2403ZW 24号 フルオート 屋外壁掛形 エコジョーズ,台
給湯器,パーパス GXシリーズ GX-H2003ZW-1 20号 フルオート 屋外壁掛形 エコジョーズ,台
給湯器,パーパス GXシリーズ GX-H1603ZW-1 16号 フルオート 屋外壁掛形 エコジョーズ,台
給湯器,パーパス GXシリーズ GX-HFL241AW 24号 オート 屋外壁掛形 エコジョーズ,台
給湯器,パーパス GXシリーズ GX-HFL201AW-1 20号 オート 屋外壁掛形 エコジョーズ,台
給湯器,パーパス GXシリーズ GX-HFL161AW-1 16号 オート 屋外壁掛形 エコジョーズ,台
給湯器,パーパス GXシリーズ GX-HFL200AWS-1 20号 オート 屋外壁掛形 エコジョーズ,台
給湯器,パーパス GXシリーズ GX-HFL200AWS-2 20号 オート 屋外壁掛形 エコジョーズ,台
給湯器,パーパス GXシリーズ GX-HFL160AWS-1 16号 オート 屋外壁掛形 エコジョーズ,台
給湯器,パーパス GXシリーズ GX-HFL160AWS-2 16号 オート 屋外壁掛形 エコジョーズ,台
給湯器,パーパス GXシリーズ GX-H2403AW 24号 オート 屋外壁掛形 エコジョーズ,台
給湯器,パーパス GXシリーズ GX-H2003AW-1 20号 オート 屋外壁掛形 エコジョーズ,台
給湯器,パーパス GXシリーズ GX-H1603AW-1 16号 オート 屋外壁掛形 エコジョーズ,台
給湯器,パーパス GXシリーズ GX-H2403AWP 24号 オート 屋外壁掛形 エコジョーズ,台
給湯器,パーパス GXシリーズ GX-SD2400ZW 24号 フルオート パイプシャフト標準設置 ドレンマジック エコジョーズ,台
給湯器,パーパス GXシリーズ GX-SD1600ZW-1 16号 フルオート パイプシャフト標準設置 ドレンマジック エコジョーズ,台
給湯器,パーパス GXシリーズ GX-SD2000AW-1 20号 オート パイプシャフト標準設置 ドレンマジック エコジョーズ,台
給湯器,パーパス GXシリーズ GX-H2401ZR 24号 フルオート 屋外据置形 エコジョーズ,台
給湯器,パーパス GXシリーズ GX-H2001ZR-1 20号 フルオート 屋外据置形 エコジョーズ,台
給湯器,パーパス GXシリーズ GX-H2401AR 24号 オート 屋外据置形 エコジョーズ,台
給湯器,パーパス GXシリーズ GX-H2001AR-1 20号 オート 屋外据置形 エコジョーズ,台
給湯器,パーパス GXシリーズ GX-2403ZW 24号 フルオート 屋外壁掛形,台
給湯器,パーパス GXシリーズ GX-2003ZW-1 20号 フルオート 屋外壁掛形,台
給湯器,パーパス GXシリーズ GX-1603ZW-1 16号 フルオート 屋外壁掛形,台
給湯器,パーパス GXシリーズ GX-2003ZWS-1 20号 フルオート 屋外壁掛形,台
給湯器,パーパス GXシリーズ GX-2003ZWS-2 20号 フルオート 屋外壁掛形,台
給湯器,パーパス GXシリーズ GX-1603ZWS-1 16号 フルオート 屋外壁掛形,台
給湯器,パーパス GXシリーズ GX-1603ZWS-2 16号 フルオート 屋外壁掛形,台
給湯器,パーパス GXシリーズ GX-2403AW 24号 オート 屋外壁掛形,台
給湯器,パーパス GXシリーズ GX-2003AW-1 20号 オート 屋外壁掛形,台
給湯器,パーパス GXシリーズ GX-2003AW-2 20号 オート 屋外壁掛形,台
給湯器,パーパス GXシリーズ GX-1603AW-1 16号 オート 屋外壁掛形,台
給湯器,パーパス GXシリーズ GX-2003AWS-1 20号 オート 屋外壁掛形,台
給湯器,パーパス GXシリーズ GX-2003AWS-2 20号 オート 屋外壁掛形,台
給湯器,パーパス GXシリーズ GX-1603AWS-1 16号 オート 屋外壁掛形,台
給湯器,パーパス GXシリーズ GX-1603AWS-2 16号 オート 屋外壁掛形,台
給湯器,パーパス GXシリーズ GX-2003AC-1 20号 オート 壁組込形,台
給湯器,パーパス GXシリーズ GX-1603AC-1 16号 オート 壁組込形,台
給湯器,パーパス GXシリーズ GX-2403ZR 24号 フルオート 屋外据置形,台
給湯器,パーパス GXシリーズ GX-2403AR 24号 オート 屋外据置形,台
給湯器,パーパス GXシリーズ GX-2003AR-1 20号 オート 屋外据置形,台
給湯器,パーパス GXシリーズ GX-1603AR-1 16号 オート 屋外据置形,台
給湯器,パーパス GXシリーズ GX-A2001AF-1 20号 オート 屋内壁掛形,台
給湯器,パーパス GNシリーズ GN-H2401ZR 24号 フルオート 屋外据置形 エコジョーズ,台
給湯器,パーパス GNシリーズ GN-H2001ZR-1 20号 フルオート 屋外据置形 エコジョーズ,台
給湯器,パーパス GNシリーズ GN-H2401AR 24号 オート 屋外据置形 エコジョーズ,台
給湯器,パーパス GNシリーズ GN-H2001AR-1 20号 オート 屋外据置形 エコジョーズ,台
給湯器,パーパス GNシリーズ GN-2403AR 24号 オート 屋外据置形,台
給湯器,パーパス GNシリーズ GN-2003AR-1 20号 オート 屋外据置形,台
給湯器,パーパス GNシリーズ GN-A2000AE-1 20号 オート 屋内据置形,台
給湯器,長府製作所 エコジョーズガスふろ給湯器 GFK-WS2452WKX 24号 フルオートタイプ 壁掛型 屋外,台
給湯器,長府製作所 エコジョーズガスふろ給湯器 GFK-WS2052WKX 20号 フルオートタイプ 壁掛型 屋外,台
給湯器,長府製作所 エコジョーズガスふろ給湯器 GFK-WS2452WKA 24号 オートタイプ 壁掛型 屋外,台
給湯器,長府製作所 エコジョーズガスふろ給湯器 GFK-WS2052WKA 20号 オートタイプ 壁掛型 屋外,台
給湯器,長府製作所 エコジョーズガスふろ給湯器 GFK-WS2452WX 24号 フルオートタイプ 据置型 屋外,台
給湯器,長府製作所 エコジョーズガスふろ給湯器 GFK-WS2052WX 20号 フルオートタイプ 据置型 屋外,台
給湯器,長府製作所 エコジョーズガスふろ給湯器 GFK-WS2452WA 24号 オートタイプ 据置型 屋外,台
給湯器,長府製作所 エコジョーズガスふろ給湯器 GFK-WS2052WA 20号 オートタイプ 据置型 屋外,台
給湯器,長府製作所 エコジョーズガスふろ給湯器 GFK-S2452WKX 24号 フルオートタイプ 壁掛型 屋外,台
給湯器,長府製作所 エコジョーズガスふろ給湯器 GFK-S2052WKX 20号 フルオートタイプ 壁掛型 屋外,台
給湯器,長府製作所 エコジョーズガスふろ給湯器 GFK-S2452WKA 24号 オートタイプ 壁掛型 屋外,台
給湯器,長府製作所 エコジョーズガスふろ給湯器 GFK-S2052WKA 20号 オートタイプ 壁掛型 屋外,台
給湯器,長府製作所 エコジョーズガスふろ給湯器 GFK-S1652WKA 16号 オートタイプ 壁掛型 屋外,台
給湯器,長府製作所 エコジョーズガスふろ給湯器 GFK-S2052WX 20号 フルオートタイプ 据置型 屋外,台
給湯器,長府製作所 エコジョーズガスふろ給湯器 GFK-S2452WA 24号 オートタイプ 据置型 屋外,台
給湯器,長府製作所 エコジョーズガスふろ給湯器 GFK-S2052WA 20号 オートタイプ 据置型 屋外,台
給湯器,長府製作所 エコジョーズガスふろ給湯器 GFK-S2052A 20号 オートタイプ 据置型 屋外 浴そう隣接設置,台
給湯器,長府製作所 エコジョーズガスふろ給湯器 GFK-US2452WKA 24号 オートタイプ 壁掛型 屋外,台
給湯器,長府製作所 エコジョーズガスふろ給湯器 GFK-US2052WKA 20号 オートタイプ 壁掛型 屋外,台
給湯器,コロナ 石油給湯機 UKB-EF472F エコフィールEFシリーズ 水道直圧式 フルオート 屋外,台
給湯器,コロナ 石油給湯機 UKB-EF472A エコフィールEFシリーズ 水道直圧式 オート 屋外,台
給湯器,コロナ 石油給湯機 UKB-EF472B エコフィールEFシリーズ 水道直圧式 給湯+追いだき 屋外,台
給湯器,コロナ 石油給湯機 UIB-EF472V エコフィールEFシリーズ 水道直圧式 給湯専用 屋外,台
給湯器,コロナ 石油給湯機 UIB-EF472 エコフィールEFシリーズ 水道直圧式 給湯専用 屋内FF,台
給湯器,コロナ 石油給湯機 UKB-EG472F エコフィールEGシリーズ 水道直圧式 フルオート 屋外,台
給湯器,コロナ 石油給湯機 UKB-EG472A エコフィールEGシリーズ 水道直圧式 オート 屋外,台
給湯器,コロナ 石油給湯機 UIB-EG472 エコフィールEGシリーズ 水道直圧式 給湯専用 屋内FF,台
給湯器,コロナ 石油給湯機 UKB-NE462A エコフィールNEシリーズ 貯湯式 オート 屋外,台
給湯器,コロナ 石油給湯機 UIB-NE462 エコフィールNEシリーズ 貯湯式 給湯専用 屋内,台
給湯器,コロナ 石油給湯機 UKB-AG472F AGシリーズ 水道直圧式 フルオート 屋外,台
給湯器,コロナ 石油給湯機 UKB-AG472A AGシリーズ 水道直圧式 オート 屋外,台
給湯器,コロナ 石油給湯機 UKB-AG472B AGシリーズ 水道直圧式 給湯+追いだき 屋外,台
給湯器,コロナ 石油給湯機 UIB-AG472 AGシリーズ 水道直圧式 給湯専用 屋内,台
給湯器,コロナ 石油給湯機 UKB-SA472F SAシリーズ 水道直圧式 フルオート 屋外,台
給湯器,コロナ 石油給湯機 UKB-SA472A SAシリーズ 水道直圧式 オート 屋外,台
給湯器,コロナ 石油給湯機 UKB-SA382A SAシリーズ 水道直圧式 オート 屋外,台
給湯器,コロナ 石油給湯機 UKB-SA472B SAシリーズ 水道直圧式 給湯+追いだき 屋外,台
給湯器,コロナ 石油給湯機 UKB-SA382B SAシリーズ 水道直圧式 給湯+追いだき 屋外,台
給湯器,コロナ 石油給湯機 UIB-SA472 SAシリーズ 水道直圧式 給湯専用 屋内,台
給湯器,コロナ 石油給湯機 UIB-SA382 SAシリーズ 水道直圧式 給湯専用 屋内,台
給湯器,コロナ 石油給湯機 UKB-NX462A NXシリーズ 貯湯式 オート 屋外,台
給湯器,コロナ 石油給湯機 UKB-NX372A NXシリーズ 貯湯式 オート 屋外,台
給湯器,コロナ 石油給湯機 UKB-NX462B NXシリーズ 貯湯式 給湯+追いだき 屋外,台
給湯器,コロナ 石油給湯機 UKB-NX372B NXシリーズ 貯湯式 給湯+追いだき 屋外,台
給湯器,コロナ 石油給湯機 UIB-NX462 NXシリーズ 貯湯式 給湯専用 屋内,台
給湯器,コロナ 石油給湯機 UIB-NX372 NXシリーズ 貯湯式 給湯専用 屋内,台
給湯器,コロナ 石油給湯機 UKB-NX460HAR NX-Hシリーズ 高圧力型貯湯式,台
給湯器,コロナ 石油給湯機 UKB-NX460R NXシリーズ,台
給湯器,コロナ 石油給湯機 UKB-NE460HAP-S エコフィールNE-Hシリーズ,台
給湯器,コロナ 石油給湯機 UKB-NE460AP-S エコフィールNEシリーズ,台
給湯器,コロナ 石油給湯機 NX-Hシリーズ 高圧力型貯湯式,台
給湯器,コロナ 石油給湯機 エコフィールNE-Hシリーズ 高圧力型貯湯式,台
給湯器,コロナ エコキュート CHP-E37LUX1 370L フルオート マイクロバブル内蔵 高圧力,台
給湯器,コロナ エコキュート CHP-ES46LUX1 460L フルオート マイクロバブル内蔵 スリム,台
給湯器,コロナ エコキュート CHP-HXE37AZ2 370L フルオート プレミアム,台
給湯器,コロナ エコキュート CHP-HXE46AZ2 460L フルオート プレミアム,台
給湯器,コロナ エコキュート CHP-HXE37AZ1 370L フルオート プレミアム,台
給湯器,コロナ エコキュート CHP-HXE46AZ1 460L フルオート プレミアム,台
給湯器,コロナ エコキュート CHP-XE37AZ2 370L フルオート アドバンス,台
給湯器,コロナ エコキュート CHP-XE46AZ2 460L フルオート アドバンス,台
給湯器,コロナ エコキュート CHP-E37AZ2 370L フルオート 高圧力パワフル給湯ハイグレード,台
給湯器,コロナ エコキュート CHP-E46AZ2 460L フルオート 高圧力パワフル給湯ハイグレード,台
給湯器,コロナ エコキュート CHP-E37AZ1 370L フルオート 高圧力パワフル給湯ハイグレード,台
給湯器,コロナ エコキュート CHP-E46AZ1 460L フルオート 高圧力パワフル給湯ハイグレード,台
給湯器,コロナ エコキュート CHP-ES46AZ2 460L フルオート 高圧力・省スペーススリム,台
給湯器,コロナ エコキュート CHP-ES46AZ1 460L フルオート 高圧力・省スペーススリム,台
給湯器,コロナ エコキュート CHP-37AZ2 370L フルオート ハイグレード,台
給湯器,コロナ エコキュート CHP-37AZ2-2 370L フルオート ハイグレード,台
給湯器,コロナ エコキュート CHP-46AZ2 460L フルオート ハイグレード,台
給湯器,コロナ エコキュート CHP-37AZ1 370L フルオート ハイグレード,台
給湯器,コロナ エコキュート CHP-37AZ1-2 370L フルオート ハイグレード,台
給湯器,コロナ エコキュート CHP-46AZ1 460L フルオート ハイグレード,台
給湯器,コロナ エコキュート CHP-ED302AZ2 300L フルオート 薄型デザインエコ 高圧力,台
給湯器,コロナ エコキュート CHP-ED302AZ1 300L フルオート 薄型デザインエコ 高圧力,台
給湯器,コロナ エコキュート CHP-E372AZ2 370L フルオート 薄型・省スペース 高圧力,台
給湯器,コロナ エコキュート CHP-E462AZ2 460L フルオート 薄型・省スペース 高圧力,台
給湯器,コロナ エコキュート CHP-E372AZ1 370L フルオート 薄型・省スペース 高圧力,台
給湯器,コロナ エコキュート CHP-E462AZ1 460L フルオート 薄型・省スペース 高圧力,台
給湯器,コロナ エコキュート CHP-37AZ2JE 370L フルオート 耐塩害仕様,台
給湯器,コロナ エコキュート CHP-46AZ2JE 460L フルオート 耐塩害仕様,台
給湯器,コロナ エコキュート CHP-37AZ1JE 370L フルオート 耐塩害仕様,台
給湯器,コロナ エコキュート CHP-46AZ1JE 460L フルオート 耐塩害仕様,台
給湯器,コロナ エコキュート CHP-37AZ2JJ 370L フルオート 耐重塩害仕様,台
給湯器,コロナ エコキュート CHP-46AZ2JJ 460L フルオート 耐重塩害仕様,台
給湯器,コロナ エコキュート CHP-37AZ1JJ 370L フルオート 耐重塩害仕様,台
給湯器,コロナ エコキュート CHP-46AZ1JJ 460L フルオート 耐重塩害仕様,台
給湯器,コロナ エコキュート CHP-37SAZ2 370L オート スタンダード,台
給湯器,コロナ エコキュート CHP-46SAZ2 460L オート スタンダード,台
給湯器,コロナ エコキュート CHP-37SAZ1 370L オート スタンダード,台
給湯器,コロナ エコキュート CHP-46SAZ1 460L オート スタンダード,台
給湯器,コロナ エコキュート CHP-S30NZ2 300L 給湯専用 スリム,台
給湯器,コロナ エコキュート CHP-37NZ2 370L 給湯専用 スタンダード,台
給湯器,コロナ エコキュート CHP-S30NZ1 300L 給湯専用 スリム,台
給湯器,コロナ エコキュート CHP-37NZ1 370L 給湯専用 スタンダード,台
給湯器,コロナ エコキュート CHP-46NZ2 460L 給湯専用 スタンダード,台
給湯器,コロナ エコキュート CHP-46NZ1 460L 給湯専用 スタンダード,台
給湯器,コロナ エコキュート CHP-37NZ2JJ 370L 給湯専用 耐重塩害仕様,台
給湯器,コロナ エコキュート CHP-46NZ2JJ 460L 給湯専用 耐重塩害仕様,台
給湯器,コロナ エコキュート CHP-37NZ1JJ 370L 給湯専用 耐重塩害仕様,台
給湯器,コロナ エコキュート CHP-46NZ1JJ 460L 給湯専用 耐重塩害仕様,台
給湯器,コロナ エコキュート CHP-HXE37AZ2K 370L フルオート プレミアム 寒冷地,台
給湯器,コロナ エコキュート CHP-HXE46AZ2K 460L フルオート プレミアム 寒冷地,台
給湯器,コロナ エコキュート CHP-HXE37AZ1K 370L フルオート プレミアム 寒冷地,台
給湯器,コロナ エコキュート CHP-HXE46AZ1K 460L フルオート プレミアム 寒冷地,台
給湯器,コロナ エコキュート CHP-E37AZ2K 370L フルオート 高圧力ハイグレード 寒冷地,台
給湯器,コロナ エコキュート CHP-E37AZ1K 370L フルオート 高圧力ハイグレード 寒冷地,台
給湯器,コロナ エコキュート CHP-ES46AZ2K 460L フルオート 高圧力スリム 寒冷地,台
給湯器,コロナ エコキュート CHP-ES46AZ1K 460L フルオート 高圧力スリム 寒冷地,台
給湯器,コロナ エコキュート CHP-S46AZ2K 460L フルオート スリム 寒冷地,台
給湯器,コロナ エコキュート CHP-S46AZ2K-2 460L フルオート スリム 寒冷地,台
給湯器,コロナ エコキュート CHP-S46AZ1K 460L フルオート スリム 寒冷地,台
給湯器,コロナ エコキュート CHP-S46AZ1K-2 460L フルオート スリム 寒冷地,台
給湯器,コロナ エコキュート CHP-37AZ2K 370L フルオート ハイグレード 寒冷地,台
給湯器,コロナ エコキュート CHP-37AZ2K-2 370L フルオート ハイグレード 寒冷地,台
給湯器,コロナ エコキュート CHP-46AZ2K 460L フルオート ハイグレード 寒冷地,台
給湯器,コロナ エコキュート CHP-37AZ1K 370L フルオート ハイグレード 寒冷地,台
給湯器,コロナ エコキュート CHP-37AZ1K-2 370L フルオート ハイグレード 寒冷地,台
給湯器,コロナ エコキュート CHP-46AZ1K 460L フルオート ハイグレード 寒冷地,台
給湯器,コロナ エコキュート CHP-37NZ2K 370L 給湯専用 寒冷地,台
給湯器,コロナ エコキュート CHP-46NZ2K 460L 給湯専用 寒冷地,台
給湯器,コロナ エコキュート CHP-37NZ1K 370L 給湯専用 寒冷地,台
給湯器,コロナ エコキュート CHP-46NZ1K 460L 給湯専用 寒冷地,台
給湯器,コロナ エコキュート CHP-S30AZ1-12 300L フルオート スリム 集合住宅・省施工仕様,台
給湯器,コロナ エコキュート CHP-S30AZ1JE-12 300L フルオート スリム 集合住宅・耐塩害仕様,台
給湯器,コロナ エコキュート CHP-S30AZ1JJ-12 300L フルオート スリム 集合住宅・耐重塩害仕様,台
給湯器,コロナ エコキュート CHP-37AZ1-42 370L フルオート 集合住宅・標準仕様,台
給湯器,コロナ エコキュート CHP-37AZ1E-42 370L フルオート 集合住宅・耐塩害仕様,台
給湯器,コロナ 電気温水器 UWH-46X2A2U-2 460L フルオート,台
給湯器,コロナ 電気温水器 UWH-37X2A2U-2 370L フルオート,台
給湯器,コロナ 電気温水器 UWH-46X2A2U-12 460L フルオート 省施工,台
給湯器,コロナ 電気温水器 UWH-37X2A2U-12 370L フルオート 省施工,台
給湯器,コロナ 電気温水器 UWH-46SX1A2U 460L フルオート スリム,台
給湯器,コロナ 電気温水器 UWH-46X1SA2U 460L オート,台
給湯器,コロナ 電気温水器 UWH-37X1SA2U 370L オート,台
給湯器,コロナ 電気温水器 UWH-30X1SA2U 300L オート,台
給湯器,コロナ 電気温水器 UWH-46SX1SA2U 460L オート スリム,台
給湯器,コロナ 電気温水器 UWH-18X1SA1U 185L オート スリム 受注生産,台
給湯器,コロナ 電気温水器 UWH-37X1N2U 370L 給湯専用,台
給湯器,コロナ 電気温水器 UWH-30X1N2U 300L 給湯専用,台
給湯器,コロナ 電気温水器 UWH-37X1N1L2 370L 給湯専用 受注生産,台
給湯器,コロナ 電気温水器 UWH-46SX1N2U 460L 給湯専用 スリム,台
給湯器,コロナ 電気温水器 UWH-18X1N1L2 185L 給湯専用 スリム 受注生産,台
給湯器,長府製作所 エコフィール 水道直圧式 給湯+強制追いだき,台
給湯器,長府製作所 エコフィール 減圧式標準圧力型,台
給湯器,長府製作所 石油給湯器 全カテゴリ,台
給湯器,長府製作所 エコキュート 一般地仕様,台
給湯器,長府製作所 エコキュート 塩害地仕様,台
給湯器,長府製作所 エコキュート 寒冷地仕様,台
給湯器,長府製作所 おひさまエコキュート,台
給湯器,長府製作所 電気温水器,台
給湯器,ノーリツ 石油ふろ給湯機 OTQ-C06シリーズ エコフィール,台
給湯器,ノーリツ 石油ふろ給湯機 OTQ-CG06シリーズ エコフィール,台
給湯器,ノーリツ 石油ふろ給湯機 OTX-CHシリーズ エコフィール,台
給湯器,ノーリツ 石油ふろ給湯機 OTQ-06シリーズ,台
給湯器,ノーリツ 石油ふろ給湯機 OTQ-G06シリーズ,台
給湯器,ノーリツ 石油ふろ給湯機 OTX-Hシリーズ,台
給湯器,ノーリツ 石油ふろ給湯機 OTXシリーズ,台
給湯器,ノーリツ 石油給湯機 OQB-C06シリーズ エコフィール 給湯専用 4万キロ,台
給湯器,ノーリツ 石油給湯機 OQB-C4711シリーズ エコフィール 給湯専用 4万キロ,台
給湯器,ノーリツ 石油給湯機 OQB-CG06シリーズ エコフィール 給湯専用 4万キロ,台
給湯器,ノーリツ 石油給湯機 OX-CHシリーズ エコフィール セミ貯湯式高圧力型 4万キロ,台
給湯器,ノーリツ 石油給湯機 OX-Cシリーズ エコフィール セミ貯湯式 4万キロ,台
給湯器,ノーリツ 石油給湯機 OQB-06シリーズ 標準 給湯専用 3万キロ,台
給湯器,ノーリツ 石油給湯機 OQB-G06シリーズ 標準 給湯専用 3万キロ,台
給湯器,ノーリツ 石油給湯機 OX-Hシリーズ 標準 セミ貯湯式 4万キロ,台
給湯器,ノーリツ 石油給湯機 OXシリーズ 標準 セミ貯湯式 3万キロ,台
給湯器,ノーリツ 石油給湯機 OQB-C4706Y エコフィール 給湯専用,台
給湯器,ノーリツ 石油給湯機 OQB-C4711WS エコフィール 給湯専用,台
給湯器,ノーリツ 石油給湯機 OQB-CG4706WFF エコフィール 給湯専用 FF式,台
給湯器,ノーリツ 石油給湯機 OX-CH4502YSV エコフィール セミ貯湯式高圧力型 給湯専用,台
給湯器,パナソニック エコキュート HE-JPU37LQS 370L ウルトラ高圧フルオート JPシリーズ,台
給湯器,パナソニック エコキュート HE-JPU46LQS 460L ウルトラ高圧フルオート JPシリーズ,台
給湯器,パナソニック エコキュート HE-JU37LQS 370L ウルトラ高圧フルオート Jシリーズ,台
給湯器,パナソニック エコキュート HE-JU46LQS 460L ウルトラ高圧フルオート Jシリーズ,台
給湯器,パナソニック エコキュート HE-N37LQS 370L フルオート Nシリーズ,台
給湯器,パナソニック エコキュート HE-N46LQS 460L フルオート Nシリーズ,台
給湯器,パナソニック エコキュート HE-S37LQS 370L 高圧フルオート Sシリーズ,台
給湯器,パナソニック エコキュート HE-S46LQS 460L 高圧フルオート Sシリーズ,台
給湯器,パナソニック エコキュート HE-WU37LQS 370L 薄型パワフル高圧フルオート Wシリーズ,台
給湯器,パナソニック エコキュート HE-WU46LQS 460L 薄型パワフル高圧フルオート Wシリーズ,台
給湯器,パナソニック エコキュート HE-J37LQS 370L 高圧フルオート Jシリーズ,台
給湯器,パナソニック エコキュート HE-J46LQS 460L 高圧フルオート Jシリーズ,台
給湯器,パナソニック エコキュート HE-C30LQS 300L 高圧フルオート Cシリーズ,台
給湯器,パナソニック エコキュート HE-B56HQS 560L 高圧フルオート Bシリーズ,台
給湯器,パナソニック エコキュート HE-W46LQS 460L 薄型高圧フルオート Wシリーズ,台
給湯器,パナソニック エコキュート HE-W37LQS 370L 薄型高圧フルオート Wシリーズ,台
給湯器,パナソニック エコキュート HE-H46LQS 460L 薄型高圧フルオート Hシリーズ,台
給湯器,パナソニック エコキュート HE-H37LQS 370L 薄型高圧フルオート Hシリーズ,台
給湯器,パナソニック エコキュート HE-V20HQCS 195L コンパクト高圧フルオート Vシリーズ,台
給湯器,パナソニック エコキュート HE-D46FQS 460L 床暖房機能付高圧フルオート DFシリーズ,台
給湯器,パナソニック エコキュート HE-D37FQS 370L 床暖房機能付高圧フルオート DFシリーズ,台
給湯器,パナソニック エコキュート HE-FPU46LQS 460L ウルトラ高圧フルオート FPシリーズ 寒冷地,台
給湯器,パナソニック エコキュート HE-FPU37LQS 370L ウルトラ高圧フルオート FPシリーズ 寒冷地,台
給湯器,パナソニック エコキュート HE-FU46LQS 460L ウルトラ高圧フルオート Fシリーズ 寒冷地,台
給湯器,パナソニック エコキュート HE-FU37LQS 370L ウルトラ高圧フルオート Fシリーズ 寒冷地,台
給湯器,パナソニック エコキュート HE-F46LQS 460L 高圧フルオート Fシリーズ 寒冷地,台
給湯器,パナソニック エコキュート HE-F37LQS 370L 高圧フルオート Fシリーズ 寒冷地,台
給湯器,パナソニック エコキュート HE-LS46LQS 460L 高圧フルオート LSシリーズ 寒冷地,台
給湯器,パナソニック エコキュート HE-LS37LQS 370L 高圧フルオート LSシリーズ 寒冷地,台
給湯器,パナソニック エコキュート HE-F46LZMS 460L 給湯専用 Fシリーズ 寒冷地,台
給湯器,パナソニック エコキュート HE-F37LZMS 370L 給湯専用 Fシリーズ 寒冷地,台
給湯器,パナソニック エコキュート HE-F46LQES 460L 高圧フルオート Fシリーズ 寒冷地・耐塩害仕様,台
給湯器,パナソニック エコキュート HE-F37LQES 370L 高圧フルオート Fシリーズ 寒冷地・耐塩害仕様,台
給湯器,パナソニック エコキュート HE-SU37LQES 370L ウルトラ高圧フルオート Sシリーズ 耐塩害仕様,台
給湯器,パナソニック エコキュート HE-SU46LQES 460L ウルトラ高圧フルオート Sシリーズ 耐塩害仕様,台
給湯器,パナソニック エコキュート HE-J37LQES 370L 高圧フルオート Jシリーズ 耐塩害仕様,台
給湯器,パナソニック エコキュート HE-J46LQES 460L 高圧フルオート Jシリーズ 耐塩害仕様,台
給湯器,パナソニック エコキュート HE-C30LQES 300L 高圧フルオート Cシリーズ 耐塩害仕様,台
給湯器,パナソニック エコキュート HE-S37LQES 370L 高圧フルオート Sシリーズ 耐塩害仕様,台
給湯器,パナソニック エコキュート HE-S46LQES 460L 高圧フルオート Sシリーズ 耐塩害仕様,台
給湯器,パナソニック エコキュート HE-D46FQES 460L 床暖房機能付高圧フルオート DFシリーズ 耐塩害仕様,台
給湯器,パナソニック エコキュート HE-D37FQES 370L 床暖房機能付高圧フルオート DFシリーズ 耐塩害仕様,台
給湯器,パナソニック おひさまエコキュート HE-YU37LQV 370L ウルトラ高圧フルオート Yシリーズ,台
給湯器,パナソニック おひさまエコキュート HE-YU46LQV 460L ウルトラ高圧フルオート Yシリーズ,台
給湯器,パナソニック おひさまエコキュート HE-YWU46LQV 460L 薄型パワフル高圧フルオート YWシリーズ,台
給湯器,パナソニック おひさまエコキュート HE-YWU37LQV 370L 薄型パワフル高圧フルオート YWシリーズ,台
給湯器,パナソニック おひさまエコキュート HE-Y37LQV 370L 高圧フルオート Yシリーズ,台
給湯器,パナソニック おひさまエコキュート HE-Y46LQV 460L 高圧フルオート Yシリーズ,台
給湯器,パナソニック おひさまエコキュート HE-YL37LQV 370L 高圧フルオート YLシリーズ 寒冷地,台
給湯器,パナソニック おひさまエコキュート HE-YL46LQV 460L 高圧フルオート YLシリーズ 寒冷地,台
給湯器,パナソニック エコキュート HE-SU46LQS 460L ウルトラ高圧フルオート Sシリーズ,台
給湯器,パナソニック エコキュート HE-SU46LQMS 460L ウルトラ高圧フルオート Sシリーズ,台
給湯器,パナソニック エコキュート HE-S46LQMS 460L 高圧フルオート Sシリーズ,台
給湯器,パナソニック エコキュート HE-J46LSS 460L セミオート Jシリーズ,台
給湯器,パナソニック エコキュート HE-J46LSMS 460L セミオート Jシリーズ,台
給湯器,パナソニック エコキュート HE-J46LZS 460L 給湯専用 Jシリーズ,台
給湯器,パナソニック エコキュート HE-J46LZMS 460L 給湯専用 Jシリーズ,台
給湯器,三菱電機 エコキュート Pシリーズ 一般地向け,台
給湯器,三菱電機 エコキュート Sシリーズ 一般地向け,台
給湯器,三菱電機 エコキュート Vシリーズ 180L-550L 一般地/寒冷地/コンパクト/薄型,台
給湯器,ダイキン エコキュート フルオートタイプ 460L 角型 パワフル高圧330kPa,台
給湯器,ダイキン エコキュート フルオートタイプ 370L 角型,台
給湯器,ダイキン エコキュート フルオートタイプ 薄型,台
給湯器,ダイキン エコキュート オートタイプ,台
給湯器,ダイキン エコキュート 給湯専用らくタイプ,台
給湯器,日立 エコキュート BHP-FG37XU フルオート FGタイプ 一般地仕様,台
給湯器,東芝 エコキュート ESTIA HWH-B376HW-R フルオート,台
給湯器,東芝 エコキュート ESTIA HWH-B466N-R フルオート,台
給湯器,東芝 エコキュート ESTIA HWH-F376H-R フルオート,台
給湯器,東芝 エコキュート ESTIA HWH-B466H フルオート,台
給湯器,東芝 エコキュート ESTIA HWH-B466H-GZ 耐重塩害仕様,台
