"item_id","category","item_name","unit","verification_method","evidence_url","verified_date","round"
"669e106bf41d","給湯器","コロナ エコキュート CHP-37AY4 370L","台","catalog-2026-07","https://www.seikatsu-do.com/water-heater/ecocute/corona/370l/CHP-37AY4/","2026-07-21","R1/R2昇格"
"4eb62f2f3422","給湯器","コロナ 石油給湯器（屋外型）","台","catalog-2026-07","https://www.corona.co.jp/oil_hot-water/nx/lineup.html","2026-07-21","R1/R2昇格"
"6be9b434e07b","給湯器","コロナ 石油給湯器（水道直圧）","台","catalog-2026-07","https://www.corona.co.jp/oil_hot-water/nx/lineup.html","2026-07-21","R1/R2昇格"
"4f8a7fee9ed7","給湯器","ダイキン エコキュート EQ37VFV 370L","台","catalog-2026-07","https://www.ac.daikin.co.jp/sumai/alldenka/ecocute/lineup","2026-07-21","R1/R2昇格"
"036f0475902c","給湯器","ノーリツ GT-C1662SAWX 16号","台","catalog-2026-07","https://www.kyutooki.com/gas/products_detail/?product_code=GT-C2462SAWX-2+BL","2026-07-21","R1/R2昇格"
"7c14965db70f","給湯器","ノーリツ GT-C2052SAWX 20号","台","catalog-2026-07","https://www.kyutooki.com/gas/products_detail/?product_code=GT-C2462SAWX-2+BL","2026-07-21","R1/R2昇格"
"ba9b1366b4d0","給湯器","ノーリツ GT-C2462SAWX 24号","台","catalog-2026-07","https://www.kyutooki.com/gas/products_detail/?product_code=GT-C2462SAWX-2+BL","2026-07-21","R1/R2昇格"
"0f20873f8623","給湯器","ノーリツ 給湯器 16号 LPガス ふろ給湯 フルオート","台","catalog-2026-07","https://www.noritz.co.jp/product/kyutou_bath/gas/gasfuro_eco/gasfuro_c72.html","2026-07-21","R1/R2昇格"
"d9627ac76b9c","給湯器","ノーリツ 給湯器 16号 LPガス ふろ給湯 追い炊き付き","台","catalog-2026-07","https://www.noritz.co.jp/product/kyutou_bath/gas/gasfuro_eco/gasfuro_c72.html","2026-07-21","R1/R2昇格"
"85c48dd52d93","給湯器","ノーリツ 給湯器 16号 LPガス 給湯専用","台","catalog-2026-07","https://www.noritz.co.jp/product/kyutou_bath/gas/gasfuro_eco/gasfuro_c72.html","2026-07-21","R1/R2昇格"
"73a94f2effd3","給湯器","ノーリツ 給湯器 16号 エコジョーズ追い焚き付き","台","catalog-2026-07","https://www.noritz.co.jp/product/kyutou_bath/gas/gasfuro_eco/gasfuro_c72.html","2026-07-21","R1/R2昇格"
"4bd67393bfc6","給湯器","ノーリツ 給湯器 16号 標準","台","catalog-2026-07","https://www.noritz.co.jp/product/kyutou_bath/gas/gasfuro_eco/gasfuro_c72.html","2026-07-21","R1/R2昇格"
"c5ac290442e8","給湯器","ノーリツ 給湯器 16号 都市ガス 13A ふろ給湯 フルオート","台","catalog-2026-07","https://www.noritz.co.jp/product/kyutou_bath/gas/gasfuro_eco/gasfuro_c72.html","2026-07-21","R1/R2昇格"
"cfcb26a6d247","給湯器","ノーリツ 給湯器 16号 都市ガス 13A ふろ給湯 追い炊き付き","台","catalog-2026-07","https://www.noritz.co.jp/product/kyutou_bath/gas/gasfuro_eco/gasfuro_c72.html","2026-07-21","R1/R2昇格"
"13cffd7f8a40","給湯器","ノーリツ 給湯器 16号 都市ガス 13A 給湯専用","台","catalog-2026-07","https://www.noritz.co.jp/product/kyutou_bath/gas/gasfuro_eco/gasfuro_c72.html","2026-07-21","R1/R2昇格"
"a2d44247c250","給湯器","ノーリツ 給湯器 20号 LPガス ふろ給湯 フルオート","台","catalog-2026-07","https://www.noritz.co.jp/product/kyutou_bath/gas/gasfuro_eco/gasfuro_c72.html","2026-07-21","R1/R2昇格"
"a79e85078464","給湯器","ノーリツ 給湯器 20号 LPガス ふろ給湯 追い炊き付き","台","catalog-2026-07","https://www.noritz.co.jp/product/kyutou_bath/gas/gasfuro_eco/gasfuro_c72.html","2026-07-21","R1/R2昇格"
"70c3e0f12549","給湯器","ノーリツ 給湯器 20号 LPガス 給湯専用","台","catalog-2026-07","https://www.noritz.co.jp/product/kyutou_bath/gas/gasfuro_eco/gasfuro_c72.html","2026-07-21","R1/R2昇格"
"bd60e2393878","給湯器","ノーリツ 給湯器 20号 エコジョーズ追い焚き付き","台","catalog-2026-07","https://www.noritz.co.jp/product/kyutou_bath/gas/gasfuro_eco/gasfuro_c72.html","2026-07-21","R1/R2昇格"
"83cde1024693","給湯器","ノーリツ 給湯器 20号 標準","台","catalog-2026-07","https://www.noritz.co.jp/product/kyutou_bath/gas/gasfuro_eco/gasfuro_c72.html","2026-07-21","R1/R2昇格"
"2d4eb5be9d4d","給湯器","ノーリツ 給湯器 20号 都市ガス 13A ふろ給湯 フルオート","台","catalog-2026-07","https://www.noritz.co.jp/product/kyutou_bath/gas/gasfuro_eco/gasfuro_c72.html","2026-07-21","R1/R2昇格"
"da3b8311a2e8","給湯器","ノーリツ 給湯器 20号 都市ガス 13A ふろ給湯 追い炊き付き","台","catalog-2026-07","https://www.noritz.co.jp/product/kyutou_bath/gas/gasfuro_eco/gasfuro_c72.html","2026-07-21","R1/R2昇格"
"372ecbb71801","給湯器","ノーリツ 給湯器 20号 都市ガス 13A 給湯専用","台","catalog-2026-07","https://www.noritz.co.jp/product/kyutou_bath/gas/gasfuro_eco/gasfuro_c72.html","2026-07-21","R1/R2昇格"
"44b9a1e90e7e","給湯器","ノーリツ 給湯器 24号 LPガス ふろ給湯 フルオート","台","catalog-2026-07","https://www.noritz.co.jp/product/kyutou_bath/gas/gasfuro_eco/gasfuro_c72.html","2026-07-21","R1/R2昇格"
"f8d0ba412d71","給湯器","ノーリツ 給湯器 24号 LPガス ふろ給湯 追い炊き付き","台","catalog-2026-07","https://www.noritz.co.jp/product/kyutou_bath/gas/gasfuro_eco/gasfuro_c72.html","2026-07-21","R1/R2昇格"
"50ecf45d09f3","給湯器","ノーリツ 給湯器 24号 LPガス 給湯専用","台","catalog-2026-07","https://www.noritz.co.jp/product/kyutou_bath/gas/gasfuro_eco/gasfuro_c72.html","2026-07-21","R1/R2昇格"
"12f5850e23d3","給湯器","ノーリツ 給湯器 24号 エコジョーズ追い焚き付き","台","catalog-2026-07","https://www.noritz.co.jp/product/kyutou_bath/gas/gasfuro_eco/gasfuro_c72.html","2026-07-21","R1/R2昇格"
"4dc8e78b1576","給湯器","ノーリツ 給湯器 24号 標準","台","catalog-2026-07","https://www.noritz.co.jp/product/kyutou_bath/gas/gasfuro_eco/gasfuro_c72.html","2026-07-21","R1/R2昇格"
"aff4eb81d2ba","給湯器","ノーリツ 給湯器 24号 都市ガス 13A ふろ給湯 フルオート","台","catalog-2026-07","https://www.noritz.co.jp/product/kyutou_bath/gas/gasfuro_eco/gasfuro_c72.html","2026-07-21","R1/R2昇格"
"2a4d0ca609ea","給湯器","ノーリツ 給湯器 24号 都市ガス 13A ふろ給湯 追い炊き付き","台","catalog-2026-07","https://www.noritz.co.jp/product/kyutou_bath/gas/gasfuro_eco/gasfuro_c72.html","2026-07-21","R1/R2昇格"
"ec982f6e21b8","給湯器","ノーリツ 給湯器 24号 都市ガス 13A 給湯専用","台","catalog-2026-07","https://www.noritz.co.jp/product/kyutou_bath/gas/gasfuro_eco/gasfuro_c72.html","2026-07-21","R1/R2昇格"
"3c8ce2fee1f4","給湯器","ノーリツ 給湯器（16号 エコジョーズ追い焚き）","台","catalog-2026-07","https://www.noritz.co.jp/product/kyutou_bath/gas/gasfuro_eco/gasfuro_c72.html","2026-07-21","R1/R2昇格"
"9186c340dfcf","給湯器","ノーリツ 給湯器（16号 エコジョーズ）","台","catalog-2026-07","https://www.noritz.co.jp/product/kyutou_bath/gas/gasfuro_eco/gasfuro_c72.html","2026-07-21","R1/R2昇格"
"387744d42bcb","給湯器","ノーリツ 給湯器（16号 標準）","台","catalog-2026-07","https://www.noritz.co.jp/product/kyutou_bath/gas/gasfuro_eco/gasfuro_c72.html","2026-07-21","R1/R2昇格"
"8677c985366a","給湯器","ノーリツ 給湯器（20号 エコジョーズ追い焚き）","台","catalog-2026-07","https://www.noritz.co.jp/product/kyutou_bath/gas/gasfuro_eco/gasfuro_c72.html","2026-07-21","R1/R2昇格"
"035e386ebc3d","給湯器","ノーリツ 給湯器（20号 エコジョーズ）","台","catalog-2026-07","https://www.noritz.co.jp/product/kyutou_bath/gas/gasfuro_eco/gasfuro_c72.html","2026-07-21","R1/R2昇格"
"b230acd5c29f","給湯器","ノーリツ 給湯器（20号 標準）","台","catalog-2026-07","https://www.noritz.co.jp/product/kyutou_bath/gas/gasfuro_eco/gasfuro_c72.html","2026-07-21","R1/R2昇格"
"ed1a8197d6d9","給湯器","ノーリツ 給湯器（24号 エコジョーズ追い焚き）","台","catalog-2026-07","https://www.noritz.co.jp/product/kyutou_bath/gas/gasfuro_eco/gasfuro_c72.html","2026-07-21","R1/R2昇格"
"d46ae8211967","給湯器","ノーリツ 給湯器（24号 エコジョーズ）","台","catalog-2026-07","https://www.noritz.co.jp/product/kyutou_bath/gas/gasfuro_eco/gasfuro_c72.html","2026-07-21","R1/R2昇格"
"23eac85c600a","給湯器","ノーリツ 給湯器（24号 標準）","台","catalog-2026-07","https://www.noritz.co.jp/product/kyutou_bath/gas/gasfuro_eco/gasfuro_c72.html","2026-07-21","R1/R2昇格"
"97b49083f440","給湯器","パナソニック エコキュート HE-J37LQS 370L","台","catalog-2026-07","https://panasonic.jp/ecocute/products/HE-J37LQS.html","2026-07-21","R1/R2昇格"
"87bd537bcace","給湯器","パロマ PH-2015AW 20号","台","catalog-2026-07","https://www.kyutooki.com/gas/products_detail/?product_code=PH-2015AW","2026-07-21","R1/R2昇格"
"d92cd5ae51ea","給湯器","パロマ PH-2415AW 24号","台","catalog-2026-07","https://www.kyutooki.com/gas/products_detail/?product_code=PH-2015AW","2026-07-21","R1/R2昇格"
"3bd30563ddb3","給湯器","パロマ 給湯器 16号 LPガス ふろ給湯 フルオート","台","catalog-2026-07","https://www.paloma.co.jp/","2026-07-21","R1/R2昇格"
"e7c8958eadf7","給湯器","パロマ 給湯器 16号 LPガス ふろ給湯 追い炊き付き","台","catalog-2026-07","https://www.paloma.co.jp/","2026-07-21","R1/R2昇格"
"9a57e35edf07","給湯器","パロマ 給湯器 16号 LPガス 給湯専用","台","catalog-2026-07","https://www.paloma.co.jp/","2026-07-21","R1/R2昇格"
"dc9c0b21cc77","給湯器","パロマ 給湯器 16号 都市ガス 13A ふろ給湯 フルオート","台","catalog-2026-07","https://www.paloma.co.jp/","2026-07-21","R1/R2昇格"
"3c3b2fdb06da","給湯器","パロマ 給湯器 16号 都市ガス 13A ふろ給湯 追い炊き付き","台","catalog-2026-07","https://www.paloma.co.jp/","2026-07-21","R1/R2昇格"
"eaddcecdc994","給湯器","パロマ 給湯器 16号 都市ガス 13A 給湯専用","台","catalog-2026-07","https://www.paloma.co.jp/","2026-07-21","R1/R2昇格"
"c0016c49f9ae","給湯器","パロマ 給湯器 20号 LPガス ふろ給湯 フルオート","台","catalog-2026-07","https://www.paloma.co.jp/","2026-07-21","R1/R2昇格"
"5ff8a0b9d929","給湯器","パロマ 給湯器 20号 LPガス ふろ給湯 追い炊き付き","台","catalog-2026-07","https://www.paloma.co.jp/","2026-07-21","R1/R2昇格"
"d38b3caa1bf5","給湯器","パロマ 給湯器 20号 LPガス 給湯専用","台","catalog-2026-07","https://www.paloma.co.jp/","2026-07-21","R1/R2昇格"
"41b592a62363","給湯器","パロマ 給湯器 20号 都市ガス 13A ふろ給湯 フルオート","台","catalog-2026-07","https://www.paloma.co.jp/","2026-07-21","R1/R2昇格"
"375fbcb5f2dd","給湯器","パロマ 給湯器 20号 都市ガス 13A ふろ給湯 追い炊き付き","台","catalog-2026-07","https://www.paloma.co.jp/","2026-07-21","R1/R2昇格"
"31c4dcdcd5ca","給湯器","パロマ 給湯器 20号 都市ガス 13A 給湯専用","台","catalog-2026-07","https://www.paloma.co.jp/","2026-07-21","R1/R2昇格"
"092d13f3bf96","給湯器","パロマ 給湯器 24号 LPガス ふろ給湯 フルオート","台","catalog-2026-07","https://www.paloma.co.jp/","2026-07-21","R1/R2昇格"
"95a89ef0f8c0","給湯器","パロマ 給湯器 24号 LPガス ふろ給湯 追い炊き付き","台","catalog-2026-07","https://www.paloma.co.jp/","2026-07-21","R1/R2昇格"
"945518524fee","給湯器","パロマ 給湯器 24号 LPガス 給湯専用","台","catalog-2026-07","https://www.paloma.co.jp/","2026-07-21","R1/R2昇格"
"f84aa16eae95","給湯器","パロマ 給湯器 24号 都市ガス 13A ふろ給湯 フルオート","台","catalog-2026-07","https://www.paloma.co.jp/","2026-07-21","R1/R2昇格"
"acd5b1894bac","給湯器","パロマ 給湯器 24号 都市ガス 13A ふろ給湯 追い炊き付き","台","catalog-2026-07","https://www.paloma.co.jp/","2026-07-21","R1/R2昇格"
"8e91f8919524","給湯器","パロマ 給湯器 24号 都市ガス 13A 給湯専用","台","catalog-2026-07","https://www.paloma.co.jp/","2026-07-21","R1/R2昇格"
"026117a2fd1b","給湯器","パーパス 給湯器 16号 エコジョーズ追い焚き付き","台","catalog-2026-07","https://www.purpose.co.jp/home/waterheater/gx_gn","2026-07-21","R1/R2昇格"
"2235212cc407","給湯器","パーパス 給湯器 16号 標準","台","catalog-2026-07","https://www.purpose.co.jp/home/waterheater/gx_gn","2026-07-21","R1/R2昇格"
"37a011600326","給湯器","パーパス 給湯器 20号 エコジョーズ追い焚き付き","台","catalog-2026-07","https://www.purpose.co.jp/home/waterheater/gx_gn","2026-07-21","R1/R2昇格"
"b54d49e849e6","給湯器","パーパス 給湯器 20号 標準","台","catalog-2026-07","https://www.purpose.co.jp/home/waterheater/gx_gn","2026-07-21","R1/R2昇格"
"8cac43ea0f96","給湯器","パーパス 給湯器 24号 エコジョーズ追い焚き付き","台","catalog-2026-07","https://www.purpose.co.jp/home/waterheater/gx_gn","2026-07-21","R1/R2昇格"
"d6fc5a46cb60","給湯器","パーパス 給湯器 24号 標準","台","catalog-2026-07","https://www.purpose.co.jp/home/waterheater/gx_gn","2026-07-21","R1/R2昇格"
"55807b22cfca","給湯器","パーパス 給湯器（16号 エコジョーズ追い焚き）","台","catalog-2026-07","https://www.purpose.co.jp/home/waterheater/gx_gn","2026-07-21","R1/R2昇格"
"996d3ce711fe","給湯器","パーパス 給湯器（16号 エコジョーズ）","台","catalog-2026-07","https://www.purpose.co.jp/home/waterheater/gx_gn","2026-07-21","R1/R2昇格"
"b75cd9a0fcc1","給湯器","パーパス 給湯器（16号 標準）","台","catalog-2026-07","https://www.purpose.co.jp/home/waterheater/gx_gn","2026-07-21","R1/R2昇格"
"72da35dc8dca","給湯器","パーパス 給湯器（20号 エコジョーズ追い焚き）","台","catalog-2026-07","https://www.purpose.co.jp/home/waterheater/gx_gn","2026-07-21","R1/R2昇格"
"a8ef602ac2b1","給湯器","パーパス 給湯器（20号 エコジョーズ）","台","catalog-2026-07","https://www.purpose.co.jp/home/waterheater/gx_gn","2026-07-21","R1/R2昇格"
"d37ece7a5a02","給湯器","パーパス 給湯器（20号 標準）","台","catalog-2026-07","https://www.purpose.co.jp/home/waterheater/gx_gn","2026-07-21","R1/R2昇格"
"d000fc7a1ed8","給湯器","パーパス 給湯器（24号 エコジョーズ追い焚き）","台","catalog-2026-07","https://www.purpose.co.jp/home/waterheater/gx_gn","2026-07-21","R1/R2昇格"
"080bcdb8fc97","給湯器","パーパス 給湯器（24号 エコジョーズ）","台","catalog-2026-07","https://www.purpose.co.jp/home/waterheater/gx_gn","2026-07-21","R1/R2昇格"
"de70bc20bbe8","給湯器","パーパス 給湯器（24号 標準）","台","catalog-2026-07","https://www.purpose.co.jp/home/waterheater/gx_gn","2026-07-21","R1/R2昇格"
"069cccf8916b","給湯器","リンナイ RUF-A1615SAW 16号","台","catalog-2026-07","https://www.rinnai-style.jp/bathroom/bathroom-cat5/24-2292.html","2026-07-21","R1/R2昇格"
"e0932ae63844","給湯器","リンナイ RUF-A2005SAW 20号","台","catalog-2026-07","https://www.rinnai-style.jp/bathroom/bathroom-cat5/24-2292.html","2026-07-21","R1/R2昇格"
"fe7e7e26d8a1","給湯器","リンナイ RUF-A2405SAW 24号","台","catalog-2026-07","https://www.rinnai-style.jp/bathroom/bathroom-cat5/24-2292.html","2026-07-21","R1/R2昇格"
"9b193b229829","給湯器","リンナイ 給湯器 16号 LPガス ふろ給湯 フルオート","台","catalog-2026-07","https://rinnai.jp/products/","2026-07-21","R1/R2昇格"
"722429594da0","給湯器","リンナイ 給湯器 16号 LPガス ふろ給湯 追い炊き付き","台","catalog-2026-07","https://rinnai.jp/products/","2026-07-21","R1/R2昇格"
"24573f2aa6c1","給湯器","リンナイ 給湯器 16号 LPガス 給湯専用","台","catalog-2026-07","https://rinnai.jp/products/","2026-07-21","R1/R2昇格"
"a08f322aa35a","給湯器","リンナイ 給湯器 16号 エコジョーズ追い焚き付き","台","catalog-2026-07","https://rinnai.jp/products/","2026-07-21","R1/R2昇格"
"b701d13f91ce","給湯器","リンナイ 給湯器 16号 標準","台","catalog-2026-07","https://rinnai.jp/products/","2026-07-21","R1/R2昇格"
"0bafb40d8e61","給湯器","リンナイ 給湯器 16号 都市ガス 13A ふろ給湯 フルオート","台","catalog-2026-07","https://rinnai.jp/products/","2026-07-21","R1/R2昇格"
"1b8dd8712848","給湯器","リンナイ 給湯器 16号 都市ガス 13A ふろ給湯 追い炊き付き","台","catalog-2026-07","https://rinnai.jp/products/","2026-07-21","R1/R2昇格"
"bf516fd5d3f2","給湯器","リンナイ 給湯器 16号 都市ガス 13A 給湯専用","台","catalog-2026-07","https://rinnai.jp/products/","2026-07-21","R1/R2昇格"
"fc8b58082a20","給湯器","リンナイ 給湯器 20号 LPガス ふろ給湯 フルオート","台","catalog-2026-07","https://rinnai.jp/products/","2026-07-21","R1/R2昇格"
"821974432c47","給湯器","リンナイ 給湯器 20号 LPガス ふろ給湯 追い炊き付き","台","catalog-2026-07","https://rinnai.jp/products/","2026-07-21","R1/R2昇格"
"e9c102b3840a","給湯器","リンナイ 給湯器 20号 LPガス 給湯専用","台","catalog-2026-07","https://rinnai.jp/products/","2026-07-21","R1/R2昇格"
"678cc244b863","給湯器","リンナイ 給湯器 20号 エコジョーズ追い焚き付き","台","catalog-2026-07","https://rinnai.jp/products/","2026-07-21","R1/R2昇格"
"486887803b55","給湯器","リンナイ 給湯器 20号 標準","台","catalog-2026-07","https://rinnai.jp/products/","2026-07-21","R1/R2昇格"
"782a78d27fec","給湯器","リンナイ 給湯器 20号 都市ガス 13A ふろ給湯 フルオート","台","catalog-2026-07","https://rinnai.jp/products/","2026-07-21","R1/R2昇格"
"21a630a44d4e","給湯器","リンナイ 給湯器 20号 都市ガス 13A ふろ給湯 追い炊き付き","台","catalog-2026-07","https://rinnai.jp/products/","2026-07-21","R1/R2昇格"
"e6cbf337172f","給湯器","リンナイ 給湯器 20号 都市ガス 13A 給湯専用","台","catalog-2026-07","https://rinnai.jp/products/","2026-07-21","R1/R2昇格"
"0d0da3b021a0","給湯器","リンナイ 給湯器 24号 LPガス ふろ給湯 フルオート","台","catalog-2026-07","https://rinnai.jp/products/","2026-07-21","R1/R2昇格"
"5cfe815f94f2","給湯器","リンナイ 給湯器 24号 LPガス ふろ給湯 追い炊き付き","台","catalog-2026-07","https://rinnai.jp/products/","2026-07-21","R1/R2昇格"
"fbb9735f2945","給湯器","リンナイ 給湯器 24号 LPガス 暖房熱源機","台","catalog-2026-07","https://kakaku.com/","2026-07-21","R1/R2昇格"
"35e1d71644cb","給湯器","リンナイ 給湯器 24号 LPガス 給湯専用","台","catalog-2026-07","https://rinnai.jp/products/","2026-07-21","R1/R2昇格"
"d4e1e1b277af","給湯器","リンナイ 給湯器 24号 エコジョーズ追い焚き付き","台","catalog-2026-07","https://rinnai.jp/products/","2026-07-21","R1/R2昇格"
"37711ed77c29","給湯器","リンナイ 給湯器 24号 標準","台","catalog-2026-07","https://rinnai.jp/products/","2026-07-21","R1/R2昇格"
"58d9c9aa557b","給湯器","リンナイ 給湯器 24号 都市ガス 13A ふろ給湯 フルオート","台","catalog-2026-07","https://rinnai.jp/products/","2026-07-21","R1/R2昇格"
"7eb4b455bbbc","給湯器","リンナイ 給湯器 24号 都市ガス 13A ふろ給湯 追い炊き付き","台","catalog-2026-07","https://rinnai.jp/products/","2026-07-21","R1/R2昇格"
"6704d9c52535","給湯器","リンナイ 給湯器 24号 都市ガス 13A 暖房熱源機","台","catalog-2026-07","https://kakaku.com/","2026-07-21","R1/R2昇格"
"6242601814fb","給湯器","リンナイ 給湯器 24号 都市ガス 13A 給湯専用","台","catalog-2026-07","https://rinnai.jp/products/","2026-07-21","R1/R2昇格"
"f3b2c2c6144e","給湯器","リンナイ 給湯器（16号 エコジョーズ追い焚き）","台","catalog-2026-07","https://rinnai.jp/products/","2026-07-21","R1/R2昇格"
"2725c1c42008","給湯器","リンナイ 給湯器（16号 エコジョーズ）","台","catalog-2026-07","https://rinnai.jp/products/","2026-07-21","R1/R2昇格"
"43fd54ca6bd0","給湯器","リンナイ 給湯器（16号 標準）","台","catalog-2026-07","https://rinnai.jp/products/","2026-07-21","R1/R2昇格"
"479639e172ee","給湯器","リンナイ 給湯器（20号 エコジョーズ追い焚き）","台","catalog-2026-07","https://rinnai.jp/products/","2026-07-21","R1/R2昇格"
"8ad2f4f0f98c","給湯器","リンナイ 給湯器（20号 エコジョーズ）","台","catalog-2026-07","https://rinnai.jp/products/","2026-07-21","R1/R2昇格"
"ba1097e70d11","給湯器","リンナイ 給湯器（20号 標準）","台","catalog-2026-07","https://rinnai.jp/products/","2026-07-21","R1/R2昇格"
"7877843d5431","給湯器","リンナイ 給湯器（24号 エコジョーズ追い焚き）","台","catalog-2026-07","https://rinnai.jp/products/","2026-07-21","R1/R2昇格"
"30bb870a802f","給湯器","リンナイ 給湯器（24号 エコジョーズ）","台","catalog-2026-07","https://rinnai.jp/products/","2026-07-21","R1/R2昇格"
"73141604ee34","給湯器","リンナイ 給湯器（24号 標準）","台","catalog-2026-07","https://rinnai.jp/products/","2026-07-21","R1/R2昇格"
"c3c9cbb1cfb2","給湯器","石油給湯器 屋外型 コロナ","台","catalog-2026-07","https://www.corona.co.jp/oil_hot-water/nx/lineup.html","2026-07-21","R1/R2昇格"
"76b73870c9f3","給湯器","長府製作所 給湯器 16号 LPガス ふろ給湯 フルオート","台","catalog-2026-07","https://www.chofu.co.jp/products/supply/","2026-07-21","R1/R2昇格"
"bc0aade71c79","給湯器","長府製作所 給湯器 16号 LPガス ふろ給湯 追い炊き付き","台","catalog-2026-07","https://www.chofu.co.jp/products/supply/","2026-07-21","R1/R2昇格"
"c30d4b10fbf2","給湯器","長府製作所 給湯器 16号 LPガス 給湯専用","台","catalog-2026-07","https://www.chofu.co.jp/products/supply/","2026-07-21","R1/R2昇格"
"35678af1be88","給湯器","長府製作所 給湯器 16号 都市ガス 13A ふろ給湯 フルオート","台","catalog-2026-07","https://www.chofu.co.jp/products/supply/","2026-07-21","R1/R2昇格"
"7dc5a0416d5f","給湯器","長府製作所 給湯器 16号 都市ガス 13A ふろ給湯 追い炊き付き","台","catalog-2026-07","https://www.chofu.co.jp/products/supply/","2026-07-21","R1/R2昇格"
"996e33902837","給湯器","長府製作所 給湯器 16号 都市ガス 13A 給湯専用","台","catalog-2026-07","https://www.chofu.co.jp/products/supply/","2026-07-21","R1/R2昇格"
"b3a7893b5f96","給湯器","長府製作所 給湯器 20号 LPガス ふろ給湯 フルオート","台","catalog-2026-07","https://www.chofu.co.jp/products/supply/","2026-07-21","R1/R2昇格"
"2301be59e109","給湯器","長府製作所 給湯器 20号 LPガス ふろ給湯 追い炊き付き","台","catalog-2026-07","https://www.chofu.co.jp/products/supply/","2026-07-21","R1/R2昇格"
"24bedddf2eb6","給湯器","長府製作所 給湯器 20号 LPガス 給湯専用","台","catalog-2026-07","https://www.chofu.co.jp/products/supply/","2026-07-21","R1/R2昇格"
"5142eec58236","給湯器","長府製作所 給湯器 20号 都市ガス 13A ふろ給湯 フルオート","台","catalog-2026-07","https://www.chofu.co.jp/products/supply/","2026-07-21","R1/R2昇格"
"e6f236512b9c","給湯器","長府製作所 給湯器 20号 都市ガス 13A ふろ給湯 追い炊き付き","台","catalog-2026-07","https://www.chofu.co.jp/products/supply/","2026-07-21","R1/R2昇格"
"5b2ee142d64f","給湯器","長府製作所 給湯器 20号 都市ガス 13A 給湯専用","台","catalog-2026-07","https://www.chofu.co.jp/products/supply/","2026-07-21","R1/R2昇格"
"d63ae7f7db60","給湯器","長府製作所 給湯器 24号 LPガス ふろ給湯 フルオート","台","catalog-2026-07","https://www.chofu.co.jp/products/supply/","2026-07-21","R1/R2昇格"
"0f9eb4cb59aa","給湯器","長府製作所 給湯器 24号 LPガス ふろ給湯 追い炊き付き","台","catalog-2026-07","https://www.chofu.co.jp/products/supply/","2026-07-21","R1/R2昇格"
"7ec999c86441","給湯器","長府製作所 給湯器 24号 LPガス 給湯専用","台","catalog-2026-07","https://www.chofu.co.jp/products/supply/","2026-07-21","R1/R2昇格"
"d025ba14cf2c","給湯器","長府製作所 給湯器 24号 都市ガス 13A ふろ給湯 フルオート","台","catalog-2026-07","https://www.chofu.co.jp/products/supply/","2026-07-21","R1/R2昇格"
"4255b0a7ebc3","給湯器","長府製作所 給湯器 24号 都市ガス 13A ふろ給湯 追い炊き付き","台","catalog-2026-07","https://www.chofu.co.jp/products/supply/","2026-07-21","R1/R2昇格"
"d4671cf1a00c","給湯器","長府製作所 給湯器 24号 都市ガス 13A 給湯専用","台","catalog-2026-07","https://www.chofu.co.jp/products/supply/","2026-07-21","R1/R2昇格"
"7d9b658076c9","給湯器","電気温水器 370L","台","catalog-2026-07","https://www.chofu.co.jp/products/supply/","2026-07-21","R1/R2昇格"
"0b0481e9d02f","給湯器","電気温水器 460L","台","catalog-2026-07","https://www.chofu.co.jp/products/supply/","2026-07-21","R1/R2昇格"
"975e6313ecb1","家電・AV設備","AV アンプ（標準）","台","catalog-2026-07","https://rinnai.jp/products/laundry_dryer/ldyer_lineup","2026-07-21","R1/R2昇格"
"cc9bd541682e","家電・AV設備","IH調理器（卓上型）","台","catalog-2026-07","https://rinnai.jp/products/laundry_dryer/ldyer_lineup","2026-07-21","R1/R2昇格"
"cf5a75fdff85","家電・AV設備","アクア 2ドア冷蔵庫 200L以下","台","catalog-2026-07","https://aqua-has.com/fridge/","2026-07-21","R1/R2昇格"
"544e40426420","家電・AV設備","アクア 3ドア冷蔵庫 300L","台","catalog-2026-07","https://aqua-has.com/fridge/","2026-07-21","R1/R2昇格"
"ca7f5814250b","家電・AV設備","アクア フレンチドア 500L","台","catalog-2026-07","https://aqua-has.com/fridge/","2026-07-21","R1/R2昇格"
"54da1ff9a125","家電・AV設備","アクア 冷蔵庫 1ドア 100L（単身用）","台","catalog-2026-07","https://aqua-has.com/fridge/","2026-07-21","R1/R2昇格"
"98887fe3bfb4","家電・AV設備","アクア（洗濯機） ドラム式洗濯乾燥機 10kg","台","catalog-2026-07","https://kakaku.com/kaden/drum-washing/itemlist.aspx?pdf_Spec301=12","2026-07-21","R1/R2昇格"
"f9667526674d","家電・AV設備","アクア（洗濯機） ドラム式洗濯乾燥機 12kg","台","catalog-2026-07","https://jp.sharp/sentaku/products/es12x1/","2026-07-21","R1/R2昇格"
"c041ae535574","家電・AV設備","アクア（洗濯機） 全自動洗濯機 10kg","台","catalog-2026-07","https://kakaku.com/kaden/drum-washing/itemlist.aspx?pdf_Spec301=12","2026-07-21","R1/R2昇格"
"9459694a7763","家電・AV設備","アクア（洗濯機） 全自動洗濯機 7kg","台","catalog-2026-07","https://kakaku.com/kaden/drum-washing/itemlist.aspx?pdf_Spec301=12","2026-07-21","R1/R2昇格"
"26e8f288d6b5","家電・AV設備","アクア（洗濯機） 縦型洗濯乾燥機 10kg","台","catalog-2026-07","https://kakaku.com/kaden/drum-washing/itemlist.aspx?pdf_Spec301=12","2026-07-21","R1/R2昇格"
"84306692c5ef","家電・AV設備","アクア（洗濯機） 衣類乾燥機（単体）7kg","台","catalog-2026-07","https://kakaku.com/kaden/drum-washing/itemlist.aspx?pdf_Spec301=12","2026-07-21","R1/R2昇格"
"379c91c28e71","家電・AV設備","サブウーファー（1台）","台","catalog-2026-07","https://rinnai.jp/products/laundry_dryer/ldyer_lineup","2026-07-21","R1/R2昇格"
"c6121a9f8ab8","家電・AV設備","シャープ（冷蔵庫） 2ドア冷蔵庫 200L以下","台","catalog-2026-07","https://jp.sharp/reizo/products/sjmf55p/spec/","2026-07-21","R1/R2昇格"
"a19b37d16727","家電・AV設備","シャープ（冷蔵庫） 3ドア冷蔵庫 300L","台","catalog-2026-07","https://jp.sharp/reizo/products/sjmf55p/spec/","2026-07-21","R1/R2昇格"
"290d5ff7e584","家電・AV設備","シャープ（冷蔵庫） フレンチドア 500L","台","catalog-2026-07","https://jp.sharp/reizo/products/sjmf55p/spec/","2026-07-21","R1/R2昇格"
"51c0ac0a2c3a","家電・AV設備","シャープ（冷蔵庫） 冷蔵庫 1ドア 100L（単身用）","台","catalog-2026-07","https://jp.sharp/reizo/products/sjmf55p/spec/","2026-07-21","R1/R2昇格"
"757e77a8316e","家電・AV設備","シャープ（洗濯機） ドラム式洗濯乾燥機 10kg","台","catalog-2026-07","https://kakaku.com/kaden/drum-washing/itemlist.aspx?pdf_Spec301=12","2026-07-21","R1/R2昇格"
"9bdee6044c83","家電・AV設備","シャープ（洗濯機） ドラム式洗濯乾燥機 12kg","台","catalog-2026-07","https://jp.sharp/sentaku/products/es12x1/","2026-07-21","R1/R2昇格"
"602917037c0d","家電・AV設備","シャープ（洗濯機） 全自動洗濯機 10kg","台","catalog-2026-07","https://kakaku.com/kaden/drum-washing/itemlist.aspx?pdf_Spec301=12","2026-07-21","R1/R2昇格"
"1d6a7a1e18c7","家電・AV設備","シャープ（洗濯機） 全自動洗濯機 7kg","台","catalog-2026-07","https://kakaku.com/kaden/drum-washing/itemlist.aspx?pdf_Spec301=12","2026-07-21","R1/R2昇格"
"e9548b25644d","家電・AV設備","シャープ（洗濯機） 縦型洗濯乾燥機 10kg","台","catalog-2026-07","https://kakaku.com/kaden/drum-washing/itemlist.aspx?pdf_Spec301=12","2026-07-21","R1/R2昇格"
"c0351a29de20","家電・AV設備","シャープ（洗濯機） 衣類乾燥機（単体）7kg","台","catalog-2026-07","https://kakaku.com/kaden/drum-washing/itemlist.aspx?pdf_Spec301=12","2026-07-21","R1/R2昇格"
"a20234a3fde4","家電・AV設備","シャープ（電子レンジ） オーブンレンジ 26L","台","catalog-2026-07","https://jp.sharp/reizo/products/sjmf55p/spec/","2026-07-21","R1/R2昇格"
"c5bb3e6b6d77","家電・AV設備","シャープ（電子レンジ） スチームオーブンレンジ 30L","台","catalog-2026-07","https://jp.sharp/reizo/products/sjmf55p/spec/","2026-07-21","R1/R2昇格"
"68ff35607685","家電・AV設備","スクリーン（手動 W100インチ）","台","catalog-2026-07","https://rinnai.jp/products/laundry_dryer/ldyer_lineup","2026-07-21","R1/R2昇格"
"ad23e507cce8","家電・AV設備","スクリーン（電動 W150インチ）","台","catalog-2026-07","https://rinnai.jp/products/laundry_dryer/ldyer_lineup","2026-07-21","R1/R2昇格"
"46c69e4e35cd","家電・AV設備","スピーカー（2本セット 標準）","セット","catalog-2026-07","https://rinnai.jp/products/laundry_dryer/ldyer_lineup","2026-07-21","R1/R2昇格"
"9d4c068682a9","家電・AV設備","テレビ（55インチ 4K）","台","catalog-2026-07","https://rinnai.jp/products/laundry_dryer/ldyer_lineup","2026-07-21","R1/R2昇格"
"fc1e5390f346","家電・AV設備","テレビ（65インチ 4K）","台","catalog-2026-07","https://rinnai.jp/products/laundry_dryer/ldyer_lineup","2026-07-21","R1/R2昇格"
"91b5a679b8d2","家電・AV設備","パナソニック（冷蔵庫） 2ドア冷蔵庫 200L以下","台","catalog-2026-07","https://panasonic.jp/reizo/products/NR-F65WX2.html","2026-07-21","R1/R2昇格"
"762d18d953c3","家電・AV設備","パナソニック（冷蔵庫） 3ドア冷蔵庫 300L","台","catalog-2026-07","https://panasonic.jp/reizo/products/NR-F65WX2.html","2026-07-21","R1/R2昇格"
"2d2622149dd9","家電・AV設備","パナソニック（冷蔵庫） フレンチドア 500L","台","catalog-2026-07","https://panasonic.jp/reizo/products/NR-F65WX2.html","2026-07-21","R1/R2昇格"
"d834a27d4f06","家電・AV設備","パナソニック（冷蔵庫） フレンチドア 600L","台","catalog-2026-07","https://panasonic.jp/reizo/products/NR-F65WX2.html","2026-07-21","R1/R2昇格"
"fd62ad3d5e8f","家電・AV設備","パナソニック（冷蔵庫） 冷蔵庫 1ドア 100L（単身用）","台","catalog-2026-07","https://panasonic.jp/reizo/products/NR-F65WX2.html","2026-07-21","R1/R2昇格"
"7b104ddeaf09","家電・AV設備","パナソニック（洗濯機） ドラム式洗濯乾燥機 10kg","台","catalog-2026-07","https://kakaku.com/kaden/drum-washing/itemlist.aspx?pdf_Spec301=12","2026-07-21","R1/R2昇格"
"4a2d5edd5a15","家電・AV設備","パナソニック（洗濯機） ドラム式洗濯乾燥機 12kg","台","catalog-2026-07","https://kakaku.com/kaden/drum-washing/itemlist.aspx?pdf_Spec301=12","2026-07-21","R1/R2昇格"
"d39dff425d52","家電・AV設備","パナソニック（洗濯機） 全自動洗濯機 10kg","台","catalog-2026-07","https://kakaku.com/kaden/drum-washing/itemlist.aspx?pdf_Spec301=12","2026-07-21","R1/R2昇格"
"68d03edbc892","家電・AV設備","パナソニック（洗濯機） 全自動洗濯機 7kg","台","catalog-2026-07","https://kakaku.com/kaden/drum-washing/itemlist.aspx?pdf_Spec301=12","2026-07-21","R1/R2昇格"
"da5b6b1a6d22","家電・AV設備","パナソニック（洗濯機） 縦型洗濯乾燥機 10kg","台","catalog-2026-07","https://kakaku.com/kaden/drum-washing/itemlist.aspx?pdf_Spec301=12","2026-07-21","R1/R2昇格"
"70f4818386cd","家電・AV設備","パナソニック（洗濯機） 衣類乾燥機（単体）7kg","台","catalog-2026-07","https://kakaku.com/kaden/drum-washing/itemlist.aspx?pdf_Spec301=12","2026-07-21","R1/R2昇格"
"ea4b0876181c","家電・AV設備","パナソニック（電子レンジ） オーブンレンジ 26L","台","catalog-2026-07","https://panasonic.jp/reizo/products/NR-F65WX2.html","2026-07-21","R1/R2昇格"
"8193f86006a6","家電・AV設備","パナソニック（電子レンジ） スチームオーブンレンジ 30L","台","catalog-2026-07","https://panasonic.jp/reizo/products/NR-F65WX2.html","2026-07-21","R1/R2昇格"
"21700b1db8df","家電・AV設備","プロジェクター（4K 標準）","台","catalog-2026-07","https://rinnai.jp/products/laundry_dryer/ldyer_lineup","2026-07-21","R1/R2昇格"
"2a9acffab59d","家電・AV設備","プロジェクター（4K 高輝度）","台","catalog-2026-07","https://rinnai.jp/products/laundry_dryer/ldyer_lineup","2026-07-21","R1/R2昇格"
"5153973b28ff","家電・AV設備","三菱電機（冷蔵庫） 2ドア冷蔵庫 200L以下","台","catalog-2026-07","https://www.mitsubishielectric.co.jp/home/reizouko/product/mr-wxd70m/index.html","2026-07-21","R1/R2昇格"
"1fb5fd3e4c56","家電・AV設備","三菱電機（冷蔵庫） 3ドア冷蔵庫 300L","台","catalog-2026-07","https://www.mitsubishielectric.co.jp/home/reizouko/product/mr-wxd70m/index.html","2026-07-21","R1/R2昇格"
"34078bdf0a3e","家電・AV設備","三菱電機（冷蔵庫） フレンチドア 500L","台","catalog-2026-07","https://www.mitsubishielectric.co.jp/home/reizouko/product/mr-wxd70m/index.html","2026-07-21","R1/R2昇格"
"e0dd75ef722e","家電・AV設備","三菱電機（冷蔵庫） フレンチドア 600L","台","catalog-2026-07","https://www.mitsubishielectric.co.jp/home/reizouko/product/mr-wxd70m/index.html","2026-07-21","R1/R2昇格"
"0cffb7bed138","家電・AV設備","三菱電機（冷蔵庫） フレンチドア 700L（大型）","台","catalog-2026-07","https://www.mitsubishielectric.co.jp/home/reizouko/product/mr-wxd70m/index.html","2026-07-21","R1/R2昇格"
"279c740f1ac5","家電・AV設備","三菱電機（冷蔵庫） 冷蔵庫 1ドア 100L（単身用）","台","catalog-2026-07","https://www.mitsubishielectric.co.jp/home/reizouko/product/mr-wxd70m/index.html","2026-07-21","R1/R2昇格"
"66f1db35444c","家電・AV設備","乾燥機（ガス衣類乾燥機 乾太くん）","台","catalog-2026-07","https://rinnai.jp/products/laundry_dryer/ldyer_lineup","2026-07-21","R1/R2昇格"
"2926dcb421d4","家電・AV設備","冷蔵庫（500L クラス 標準）","台","catalog-2026-07","https://rinnai.jp/products/laundry_dryer/ldyer_lineup","2026-07-21","R1/R2昇格"
"91951c3f3b0b","家電・AV設備","冷蔵庫（600L 高級 パナ・日立等）","台","catalog-2026-07","https://kadenfan.hitachi.co.jp/rei/","2026-07-21","R1/R2昇格"
"fe047393fb7a","家電・AV設備","加湿器（大型）","台","catalog-2026-07","https://rinnai.jp/products/laundry_dryer/ldyer_lineup","2026-07-21","R1/R2昇格"
"4d6c7a19c46e","家電・AV設備","天井埋込スピーカー（1台 材工）","台","catalog-2026-07","https://rinnai.jp/products/laundry_dryer/ldyer_lineup","2026-07-21","R1/R2昇格"
"5b9c64d58a76","家電・AV設備","家電 IHクッキングヒーター（卓上 1口）","台","catalog-2026-07","https://rinnai.jp/products/laundry_dryer/ldyer_lineup","2026-07-21","R1/R2昇格"
"0b2e675e75c2","家電・AV設備","家電 サウンドバー 3.1ch","台","catalog-2026-07","https://rinnai.jp/products/laundry_dryer/ldyer_lineup","2026-07-21","R1/R2昇格"
"8ae870b34a17","家電・AV設備","家電 テレビ 55インチ 4K","台","catalog-2026-07","https://rinnai.jp/products/laundry_dryer/ldyer_lineup","2026-07-21","R1/R2昇格"
"a1b716b31f05","家電・AV設備","家電 テレビ 65インチ 4K","台","catalog-2026-07","https://rinnai.jp/products/laundry_dryer/ldyer_lineup","2026-07-21","R1/R2昇格"
"ec5786305093","家電・AV設備","家電 テレビ 75インチ 4K（大型）","台","catalog-2026-07","https://rinnai.jp/products/laundry_dryer/ldyer_lineup","2026-07-21","R1/R2昇格"
"17fef3ec5c32","家電・AV設備","家電 除湿機 16L/日","台","catalog-2026-07","https://rinnai.jp/products/laundry_dryer/ldyer_lineup","2026-07-21","R1/R2昇格"
"6549638c8670","家電・AV設備","家電 電気ケトル 1.0L","台","catalog-2026-07","https://rinnai.jp/products/laundry_dryer/ldyer_lineup","2026-07-21","R1/R2昇格"
"288aa8399d81","家電・AV設備","日立（冷蔵庫） 2ドア冷蔵庫 200L以下","台","catalog-2026-07","https://kadenfan.hitachi.co.jp/rei/","2026-07-21","R1/R2昇格"
"d497e1c9362b","家電・AV設備","日立（冷蔵庫） 3ドア冷蔵庫 300L","台","catalog-2026-07","https://kadenfan.hitachi.co.jp/rei/","2026-07-21","R1/R2昇格"
"d53f2e89aa15","家電・AV設備","日立（冷蔵庫） フレンチドア 500L","台","catalog-2026-07","https://kadenfan.hitachi.co.jp/rei/","2026-07-21","R1/R2昇格"
"074341c5ac9d","家電・AV設備","日立（冷蔵庫） フレンチドア 600L","台","catalog-2026-07","https://kadenfan.hitachi.co.jp/rei/","2026-07-21","R1/R2昇格"
"f351bd9373f4","家電・AV設備","日立（冷蔵庫） フレンチドア 700L（大型）","台","catalog-2026-07","https://kadenfan.hitachi.co.jp/rei/","2026-07-21","R1/R2昇格"
"81b4dd12b7b6","家電・AV設備","日立（冷蔵庫） 冷蔵庫 1ドア 100L（単身用）","台","catalog-2026-07","https://kadenfan.hitachi.co.jp/rei/","2026-07-21","R1/R2昇格"
"916b2a765606","家電・AV設備","日立（洗濯機） ドラム式洗濯乾燥機 10kg","台","catalog-2026-07","https://kakaku.com/kaden/drum-washing/itemlist.aspx?pdf_Spec301=12","2026-07-21","R1/R2昇格"
"c106162e3952","家電・AV設備","日立（洗濯機） ドラム式洗濯乾燥機 12kg","台","catalog-2026-07","https://kakaku.com/kaden/drum-washing/itemlist.aspx?pdf_Spec301=12","2026-07-21","R1/R2昇格"
"707935ac3605","家電・AV設備","日立（洗濯機） 全自動洗濯機 10kg","台","catalog-2026-07","https://kakaku.com/kaden/drum-washing/itemlist.aspx?pdf_Spec301=12","2026-07-21","R1/R2昇格"
"0f94ce0ded19","家電・AV設備","日立（洗濯機） 全自動洗濯機 7kg","台","catalog-2026-07","https://kakaku.com/kaden/drum-washing/itemlist.aspx?pdf_Spec301=12","2026-07-21","R1/R2昇格"
"96c7c5f3499f","家電・AV設備","日立（洗濯機） 縦型洗濯乾燥機 10kg","台","catalog-2026-07","https://kakaku.com/kaden/drum-washing/itemlist.aspx?pdf_Spec301=12","2026-07-21","R1/R2昇格"
"6fc2c64cfccb","家電・AV設備","日立（洗濯機） 衣類乾燥機（単体）7kg","台","catalog-2026-07","https://kakaku.com/kaden/drum-washing/itemlist.aspx?pdf_Spec301=12","2026-07-21","R1/R2昇格"
"2a668e47fe19","家電・AV設備","日立（電子レンジ） オーブンレンジ 26L","台","catalog-2026-07","https://kadenfan.hitachi.co.jp/rei/","2026-07-21","R1/R2昇格"
"ae99f6688bce","家電・AV設備","日立（電子レンジ） スチームオーブンレンジ 30L","台","catalog-2026-07","https://kadenfan.hitachi.co.jp/rei/","2026-07-21","R1/R2昇格"
"16213c63c0cd","家電・AV設備","東芝（冷蔵庫） 2ドア冷蔵庫 200L以下","台","catalog-2026-07","https://www.toshiba-lifestyle.com/jp/refrigerators/","2026-07-21","R1/R2昇格"
"4d5cc252d7d8","家電・AV設備","東芝（冷蔵庫） 3ドア冷蔵庫 300L","台","catalog-2026-07","https://www.toshiba-lifestyle.com/jp/refrigerators/","2026-07-21","R1/R2昇格"
"98b9ac896695","家電・AV設備","東芝（冷蔵庫） フレンチドア 500L","台","catalog-2026-07","https://www.toshiba-lifestyle.com/jp/refrigerators/","2026-07-21","R1/R2昇格"
"016755d93ca6","家電・AV設備","東芝（冷蔵庫） フレンチドア 600L","台","catalog-2026-07","https://www.toshiba-lifestyle.com/jp/refrigerators/","2026-07-21","R1/R2昇格"
"99ca0a90d99d","家電・AV設備","東芝（冷蔵庫） 冷蔵庫 1ドア 100L（単身用）","台","catalog-2026-07","https://www.toshiba-lifestyle.com/jp/refrigerators/","2026-07-21","R1/R2昇格"
"728268c32502","家電・AV設備","東芝（洗濯機） ドラム式洗濯乾燥機 10kg","台","catalog-2026-07","https://www.toshiba-lifestyle.com/jp/laundries/aw-10vp4/","2026-07-21","R1/R2昇格"
"739220504359","家電・AV設備","東芝（洗濯機） ドラム式洗濯乾燥機 12kg","台","catalog-2026-07","https://kakaku.com/kaden/drum-washing/itemlist.aspx?pdf_Spec301=12","2026-07-21","R1/R2昇格"
"0958cb06f976","家電・AV設備","東芝（洗濯機） 全自動洗濯機 10kg","台","catalog-2026-07","https://www.toshiba-lifestyle.com/jp/laundries/aw-10vp4/","2026-07-21","R1/R2昇格"
"0d4da1989b1b","家電・AV設備","東芝（洗濯機） 全自動洗濯機 7kg","台","catalog-2026-07","https://www.toshiba-lifestyle.com/jp/laundries/aw-10vp4/","2026-07-21","R1/R2昇格"
"8716dcdf8d7a","家電・AV設備","東芝（洗濯機） 縦型洗濯乾燥機 10kg","台","catalog-2026-07","https://www.toshiba-lifestyle.com/jp/laundries/aw-10vp4/","2026-07-21","R1/R2昇格"
"76dbbfd96d10","家電・AV設備","東芝（洗濯機） 衣類乾燥機（単体）7kg","台","catalog-2026-07","https://www.toshiba-lifestyle.com/jp/laundries/aw-10vp4/","2026-07-21","R1/R2昇格"
"50ab2437682e","家電・AV設備","東芝（電子レンジ） オーブンレンジ 26L","台","catalog-2026-07","https://www.toshiba-lifestyle.com/jp/refrigerators/","2026-07-21","R1/R2昇格"
"4f13dae8c441","家電・AV設備","東芝（電子レンジ） スチームオーブンレンジ 30L","台","catalog-2026-07","https://www.toshiba-lifestyle.com/jp/refrigerators/","2026-07-21","R1/R2昇格"
"6c56f4d61179","家電・AV設備","除湿機（大型）","台","catalog-2026-07","https://rinnai.jp/products/laundry_dryer/ldyer_lineup","2026-07-21","R1/R2昇格"
"6815c9d39177","家電・AV設備","電子レンジ・オーブン（標準）","台","catalog-2026-07","https://rinnai.jp/products/laundry_dryer/ldyer_lineup","2026-07-21","R1/R2昇格"
"7945b2f0a8cb","家電・AV設備","電気ケトル","台","catalog-2026-07","https://rinnai.jp/products/laundry_dryer/ldyer_lineup","2026-07-21","R1/R2昇格"
"6799e330f9b6","家電・AV設備","音響パネル（1m2）","m2","catalog-2026-07","https://rinnai.jp/products/laundry_dryer/ldyer_lineup","2026-07-21","R1/R2昇格"
"7e9f7dbb664d","家電・AV設備","食器洗い機（卓上型）","台","catalog-2026-07","https://rinnai.jp/products/laundry_dryer/ldyer_lineup","2026-07-21","R1/R2昇格"
"894a68063372","スポーツ・特殊床材","クライミングウォール（1m2）","m2","catalog-2026-07","https://www.senoh.jp/pickup/pickup-climbing/","2026-07-21","R1/R2昇格"
"2e573f62cd3c","スポーツ・特殊床材","ゴム床（10mm 1m2）","m2","catalog-2026-07","https://www.ntssports.co.jp/product/sand-artificialturf/","2026-07-21","R1/R2昇格"
"d2b1d584dfd3","スポーツ・特殊床材","ゴム床（20mm 1m2）","m2","catalog-2026-07","https://www.ntssports.co.jp/product/sand-artificialturf/","2026-07-21","R1/R2昇格"
"158408f08d8e","スポーツ・特殊床材","ゴム床（スポーツ用 20mm 1m2）","m2","catalog-2026-07","https://www.ntssports.co.jp/product/sand-artificialturf/","2026-07-21","R1/R2昇格"
"737f68c9110f","スポーツ・特殊床材","スプリング床下地（1m2）","m2","catalog-2026-07","https://www.sanyo-industries.co.jp/products/floorsystem/threebase/threebase.html","2026-07-21","R1/R2昇格"
"d1ac724e0eb3","スポーツ・特殊床材","ダンス用フローリング（15mm 1m2）","m2","catalog-2026-07","https://www.ntssports.co.jp/product/sand-artificialturf/","2026-07-21","R1/R2昇格"
"584c36a9ae38","スポーツ・特殊床材","テニスコート（1面 全天候型）","面","catalog-2026-07","https://www.ntssports.co.jp/product/sand-artificialturf/","2026-07-21","R1/R2昇格"
"180f9ae9d257","スポーツ・特殊床材","バスケットゴール（1基）","基","catalog-2026-07","https://www.ntssports.co.jp/product/sand-artificialturf/","2026-07-21","R1/R2昇格"
"56dc3b10c1dd","スポーツ・特殊床材","バドミントンコート ライン（1面）","面","catalog-2026-07","https://www.ntssports.co.jp/product/sand-artificialturf/","2026-07-21","R1/R2昇格"
"b01908946a00","スポーツ・特殊床材","バレエバー（壁付け 1m）","m","catalog-2026-07","https://www.ntssports.co.jp/product/sand-artificialturf/","2026-07-21","R1/R2昇格"
"221372066bc8","スポーツ・特殊床材","フットサルコート（1面）","面","catalog-2026-07","https://www.ntssports.co.jp/product/sand-artificialturf/","2026-07-21","R1/R2昇格"
"069b0a59cdd1","スポーツ・特殊床材","畳（柔道場用 1m2）","m2","catalog-2026-07","https://www.tsumura-f.co.jp/sports/judo/index.html","2026-07-21","R1/R2昇格"
"47ea757620db","スポーツ・特殊床材","鏡張り（スポーツ施設 1m2）","m2","catalog-2026-07","https://www.ntssports.co.jp/product/sand-artificialturf/","2026-07-21","R1/R2昇格"
"6ee05c14a646","スポーツ・特殊床材","鏡（5mm 全面張り 材工 1m2）","m2","catalog-2026-07","https://www.ntssports.co.jp/product/sand-artificialturf/","2026-07-21","R1/R2昇格"
"8f8a6b4e104f","スポーツ・特殊床材","防音床（フローティング 1m2）","m2","catalog-2026-07","https://www.ssvi.co.jp/boushin/bs03.html","2026-07-21","R1/R2昇格"
"f00d55d1265e","エアコン・空調","エアコンスリーブ（φ70）","個","catalog-2026-07","https://rescue.epark.jp/columns/kaden/aircon/2059","2026-07-21","R1/R2昇格"
"1885d9087331","エアコン・空調","エアコンフィルター清掃（1台）","台","catalog-2026-07","https://rescue.epark.jp/columns/kaden/aircon/2059","2026-07-21","R1/R2昇格"
"4b9241431fe4","エアコン・空調","エアコン冷媒回収（1台）","台","catalog-2026-07","https://rescue.epark.jp/columns/kaden/aircon/2059","2026-07-21","R1/R2昇格"
"5beaec669fbc","エアコン・空調","エアコン冷媒補充（1台）","台","catalog-2026-07","https://rescue.epark.jp/columns/kaden/aircon/2059","2026-07-21","R1/R2昇格"
"25ea4c50d21a","エアコン・空調","エアコン専用コンセント工事","箇所","catalog-2026-07","https://rescue.epark.jp/columns/kaden/aircon/2059","2026-07-21","R1/R2昇格"
"9eae6f10b6b2","エアコン・空調","エアコン本体クリーニング（1台）","台","catalog-2026-07","https://rescue.epark.jp/columns/kaden/aircon/2059","2026-07-21","R1/R2昇格"
"ae081b55f95d","エアコン・空調","エアコン配管カバー（1m）","m","catalog-2026-07","https://rescue.epark.jp/columns/kaden/aircon/2059","2026-07-21","R1/R2昇格"
"adab3e0a98e3","エアコン・空調","コロナ エアコン 10畳用 スタンダード","台","catalog-2026-07","https://www.corona.co.jp/aircon/w/lineup.html","2026-07-21","R1/R2昇格"
"74736237b4ac","エアコン・空調","コロナ エアコン 10畳用 プレミアム","台","catalog-2026-07","https://www.corona.co.jp/aircon/w/lineup.html","2026-07-21","R1/R2昇格"
"b7648a41aec1","エアコン・空調","コロナ エアコン 10畳用 ミドル","台","catalog-2026-07","https://www.corona.co.jp/aircon/w/lineup.html","2026-07-21","R1/R2昇格"
"b360844104d7","エアコン・空調","コロナ エアコン 14畳用 スタンダード","台","catalog-2026-07","https://www.corona.co.jp/aircon/w/lineup.html","2026-07-21","R1/R2昇格"
"347d166cb43f","エアコン・空調","コロナ エアコン 14畳用 プレミアム","台","catalog-2026-07","https://www.corona.co.jp/aircon/w/lineup.html","2026-07-21","R1/R2昇格"
"3e04538a92a9","エアコン・空調","コロナ エアコン 14畳用 ミドル","台","catalog-2026-07","https://www.corona.co.jp/aircon/w/lineup.html","2026-07-21","R1/R2昇格"
"df694d6d0510","エアコン・空調","コロナ エアコン 18畳用 スタンダード","台","catalog-2026-07","https://www.corona.co.jp/aircon/w/lineup.html","2026-07-21","R1/R2昇格"
"6c644d36a82d","エアコン・空調","コロナ エアコン 18畳用 ミドル","台","catalog-2026-07","https://www.corona.co.jp/aircon/w/lineup.html","2026-07-21","R1/R2昇格"
"09ed37281b72","エアコン・空調","コロナ エアコン 6畳用 スタンダード","台","catalog-2026-07","https://www.corona.co.jp/aircon/w/lineup.html","2026-07-21","R1/R2昇格"
"64bd3836f106","エアコン・空調","コロナ エアコン 6畳用 プレミアム","台","catalog-2026-07","https://www.corona.co.jp/aircon/w/lineup.html","2026-07-21","R1/R2昇格"
"d641f221e231","エアコン・空調","コロナ エアコン 6畳用 ミドル","台","catalog-2026-07","https://www.corona.co.jp/aircon/w/lineup.html","2026-07-21","R1/R2昇格"
"91bc9227a6d5","エアコン・空調","コロナ エアコン 8畳用 スタンダード","台","catalog-2026-07","https://www.corona.co.jp/aircon/w/lineup.html","2026-07-21","R1/R2昇格"
"007be7569219","エアコン・空調","コロナ エアコン 8畳用 プレミアム","台","catalog-2026-07","https://www.corona.co.jp/aircon/w/lineup.html","2026-07-21","R1/R2昇格"
"5ed388da8924","エアコン・空調","コロナ エアコン 8畳用 ミドル","台","catalog-2026-07","https://www.corona.co.jp/aircon/w/lineup.html","2026-07-21","R1/R2昇格"
"5752838f700a","エアコン・空調","シャープ エアコン 10畳用 2.8kW エントリー 暖房メイン（寒冷地仕様）","台","catalog-2026-07","https://jp.sharp/aircon/","2026-07-21","R1/R2昇格"
"1c4c05f03432","エアコン・空調","シャープ エアコン 10畳用 2.8kW エントリー 標準仕様","台","catalog-2026-07","https://jp.sharp/aircon/","2026-07-21","R1/R2昇格"
"7464e25300dd","エアコン・空調","シャープ エアコン 10畳用 2.8kW エントリー 空気清浄フィルター付き","台","catalog-2026-07","https://jp.sharp/aircon/","2026-07-21","R1/R2昇格"
"6c05673f26e2","エアコン・空調","シャープ エアコン 10畳用 2.8kW エントリー 自動掃除機能付き","台","catalog-2026-07","https://jp.sharp/aircon/","2026-07-21","R1/R2昇格"
"ba585d372c61","エアコン・空調","シャープ エアコン 10畳用 2.8kW スタンダード AI自動運転","台","catalog-2026-07","https://jp.sharp/aircon/","2026-07-21","R1/R2昇格"
"8c4d41720ebd","エアコン・空調","シャープ エアコン 10畳用 2.8kW スタンダード 暖房メイン（寒冷地仕様）","台","catalog-2026-07","https://jp.sharp/aircon/","2026-07-21","R1/R2昇格"
"b2cf58d5dae4","エアコン・空調","シャープ エアコン 10畳用 2.8kW スタンダード 標準仕様","台","catalog-2026-07","https://jp.sharp/aircon/","2026-07-21","R1/R2昇格"
"1f16fd53e842","エアコン・空調","シャープ エアコン 10畳用 2.8kW スタンダード 空気清浄フィルター付き","台","catalog-2026-07","https://jp.sharp/aircon/","2026-07-21","R1/R2昇格"
"d7973cf394df","エアコン・空調","シャープ エアコン 10畳用 2.8kW スタンダード 自動掃除機能付き","台","catalog-2026-07","https://jp.sharp/aircon/","2026-07-21","R1/R2昇格"
"f230955907bd","エアコン・空調","シャープ エアコン 10畳用 2.8kW 上位 AI自動運転","台","catalog-2026-07","https://jp.sharp/aircon/","2026-07-21","R1/R2昇格"
"65d6b7fc0f5f","エアコン・空調","シャープ エアコン 10畳用 2.8kW 上位 暖房メイン（寒冷地仕様）","台","catalog-2026-07","https://jp.sharp/aircon/","2026-07-21","R1/R2昇格"
"6fa26997bf9f","エアコン・空調","シャープ エアコン 10畳用 2.8kW 上位 標準仕様","台","catalog-2026-07","https://jp.sharp/aircon/","2026-07-21","R1/R2昇格"
"6b9326342538","エアコン・空調","シャープ エアコン 10畳用 2.8kW 上位 空気清浄フィルター付き","台","catalog-2026-07","https://jp.sharp/aircon/","2026-07-21","R1/R2昇格"
"8e2ea8f793c1","エアコン・空調","シャープ エアコン 10畳用 2.8kW 上位 自動掃除機能付き","台","catalog-2026-07","https://jp.sharp/aircon/","2026-07-21","R1/R2昇格"
"e47a31dd7c1a","エアコン・空調","シャープ エアコン 10畳用 2.8kW 最上位 AI自動運転","台","catalog-2026-07","https://jp.sharp/aircon/","2026-07-21","R1/R2昇格"
"777e100f8cca","エアコン・空調","シャープ エアコン 10畳用 2.8kW 最上位 暖房メイン（寒冷地仕様）","台","catalog-2026-07","https://jp.sharp/aircon/","2026-07-21","R1/R2昇格"
"4a461af91f2f","エアコン・空調","シャープ エアコン 10畳用 2.8kW 最上位 標準仕様","台","catalog-2026-07","https://jp.sharp/aircon/","2026-07-21","R1/R2昇格"
"181e5d53b6af","エアコン・空調","シャープ エアコン 10畳用 2.8kW 最上位 空気清浄フィルター付き","台","catalog-2026-07","https://jp.sharp/aircon/","2026-07-21","R1/R2昇格"
"7e30fbd27388","エアコン・空調","シャープ エアコン 10畳用 2.8kW 最上位 自動掃除機能付き","台","catalog-2026-07","https://jp.sharp/aircon/","2026-07-21","R1/R2昇格"
"c01f7a121e20","エアコン・空調","シャープ エアコン 10畳用 スタンダード","台","catalog-2026-07","https://jp.sharp/aircon/","2026-07-21","R1/R2昇格"
"9d29bf58f966","エアコン・空調","シャープ エアコン 10畳用 ハイスペック","台","catalog-2026-07","https://jp.sharp/aircon/","2026-07-21","R1/R2昇格"
"780f3eac7e2e","エアコン・空調","シャープ エアコン 10畳用 プレミアム","台","catalog-2026-07","https://jp.sharp/aircon/","2026-07-21","R1/R2昇格"
"f253a6b67d8e","エアコン・空調","シャープ エアコン 10畳用 ミドル","台","catalog-2026-07","https://jp.sharp/aircon/","2026-07-21","R1/R2昇格"
"83f79d8fec1c","エアコン・空調","シャープ エアコン 10畳用 最上位モデル","台","catalog-2026-07","https://jp.sharp/aircon/","2026-07-21","R1/R2昇格"
"21b20835a688","エアコン・空調","シャープ エアコン 12畳用 3.6kW エントリー 暖房メイン（寒冷地仕様）","台","catalog-2026-07","https://jp.sharp/aircon/","2026-07-21","R1/R2昇格"
"b21ab3f81bbc","エアコン・空調","シャープ エアコン 12畳用 3.6kW エントリー 標準仕様","台","catalog-2026-07","https://jp.sharp/aircon/","2026-07-21","R1/R2昇格"
"3ed8fff17a7a","エアコン・空調","シャープ エアコン 12畳用 3.6kW エントリー 空気清浄フィルター付き","台","catalog-2026-07","https://jp.sharp/aircon/","2026-07-21","R1/R2昇格"
"b262f00b255c","エアコン・空調","シャープ エアコン 12畳用 3.6kW エントリー 自動掃除機能付き","台","catalog-2026-07","https://jp.sharp/aircon/","2026-07-21","R1/R2昇格"
"30f37d552b25","エアコン・空調","シャープ エアコン 12畳用 3.6kW スタンダード AI自動運転","台","catalog-2026-07","https://jp.sharp/aircon/","2026-07-21","R1/R2昇格"
"5dcf80f4f2a7","エアコン・空調","シャープ エアコン 12畳用 3.6kW スタンダード 暖房メイン（寒冷地仕様）","台","catalog-2026-07","https://jp.sharp/aircon/","2026-07-21","R1/R2昇格"
"d12d4045d6e5","エアコン・空調","シャープ エアコン 12畳用 3.6kW スタンダード 標準仕様","台","catalog-2026-07","https://jp.sharp/aircon/","2026-07-21","R1/R2昇格"
"046e14d397f3","エアコン・空調","シャープ エアコン 12畳用 3.6kW スタンダード 空気清浄フィルター付き","台","catalog-2026-07","https://jp.sharp/aircon/","2026-07-21","R1/R2昇格"
"a7e25f582e7e","エアコン・空調","シャープ エアコン 12畳用 3.6kW スタンダード 自動掃除機能付き","台","catalog-2026-07","https://jp.sharp/aircon/","2026-07-21","R1/R2昇格"
"92000dee9d45","エアコン・空調","シャープ エアコン 12畳用 3.6kW 上位 AI自動運転","台","catalog-2026-07","https://jp.sharp/aircon/","2026-07-21","R1/R2昇格"
"54a0c18b5112","エアコン・空調","シャープ エアコン 12畳用 3.6kW 上位 暖房メイン（寒冷地仕様）","台","catalog-2026-07","https://jp.sharp/aircon/","2026-07-21","R1/R2昇格"
"fc2874d49ff3","エアコン・空調","シャープ エアコン 12畳用 3.6kW 上位 標準仕様","台","catalog-2026-07","https://jp.sharp/aircon/","2026-07-21","R1/R2昇格"
"c615b2304fa6","エアコン・空調","シャープ エアコン 12畳用 3.6kW 上位 空気清浄フィルター付き","台","catalog-2026-07","https://jp.sharp/aircon/","2026-07-21","R1/R2昇格"
"47fd660474f9","エアコン・空調","シャープ エアコン 12畳用 3.6kW 上位 自動掃除機能付き","台","catalog-2026-07","https://jp.sharp/aircon/","2026-07-21","R1/R2昇格"
"1e043b921049","エアコン・空調","シャープ エアコン 12畳用 3.6kW 最上位 AI自動運転","台","catalog-2026-07","https://jp.sharp/aircon/","2026-07-21","R1/R2昇格"
"dc0acea12295","エアコン・空調","シャープ エアコン 12畳用 3.6kW 最上位 暖房メイン（寒冷地仕様）","台","catalog-2026-07","https://jp.sharp/aircon/","2026-07-21","R1/R2昇格"
"440971cb304e","エアコン・空調","シャープ エアコン 12畳用 3.6kW 最上位 標準仕様","台","catalog-2026-07","https://jp.sharp/aircon/","2026-07-21","R1/R2昇格"
"f861171d2d2f","エアコン・空調","シャープ エアコン 12畳用 3.6kW 最上位 空気清浄フィルター付き","台","catalog-2026-07","https://jp.sharp/aircon/","2026-07-21","R1/R2昇格"
"72116bcdfbf9","エアコン・空調","シャープ エアコン 12畳用 3.6kW 最上位 自動掃除機能付き","台","catalog-2026-07","https://jp.sharp/aircon/","2026-07-21","R1/R2昇格"
"c1f22c2f1e72","エアコン・空調","シャープ エアコン 14畳用 4.0kW エントリー 暖房メイン（寒冷地仕様）","台","catalog-2026-07","https://jp.sharp/aircon/","2026-07-21","R1/R2昇格"
"cb4a9bbf6117","エアコン・空調","シャープ エアコン 14畳用 4.0kW エントリー 標準仕様","台","catalog-2026-07","https://jp.sharp/aircon/","2026-07-21","R1/R2昇格"
"bc95d993041b","エアコン・空調","シャープ エアコン 14畳用 4.0kW エントリー 空気清浄フィルター付き","台","catalog-2026-07","https://jp.sharp/aircon/","2026-07-21","R1/R2昇格"
"86f6786c0a37","エアコン・空調","シャープ エアコン 14畳用 4.0kW エントリー 自動掃除機能付き","台","catalog-2026-07","https://jp.sharp/aircon/","2026-07-21","R1/R2昇格"
"b2f36622a189","エアコン・空調","シャープ エアコン 14畳用 4.0kW スタンダード AI自動運転","台","catalog-2026-07","https://jp.sharp/aircon/","2026-07-21","R1/R2昇格"
"c443751a58ef","エアコン・空調","シャープ エアコン 14畳用 4.0kW スタンダード 暖房メイン（寒冷地仕様）","台","catalog-2026-07","https://jp.sharp/aircon/","2026-07-21","R1/R2昇格"
"84131391b927","エアコン・空調","シャープ エアコン 14畳用 4.0kW スタンダード 標準仕様","台","catalog-2026-07","https://jp.sharp/aircon/","2026-07-21","R1/R2昇格"
"a736fef133b5","エアコン・空調","シャープ エアコン 14畳用 4.0kW スタンダード 空気清浄フィルター付き","台","catalog-2026-07","https://jp.sharp/aircon/","2026-07-21","R1/R2昇格"
"4328027b999a","エアコン・空調","シャープ エアコン 14畳用 4.0kW スタンダード 自動掃除機能付き","台","catalog-2026-07","https://jp.sharp/aircon/","2026-07-21","R1/R2昇格"
"12ca2289939d","エアコン・空調","シャープ エアコン 14畳用 4.0kW 上位 AI自動運転","台","catalog-2026-07","https://jp.sharp/aircon/","2026-07-21","R1/R2昇格"
"a32ea0439ea3","エアコン・空調","シャープ エアコン 14畳用 4.0kW 上位 暖房メイン（寒冷地仕様）","台","catalog-2026-07","https://jp.sharp/aircon/","2026-07-21","R1/R2昇格"
"185c44845afe","エアコン・空調","シャープ エアコン 14畳用 4.0kW 上位 標準仕様","台","catalog-2026-07","https://jp.sharp/aircon/","2026-07-21","R1/R2昇格"
"bd46968901cd","エアコン・空調","シャープ エアコン 14畳用 4.0kW 上位 空気清浄フィルター付き","台","catalog-2026-07","https://jp.sharp/aircon/","2026-07-21","R1/R2昇格"
"30a7169525f6","エアコン・空調","シャープ エアコン 14畳用 4.0kW 上位 自動掃除機能付き","台","catalog-2026-07","https://jp.sharp/aircon/","2026-07-21","R1/R2昇格"
"91556a408c3c","エアコン・空調","シャープ エアコン 14畳用 4.0kW 最上位 AI自動運転","台","catalog-2026-07","https://jp.sharp/aircon/","2026-07-21","R1/R2昇格"
"4a32e4ef49da","エアコン・空調","シャープ エアコン 14畳用 4.0kW 最上位 暖房メイン（寒冷地仕様）","台","catalog-2026-07","https://jp.sharp/aircon/","2026-07-21","R1/R2昇格"
"1c6c0cd06ee0","エアコン・空調","シャープ エアコン 14畳用 4.0kW 最上位 標準仕様","台","catalog-2026-07","https://jp.sharp/aircon/","2026-07-21","R1/R2昇格"
"736620eeb6ba","エアコン・空調","シャープ エアコン 14畳用 4.0kW 最上位 空気清浄フィルター付き","台","catalog-2026-07","https://jp.sharp/aircon/","2026-07-21","R1/R2昇格"
"2a482caba9ad","エアコン・空調","シャープ エアコン 14畳用 4.0kW 最上位 自動掃除機能付き","台","catalog-2026-07","https://jp.sharp/aircon/","2026-07-21","R1/R2昇格"
"b7f3a958ac92","エアコン・空調","シャープ エアコン 14畳用 スタンダード","台","catalog-2026-07","https://jp.sharp/aircon/","2026-07-21","R1/R2昇格"
"26ebb39ee342","エアコン・空調","シャープ エアコン 14畳用 ハイスペック","台","catalog-2026-07","https://jp.sharp/aircon/","2026-07-21","R1/R2昇格"
"ac5b11eac7f6","エアコン・空調","シャープ エアコン 14畳用 プレミアム","台","catalog-2026-07","https://jp.sharp/aircon/","2026-07-21","R1/R2昇格"
"e6b927097768","エアコン・空調","シャープ エアコン 14畳用 ミドル","台","catalog-2026-07","https://jp.sharp/aircon/","2026-07-21","R1/R2昇格"
"80a225debe91","エアコン・空調","シャープ エアコン 14畳用 最上位モデル","台","catalog-2026-07","https://jp.sharp/aircon/","2026-07-21","R1/R2昇格"
"10d209847002","エアコン・空調","シャープ エアコン 18畳用 5.6kW エントリー 暖房メイン（寒冷地仕様）","台","catalog-2026-07","https://jp.sharp/aircon/","2026-07-21","R1/R2昇格"
"551aaa8333da","エアコン・空調","シャープ エアコン 18畳用 5.6kW エントリー 標準仕様","台","catalog-2026-07","https://jp.sharp/aircon/","2026-07-21","R1/R2昇格"
"d99120aa739c","エアコン・空調","シャープ エアコン 18畳用 5.6kW エントリー 空気清浄フィルター付き","台","catalog-2026-07","https://jp.sharp/aircon/","2026-07-21","R1/R2昇格"
"6d800a1530f4","エアコン・空調","シャープ エアコン 18畳用 5.6kW エントリー 自動掃除機能付き","台","catalog-2026-07","https://jp.sharp/aircon/","2026-07-21","R1/R2昇格"
"bb3befb0e79e","エアコン・空調","シャープ エアコン 18畳用 5.6kW スタンダード AI自動運転","台","catalog-2026-07","https://jp.sharp/aircon/","2026-07-21","R1/R2昇格"
"51c81bd11955","エアコン・空調","シャープ エアコン 18畳用 5.6kW スタンダード 暖房メイン（寒冷地仕様）","台","catalog-2026-07","https://jp.sharp/aircon/","2026-07-21","R1/R2昇格"
"374cd274c1fd","エアコン・空調","シャープ エアコン 18畳用 5.6kW スタンダード 標準仕様","台","catalog-2026-07","https://jp.sharp/aircon/","2026-07-21","R1/R2昇格"
"14e5c527d895","エアコン・空調","シャープ エアコン 18畳用 5.6kW スタンダード 空気清浄フィルター付き","台","catalog-2026-07","https://jp.sharp/aircon/","2026-07-21","R1/R2昇格"
"25bc08b75c65","エアコン・空調","シャープ エアコン 18畳用 5.6kW スタンダード 自動掃除機能付き","台","catalog-2026-07","https://jp.sharp/aircon/","2026-07-21","R1/R2昇格"
"fcdb8ba9d05c","エアコン・空調","シャープ エアコン 18畳用 5.6kW 上位 AI自動運転","台","catalog-2026-07","https://jp.sharp/aircon/","2026-07-21","R1/R2昇格"
"fa6f3729acaf","エアコン・空調","シャープ エアコン 18畳用 5.6kW 上位 暖房メイン（寒冷地仕様）","台","catalog-2026-07","https://jp.sharp/aircon/","2026-07-21","R1/R2昇格"
"2c676837ae3a","エアコン・空調","シャープ エアコン 18畳用 5.6kW 上位 標準仕様","台","catalog-2026-07","https://jp.sharp/aircon/","2026-07-21","R1/R2昇格"
"69089e76002a","エアコン・空調","シャープ エアコン 18畳用 5.6kW 上位 空気清浄フィルター付き","台","catalog-2026-07","https://jp.sharp/aircon/","2026-07-21","R1/R2昇格"
"aa1ded2a2449","エアコン・空調","シャープ エアコン 18畳用 5.6kW 上位 自動掃除機能付き","台","catalog-2026-07","https://jp.sharp/aircon/","2026-07-21","R1/R2昇格"
"974ed56bb23e","エアコン・空調","シャープ エアコン 18畳用 5.6kW 最上位 AI自動運転","台","catalog-2026-07","https://jp.sharp/aircon/","2026-07-21","R1/R2昇格"
"22819da94b7f","エアコン・空調","シャープ エアコン 18畳用 5.6kW 最上位 暖房メイン（寒冷地仕様）","台","catalog-2026-07","https://jp.sharp/aircon/","2026-07-21","R1/R2昇格"
"c7e09f8da615","エアコン・空調","シャープ エアコン 18畳用 5.6kW 最上位 標準仕様","台","catalog-2026-07","https://jp.sharp/aircon/","2026-07-21","R1/R2昇格"
"092443dfadcb","エアコン・空調","シャープ エアコン 18畳用 5.6kW 最上位 空気清浄フィルター付き","台","catalog-2026-07","https://jp.sharp/aircon/","2026-07-21","R1/R2昇格"
"9fb5bf6d3121","エアコン・空調","シャープ エアコン 18畳用 5.6kW 最上位 自動掃除機能付き","台","catalog-2026-07","https://jp.sharp/aircon/","2026-07-21","R1/R2昇格"
"4e0bee6693fd","エアコン・空調","シャープ エアコン 18畳用 スタンダード","台","catalog-2026-07","https://jp.sharp/aircon/","2026-07-21","R1/R2昇格"
"f466ad34d35c","エアコン・空調","シャープ エアコン 18畳用 ハイスペック","台","catalog-2026-07","https://jp.sharp/aircon/","2026-07-21","R1/R2昇格"
"637343c59536","エアコン・空調","シャープ エアコン 18畳用 プレミアム","台","catalog-2026-07","https://jp.sharp/aircon/","2026-07-21","R1/R2昇格"
"9be067d887b2","エアコン・空調","シャープ エアコン 18畳用 ミドル","台","catalog-2026-07","https://jp.sharp/aircon/","2026-07-21","R1/R2昇格"
"1e38ad1dbff7","エアコン・空調","シャープ エアコン 18畳用 最上位モデル","台","catalog-2026-07","https://jp.sharp/aircon/","2026-07-21","R1/R2昇格"
"3fd307908c19","エアコン・空調","シャープ エアコン 20畳用 6.3kW エントリー 暖房メイン（寒冷地仕様）","台","catalog-2026-07","https://jp.sharp/aircon/","2026-07-21","R1/R2昇格"
"4d82db868324","エアコン・空調","シャープ エアコン 20畳用 6.3kW エントリー 標準仕様","台","catalog-2026-07","https://jp.sharp/aircon/","2026-07-21","R1/R2昇格"
"4f66431d4090","エアコン・空調","シャープ エアコン 20畳用 6.3kW エントリー 空気清浄フィルター付き","台","catalog-2026-07","https://jp.sharp/aircon/","2026-07-21","R1/R2昇格"
"f6d743f27c06","エアコン・空調","シャープ エアコン 20畳用 6.3kW エントリー 自動掃除機能付き","台","catalog-2026-07","https://jp.sharp/aircon/","2026-07-21","R1/R2昇格"
"905535d4f203","エアコン・空調","シャープ エアコン 20畳用 6.3kW スタンダード AI自動運転","台","catalog-2026-07","https://jp.sharp/aircon/","2026-07-21","R1/R2昇格"
"ac6461fc8a8c","エアコン・空調","シャープ エアコン 20畳用 6.3kW スタンダード 暖房メイン（寒冷地仕様）","台","catalog-2026-07","https://jp.sharp/aircon/","2026-07-21","R1/R2昇格"
"65848e5b4d57","エアコン・空調","シャープ エアコン 20畳用 6.3kW スタンダード 標準仕様","台","catalog-2026-07","https://jp.sharp/aircon/","2026-07-21","R1/R2昇格"
"7760c4c3afc6","エアコン・空調","シャープ エアコン 20畳用 6.3kW スタンダード 空気清浄フィルター付き","台","catalog-2026-07","https://jp.sharp/aircon/","2026-07-21","R1/R2昇格"
"f3f79ba60b6f","エアコン・空調","シャープ エアコン 20畳用 6.3kW スタンダード 自動掃除機能付き","台","catalog-2026-07","https://jp.sharp/aircon/","2026-07-21","R1/R2昇格"
"b232e6acb78f","エアコン・空調","シャープ エアコン 20畳用 6.3kW 上位 AI自動運転","台","catalog-2026-07","https://jp.sharp/aircon/","2026-07-21","R1/R2昇格"
"05a79cf36d63","エアコン・空調","シャープ エアコン 20畳用 6.3kW 上位 暖房メイン（寒冷地仕様）","台","catalog-2026-07","https://jp.sharp/aircon/","2026-07-21","R1/R2昇格"
"e0f40ba1d225","エアコン・空調","シャープ エアコン 20畳用 6.3kW 上位 標準仕様","台","catalog-2026-07","https://jp.sharp/aircon/","2026-07-21","R1/R2昇格"
"303c6c3664ac","エアコン・空調","シャープ エアコン 20畳用 6.3kW 上位 空気清浄フィルター付き","台","catalog-2026-07","https://jp.sharp/aircon/","2026-07-21","R1/R2昇格"
"3e3372d8bc9f","エアコン・空調","シャープ エアコン 20畳用 6.3kW 上位 自動掃除機能付き","台","catalog-2026-07","https://jp.sharp/aircon/","2026-07-21","R1/R2昇格"
"b946e458059f","エアコン・空調","シャープ エアコン 20畳用 6.3kW 最上位 AI自動運転","台","catalog-2026-07","https://jp.sharp/aircon/","2026-07-21","R1/R2昇格"
"d469dd629283","エアコン・空調","シャープ エアコン 20畳用 6.3kW 最上位 暖房メイン（寒冷地仕様）","台","catalog-2026-07","https://jp.sharp/aircon/","2026-07-21","R1/R2昇格"
"7cf50cb2d830","エアコン・空調","シャープ エアコン 20畳用 6.3kW 最上位 標準仕様","台","catalog-2026-07","https://jp.sharp/aircon/","2026-07-21","R1/R2昇格"
"28be3fcedd8d","エアコン・空調","シャープ エアコン 20畳用 6.3kW 最上位 空気清浄フィルター付き","台","catalog-2026-07","https://jp.sharp/aircon/","2026-07-21","R1/R2昇格"
"73639964b11c","エアコン・空調","シャープ エアコン 20畳用 6.3kW 最上位 自動掃除機能付き","台","catalog-2026-07","https://jp.sharp/aircon/","2026-07-21","R1/R2昇格"
"a6fc95c7d00e","エアコン・空調","シャープ エアコン 20畳用 スタンダード","台","catalog-2026-07","https://jp.sharp/aircon/","2026-07-21","R1/R2昇格"
"02b89cd7cb00","エアコン・空調","シャープ エアコン 20畳用 ハイスペック","台","catalog-2026-07","https://jp.sharp/aircon/","2026-07-21","R1/R2昇格"
"d957850400a3","エアコン・空調","シャープ エアコン 20畳用 プレミアム","台","catalog-2026-07","https://jp.sharp/aircon/","2026-07-21","R1/R2昇格"
"6d406082151a","エアコン・空調","シャープ エアコン 20畳用 ミドル","台","catalog-2026-07","https://jp.sharp/aircon/","2026-07-21","R1/R2昇格"
"36026ec002be","エアコン・空調","シャープ エアコン 20畳用 最上位モデル","台","catalog-2026-07","https://jp.sharp/aircon/","2026-07-21","R1/R2昇格"
"5c5730cec5a2","エアコン・空調","シャープ エアコン 23畳用 7.1kW エントリー 暖房メイン（寒冷地仕様）","台","catalog-2026-07","https://jp.sharp/aircon/","2026-07-21","R1/R2昇格"
"c3f01d3dd031","エアコン・空調","シャープ エアコン 23畳用 7.1kW エントリー 標準仕様","台","catalog-2026-07","https://jp.sharp/aircon/","2026-07-21","R1/R2昇格"
"43747431fedf","エアコン・空調","シャープ エアコン 23畳用 7.1kW エントリー 空気清浄フィルター付き","台","catalog-2026-07","https://jp.sharp/aircon/","2026-07-21","R1/R2昇格"
"e0e423fc7dbd","エアコン・空調","シャープ エアコン 23畳用 7.1kW エントリー 自動掃除機能付き","台","catalog-2026-07","https://jp.sharp/aircon/","2026-07-21","R1/R2昇格"
"7b8297272d9b","エアコン・空調","シャープ エアコン 23畳用 7.1kW スタンダード AI自動運転","台","catalog-2026-07","https://jp.sharp/aircon/","2026-07-21","R1/R2昇格"
"ad61508511be","エアコン・空調","シャープ エアコン 23畳用 7.1kW スタンダード 暖房メイン（寒冷地仕様）","台","catalog-2026-07","https://jp.sharp/aircon/","2026-07-21","R1/R2昇格"
"45ab3bf3f401","エアコン・空調","シャープ エアコン 23畳用 7.1kW スタンダード 標準仕様","台","catalog-2026-07","https://jp.sharp/aircon/","2026-07-21","R1/R2昇格"
"2c89d528b639","エアコン・空調","シャープ エアコン 23畳用 7.1kW スタンダード 空気清浄フィルター付き","台","catalog-2026-07","https://jp.sharp/aircon/","2026-07-21","R1/R2昇格"
"6cdc2a55563f","エアコン・空調","シャープ エアコン 23畳用 7.1kW スタンダード 自動掃除機能付き","台","catalog-2026-07","https://jp.sharp/aircon/","2026-07-21","R1/R2昇格"
"46273f3754e3","エアコン・空調","シャープ エアコン 23畳用 7.1kW 上位 AI自動運転","台","catalog-2026-07","https://jp.sharp/aircon/","2026-07-21","R1/R2昇格"
"1a27321c173d","エアコン・空調","シャープ エアコン 23畳用 7.1kW 上位 暖房メイン（寒冷地仕様）","台","catalog-2026-07","https://jp.sharp/aircon/","2026-07-21","R1/R2昇格"
"5ba8102693cb","エアコン・空調","シャープ エアコン 23畳用 7.1kW 上位 標準仕様","台","catalog-2026-07","https://jp.sharp/aircon/","2026-07-21","R1/R2昇格"
"0df70cda209d","エアコン・空調","シャープ エアコン 23畳用 7.1kW 上位 空気清浄フィルター付き","台","catalog-2026-07","https://jp.sharp/aircon/","2026-07-21","R1/R2昇格"
"02d7fa9cfaf7","エアコン・空調","シャープ エアコン 23畳用 7.1kW 上位 自動掃除機能付き","台","catalog-2026-07","https://jp.sharp/aircon/","2026-07-21","R1/R2昇格"
"f6115f7a3772","エアコン・空調","シャープ エアコン 23畳用 7.1kW 最上位 AI自動運転","台","catalog-2026-07","https://jp.sharp/aircon/","2026-07-21","R1/R2昇格"
"abb82ad424a9","エアコン・空調","シャープ エアコン 23畳用 7.1kW 最上位 暖房メイン（寒冷地仕様）","台","catalog-2026-07","https://jp.sharp/aircon/","2026-07-21","R1/R2昇格"
"85bdbb2c26cf","エアコン・空調","シャープ エアコン 23畳用 7.1kW 最上位 標準仕様","台","catalog-2026-07","https://jp.sharp/aircon/","2026-07-21","R1/R2昇格"
"f1952335973b","エアコン・空調","シャープ エアコン 23畳用 7.1kW 最上位 空気清浄フィルター付き","台","catalog-2026-07","https://jp.sharp/aircon/","2026-07-21","R1/R2昇格"
"aaebaf4a1199","エアコン・空調","シャープ エアコン 23畳用 7.1kW 最上位 自動掃除機能付き","台","catalog-2026-07","https://jp.sharp/aircon/","2026-07-21","R1/R2昇格"
"8c6508154209","エアコン・空調","シャープ エアコン 6畳用 2.2kW エントリー 暖房メイン（寒冷地仕様）","台","catalog-2026-07","https://jp.sharp/aircon/","2026-07-21","R1/R2昇格"
"2881a2a0f300","エアコン・空調","シャープ エアコン 6畳用 2.2kW エントリー 標準仕様","台","catalog-2026-07","https://jp.sharp/aircon/","2026-07-21","R1/R2昇格"
"7ee861cbb1f7","エアコン・空調","シャープ エアコン 6畳用 2.2kW エントリー 空気清浄フィルター付き","台","catalog-2026-07","https://jp.sharp/aircon/","2026-07-21","R1/R2昇格"
"4fc8082caad6","エアコン・空調","シャープ エアコン 6畳用 2.2kW エントリー 自動掃除機能付き","台","catalog-2026-07","https://jp.sharp/aircon/","2026-07-21","R1/R2昇格"
"18be264fb3ad","エアコン・空調","シャープ エアコン 6畳用 2.2kW スタンダード AI自動運転","台","catalog-2026-07","https://jp.sharp/aircon/","2026-07-21","R1/R2昇格"
"dc56ad9bf50d","エアコン・空調","シャープ エアコン 6畳用 2.2kW スタンダード 暖房メイン（寒冷地仕様）","台","catalog-2026-07","https://jp.sharp/aircon/","2026-07-21","R1/R2昇格"
"9651b2ff6a8b","エアコン・空調","シャープ エアコン 6畳用 2.2kW スタンダード 標準仕様","台","catalog-2026-07","https://jp.sharp/aircon/","2026-07-21","R1/R2昇格"
"f787af97c83a","エアコン・空調","シャープ エアコン 6畳用 2.2kW スタンダード 空気清浄フィルター付き","台","catalog-2026-07","https://jp.sharp/aircon/","2026-07-21","R1/R2昇格"
"9eaa28499888","エアコン・空調","シャープ エアコン 6畳用 2.2kW スタンダード 自動掃除機能付き","台","catalog-2026-07","https://jp.sharp/aircon/","2026-07-21","R1/R2昇格"
"2e27ad07fb60","エアコン・空調","シャープ エアコン 6畳用 2.2kW 上位 AI自動運転","台","catalog-2026-07","https://jp.sharp/aircon/","2026-07-21","R1/R2昇格"
"10567fa54ad1","エアコン・空調","シャープ エアコン 6畳用 2.2kW 上位 暖房メイン（寒冷地仕様）","台","catalog-2026-07","https://jp.sharp/aircon/","2026-07-21","R1/R2昇格"
"b73a0b0533f5","エアコン・空調","シャープ エアコン 6畳用 2.2kW 上位 標準仕様","台","catalog-2026-07","https://jp.sharp/aircon/","2026-07-21","R1/R2昇格"
"79d9a051b9ad","エアコン・空調","シャープ エアコン 6畳用 2.2kW 上位 空気清浄フィルター付き","台","catalog-2026-07","https://jp.sharp/aircon/","2026-07-21","R1/R2昇格"
"4f358cd0c096","エアコン・空調","シャープ エアコン 6畳用 2.2kW 上位 自動掃除機能付き","台","catalog-2026-07","https://jp.sharp/aircon/","2026-07-21","R1/R2昇格"
"5264aca1e6ca","エアコン・空調","シャープ エアコン 6畳用 スタンダード","台","catalog-2026-07","https://jp.sharp/aircon/","2026-07-21","R1/R2昇格"
"858d589ce6d3","エアコン・空調","シャープ エアコン 6畳用 ハイスペック","台","catalog-2026-07","https://jp.sharp/aircon/","2026-07-21","R1/R2昇格"
"cc99bddb8a21","エアコン・空調","シャープ エアコン 6畳用 プレミアム","台","catalog-2026-07","https://jp.sharp/aircon/","2026-07-21","R1/R2昇格"
"a0e4fb753fdf","エアコン・空調","シャープ エアコン 6畳用 ミドル","台","catalog-2026-07","https://jp.sharp/aircon/","2026-07-21","R1/R2昇格"
"1fe97d90a3e3","エアコン・空調","シャープ エアコン 6畳用 最上位モデル","台","catalog-2026-07","https://jp.sharp/aircon/","2026-07-21","R1/R2昇格"
"170e83627086","エアコン・空調","シャープ エアコン 8畳用 2.5kW エントリー 暖房メイン（寒冷地仕様）","台","catalog-2026-07","https://jp.sharp/aircon/","2026-07-21","R1/R2昇格"
"f2672337a954","エアコン・空調","シャープ エアコン 8畳用 2.5kW エントリー 標準仕様","台","catalog-2026-07","https://jp.sharp/aircon/","2026-07-21","R1/R2昇格"
"1f6bfd377043","エアコン・空調","シャープ エアコン 8畳用 2.5kW エントリー 空気清浄フィルター付き","台","catalog-2026-07","https://jp.sharp/aircon/","2026-07-21","R1/R2昇格"
"dcada8302a4d","エアコン・空調","シャープ エアコン 8畳用 2.5kW エントリー 自動掃除機能付き","台","catalog-2026-07","https://jp.sharp/aircon/","2026-07-21","R1/R2昇格"
"b69adf2a2c1d","エアコン・空調","シャープ エアコン 8畳用 2.5kW スタンダード AI自動運転","台","catalog-2026-07","https://jp.sharp/aircon/","2026-07-21","R1/R2昇格"
"e644dd90543b","エアコン・空調","シャープ エアコン 8畳用 2.5kW スタンダード 暖房メイン（寒冷地仕様）","台","catalog-2026-07","https://jp.sharp/aircon/","2026-07-21","R1/R2昇格"
"7610009cbaa1","エアコン・空調","シャープ エアコン 8畳用 2.5kW スタンダード 標準仕様","台","catalog-2026-07","https://jp.sharp/aircon/","2026-07-21","R1/R2昇格"
"833a6a7efc98","エアコン・空調","シャープ エアコン 8畳用 2.5kW スタンダード 空気清浄フィルター付き","台","catalog-2026-07","https://jp.sharp/aircon/","2026-07-21","R1/R2昇格"
"82b5f1638a93","エアコン・空調","シャープ エアコン 8畳用 2.5kW スタンダード 自動掃除機能付き","台","catalog-2026-07","https://jp.sharp/aircon/","2026-07-21","R1/R2昇格"
"9415102539fd","エアコン・空調","シャープ エアコン 8畳用 2.5kW 上位 AI自動運転","台","catalog-2026-07","https://jp.sharp/aircon/","2026-07-21","R1/R2昇格"
"e3a06d57a54c","エアコン・空調","シャープ エアコン 8畳用 2.5kW 上位 暖房メイン（寒冷地仕様）","台","catalog-2026-07","https://jp.sharp/aircon/","2026-07-21","R1/R2昇格"
"69fd2e0143de","エアコン・空調","シャープ エアコン 8畳用 2.5kW 上位 標準仕様","台","catalog-2026-07","https://jp.sharp/aircon/","2026-07-21","R1/R2昇格"
"6524cf7d17ab","エアコン・空調","シャープ エアコン 8畳用 2.5kW 上位 空気清浄フィルター付き","台","catalog-2026-07","https://jp.sharp/aircon/","2026-07-21","R1/R2昇格"
"9ae896113f3f","エアコン・空調","シャープ エアコン 8畳用 2.5kW 上位 自動掃除機能付き","台","catalog-2026-07","https://jp.sharp/aircon/","2026-07-21","R1/R2昇格"
"a5616b4d6b6b","エアコン・空調","シャープ エアコン 8畳用 2.5kW 最上位 AI自動運転","台","catalog-2026-07","https://jp.sharp/aircon/","2026-07-21","R1/R2昇格"
"b6cceed68ece","エアコン・空調","シャープ エアコン 8畳用 2.5kW 最上位 暖房メイン（寒冷地仕様）","台","catalog-2026-07","https://jp.sharp/aircon/","2026-07-21","R1/R2昇格"
"689725dd78ab","エアコン・空調","シャープ エアコン 8畳用 2.5kW 最上位 標準仕様","台","catalog-2026-07","https://jp.sharp/aircon/","2026-07-21","R1/R2昇格"
"adfb468f2f32","エアコン・空調","シャープ エアコン 8畳用 2.5kW 最上位 空気清浄フィルター付き","台","catalog-2026-07","https://jp.sharp/aircon/","2026-07-21","R1/R2昇格"
"33c6a6bac85e","エアコン・空調","シャープ エアコン 8畳用 2.5kW 最上位 自動掃除機能付き","台","catalog-2026-07","https://jp.sharp/aircon/","2026-07-21","R1/R2昇格"
"d0fab6041e47","エアコン・空調","シャープ エアコン 8畳用 スタンダード","台","catalog-2026-07","https://jp.sharp/aircon/","2026-07-21","R1/R2昇格"
"d5f56359dd51","エアコン・空調","シャープ エアコン 8畳用 ハイスペック","台","catalog-2026-07","https://jp.sharp/aircon/","2026-07-21","R1/R2昇格"
"5d27c54e9583","エアコン・空調","シャープ エアコン 8畳用 プレミアム","台","catalog-2026-07","https://jp.sharp/aircon/","2026-07-21","R1/R2昇格"
"d34c44c0b97c","エアコン・空調","シャープ エアコン 8畳用 ミドル","台","catalog-2026-07","https://jp.sharp/aircon/","2026-07-21","R1/R2昇格"
"a2c28b05708a","エアコン・空調","シャープ エアコン 8畳用 最上位モデル","台","catalog-2026-07","https://jp.sharp/aircon/","2026-07-21","R1/R2昇格"
"06c1a83028fc","エアコン・空調","スパイラルダクト φ100 ステンレス SUS304 1m","m","catalog-2026-07","https://www.ko-spiral.co.jp/pdf/01.pdf","2026-07-21","R1/R2昇格"
"de4f1299859f","エアコン・空調","スパイラルダクト φ100 亜鉛鋼板（標準） 1m","m","catalog-2026-07","https://www.ko-spiral.co.jp/pdf/01.pdf","2026-07-21","R1/R2昇格"
"f8b67cbfb3ce","エアコン・空調","スパイラルダクト φ1000 ステンレス SUS304 1m","m","catalog-2026-07","https://www.ko-spiral.co.jp/pdf/01.pdf","2026-07-21","R1/R2昇格"
"7f237a50d3bb","エアコン・空調","スパイラルダクト φ1000 亜鉛鋼板（標準） 1m","m","catalog-2026-07","https://www.ko-spiral.co.jp/pdf/01.pdf","2026-07-21","R1/R2昇格"
"bf4eb9fd59d7","エアコン・空調","スパイラルダクト φ125 ステンレス SUS304 1m","m","catalog-2026-07","https://www.ko-spiral.co.jp/pdf/01.pdf","2026-07-21","R1/R2昇格"
"4f55eefb6a99","エアコン・空調","スパイラルダクト φ125 亜鉛鋼板（標準） 1m","m","catalog-2026-07","https://www.ko-spiral.co.jp/pdf/01.pdf","2026-07-21","R1/R2昇格"
"62ddba6f783d","エアコン・空調","スパイラルダクト φ1250 ステンレス SUS304 1m","m","catalog-2026-07","https://www.ko-spiral.co.jp/pdf/01.pdf","2026-07-21","R1/R2昇格"
"38c92c576de7","エアコン・空調","スパイラルダクト φ1250 亜鉛鋼板（標準） 1m","m","catalog-2026-07","https://www.ko-spiral.co.jp/pdf/01.pdf","2026-07-21","R1/R2昇格"
"35bfd5579fe6","エアコン・空調","スパイラルダクト φ150 ステンレス SUS304 1m","m","catalog-2026-07","https://www.ko-spiral.co.jp/pdf/01.pdf","2026-07-21","R1/R2昇格"
"a0bb89a8decc","エアコン・空調","スパイラルダクト φ150 亜鉛鋼板（標準） 1m","m","catalog-2026-07","https://www.ko-spiral.co.jp/pdf/01.pdf","2026-07-21","R1/R2昇格"
"d7e2b56525bf","エアコン・空調","スパイラルダクト φ175 ステンレス SUS304 1m","m","catalog-2026-07","https://www.ko-spiral.co.jp/pdf/01.pdf","2026-07-21","R1/R2昇格"
"9e39c55415b6","エアコン・空調","スパイラルダクト φ175 亜鉛鋼板（標準） 1m","m","catalog-2026-07","https://www.ko-spiral.co.jp/pdf/01.pdf","2026-07-21","R1/R2昇格"
"7fcd9f855f54","エアコン・空調","スパイラルダクト φ200 ステンレス SUS304 1m","m","catalog-2026-07","https://www.ko-spiral.co.jp/pdf/01.pdf","2026-07-21","R1/R2昇格"
"1606d0a0cc26","エアコン・空調","スパイラルダクト φ200 亜鉛鋼板（標準） 1m","m","catalog-2026-07","https://www.ko-spiral.co.jp/pdf/01.pdf","2026-07-21","R1/R2昇格"
"69b7695d55a3","エアコン・空調","スパイラルダクト φ250 ステンレス SUS304 1m","m","catalog-2026-07","https://www.ko-spiral.co.jp/pdf/01.pdf","2026-07-21","R1/R2昇格"
"9b9359615a03","エアコン・空調","スパイラルダクト φ250 亜鉛鋼板（標準） 1m","m","catalog-2026-07","https://www.ko-spiral.co.jp/pdf/01.pdf","2026-07-21","R1/R2昇格"
"afc0b79b3989","エアコン・空調","スパイラルダクト φ300 ステンレス SUS304 1m","m","catalog-2026-07","https://www.ko-spiral.co.jp/pdf/01.pdf","2026-07-21","R1/R2昇格"
"b549ff487813","エアコン・空調","スパイラルダクト φ300 亜鉛鋼板（標準） 1m","m","catalog-2026-07","https://www.ko-spiral.co.jp/pdf/01.pdf","2026-07-21","R1/R2昇格"
"5e459c1767e2","エアコン・空調","スパイラルダクト φ350 ステンレス SUS304 1m","m","catalog-2026-07","https://www.ko-spiral.co.jp/pdf/01.pdf","2026-07-21","R1/R2昇格"
"ce4386952403","エアコン・空調","スパイラルダクト φ350 亜鉛鋼板（標準） 1m","m","catalog-2026-07","https://www.ko-spiral.co.jp/pdf/01.pdf","2026-07-21","R1/R2昇格"
"0d658b3afe3b","エアコン・空調","スパイラルダクト φ400 ステンレス SUS304 1m","m","catalog-2026-07","https://www.ko-spiral.co.jp/pdf/01.pdf","2026-07-21","R1/R2昇格"
"1bbac96a6e21","エアコン・空調","スパイラルダクト φ400 亜鉛鋼板（標準） 1m","m","catalog-2026-07","https://www.ko-spiral.co.jp/pdf/01.pdf","2026-07-21","R1/R2昇格"
"86dc8f8f28f6","エアコン・空調","スパイラルダクト φ450 ステンレス SUS304 1m","m","catalog-2026-07","https://www.ko-spiral.co.jp/pdf/01.pdf","2026-07-21","R1/R2昇格"
"dfe89697e663","エアコン・空調","スパイラルダクト φ450 亜鉛鋼板（標準） 1m","m","catalog-2026-07","https://www.ko-spiral.co.jp/pdf/01.pdf","2026-07-21","R1/R2昇格"
"1b6ec0554767","エアコン・空調","スパイラルダクト φ500 ステンレス SUS304 1m","m","catalog-2026-07","https://www.ko-spiral.co.jp/pdf/01.pdf","2026-07-21","R1/R2昇格"
"c002d54f80c8","エアコン・空調","スパイラルダクト φ500 亜鉛鋼板（標準） 1m","m","catalog-2026-07","https://www.ko-spiral.co.jp/pdf/01.pdf","2026-07-21","R1/R2昇格"
"9e97e6e353ec","エアコン・空調","スパイラルダクト φ600 ステンレス SUS304 1m","m","catalog-2026-07","https://www.ko-spiral.co.jp/pdf/01.pdf","2026-07-21","R1/R2昇格"
"adb6bf904086","エアコン・空調","スパイラルダクト φ600 亜鉛鋼板（標準） 1m","m","catalog-2026-07","https://www.ko-spiral.co.jp/pdf/01.pdf","2026-07-21","R1/R2昇格"
"3f6e65142f1e","エアコン・空調","スパイラルダクト φ75 ステンレス SUS304 1m","m","catalog-2026-07","https://www.ko-spiral.co.jp/pdf/01.pdf","2026-07-21","R1/R2昇格"
"c95c2e3fa613","エアコン・空調","スパイラルダクト φ75 亜鉛鋼板（標準） 1m","m","catalog-2026-07","https://www.ko-spiral.co.jp/pdf/01.pdf","2026-07-21","R1/R2昇格"
"8f7502a804c0","エアコン・空調","スパイラルダクト φ800 ステンレス SUS304 1m","m","catalog-2026-07","https://www.ko-spiral.co.jp/pdf/01.pdf","2026-07-21","R1/R2昇格"
"c52eb9c5934b","エアコン・空調","スパイラルダクト φ800 亜鉛鋼板（標準） 1m","m","catalog-2026-07","https://www.ko-spiral.co.jp/pdf/01.pdf","2026-07-21","R1/R2昇格"
"e19da9c00fff","エアコン・空調","スパイラルダクト φ900 ステンレス SUS304 1m","m","catalog-2026-07","https://www.ko-spiral.co.jp/pdf/01.pdf","2026-07-21","R1/R2昇格"
"dc92f7d30246","エアコン・空調","スパイラルダクト φ900 亜鉛鋼板（標準） 1m","m","catalog-2026-07","https://www.ko-spiral.co.jp/pdf/01.pdf","2026-07-21","R1/R2昇格"
"35221056ee5d","エアコン・空調","ダイキン エアコン 10畳用 2.8kW エントリー 暖房メイン（寒冷地仕様）","台","catalog-2026-07","https://www.ac.daikin.co.jp/roomaircon","2026-07-21","R1/R2昇格"
"425eef381f3d","エアコン・空調","ダイキン エアコン 10畳用 2.8kW エントリー 標準仕様","台","catalog-2026-07","https://www.ac.daikin.co.jp/roomaircon","2026-07-21","R1/R2昇格"
"a00f9fd92192","エアコン・空調","ダイキン エアコン 10畳用 2.8kW エントリー 空気清浄フィルター付き","台","catalog-2026-07","https://www.ac.daikin.co.jp/roomaircon","2026-07-21","R1/R2昇格"
"a428329e6f3a","エアコン・空調","ダイキン エアコン 10畳用 2.8kW エントリー 自動掃除機能付き","台","catalog-2026-07","https://www.ac.daikin.co.jp/roomaircon","2026-07-21","R1/R2昇格"
"80c24ae52291","エアコン・空調","ダイキン エアコン 10畳用 2.8kW スタンダード AI自動運転","台","catalog-2026-07","https://www.ac.daikin.co.jp/roomaircon","2026-07-21","R1/R2昇格"
"4860347590de","エアコン・空調","ダイキン エアコン 10畳用 2.8kW スタンダード 暖房メイン（寒冷地仕様）","台","catalog-2026-07","https://www.ac.daikin.co.jp/roomaircon","2026-07-21","R1/R2昇格"
"c552de73513c","エアコン・空調","ダイキン エアコン 10畳用 2.8kW スタンダード 標準仕様","台","catalog-2026-07","https://www.ac.daikin.co.jp/roomaircon","2026-07-21","R1/R2昇格"
"0b3365b036be","エアコン・空調","ダイキン エアコン 10畳用 2.8kW スタンダード 空気清浄フィルター付き","台","catalog-2026-07","https://www.ac.daikin.co.jp/roomaircon","2026-07-21","R1/R2昇格"
"d32970d49a6e","エアコン・空調","ダイキン エアコン 10畳用 2.8kW スタンダード 自動掃除機能付き","台","catalog-2026-07","https://www.ac.daikin.co.jp/roomaircon","2026-07-21","R1/R2昇格"
"b389699dcb50","エアコン・空調","ダイキン エアコン 10畳用 2.8kW 上位 AI自動運転","台","catalog-2026-07","https://www.ac.daikin.co.jp/roomaircon","2026-07-21","R1/R2昇格"
"1cd243dc5fce","エアコン・空調","ダイキン エアコン 10畳用 2.8kW 上位 加湿機能付き","台","catalog-2026-07","https://www.ac.daikin.co.jp/roomaircon","2026-07-21","R1/R2昇格"
"31970a5c434a","エアコン・空調","ダイキン エアコン 10畳用 2.8kW 上位 暖房メイン（寒冷地仕様）","台","catalog-2026-07","https://www.ac.daikin.co.jp/roomaircon","2026-07-21","R1/R2昇格"
"f392af30eff1","エアコン・空調","ダイキン エアコン 10畳用 2.8kW 上位 標準仕様","台","catalog-2026-07","https://www.ac.daikin.co.jp/roomaircon","2026-07-21","R1/R2昇格"
"d146a46ef941","エアコン・空調","ダイキン エアコン 10畳用 2.8kW 上位 空気清浄フィルター付き","台","catalog-2026-07","https://www.ac.daikin.co.jp/roomaircon","2026-07-21","R1/R2昇格"
"ed635ae631f0","エアコン・空調","ダイキン エアコン 10畳用 2.8kW 上位 自動掃除機能付き","台","catalog-2026-07","https://www.ac.daikin.co.jp/roomaircon","2026-07-21","R1/R2昇格"
"2011723b0a7b","エアコン・空調","ダイキン エアコン 10畳用 2.8kW 最上位 AI自動運転","台","catalog-2026-07","https://www.ac.daikin.co.jp/roomaircon","2026-07-21","R1/R2昇格"
"ad3e615c1af9","エアコン・空調","ダイキン エアコン 10畳用 2.8kW 最上位 加湿機能付き","台","catalog-2026-07","https://www.ac.daikin.co.jp/roomaircon","2026-07-21","R1/R2昇格"
"9064c66b08c8","エアコン・空調","ダイキン エアコン 10畳用 2.8kW 最上位 暖房メイン（寒冷地仕様）","台","catalog-2026-07","https://www.ac.daikin.co.jp/roomaircon","2026-07-21","R1/R2昇格"
"ddb73c1fae00","エアコン・空調","ダイキン エアコン 10畳用 2.8kW 最上位 標準仕様","台","catalog-2026-07","https://www.ac.daikin.co.jp/roomaircon","2026-07-21","R1/R2昇格"
"b7ac3ac4a22e","エアコン・空調","ダイキン エアコン 10畳用 2.8kW 最上位 空気清浄フィルター付き","台","catalog-2026-07","https://www.ac.daikin.co.jp/roomaircon","2026-07-21","R1/R2昇格"
"ed6606a954d4","エアコン・空調","ダイキン エアコン 10畳用 2.8kW 最上位 自動掃除機能付き","台","catalog-2026-07","https://www.ac.daikin.co.jp/roomaircon","2026-07-21","R1/R2昇格"
"7b82781b0304","エアコン・空調","ダイキン エアコン 10畳用 スタンダード","台","catalog-2026-07","https://www.ac.daikin.co.jp/roomaircon","2026-07-21","R1/R2昇格"
"52a2c6fba44d","エアコン・空調","ダイキン エアコン 10畳用 ハイスペック","台","catalog-2026-07","https://www.ac.daikin.co.jp/roomaircon","2026-07-21","R1/R2昇格"
"d92d5f50b7a8","エアコン・空調","ダイキン エアコン 10畳用 プレミアム","台","catalog-2026-07","https://www.ac.daikin.co.jp/roomaircon","2026-07-21","R1/R2昇格"
"946c4e55f247","エアコン・空調","ダイキン エアコン 10畳用 ミドル","台","catalog-2026-07","https://www.ac.daikin.co.jp/roomaircon","2026-07-21","R1/R2昇格"
"86f876878c70","エアコン・空調","ダイキン エアコン 10畳用 最上位モデル","台","catalog-2026-07","https://www.ac.daikin.co.jp/roomaircon","2026-07-21","R1/R2昇格"
"ecb88d6cd876","エアコン・空調","ダイキン エアコン 12畳用 3.6kW エントリー 暖房メイン（寒冷地仕様）","台","catalog-2026-07","https://www.ac.daikin.co.jp/roomaircon","2026-07-21","R1/R2昇格"
"3b8567860fdc","エアコン・空調","ダイキン エアコン 12畳用 3.6kW エントリー 標準仕様","台","catalog-2026-07","https://www.ac.daikin.co.jp/roomaircon","2026-07-21","R1/R2昇格"
"75980aa0e18d","エアコン・空調","ダイキン エアコン 12畳用 3.6kW エントリー 空気清浄フィルター付き","台","catalog-2026-07","https://www.ac.daikin.co.jp/roomaircon","2026-07-21","R1/R2昇格"
"92439efe367a","エアコン・空調","ダイキン エアコン 12畳用 3.6kW エントリー 自動掃除機能付き","台","catalog-2026-07","https://www.ac.daikin.co.jp/roomaircon","2026-07-21","R1/R2昇格"
"2550f3d530db","エアコン・空調","ダイキン エアコン 12畳用 3.6kW スタンダード AI自動運転","台","catalog-2026-07","https://www.ac.daikin.co.jp/roomaircon","2026-07-21","R1/R2昇格"
"ba23effb7af9","エアコン・空調","ダイキン エアコン 12畳用 3.6kW スタンダード 暖房メイン（寒冷地仕様）","台","catalog-2026-07","https://www.ac.daikin.co.jp/roomaircon","2026-07-21","R1/R2昇格"
"df3374549752","エアコン・空調","ダイキン エアコン 12畳用 3.6kW スタンダード 標準仕様","台","catalog-2026-07","https://www.ac.daikin.co.jp/roomaircon","2026-07-21","R1/R2昇格"
"5256c1a4cee5","エアコン・空調","ダイキン エアコン 12畳用 3.6kW スタンダード 空気清浄フィルター付き","台","catalog-2026-07","https://www.ac.daikin.co.jp/roomaircon","2026-07-21","R1/R2昇格"
"6c5da060329a","エアコン・空調","ダイキン エアコン 12畳用 3.6kW スタンダード 自動掃除機能付き","台","catalog-2026-07","https://www.ac.daikin.co.jp/roomaircon","2026-07-21","R1/R2昇格"
"1b547dce1406","エアコン・空調","ダイキン エアコン 12畳用 3.6kW 上位 AI自動運転","台","catalog-2026-07","https://www.ac.daikin.co.jp/roomaircon","2026-07-21","R1/R2昇格"
"15bebf08d9f6","エアコン・空調","ダイキン エアコン 12畳用 3.6kW 上位 加湿機能付き","台","catalog-2026-07","https://www.ac.daikin.co.jp/roomaircon","2026-07-21","R1/R2昇格"
"3a54029eec1c","エアコン・空調","ダイキン エアコン 12畳用 3.6kW 上位 暖房メイン（寒冷地仕様）","台","catalog-2026-07","https://www.ac.daikin.co.jp/roomaircon","2026-07-21","R1/R2昇格"
"abb7ec3cc37e","エアコン・空調","ダイキン エアコン 12畳用 3.6kW 上位 標準仕様","台","catalog-2026-07","https://www.ac.daikin.co.jp/roomaircon","2026-07-21","R1/R2昇格"
"8ceb0833a217","エアコン・空調","ダイキン エアコン 12畳用 3.6kW 上位 空気清浄フィルター付き","台","catalog-2026-07","https://www.ac.daikin.co.jp/roomaircon","2026-07-21","R1/R2昇格"
"18c95cd17b3b","エアコン・空調","ダイキン エアコン 12畳用 3.6kW 上位 自動掃除機能付き","台","catalog-2026-07","https://www.ac.daikin.co.jp/roomaircon","2026-07-21","R1/R2昇格"
"1753622bc09f","エアコン・空調","ダイキン エアコン 12畳用 3.6kW 最上位 AI自動運転","台","catalog-2026-07","https://www.ac.daikin.co.jp/roomaircon","2026-07-21","R1/R2昇格"
"3a2c48dfba38","エアコン・空調","ダイキン エアコン 12畳用 3.6kW 最上位 加湿機能付き","台","catalog-2026-07","https://www.ac.daikin.co.jp/roomaircon","2026-07-21","R1/R2昇格"
"706e4ed90587","エアコン・空調","ダイキン エアコン 12畳用 3.6kW 最上位 暖房メイン（寒冷地仕様）","台","catalog-2026-07","https://www.ac.daikin.co.jp/roomaircon","2026-07-21","R1/R2昇格"
"29775ae94662","エアコン・空調","ダイキン エアコン 12畳用 3.6kW 最上位 標準仕様","台","catalog-2026-07","https://www.ac.daikin.co.jp/roomaircon","2026-07-21","R1/R2昇格"
"5089b98e9844","エアコン・空調","ダイキン エアコン 12畳用 3.6kW 最上位 空気清浄フィルター付き","台","catalog-2026-07","https://www.ac.daikin.co.jp/roomaircon","2026-07-21","R1/R2昇格"
"dcaf5c69f48e","エアコン・空調","ダイキン エアコン 12畳用 3.6kW 最上位 自動掃除機能付き","台","catalog-2026-07","https://www.ac.daikin.co.jp/roomaircon","2026-07-21","R1/R2昇格"
"47b487e24083","エアコン・空調","ダイキン エアコン 14畳用 4.0kW エントリー 暖房メイン（寒冷地仕様）","台","catalog-2026-07","https://www.ac.daikin.co.jp/roomaircon","2026-07-21","R1/R2昇格"
"938d501c7b9a","エアコン・空調","ダイキン エアコン 14畳用 4.0kW エントリー 標準仕様","台","catalog-2026-07","https://www.ac.daikin.co.jp/roomaircon","2026-07-21","R1/R2昇格"
"5cb0e27e8bb5","エアコン・空調","ダイキン エアコン 14畳用 4.0kW エントリー 空気清浄フィルター付き","台","catalog-2026-07","https://www.ac.daikin.co.jp/roomaircon","2026-07-21","R1/R2昇格"
"7d11e26e006c","エアコン・空調","ダイキン エアコン 14畳用 4.0kW エントリー 自動掃除機能付き","台","catalog-2026-07","https://www.ac.daikin.co.jp/roomaircon","2026-07-21","R1/R2昇格"
"22d5a63b34b6","エアコン・空調","ダイキン エアコン 14畳用 4.0kW スタンダード AI自動運転","台","catalog-2026-07","https://www.ac.daikin.co.jp/roomaircon","2026-07-21","R1/R2昇格"
"663936834c32","エアコン・空調","ダイキン エアコン 14畳用 4.0kW スタンダード 暖房メイン（寒冷地仕様）","台","catalog-2026-07","https://www.ac.daikin.co.jp/roomaircon","2026-07-21","R1/R2昇格"
"6377fa094fcd","エアコン・空調","ダイキン エアコン 14畳用 4.0kW スタンダード 標準仕様","台","catalog-2026-07","https://www.ac.daikin.co.jp/roomaircon","2026-07-21","R1/R2昇格"
"9be82e4418e8","エアコン・空調","ダイキン エアコン 14畳用 4.0kW スタンダード 空気清浄フィルター付き","台","catalog-2026-07","https://www.ac.daikin.co.jp/roomaircon","2026-07-21","R1/R2昇格"
"0a3adfcabf0f","エアコン・空調","ダイキン エアコン 14畳用 4.0kW スタンダード 自動掃除機能付き","台","catalog-2026-07","https://www.ac.daikin.co.jp/roomaircon","2026-07-21","R1/R2昇格"
"3aa50913124f","エアコン・空調","ダイキン エアコン 14畳用 4.0kW 上位 AI自動運転","台","catalog-2026-07","https://www.ac.daikin.co.jp/roomaircon","2026-07-21","R1/R2昇格"
"1add5d8c2545","エアコン・空調","ダイキン エアコン 14畳用 4.0kW 上位 加湿機能付き","台","catalog-2026-07","https://www.ac.daikin.co.jp/roomaircon","2026-07-21","R1/R2昇格"
"bc22b7a8f640","エアコン・空調","ダイキン エアコン 14畳用 4.0kW 上位 暖房メイン（寒冷地仕様）","台","catalog-2026-07","https://www.ac.daikin.co.jp/roomaircon","2026-07-21","R1/R2昇格"
"df193ef6f725","エアコン・空調","ダイキン エアコン 14畳用 4.0kW 上位 標準仕様","台","catalog-2026-07","https://www.ac.daikin.co.jp/roomaircon","2026-07-21","R1/R2昇格"
"36b9b03e57ed","エアコン・空調","ダイキン エアコン 14畳用 4.0kW 上位 空気清浄フィルター付き","台","catalog-2026-07","https://www.ac.daikin.co.jp/roomaircon","2026-07-21","R1/R2昇格"
"0cef20e996a1","エアコン・空調","ダイキン エアコン 14畳用 4.0kW 上位 自動掃除機能付き","台","catalog-2026-07","https://www.ac.daikin.co.jp/roomaircon","2026-07-21","R1/R2昇格"
"edc891c3b8a4","エアコン・空調","ダイキン エアコン 14畳用 4.0kW 最上位 AI自動運転","台","catalog-2026-07","https://www.ac.daikin.co.jp/roomaircon","2026-07-21","R1/R2昇格"
"cf5ec78d5a6d","エアコン・空調","ダイキン エアコン 14畳用 4.0kW 最上位 加湿機能付き","台","catalog-2026-07","https://www.ac.daikin.co.jp/roomaircon","2026-07-21","R1/R2昇格"
"aabccde2ba86","エアコン・空調","ダイキン エアコン 14畳用 4.0kW 最上位 暖房メイン（寒冷地仕様）","台","catalog-2026-07","https://www.ac.daikin.co.jp/roomaircon","2026-07-21","R1/R2昇格"
"0032b8d6a7de","エアコン・空調","ダイキン エアコン 14畳用 4.0kW 最上位 標準仕様","台","catalog-2026-07","https://www.ac.daikin.co.jp/roomaircon","2026-07-21","R1/R2昇格"
"9ecf100aab80","エアコン・空調","ダイキン エアコン 14畳用 4.0kW 最上位 空気清浄フィルター付き","台","catalog-2026-07","https://www.ac.daikin.co.jp/roomaircon","2026-07-21","R1/R2昇格"
"ab895701e81b","エアコン・空調","ダイキン エアコン 14畳用 4.0kW 最上位 自動掃除機能付き","台","catalog-2026-07","https://www.ac.daikin.co.jp/roomaircon","2026-07-21","R1/R2昇格"
"a3b64b54a430","エアコン・空調","ダイキン エアコン 14畳用 スタンダード","台","catalog-2026-07","https://www.ac.daikin.co.jp/roomaircon","2026-07-21","R1/R2昇格"
"636f4368972c","エアコン・空調","ダイキン エアコン 14畳用 スタンダード（本体+標準取付）","台","catalog-2026-07","https://www.ac.daikin.co.jp/roomaircon","2026-07-21","R1/R2昇格"
"239323f8637e","エアコン・空調","ダイキン エアコン 14畳用 ハイスペック","台","catalog-2026-07","https://www.ac.daikin.co.jp/roomaircon","2026-07-21","R1/R2昇格"
"691187092ba4","エアコン・空調","ダイキン エアコン 14畳用 プレミアム","台","catalog-2026-07","https://www.ac.daikin.co.jp/roomaircon","2026-07-21","R1/R2昇格"
"ae2336e776be","エアコン・空調","ダイキン エアコン 14畳用 ミドル","台","catalog-2026-07","https://www.ac.daikin.co.jp/roomaircon","2026-07-21","R1/R2昇格"
"388700b9b525","エアコン・空調","ダイキン エアコン 14畳用 最上位モデル","台","catalog-2026-07","https://www.ac.daikin.co.jp/roomaircon","2026-07-21","R1/R2昇格"
"6ec59c433341","エアコン・空調","ダイキン エアコン 18畳用 5.6kW エントリー 暖房メイン（寒冷地仕様）","台","catalog-2026-07","https://www.ac.daikin.co.jp/roomaircon","2026-07-21","R1/R2昇格"
"1ee24f3aff9c","エアコン・空調","ダイキン エアコン 18畳用 5.6kW エントリー 標準仕様","台","catalog-2026-07","https://www.ac.daikin.co.jp/roomaircon","2026-07-21","R1/R2昇格"
"020c41716f8c","エアコン・空調","ダイキン エアコン 18畳用 5.6kW エントリー 空気清浄フィルター付き","台","catalog-2026-07","https://www.ac.daikin.co.jp/roomaircon","2026-07-21","R1/R2昇格"
"66c5f7edb522","エアコン・空調","ダイキン エアコン 18畳用 5.6kW エントリー 自動掃除機能付き","台","catalog-2026-07","https://www.ac.daikin.co.jp/roomaircon","2026-07-21","R1/R2昇格"
"d59a77c61593","エアコン・空調","ダイキン エアコン 18畳用 5.6kW スタンダード AI自動運転","台","catalog-2026-07","https://www.ac.daikin.co.jp/roomaircon","2026-07-21","R1/R2昇格"
"e8e4f6317440","エアコン・空調","ダイキン エアコン 18畳用 5.6kW スタンダード 暖房メイン（寒冷地仕様）","台","catalog-2026-07","https://www.ac.daikin.co.jp/roomaircon","2026-07-21","R1/R2昇格"
"1eb7b0495e94","エアコン・空調","ダイキン エアコン 18畳用 5.6kW スタンダード 標準仕様","台","catalog-2026-07","https://www.ac.daikin.co.jp/roomaircon","2026-07-21","R1/R2昇格"
"60eaf1b57adb","エアコン・空調","ダイキン エアコン 18畳用 5.6kW スタンダード 空気清浄フィルター付き","台","catalog-2026-07","https://www.ac.daikin.co.jp/roomaircon","2026-07-21","R1/R2昇格"
"8160717cdb46","エアコン・空調","ダイキン エアコン 18畳用 5.6kW スタンダード 自動掃除機能付き","台","catalog-2026-07","https://www.ac.daikin.co.jp/roomaircon","2026-07-21","R1/R2昇格"
"205e4ee0191b","エアコン・空調","ダイキン エアコン 18畳用 5.6kW 上位 AI自動運転","台","catalog-2026-07","https://www.ac.daikin.co.jp/roomaircon","2026-07-21","R1/R2昇格"
"7902bd34699a","エアコン・空調","ダイキン エアコン 18畳用 5.6kW 上位 加湿機能付き","台","catalog-2026-07","https://www.ac.daikin.co.jp/roomaircon","2026-07-21","R1/R2昇格"
"4348b447f5cb","エアコン・空調","ダイキン エアコン 18畳用 5.6kW 上位 暖房メイン（寒冷地仕様）","台","catalog-2026-07","https://www.ac.daikin.co.jp/roomaircon","2026-07-21","R1/R2昇格"
"f038639b15e9","エアコン・空調","ダイキン エアコン 18畳用 5.6kW 上位 標準仕様","台","catalog-2026-07","https://www.ac.daikin.co.jp/roomaircon","2026-07-21","R1/R2昇格"
"a6f8eaa34f23","エアコン・空調","ダイキン エアコン 18畳用 5.6kW 上位 空気清浄フィルター付き","台","catalog-2026-07","https://www.ac.daikin.co.jp/roomaircon","2026-07-21","R1/R2昇格"
"7bb4b108164d","エアコン・空調","ダイキン エアコン 18畳用 5.6kW 上位 自動掃除機能付き","台","catalog-2026-07","https://www.ac.daikin.co.jp/roomaircon","2026-07-21","R1/R2昇格"
"e7c83a9a8a5b","エアコン・空調","ダイキン エアコン 18畳用 5.6kW 最上位 AI自動運転","台","catalog-2026-07","https://www.ac.daikin.co.jp/roomaircon","2026-07-21","R1/R2昇格"
"e0e67c13b8ee","エアコン・空調","ダイキン エアコン 18畳用 5.6kW 最上位 加湿機能付き","台","catalog-2026-07","https://www.ac.daikin.co.jp/roomaircon","2026-07-21","R1/R2昇格"
"d1e0d7380471","エアコン・空調","ダイキン エアコン 18畳用 5.6kW 最上位 暖房メイン（寒冷地仕様）","台","catalog-2026-07","https://www.ac.daikin.co.jp/roomaircon","2026-07-21","R1/R2昇格"
"81c4f5887fe8","エアコン・空調","ダイキン エアコン 18畳用 5.6kW 最上位 標準仕様","台","catalog-2026-07","https://www.ac.daikin.co.jp/roomaircon","2026-07-21","R1/R2昇格"
"30c754b75f25","エアコン・空調","ダイキン エアコン 18畳用 5.6kW 最上位 空気清浄フィルター付き","台","catalog-2026-07","https://www.ac.daikin.co.jp/roomaircon","2026-07-21","R1/R2昇格"
"f8637c54c14f","エアコン・空調","ダイキン エアコン 18畳用 5.6kW 最上位 自動掃除機能付き","台","catalog-2026-07","https://www.ac.daikin.co.jp/roomaircon","2026-07-21","R1/R2昇格"
"018a53497274","エアコン・空調","ダイキン エアコン 18畳用 スタンダード","台","catalog-2026-07","https://www.ac.daikin.co.jp/roomaircon","2026-07-21","R1/R2昇格"
"7101e5184e68","エアコン・空調","ダイキン エアコン 18畳用 ハイスペック","台","catalog-2026-07","https://www.ac.daikin.co.jp/roomaircon","2026-07-21","R1/R2昇格"
"0af070cf9885","エアコン・空調","ダイキン エアコン 18畳用 プレミアム","台","catalog-2026-07","https://www.ac.daikin.co.jp/roomaircon","2026-07-21","R1/R2昇格"
"5753ff156ae5","エアコン・空調","ダイキン エアコン 18畳用 ミドル","台","catalog-2026-07","https://www.ac.daikin.co.jp/roomaircon","2026-07-21","R1/R2昇格"
"f24a8e3359da","エアコン・空調","ダイキン エアコン 18畳用 最上位モデル","台","catalog-2026-07","https://www.ac.daikin.co.jp/roomaircon","2026-07-21","R1/R2昇格"
"6af1061d2fb0","エアコン・空調","ダイキン エアコン 20畳用 6.3kW エントリー 暖房メイン（寒冷地仕様）","台","catalog-2026-07","https://www.ac.daikin.co.jp/roomaircon","2026-07-21","R1/R2昇格"
"1e17d036ee65","エアコン・空調","ダイキン エアコン 20畳用 6.3kW エントリー 標準仕様","台","catalog-2026-07","https://www.ac.daikin.co.jp/roomaircon","2026-07-21","R1/R2昇格"
"a0888e813efc","エアコン・空調","ダイキン エアコン 20畳用 6.3kW エントリー 空気清浄フィルター付き","台","catalog-2026-07","https://www.ac.daikin.co.jp/roomaircon","2026-07-21","R1/R2昇格"
"87e23d5d50c2","エアコン・空調","ダイキン エアコン 20畳用 6.3kW エントリー 自動掃除機能付き","台","catalog-2026-07","https://www.ac.daikin.co.jp/roomaircon","2026-07-21","R1/R2昇格"
"9aed62cb9dbf","エアコン・空調","ダイキン エアコン 20畳用 6.3kW スタンダード AI自動運転","台","catalog-2026-07","https://www.ac.daikin.co.jp/roomaircon","2026-07-21","R1/R2昇格"
"aae1e5acd6d3","エアコン・空調","ダイキン エアコン 20畳用 6.3kW スタンダード 暖房メイン（寒冷地仕様）","台","catalog-2026-07","https://www.ac.daikin.co.jp/roomaircon","2026-07-21","R1/R2昇格"
"aa8ad2dc654a","エアコン・空調","ダイキン エアコン 20畳用 6.3kW スタンダード 標準仕様","台","catalog-2026-07","https://www.ac.daikin.co.jp/roomaircon","2026-07-21","R1/R2昇格"
"a4907d6b58ff","エアコン・空調","ダイキン エアコン 20畳用 6.3kW スタンダード 空気清浄フィルター付き","台","catalog-2026-07","https://www.ac.daikin.co.jp/roomaircon","2026-07-21","R1/R2昇格"
"c3b7d0f07857","エアコン・空調","ダイキン エアコン 20畳用 6.3kW スタンダード 自動掃除機能付き","台","catalog-2026-07","https://www.ac.daikin.co.jp/roomaircon","2026-07-21","R1/R2昇格"
"af5faa9ae216","エアコン・空調","ダイキン エアコン 20畳用 6.3kW 上位 AI自動運転","台","catalog-2026-07","https://www.ac.daikin.co.jp/roomaircon","2026-07-21","R1/R2昇格"
"9a92d1e39129","エアコン・空調","ダイキン エアコン 20畳用 6.3kW 上位 加湿機能付き","台","catalog-2026-07","https://www.ac.daikin.co.jp/roomaircon","2026-07-21","R1/R2昇格"
"cdf972397529","エアコン・空調","ダイキン エアコン 20畳用 6.3kW 上位 暖房メイン（寒冷地仕様）","台","catalog-2026-07","https://www.ac.daikin.co.jp/roomaircon","2026-07-21","R1/R2昇格"
"23bf2cd3124b","エアコン・空調","ダイキン エアコン 20畳用 6.3kW 上位 標準仕様","台","catalog-2026-07","https://www.ac.daikin.co.jp/roomaircon","2026-07-21","R1/R2昇格"
"8ee4a103cc71","エアコン・空調","ダイキン エアコン 20畳用 6.3kW 上位 空気清浄フィルター付き","台","catalog-2026-07","https://www.ac.daikin.co.jp/roomaircon","2026-07-21","R1/R2昇格"
"bdbf9f4f6254","エアコン・空調","ダイキン エアコン 20畳用 6.3kW 上位 自動掃除機能付き","台","catalog-2026-07","https://www.ac.daikin.co.jp/roomaircon","2026-07-21","R1/R2昇格"
"0255f5c8d3ff","エアコン・空調","ダイキン エアコン 20畳用 6.3kW 最上位 AI自動運転","台","catalog-2026-07","https://www.ac.daikin.co.jp/roomaircon","2026-07-21","R1/R2昇格"
"8b75436d19f1","エアコン・空調","ダイキン エアコン 20畳用 6.3kW 最上位 加湿機能付き","台","catalog-2026-07","https://www.ac.daikin.co.jp/roomaircon","2026-07-21","R1/R2昇格"
"d17f8b83b4fc","エアコン・空調","ダイキン エアコン 20畳用 6.3kW 最上位 暖房メイン（寒冷地仕様）","台","catalog-2026-07","https://www.ac.daikin.co.jp/roomaircon","2026-07-21","R1/R2昇格"
"8bf3dd4f92b7","エアコン・空調","ダイキン エアコン 20畳用 6.3kW 最上位 標準仕様","台","catalog-2026-07","https://www.ac.daikin.co.jp/roomaircon","2026-07-21","R1/R2昇格"
"7bcd1cb23001","エアコン・空調","ダイキン エアコン 20畳用 6.3kW 最上位 空気清浄フィルター付き","台","catalog-2026-07","https://www.ac.daikin.co.jp/roomaircon","2026-07-21","R1/R2昇格"
"b3063de5ed37","エアコン・空調","ダイキン エアコン 20畳用 6.3kW 最上位 自動掃除機能付き","台","catalog-2026-07","https://www.ac.daikin.co.jp/roomaircon","2026-07-21","R1/R2昇格"
"5a82b0d88692","エアコン・空調","ダイキン エアコン 20畳用 スタンダード","台","catalog-2026-07","https://www.ac.daikin.co.jp/roomaircon","2026-07-21","R1/R2昇格"
"c949693dd676","エアコン・空調","ダイキン エアコン 20畳用 ハイスペック","台","catalog-2026-07","https://www.ac.daikin.co.jp/roomaircon","2026-07-21","R1/R2昇格"
"d885780b11cc","エアコン・空調","ダイキン エアコン 20畳用 プレミアム","台","catalog-2026-07","https://www.ac.daikin.co.jp/roomaircon","2026-07-21","R1/R2昇格"
"cdf3d6e2114a","エアコン・空調","ダイキン エアコン 20畳用 ミドル","台","catalog-2026-07","https://www.ac.daikin.co.jp/roomaircon","2026-07-21","R1/R2昇格"
"d35756fc5f2c","エアコン・空調","ダイキン エアコン 20畳用 最上位モデル","台","catalog-2026-07","https://www.ac.daikin.co.jp/roomaircon","2026-07-21","R1/R2昇格"
"fdc083f2a248","エアコン・空調","ダイキン エアコン 23畳用 7.1kW エントリー 暖房メイン（寒冷地仕様）","台","catalog-2026-07","https://www.ac.daikin.co.jp/roomaircon","2026-07-21","R1/R2昇格"
"aba439314577","エアコン・空調","ダイキン エアコン 23畳用 7.1kW エントリー 標準仕様","台","catalog-2026-07","https://www.ac.daikin.co.jp/roomaircon","2026-07-21","R1/R2昇格"
"d02147654637","エアコン・空調","ダイキン エアコン 23畳用 7.1kW エントリー 空気清浄フィルター付き","台","catalog-2026-07","https://www.ac.daikin.co.jp/roomaircon","2026-07-21","R1/R2昇格"
"f6fe1849d3df","エアコン・空調","ダイキン エアコン 23畳用 7.1kW エントリー 自動掃除機能付き","台","catalog-2026-07","https://www.ac.daikin.co.jp/roomaircon","2026-07-21","R1/R2昇格"
"4a9b573108fc","エアコン・空調","ダイキン エアコン 23畳用 7.1kW スタンダード AI自動運転","台","catalog-2026-07","https://www.ac.daikin.co.jp/roomaircon","2026-07-21","R1/R2昇格"
"cfed22b057d0","エアコン・空調","ダイキン エアコン 23畳用 7.1kW スタンダード 暖房メイン（寒冷地仕様）","台","catalog-2026-07","https://www.ac.daikin.co.jp/roomaircon","2026-07-21","R1/R2昇格"
"12e9d9250261","エアコン・空調","ダイキン エアコン 23畳用 7.1kW スタンダード 標準仕様","台","catalog-2026-07","https://www.ac.daikin.co.jp/roomaircon","2026-07-21","R1/R2昇格"
"918566a9219e","エアコン・空調","ダイキン エアコン 23畳用 7.1kW スタンダード 空気清浄フィルター付き","台","catalog-2026-07","https://www.ac.daikin.co.jp/roomaircon","2026-07-21","R1/R2昇格"
"60693c7a3384","エアコン・空調","ダイキン エアコン 23畳用 7.1kW スタンダード 自動掃除機能付き","台","catalog-2026-07","https://www.ac.daikin.co.jp/roomaircon","2026-07-21","R1/R2昇格"
"b3453ee08743","エアコン・空調","ダイキン エアコン 23畳用 7.1kW 上位 AI自動運転","台","catalog-2026-07","https://www.ac.daikin.co.jp/roomaircon","2026-07-21","R1/R2昇格"
"287548127fe0","エアコン・空調","ダイキン エアコン 23畳用 7.1kW 上位 加湿機能付き","台","catalog-2026-07","https://www.ac.daikin.co.jp/roomaircon","2026-07-21","R1/R2昇格"
"29dedeb68290","エアコン・空調","ダイキン エアコン 23畳用 7.1kW 上位 暖房メイン（寒冷地仕様）","台","catalog-2026-07","https://www.ac.daikin.co.jp/roomaircon","2026-07-21","R1/R2昇格"
"343ea45caa1e","エアコン・空調","ダイキン エアコン 23畳用 7.1kW 上位 標準仕様","台","catalog-2026-07","https://www.ac.daikin.co.jp/roomaircon","2026-07-21","R1/R2昇格"
"6d5269927c5a","エアコン・空調","ダイキン エアコン 23畳用 7.1kW 上位 空気清浄フィルター付き","台","catalog-2026-07","https://www.ac.daikin.co.jp/roomaircon","2026-07-21","R1/R2昇格"
"1736d78b4698","エアコン・空調","ダイキン エアコン 23畳用 7.1kW 上位 自動掃除機能付き","台","catalog-2026-07","https://www.ac.daikin.co.jp/roomaircon","2026-07-21","R1/R2昇格"
"921122f6968d","エアコン・空調","ダイキン エアコン 23畳用 7.1kW 最上位 AI自動運転","台","catalog-2026-07","https://www.ac.daikin.co.jp/roomaircon","2026-07-21","R1/R2昇格"
"e6a3dcc72240","エアコン・空調","ダイキン エアコン 23畳用 7.1kW 最上位 加湿機能付き","台","catalog-2026-07","https://www.ac.daikin.co.jp/roomaircon","2026-07-21","R1/R2昇格"
"ef87f13cd4c9","エアコン・空調","ダイキン エアコン 23畳用 7.1kW 最上位 暖房メイン（寒冷地仕様）","台","catalog-2026-07","https://www.ac.daikin.co.jp/roomaircon","2026-07-21","R1/R2昇格"
"0995eeeaf800","エアコン・空調","ダイキン エアコン 23畳用 7.1kW 最上位 標準仕様","台","catalog-2026-07","https://www.ac.daikin.co.jp/roomaircon","2026-07-21","R1/R2昇格"
"780d9ba642f2","エアコン・空調","ダイキン エアコン 23畳用 7.1kW 最上位 空気清浄フィルター付き","台","catalog-2026-07","https://www.ac.daikin.co.jp/roomaircon","2026-07-21","R1/R2昇格"
"e2f05183d2e3","エアコン・空調","ダイキン エアコン 23畳用 7.1kW 最上位 自動掃除機能付き","台","catalog-2026-07","https://www.ac.daikin.co.jp/roomaircon","2026-07-21","R1/R2昇格"
"6c6de76efe0c","エアコン・空調","ダイキン エアコン 6畳用 2.2kW エントリー 暖房メイン（寒冷地仕様）","台","catalog-2026-07","https://www.ac.daikin.co.jp/roomaircon","2026-07-21","R1/R2昇格"
"bcc0e3cc5770","エアコン・空調","ダイキン エアコン 6畳用 2.2kW エントリー 標準仕様","台","catalog-2026-07","https://www.ac.daikin.co.jp/roomaircon","2026-07-21","R1/R2昇格"
"56c555d0092c","エアコン・空調","ダイキン エアコン 6畳用 2.2kW エントリー 空気清浄フィルター付き","台","catalog-2026-07","https://www.ac.daikin.co.jp/roomaircon","2026-07-21","R1/R2昇格"
"cc9b908a21b3","エアコン・空調","ダイキン エアコン 6畳用 2.2kW エントリー 自動掃除機能付き","台","catalog-2026-07","https://www.ac.daikin.co.jp/roomaircon","2026-07-21","R1/R2昇格"
"f26054366758","エアコン・空調","ダイキン エアコン 6畳用 2.2kW スタンダード AI自動運転","台","catalog-2026-07","https://www.ac.daikin.co.jp/roomaircon","2026-07-21","R1/R2昇格"
"3d9fc1f641c5","エアコン・空調","ダイキン エアコン 6畳用 2.2kW スタンダード 暖房メイン（寒冷地仕様）","台","catalog-2026-07","https://www.ac.daikin.co.jp/roomaircon","2026-07-21","R1/R2昇格"
"baa427596c55","エアコン・空調","ダイキン エアコン 6畳用 2.2kW スタンダード 標準仕様","台","catalog-2026-07","https://www.ac.daikin.co.jp/roomaircon","2026-07-21","R1/R2昇格"
"4c8cae002717","エアコン・空調","ダイキン エアコン 6畳用 2.2kW スタンダード 空気清浄フィルター付き","台","catalog-2026-07","https://www.ac.daikin.co.jp/roomaircon","2026-07-21","R1/R2昇格"
"363958b986b4","エアコン・空調","ダイキン エアコン 6畳用 2.2kW スタンダード 自動掃除機能付き","台","catalog-2026-07","https://www.ac.daikin.co.jp/roomaircon","2026-07-21","R1/R2昇格"
"95a07c99a123","エアコン・空調","ダイキン エアコン 6畳用 2.2kW 上位 AI自動運転","台","catalog-2026-07","https://www.ac.daikin.co.jp/roomaircon","2026-07-21","R1/R2昇格"
"592115e41545","エアコン・空調","ダイキン エアコン 6畳用 2.2kW 上位 加湿機能付き","台","catalog-2026-07","https://www.ac.daikin.co.jp/roomaircon","2026-07-21","R1/R2昇格"
"b972bae9a8fe","エアコン・空調","ダイキン エアコン 6畳用 2.2kW 上位 暖房メイン（寒冷地仕様）","台","catalog-2026-07","https://www.ac.daikin.co.jp/roomaircon","2026-07-21","R1/R2昇格"
"bab6c272d39f","エアコン・空調","ダイキン エアコン 6畳用 2.2kW 上位 標準仕様","台","catalog-2026-07","https://www.ac.daikin.co.jp/roomaircon","2026-07-21","R1/R2昇格"
"1de80344436e","エアコン・空調","ダイキン エアコン 6畳用 2.2kW 上位 空気清浄フィルター付き","台","catalog-2026-07","https://www.ac.daikin.co.jp/roomaircon","2026-07-21","R1/R2昇格"
"8bf3ac08740c","エアコン・空調","ダイキン エアコン 6畳用 2.2kW 上位 自動掃除機能付き","台","catalog-2026-07","https://www.ac.daikin.co.jp/roomaircon","2026-07-21","R1/R2昇格"
"cb8942af079f","エアコン・空調","ダイキン エアコン 6畳用 スタンダード","台","catalog-2026-07","https://www.ac.daikin.co.jp/roomaircon","2026-07-21","R1/R2昇格"
"d4e0f905d168","エアコン・空調","ダイキン エアコン 6畳用 スタンダード（本体+標準取付）","台","catalog-2026-07","https://www.ac.daikin.co.jp/roomaircon","2026-07-21","R1/R2昇格"
"13dfb9072a3e","エアコン・空調","ダイキン エアコン 6畳用 ハイスペック","台","catalog-2026-07","https://www.ac.daikin.co.jp/roomaircon","2026-07-21","R1/R2昇格"
"39dd8bf59f13","エアコン・空調","ダイキン エアコン 6畳用 プレミアム","台","catalog-2026-07","https://www.ac.daikin.co.jp/roomaircon","2026-07-21","R1/R2昇格"
"2d089840c0cc","エアコン・空調","ダイキン エアコン 6畳用 ミドル","台","catalog-2026-07","https://www.ac.daikin.co.jp/roomaircon","2026-07-21","R1/R2昇格"
"c37bdc3713c6","エアコン・空調","ダイキン エアコン 6畳用 最上位モデル","台","catalog-2026-07","https://www.ac.daikin.co.jp/roomaircon","2026-07-21","R1/R2昇格"
"1a4e7de91e52","エアコン・空調","ダイキン エアコン 8畳用 2.5kW エントリー 暖房メイン（寒冷地仕様）","台","catalog-2026-07","https://www.ac.daikin.co.jp/roomaircon","2026-07-21","R1/R2昇格"
"fcbd30deab53","エアコン・空調","ダイキン エアコン 8畳用 2.5kW エントリー 標準仕様","台","catalog-2026-07","https://www.ac.daikin.co.jp/roomaircon","2026-07-21","R1/R2昇格"
"8e5725bf29c9","エアコン・空調","ダイキン エアコン 8畳用 2.5kW エントリー 空気清浄フィルター付き","台","catalog-2026-07","https://www.ac.daikin.co.jp/roomaircon","2026-07-21","R1/R2昇格"
"499fb12f6696","エアコン・空調","ダイキン エアコン 8畳用 2.5kW エントリー 自動掃除機能付き","台","catalog-2026-07","https://www.ac.daikin.co.jp/roomaircon","2026-07-21","R1/R2昇格"
"3da227db5952","エアコン・空調","ダイキン エアコン 8畳用 2.5kW スタンダード AI自動運転","台","catalog-2026-07","https://www.ac.daikin.co.jp/roomaircon","2026-07-21","R1/R2昇格"
"343e15379b98","エアコン・空調","ダイキン エアコン 8畳用 2.5kW スタンダード 暖房メイン（寒冷地仕様）","台","catalog-2026-07","https://www.ac.daikin.co.jp/roomaircon","2026-07-21","R1/R2昇格"
"85eac9a75d4a","エアコン・空調","ダイキン エアコン 8畳用 2.5kW スタンダード 標準仕様","台","catalog-2026-07","https://www.ac.daikin.co.jp/roomaircon","2026-07-21","R1/R2昇格"
"ead0627a6c01","エアコン・空調","ダイキン エアコン 8畳用 2.5kW スタンダード 空気清浄フィルター付き","台","catalog-2026-07","https://www.ac.daikin.co.jp/roomaircon","2026-07-21","R1/R2昇格"
"bb7446e587b9","エアコン・空調","ダイキン エアコン 8畳用 2.5kW スタンダード 自動掃除機能付き","台","catalog-2026-07","https://www.ac.daikin.co.jp/roomaircon","2026-07-21","R1/R2昇格"
"5c390f1fe7f3","エアコン・空調","ダイキン エアコン 8畳用 2.5kW 上位 AI自動運転","台","catalog-2026-07","https://www.ac.daikin.co.jp/roomaircon","2026-07-21","R1/R2昇格"
"9c575c18978d","エアコン・空調","ダイキン エアコン 8畳用 2.5kW 上位 加湿機能付き","台","catalog-2026-07","https://www.ac.daikin.co.jp/roomaircon","2026-07-21","R1/R2昇格"
"6d565b42ec54","エアコン・空調","ダイキン エアコン 8畳用 2.5kW 上位 暖房メイン（寒冷地仕様）","台","catalog-2026-07","https://www.ac.daikin.co.jp/roomaircon","2026-07-21","R1/R2昇格"
"08ba482166bb","エアコン・空調","ダイキン エアコン 8畳用 2.5kW 上位 標準仕様","台","catalog-2026-07","https://www.ac.daikin.co.jp/roomaircon","2026-07-21","R1/R2昇格"
"4b3b2919e312","エアコン・空調","ダイキン エアコン 8畳用 2.5kW 上位 空気清浄フィルター付き","台","catalog-2026-07","https://www.ac.daikin.co.jp/roomaircon","2026-07-21","R1/R2昇格"
"78b17a94ffc8","エアコン・空調","ダイキン エアコン 8畳用 2.5kW 上位 自動掃除機能付き","台","catalog-2026-07","https://www.ac.daikin.co.jp/roomaircon","2026-07-21","R1/R2昇格"
"d7bdb9815dfa","エアコン・空調","ダイキン エアコン 8畳用 2.5kW 最上位 AI自動運転","台","catalog-2026-07","https://www.ac.daikin.co.jp/roomaircon","2026-07-21","R1/R2昇格"
"5da4d2d8553f","エアコン・空調","ダイキン エアコン 8畳用 2.5kW 最上位 加湿機能付き","台","catalog-2026-07","https://www.ac.daikin.co.jp/roomaircon","2026-07-21","R1/R2昇格"
"ea177665201f","エアコン・空調","ダイキン エアコン 8畳用 2.5kW 最上位 暖房メイン（寒冷地仕様）","台","catalog-2026-07","https://www.ac.daikin.co.jp/roomaircon","2026-07-21","R1/R2昇格"
"323be47c3a93","エアコン・空調","ダイキン エアコン 8畳用 2.5kW 最上位 標準仕様","台","catalog-2026-07","https://www.ac.daikin.co.jp/roomaircon","2026-07-21","R1/R2昇格"
"c8d3ced92f2e","エアコン・空調","ダイキン エアコン 8畳用 2.5kW 最上位 空気清浄フィルター付き","台","catalog-2026-07","https://www.ac.daikin.co.jp/roomaircon","2026-07-21","R1/R2昇格"
"037e88fe6373","エアコン・空調","ダイキン エアコン 8畳用 2.5kW 最上位 自動掃除機能付き","台","catalog-2026-07","https://www.ac.daikin.co.jp/roomaircon","2026-07-21","R1/R2昇格"
"5018dd1d28d3","エアコン・空調","ダイキン エアコン 8畳用 スタンダード","台","catalog-2026-07","https://www.ac.daikin.co.jp/roomaircon","2026-07-21","R1/R2昇格"
"669e3b5e8a95","エアコン・空調","ダイキン エアコン 8畳用 ハイスペック","台","catalog-2026-07","https://www.ac.daikin.co.jp/roomaircon","2026-07-21","R1/R2昇格"
"29137d5d6495","エアコン・空調","ダイキン エアコン 8畳用 プレミアム","台","catalog-2026-07","https://www.ac.daikin.co.jp/roomaircon","2026-07-21","R1/R2昇格"
"d981a5f8ffc5","エアコン・空調","ダイキン エアコン 8畳用 ミドル","台","catalog-2026-07","https://www.ac.daikin.co.jp/roomaircon","2026-07-21","R1/R2昇格"
"c94d1fa7788a","エアコン・空調","ダイキン エアコン 8畳用 最上位モデル","台","catalog-2026-07","https://www.ac.daikin.co.jp/roomaircon","2026-07-21","R1/R2昇格"
"920ce1245f93","エアコン・空調","ダイキン 業務用壁掛け（3馬力）","台","catalog-2026-07","https://proshop.ac.daikin.co.jp/business/useful/select/1101_4.html","2026-07-21","R1/R2昇格"
"9e9b04b475ab","エアコン・空調","ダイキン 業務用天吊（4方向 2.5馬力）","台","catalog-2026-07","https://proshop.ac.daikin.co.jp/business/useful/select/1101_4.html","2026-07-21","R1/R2昇格"
"b183e54967b8","エアコン・空調","ダイキン 業務用天吊（4方向 4馬力）","台","catalog-2026-07","https://proshop.ac.daikin.co.jp/business/useful/select/1101_4.html","2026-07-21","R1/R2昇格"
"19f451b7f01d","エアコン・空調","ダイキン 業務用天吊（4方向 6馬力）","台","catalog-2026-07","https://proshop.ac.daikin.co.jp/business/useful/select/1101_4.html","2026-07-21","R1/R2昇格"
"22825bb95a33","エアコン・空調","ダイキン 業務用天吊（4方向 8馬力）","台","catalog-2026-07","https://proshop.ac.daikin.co.jp/business/useful/select/1101_4.html","2026-07-21","R1/R2昇格"
"fec4680bc07e","エアコン・空調","ダイキン（全館空調） CO2センサー 室内用（HEMS連動）","台","catalog-2026-07","https://www.ac.daikin.co.jp/kanki_home","2026-07-21","R1/R2昇格"
"25f9feaa7075","エアコン・空調","ダイキン（全館空調） 全熱交換換気 大型 400m³/h","台","catalog-2026-07","https://www.ac.daikin.co.jp/kanki_home","2026-07-21","R1/R2昇格"
"c7f60ca5c774","エアコン・空調","ダイキン（全館空調） 全館空調 120〜160㎡対応 大型","台","catalog-2026-07","https://www.ac.daikin.co.jp/kanki_home","2026-07-21","R1/R2昇格"
"6bbd430c41ef","エアコン・空調","ダイキン（全館空調） 全館空調 200㎡以上 業務用クラス","台","catalog-2026-07","https://www.ac.daikin.co.jp/kanki_home","2026-07-21","R1/R2昇格"
"9dc52ef02e86","エアコン・空調","ダイキン（全館空調） 全館空調 スマート制御盤","台","catalog-2026-07","https://www.ac.daikin.co.jp/kanki_home","2026-07-21","R1/R2昇格"
"17a95a00cdd9","エアコン・空調","ダイキン（全館空調） 全館空調 チャンバーボックス","台","catalog-2026-07","https://www.ac.daikin.co.jp/kanki_home","2026-07-21","R1/R2昇格"
"01ffa97d007c","エアコン・空調","ダイキン（全館空調） 全館空調 吹出口グリル（天井 200×200）","台","catalog-2026-07","https://www.ac.daikin.co.jp/kanki_home","2026-07-21","R1/R2昇格"
"21e7474efc64","エアコン・空調","ダイキン（全館空調） 全館空調 風量調整ダンパー","台","catalog-2026-07","https://www.ac.daikin.co.jp/kanki_home","2026-07-21","R1/R2昇格"
"a0ac15b36edb","エアコン・空調","ダイキン（全館空調） 全館空調システム 本体 80〜120㎡対応","台","catalog-2026-07","https://www.ac.daikin.co.jp/kanki_home","2026-07-21","R1/R2昇格"
"7123ecf207ca","エアコン・空調","ダイキン（全館空調） 全館空調用 給気ダクト（φ150 1m）","台","catalog-2026-07","https://www.ko-spiral.co.jp/pdf/01.pdf","2026-07-21","R1/R2昇格"
"bcbb21527b8d","エアコン・空調","ダイキン（全館空調） 全館空調用 還気ダクト（φ200 1m）","台","catalog-2026-07","https://www.ko-spiral.co.jp/pdf/01.pdf","2026-07-21","R1/R2昇格"
"5883a7fa276a","エアコン・空調","ダイキン（全館空調） 床下冷暖房システム（基礎断熱必須）","台","catalog-2026-07","https://www.ac.daikin.co.jp/kanki_home","2026-07-21","R1/R2昇格"
"94a6fb2e70cc","エアコン・空調","ダイキン（全館空調） 輻射冷暖房 壁型パネル（1m²）","台","catalog-2026-07","https://www.ac.daikin.co.jp/kanki_home","2026-07-21","R1/R2昇格"
"752346137f5d","エアコン・空調","ダイキン（全館空調） 輻射冷暖房パネル 天井型（1m）","台","catalog-2026-07","https://www.ac.daikin.co.jp/kanki_home","2026-07-21","R1/R2昇格"
"137bc136d403","エアコン・空調","ダイキン（業務用） 全熱交換機 業務用 800m³/h","台","catalog-2026-07","https://proshop.ac.daikin.co.jp/business/useful/select/1101_4.html","2026-07-21","R1/R2昇格"
"44d53f69b90d","エアコン・空調","ダイキン（業務用） 壁掛形 業務用 2.2kW（小型店舗）","台","catalog-2026-07","https://proshop.ac.daikin.co.jp/business/useful/select/1101_4.html","2026-07-21","R1/R2昇格"
"7498c78d08cb","エアコン・空調","ダイキン（業務用） 天井カセット形 2方向 2HP（6kW）","台","catalog-2026-07","https://proshop.ac.daikin.co.jp/business/useful/select/1101_4.html","2026-07-21","R1/R2昇格"
"de70f047c4f3","エアコン・空調","ダイキン（業務用） 天井カセット形 2方向 3HP（9kW）","台","catalog-2026-07","https://proshop.ac.daikin.co.jp/business/useful/select/1101_4.html","2026-07-21","R1/R2昇格"
"f9c8f16ffd42","エアコン・空調","ダイキン（業務用） 天井カセット形 4方向 10HP（30kW）","台","catalog-2026-07","https://proshop.ac.daikin.co.jp/business/useful/select/1101_4.html","2026-07-21","R1/R2昇格"
"2ef71f8080a0","エアコン・空調","ダイキン（業務用） 天井カセット形 4方向 3HP（9kW）","台","catalog-2026-07","https://proshop.ac.daikin.co.jp/business/useful/select/1101_4.html","2026-07-21","R1/R2昇格"
"3e3adc00d898","エアコン・空調","ダイキン（業務用） 天井カセット形 4方向 5HP（15kW）","台","catalog-2026-07","https://proshop.ac.daikin.co.jp/business/useful/select/1101_4.html","2026-07-21","R1/R2昇格"
"c78a30fc1b7d","エアコン・空調","ダイキン（業務用） 天井カセット形 4方向 8HP（24kW）","台","catalog-2026-07","https://proshop.ac.daikin.co.jp/business/useful/select/1101_4.html","2026-07-21","R1/R2昇格"
"8d599da3d9f9","エアコン・空調","ダイキン（業務用） 天井埋込ダクト形 3HP","台","catalog-2026-07","https://proshop.ac.daikin.co.jp/business/useful/select/1101_4.html","2026-07-21","R1/R2昇格"
"fbe745375f4f","エアコン・空調","ダイキン（業務用） 天井埋込ダクト形 8HP","台","catalog-2026-07","https://proshop.ac.daikin.co.jp/business/useful/select/1101_4.html","2026-07-21","R1/R2昇格"
"449675153c2b","エアコン・空調","ダイキン（業務用） 天吊形 3HP（倉庫・バックヤード）","台","catalog-2026-07","https://proshop.ac.daikin.co.jp/business/useful/select/1101_4.html","2026-07-21","R1/R2昇格"
"44bb714e010d","エアコン・空調","ダイキン（業務用） 床置き形 3HP（ショーケース向き）","台","catalog-2026-07","https://proshop.ac.daikin.co.jp/business/useful/select/1101_4.html","2026-07-21","R1/R2昇格"
"c743e7777984","エアコン・空調","ダイキン（業務用） 業務用マルチ 室外機 16HP","台","catalog-2026-07","https://proshop.ac.daikin.co.jp/business/useful/select/1101_4.html","2026-07-21","R1/R2昇格"
"7585968493f7","エアコン・空調","ダイキン（業務用） 業務用マルチエアコン 室外機 8HP","台","catalog-2026-07","https://proshop.ac.daikin.co.jp/business/useful/select/1101_4.html","2026-07-21","R1/R2昇格"
"36e5542c5b98","エアコン・空調","ダクト清掃（1m）","m","catalog-2026-07","https://rescue.epark.jp/columns/kaden/aircon/2059","2026-07-21","R1/R2昇格"
"4d899f3492cd","エアコン・空調","ダクト附属品 アネモ型吹出口 φ300","個","catalog-2026-07","https://www.ko-spiral.co.jp/pdf/01.pdf","2026-07-21","R1/R2昇格"
"59701e5a428b","エアコン・空調","ダクト附属品 フレキシブルダクト φ150×3m","個","catalog-2026-07","https://www.ko-spiral.co.jp/pdf/01.pdf","2026-07-21","R1/R2昇格"
"5563461dada3","エアコン・空調","ダクト附属品 フレキシブルダクト φ200×3m","個","catalog-2026-07","https://www.ko-spiral.co.jp/pdf/01.pdf","2026-07-21","R1/R2昇格"
"54f0163bbd34","エアコン・空調","ダクト附属品 防火ダンパー φ150（温度ヒューズ）","個","catalog-2026-07","https://www.ko-spiral.co.jp/pdf/01.pdf","2026-07-21","R1/R2昇格"
"61382169863b","エアコン・空調","ダクト附属品 防火ダンパー φ200","個","catalog-2026-07","https://www.ko-spiral.co.jp/pdf/01.pdf","2026-07-21","R1/R2昇格"
"80d8d632385e","エアコン・空調","ダクト附属品 防火ダンパー φ300","個","catalog-2026-07","https://www.ko-spiral.co.jp/pdf/01.pdf","2026-07-21","R1/R2昇格"
"d7fadd57730c","エアコン・空調","ダクト附属品 風量調整ダンパー φ150","個","catalog-2026-07","https://www.ko-spiral.co.jp/pdf/01.pdf","2026-07-21","R1/R2昇格"
"631ebc6a6b9e","エアコン・空調","ダクト附属品 風量調整ダンパー φ200","個","catalog-2026-07","https://www.ko-spiral.co.jp/pdf/01.pdf","2026-07-21","R1/R2昇格"
"470b6412742a","エアコン・空調","デンソー（全館空調） CO2センサー 室内用（HEMS連動）","台","catalog-2026-07","https://www.denso-solution.com/paradia","2026-07-21","R1/R2昇格"
"98abf22bb8c2","エアコン・空調","デンソー（全館空調） 全熱交換換気 大型 400m³/h","台","catalog-2026-07","https://www.denso-solution.com/paradia","2026-07-21","R1/R2昇格"
"e371e1e43eb7","エアコン・空調","デンソー（全館空調） 全館空調 120〜160㎡対応 大型","台","catalog-2026-07","https://www.denso-solution.com/paradia","2026-07-21","R1/R2昇格"
"5bfff504b607","エアコン・空調","デンソー（全館空調） 全館空調 200㎡以上 業務用クラス","台","catalog-2026-07","https://www.denso-solution.com/paradia","2026-07-21","R1/R2昇格"
"d33cd113776b","エアコン・空調","デンソー（全館空調） 全館空調 スマート制御盤","台","catalog-2026-07","https://www.denso-solution.com/paradia","2026-07-21","R1/R2昇格"
"1a21abcc7cab","エアコン・空調","デンソー（全館空調） 全館空調 チャンバーボックス","台","catalog-2026-07","https://www.denso-solution.com/paradia","2026-07-21","R1/R2昇格"
"e50162fe7aa2","エアコン・空調","デンソー（全館空調） 全館空調 吹出口グリル（天井 200×200）","台","catalog-2026-07","https://www.denso-solution.com/paradia","2026-07-21","R1/R2昇格"
"518da63ea7d2","エアコン・空調","デンソー（全館空調） 全館空調 風量調整ダンパー","台","catalog-2026-07","https://www.denso-solution.com/paradia","2026-07-21","R1/R2昇格"
"ae322008aec7","エアコン・空調","デンソー（全館空調） 全館空調システム 本体 80〜120㎡対応","台","catalog-2026-07","https://www.denso-solution.com/paradia","2026-07-21","R1/R2昇格"
"9d9d27d8ccb0","エアコン・空調","デンソー（全館空調） 全館空調用 給気ダクト（φ150 1m）","台","catalog-2026-07","https://www.ko-spiral.co.jp/pdf/01.pdf","2026-07-21","R1/R2昇格"
"e06c5f8a9ba8","エアコン・空調","デンソー（全館空調） 全館空調用 還気ダクト（φ200 1m）","台","catalog-2026-07","https://www.ko-spiral.co.jp/pdf/01.pdf","2026-07-21","R1/R2昇格"
"b76de43f63a0","エアコン・空調","デンソー（全館空調） 床下冷暖房システム（基礎断熱必須）","台","catalog-2026-07","https://www.denso-solution.com/paradia","2026-07-21","R1/R2昇格"
"bdf8333261d4","エアコン・空調","デンソー（全館空調） 輻射冷暖房 壁型パネル（1m²）","台","catalog-2026-07","https://www.denso-solution.com/paradia","2026-07-21","R1/R2昇格"
"ed5629960ac7","エアコン・空調","デンソー（全館空調） 輻射冷暖房パネル 天井型（1m）","台","catalog-2026-07","https://www.denso-solution.com/paradia","2026-07-21","R1/R2昇格"
"2cdc9a037694","エアコン・空調","パナソニック エアコン 10畳用 2.8kW エントリー 暖房メイン（寒冷地仕様）","台","catalog-2026-07","https://panasonic.jp/aircon/LVseries.html","2026-07-21","R1/R2昇格"
"a3a985a1c697","エアコン・空調","パナソニック エアコン 10畳用 2.8kW エントリー 標準仕様","台","catalog-2026-07","https://panasonic.jp/aircon/LVseries.html","2026-07-21","R1/R2昇格"
"01182a6ccbb6","エアコン・空調","パナソニック エアコン 10畳用 2.8kW エントリー 空気清浄フィルター付き","台","catalog-2026-07","https://panasonic.jp/aircon/LVseries.html","2026-07-21","R1/R2昇格"
"0dc325501162","エアコン・空調","パナソニック エアコン 10畳用 2.8kW エントリー 自動掃除機能付き","台","catalog-2026-07","https://panasonic.jp/aircon/LVseries.html","2026-07-21","R1/R2昇格"
"06a3d967e7e6","エアコン・空調","パナソニック エアコン 10畳用 2.8kW スタンダード AI自動運転","台","catalog-2026-07","https://panasonic.jp/aircon/LVseries.html","2026-07-21","R1/R2昇格"
"95a7d82e8836","エアコン・空調","パナソニック エアコン 10畳用 2.8kW スタンダード 換気機能付き","台","catalog-2026-07","https://sumai.panasonic.jp/air/kanki/bathkan/","2026-07-21","R1/R2昇格"
"0adb42ad6bbd","エアコン・空調","パナソニック エアコン 10畳用 2.8kW スタンダード 暖房メイン（寒冷地仕様）","台","catalog-2026-07","https://panasonic.jp/aircon/LVseries.html","2026-07-21","R1/R2昇格"
"336cd9bcfb12","エアコン・空調","パナソニック エアコン 10畳用 2.8kW スタンダード 標準仕様","台","catalog-2026-07","https://panasonic.jp/aircon/LVseries.html","2026-07-21","R1/R2昇格"
"f538163ccffa","エアコン・空調","パナソニック エアコン 10畳用 2.8kW スタンダード 空気清浄フィルター付き","台","catalog-2026-07","https://panasonic.jp/aircon/LVseries.html","2026-07-21","R1/R2昇格"
"63d74ebf07f3","エアコン・空調","パナソニック エアコン 10畳用 2.8kW スタンダード 自動掃除機能付き","台","catalog-2026-07","https://panasonic.jp/aircon/LVseries.html","2026-07-21","R1/R2昇格"
"0b4dfdfb5fe9","エアコン・空調","パナソニック エアコン 10畳用 2.8kW 上位 AI自動運転","台","catalog-2026-07","https://panasonic.jp/aircon/LVseries.html","2026-07-21","R1/R2昇格"
"c5ecf671ccb1","エアコン・空調","パナソニック エアコン 10畳用 2.8kW 上位 加湿機能付き","台","catalog-2026-07","https://panasonic.jp/aircon/LVseries.html","2026-07-21","R1/R2昇格"
"7ce1bcf279f4","エアコン・空調","パナソニック エアコン 10畳用 2.8kW 上位 換気機能付き","台","catalog-2026-07","https://sumai.panasonic.jp/air/kanki/bathkan/","2026-07-21","R1/R2昇格"
"e034af62fba3","エアコン・空調","パナソニック エアコン 10畳用 2.8kW 上位 暖房メイン（寒冷地仕様）","台","catalog-2026-07","https://panasonic.jp/aircon/LVseries.html","2026-07-21","R1/R2昇格"
"a9340dd246ed","エアコン・空調","パナソニック エアコン 10畳用 2.8kW 上位 標準仕様","台","catalog-2026-07","https://panasonic.jp/aircon/LVseries.html","2026-07-21","R1/R2昇格"
"60ee2f3fe762","エアコン・空調","パナソニック エアコン 10畳用 2.8kW 上位 空気清浄フィルター付き","台","catalog-2026-07","https://panasonic.jp/aircon/LVseries.html","2026-07-21","R1/R2昇格"
"8b73a9f007dc","エアコン・空調","パナソニック エアコン 10畳用 2.8kW 上位 自動掃除機能付き","台","catalog-2026-07","https://panasonic.jp/aircon/LVseries.html","2026-07-21","R1/R2昇格"
"9b2d2eaa305f","エアコン・空調","パナソニック エアコン 10畳用 2.8kW 最上位 AI自動運転","台","catalog-2026-07","https://panasonic.jp/aircon/LVseries.html","2026-07-21","R1/R2昇格"
"f38604f81255","エアコン・空調","パナソニック エアコン 10畳用 2.8kW 最上位 加湿機能付き","台","catalog-2026-07","https://panasonic.jp/aircon/LVseries.html","2026-07-21","R1/R2昇格"
"88bbe1c77a4e","エアコン・空調","パナソニック エアコン 10畳用 2.8kW 最上位 換気機能付き","台","catalog-2026-07","https://sumai.panasonic.jp/air/kanki/bathkan/","2026-07-21","R1/R2昇格"
"ceeb2b94d71d","エアコン・空調","パナソニック エアコン 10畳用 2.8kW 最上位 暖房メイン（寒冷地仕様）","台","catalog-2026-07","https://panasonic.jp/aircon/LVseries.html","2026-07-21","R1/R2昇格"
"e158333e9eec","エアコン・空調","パナソニック エアコン 10畳用 2.8kW 最上位 標準仕様","台","catalog-2026-07","https://panasonic.jp/aircon/LVseries.html","2026-07-21","R1/R2昇格"
"efb3b6e2d4c4","エアコン・空調","パナソニック エアコン 10畳用 2.8kW 最上位 空気清浄フィルター付き","台","catalog-2026-07","https://panasonic.jp/aircon/LVseries.html","2026-07-21","R1/R2昇格"
"0fe4dc776939","エアコン・空調","パナソニック エアコン 10畳用 2.8kW 最上位 自動掃除機能付き","台","catalog-2026-07","https://panasonic.jp/aircon/LVseries.html","2026-07-21","R1/R2昇格"
"7e23cc2e7066","エアコン・空調","パナソニック エアコン 10畳用 スタンダード","台","catalog-2026-07","https://panasonic.jp/aircon/LVseries.html","2026-07-21","R1/R2昇格"
"393f8d4e0c31","エアコン・空調","パナソニック エアコン 10畳用 ハイスペック","台","catalog-2026-07","https://panasonic.jp/aircon/LVseries.html","2026-07-21","R1/R2昇格"
"115a69b266b2","エアコン・空調","パナソニック エアコン 10畳用 プレミアム","台","catalog-2026-07","https://panasonic.jp/aircon/LVseries.html","2026-07-21","R1/R2昇格"
"3868c8d45ed6","エアコン・空調","パナソニック エアコン 10畳用 ミドル","台","catalog-2026-07","https://panasonic.jp/aircon/LVseries.html","2026-07-21","R1/R2昇格"
"a130a4b6981a","エアコン・空調","パナソニック エアコン 10畳用 最上位モデル","台","catalog-2026-07","https://panasonic.jp/aircon/LVseries.html","2026-07-21","R1/R2昇格"
"dc151c5f1cc0","エアコン・空調","パナソニック エアコン 12畳用 3.6kW エントリー 暖房メイン（寒冷地仕様）","台","catalog-2026-07","https://panasonic.jp/aircon/LVseries.html","2026-07-21","R1/R2昇格"
"68d731c6c9ca","エアコン・空調","パナソニック エアコン 12畳用 3.6kW エントリー 標準仕様","台","catalog-2026-07","https://panasonic.jp/aircon/LVseries.html","2026-07-21","R1/R2昇格"
"c7712ca09758","エアコン・空調","パナソニック エアコン 12畳用 3.6kW エントリー 空気清浄フィルター付き","台","catalog-2026-07","https://panasonic.jp/aircon/LVseries.html","2026-07-21","R1/R2昇格"
"7c0e4615e5ee","エアコン・空調","パナソニック エアコン 12畳用 3.6kW エントリー 自動掃除機能付き","台","catalog-2026-07","https://panasonic.jp/aircon/LVseries.html","2026-07-21","R1/R2昇格"
"ec765a058250","エアコン・空調","パナソニック エアコン 12畳用 3.6kW スタンダード AI自動運転","台","catalog-2026-07","https://panasonic.jp/aircon/LVseries.html","2026-07-21","R1/R2昇格"
"009e46ac8169","エアコン・空調","パナソニック エアコン 12畳用 3.6kW スタンダード 換気機能付き","台","catalog-2026-07","https://sumai.panasonic.jp/air/kanki/bathkan/","2026-07-21","R1/R2昇格"
"d048c6e16820","エアコン・空調","パナソニック エアコン 12畳用 3.6kW スタンダード 暖房メイン（寒冷地仕様）","台","catalog-2026-07","https://panasonic.jp/aircon/LVseries.html","2026-07-21","R1/R2昇格"
"59833e3e5108","エアコン・空調","パナソニック エアコン 12畳用 3.6kW スタンダード 標準仕様","台","catalog-2026-07","https://panasonic.jp/aircon/LVseries.html","2026-07-21","R1/R2昇格"
"a8c6fe6a1c2f","エアコン・空調","パナソニック エアコン 12畳用 3.6kW スタンダード 空気清浄フィルター付き","台","catalog-2026-07","https://panasonic.jp/aircon/LVseries.html","2026-07-21","R1/R2昇格"
"eb59f46c9111","エアコン・空調","パナソニック エアコン 12畳用 3.6kW スタンダード 自動掃除機能付き","台","catalog-2026-07","https://panasonic.jp/aircon/LVseries.html","2026-07-21","R1/R2昇格"
"b93a824e54b1","エアコン・空調","パナソニック エアコン 12畳用 3.6kW 上位 AI自動運転","台","catalog-2026-07","https://panasonic.jp/aircon/LVseries.html","2026-07-21","R1/R2昇格"
"f4c012879b65","エアコン・空調","パナソニック エアコン 12畳用 3.6kW 上位 加湿機能付き","台","catalog-2026-07","https://panasonic.jp/aircon/LVseries.html","2026-07-21","R1/R2昇格"
"93c0b87139f2","エアコン・空調","パナソニック エアコン 12畳用 3.6kW 上位 換気機能付き","台","catalog-2026-07","https://sumai.panasonic.jp/air/kanki/bathkan/","2026-07-21","R1/R2昇格"
"68727a729962","エアコン・空調","パナソニック エアコン 12畳用 3.6kW 上位 暖房メイン（寒冷地仕様）","台","catalog-2026-07","https://panasonic.jp/aircon/LVseries.html","2026-07-21","R1/R2昇格"
"958ca540a0c0","エアコン・空調","パナソニック エアコン 12畳用 3.6kW 上位 標準仕様","台","catalog-2026-07","https://panasonic.jp/aircon/LVseries.html","2026-07-21","R1/R2昇格"
"b36c9fb526cd","エアコン・空調","パナソニック エアコン 12畳用 3.6kW 上位 空気清浄フィルター付き","台","catalog-2026-07","https://panasonic.jp/aircon/LVseries.html","2026-07-21","R1/R2昇格"
"190f2616fd8b","エアコン・空調","パナソニック エアコン 12畳用 3.6kW 上位 自動掃除機能付き","台","catalog-2026-07","https://panasonic.jp/aircon/LVseries.html","2026-07-21","R1/R2昇格"
"00664bf90d30","エアコン・空調","パナソニック エアコン 12畳用 3.6kW 最上位 AI自動運転","台","catalog-2026-07","https://panasonic.jp/aircon/LVseries.html","2026-07-21","R1/R2昇格"
"b9909f85c755","エアコン・空調","パナソニック エアコン 12畳用 3.6kW 最上位 加湿機能付き","台","catalog-2026-07","https://panasonic.jp/aircon/LVseries.html","2026-07-21","R1/R2昇格"
"4de46e4cf1f8","エアコン・空調","パナソニック エアコン 12畳用 3.6kW 最上位 換気機能付き","台","catalog-2026-07","https://sumai.panasonic.jp/air/kanki/bathkan/","2026-07-21","R1/R2昇格"
"37c7f80afc4b","エアコン・空調","パナソニック エアコン 12畳用 3.6kW 最上位 暖房メイン（寒冷地仕様）","台","catalog-2026-07","https://panasonic.jp/aircon/LVseries.html","2026-07-21","R1/R2昇格"
"def8f6bb3c93","エアコン・空調","パナソニック エアコン 12畳用 3.6kW 最上位 標準仕様","台","catalog-2026-07","https://panasonic.jp/aircon/LVseries.html","2026-07-21","R1/R2昇格"
"76880b4ecbc8","エアコン・空調","パナソニック エアコン 12畳用 3.6kW 最上位 空気清浄フィルター付き","台","catalog-2026-07","https://panasonic.jp/aircon/LVseries.html","2026-07-21","R1/R2昇格"
"09d5b814a9d1","エアコン・空調","パナソニック エアコン 12畳用 3.6kW 最上位 自動掃除機能付き","台","catalog-2026-07","https://panasonic.jp/aircon/LVseries.html","2026-07-21","R1/R2昇格"
"b06666165982","エアコン・空調","パナソニック エアコン 14畳用 4.0kW エントリー 暖房メイン（寒冷地仕様）","台","catalog-2026-07","https://panasonic.jp/aircon/LVseries.html","2026-07-21","R1/R2昇格"
"04a565d1d81b","エアコン・空調","パナソニック エアコン 14畳用 4.0kW エントリー 標準仕様","台","catalog-2026-07","https://panasonic.jp/aircon/LVseries.html","2026-07-21","R1/R2昇格"
"356ab12f2141","エアコン・空調","パナソニック エアコン 14畳用 4.0kW エントリー 空気清浄フィルター付き","台","catalog-2026-07","https://panasonic.jp/aircon/LVseries.html","2026-07-21","R1/R2昇格"
"c41eacded86b","エアコン・空調","パナソニック エアコン 14畳用 4.0kW エントリー 自動掃除機能付き","台","catalog-2026-07","https://panasonic.jp/aircon/LVseries.html","2026-07-21","R1/R2昇格"
"00b37c9e348a","エアコン・空調","パナソニック エアコン 14畳用 4.0kW スタンダード AI自動運転","台","catalog-2026-07","https://panasonic.jp/aircon/LVseries.html","2026-07-21","R1/R2昇格"
"8d2f137ed939","エアコン・空調","パナソニック エアコン 14畳用 4.0kW スタンダード 換気機能付き","台","catalog-2026-07","https://sumai.panasonic.jp/air/kanki/bathkan/","2026-07-21","R1/R2昇格"
"d1840c257bfa","エアコン・空調","パナソニック エアコン 14畳用 4.0kW スタンダード 暖房メイン（寒冷地仕様）","台","catalog-2026-07","https://panasonic.jp/aircon/LVseries.html","2026-07-21","R1/R2昇格"
"7b6674da196a","エアコン・空調","パナソニック エアコン 14畳用 4.0kW スタンダード 標準仕様","台","catalog-2026-07","https://panasonic.jp/aircon/LVseries.html","2026-07-21","R1/R2昇格"
"9238fec9f0a4","エアコン・空調","パナソニック エアコン 14畳用 4.0kW スタンダード 空気清浄フィルター付き","台","catalog-2026-07","https://panasonic.jp/aircon/LVseries.html","2026-07-21","R1/R2昇格"
"deb2cf370c61","エアコン・空調","パナソニック エアコン 14畳用 4.0kW スタンダード 自動掃除機能付き","台","catalog-2026-07","https://panasonic.jp/aircon/LVseries.html","2026-07-21","R1/R2昇格"
"68e9c7ad4358","エアコン・空調","パナソニック エアコン 14畳用 4.0kW 上位 AI自動運転","台","catalog-2026-07","https://panasonic.jp/aircon/LVseries.html","2026-07-21","R1/R2昇格"
"412cf4c0969f","エアコン・空調","パナソニック エアコン 14畳用 4.0kW 上位 加湿機能付き","台","catalog-2026-07","https://panasonic.jp/aircon/LVseries.html","2026-07-21","R1/R2昇格"
"68e0511765b9","エアコン・空調","パナソニック エアコン 14畳用 4.0kW 上位 換気機能付き","台","catalog-2026-07","https://sumai.panasonic.jp/air/kanki/bathkan/","2026-07-21","R1/R2昇格"
"96c84143c1a8","エアコン・空調","パナソニック エアコン 14畳用 4.0kW 上位 暖房メイン（寒冷地仕様）","台","catalog-2026-07","https://panasonic.jp/aircon/LVseries.html","2026-07-21","R1/R2昇格"
"4b7b20139fc6","エアコン・空調","パナソニック エアコン 14畳用 4.0kW 上位 標準仕様","台","catalog-2026-07","https://panasonic.jp/aircon/LVseries.html","2026-07-21","R1/R2昇格"
"875e34eac208","エアコン・空調","パナソニック エアコン 14畳用 4.0kW 上位 空気清浄フィルター付き","台","catalog-2026-07","https://panasonic.jp/aircon/LVseries.html","2026-07-21","R1/R2昇格"
"1e334271160c","エアコン・空調","パナソニック エアコン 14畳用 4.0kW 上位 自動掃除機能付き","台","catalog-2026-07","https://panasonic.jp/aircon/LVseries.html","2026-07-21","R1/R2昇格"
"90a7edac70fe","エアコン・空調","パナソニック エアコン 14畳用 4.0kW 最上位 AI自動運転","台","catalog-2026-07","https://panasonic.jp/aircon/LVseries.html","2026-07-21","R1/R2昇格"
"8023546f3450","エアコン・空調","パナソニック エアコン 14畳用 4.0kW 最上位 加湿機能付き","台","catalog-2026-07","https://panasonic.jp/aircon/LVseries.html","2026-07-21","R1/R2昇格"
"12c59ede7612","エアコン・空調","パナソニック エアコン 14畳用 4.0kW 最上位 換気機能付き","台","catalog-2026-07","https://sumai.panasonic.jp/air/kanki/bathkan/","2026-07-21","R1/R2昇格"
"b52b64c83375","エアコン・空調","パナソニック エアコン 14畳用 4.0kW 最上位 暖房メイン（寒冷地仕様）","台","catalog-2026-07","https://panasonic.jp/aircon/LVseries.html","2026-07-21","R1/R2昇格"
"f80fc798df55","エアコン・空調","パナソニック エアコン 14畳用 4.0kW 最上位 標準仕様","台","catalog-2026-07","https://panasonic.jp/aircon/LVseries.html","2026-07-21","R1/R2昇格"
"987b8dc09faf","エアコン・空調","パナソニック エアコン 14畳用 4.0kW 最上位 空気清浄フィルター付き","台","catalog-2026-07","https://panasonic.jp/aircon/LVseries.html","2026-07-21","R1/R2昇格"
"07ec6508186f","エアコン・空調","パナソニック エアコン 14畳用 4.0kW 最上位 自動掃除機能付き","台","catalog-2026-07","https://panasonic.jp/aircon/LVseries.html","2026-07-21","R1/R2昇格"
"8da47a68832b","エアコン・空調","パナソニック エアコン 14畳用 スタンダード","台","catalog-2026-07","https://panasonic.jp/aircon/LVseries.html","2026-07-21","R1/R2昇格"
"8b147657d185","エアコン・空調","パナソニック エアコン 14畳用 ハイスペック","台","catalog-2026-07","https://panasonic.jp/aircon/LVseries.html","2026-07-21","R1/R2昇格"
"279bc881924a","エアコン・空調","パナソニック エアコン 14畳用 プレミアム","台","catalog-2026-07","https://panasonic.jp/aircon/LVseries.html","2026-07-21","R1/R2昇格"
"52e62ec8a1b3","エアコン・空調","パナソニック エアコン 14畳用 ミドル","台","catalog-2026-07","https://panasonic.jp/aircon/LVseries.html","2026-07-21","R1/R2昇格"
"bf0a1f1c0036","エアコン・空調","パナソニック エアコン 14畳用 最上位モデル","台","catalog-2026-07","https://panasonic.jp/aircon/LVseries.html","2026-07-21","R1/R2昇格"
"9e600874bd3c","エアコン・空調","パナソニック エアコン 18畳用 5.6kW エントリー 暖房メイン（寒冷地仕様）","台","catalog-2026-07","https://panasonic.jp/aircon/LVseries.html","2026-07-21","R1/R2昇格"
"b30e6164b16b","エアコン・空調","パナソニック エアコン 18畳用 5.6kW エントリー 標準仕様","台","catalog-2026-07","https://panasonic.jp/aircon/LVseries.html","2026-07-21","R1/R2昇格"
"f6c04d7eca23","エアコン・空調","パナソニック エアコン 18畳用 5.6kW エントリー 空気清浄フィルター付き","台","catalog-2026-07","https://panasonic.jp/aircon/LVseries.html","2026-07-21","R1/R2昇格"
"2927a590bffe","エアコン・空調","パナソニック エアコン 18畳用 5.6kW エントリー 自動掃除機能付き","台","catalog-2026-07","https://panasonic.jp/aircon/LVseries.html","2026-07-21","R1/R2昇格"
"4b69d3cc5d0d","エアコン・空調","パナソニック エアコン 18畳用 5.6kW スタンダード AI自動運転","台","catalog-2026-07","https://panasonic.jp/aircon/LVseries.html","2026-07-21","R1/R2昇格"
"25cf386436ce","エアコン・空調","パナソニック エアコン 18畳用 5.6kW スタンダード 換気機能付き","台","catalog-2026-07","https://sumai.panasonic.jp/air/kanki/bathkan/","2026-07-21","R1/R2昇格"
"6c326ba3b321","エアコン・空調","パナソニック エアコン 18畳用 5.6kW スタンダード 暖房メイン（寒冷地仕様）","台","catalog-2026-07","https://panasonic.jp/aircon/LVseries.html","2026-07-21","R1/R2昇格"
"5bc7ae00429a","エアコン・空調","パナソニック エアコン 18畳用 5.6kW スタンダード 標準仕様","台","catalog-2026-07","https://panasonic.jp/aircon/LVseries.html","2026-07-21","R1/R2昇格"
"df63225ce9f1","エアコン・空調","パナソニック エアコン 18畳用 5.6kW スタンダード 空気清浄フィルター付き","台","catalog-2026-07","https://panasonic.jp/aircon/LVseries.html","2026-07-21","R1/R2昇格"
"cbcf3c5d272a","エアコン・空調","パナソニック エアコン 18畳用 5.6kW スタンダード 自動掃除機能付き","台","catalog-2026-07","https://panasonic.jp/aircon/LVseries.html","2026-07-21","R1/R2昇格"
"23b80a32e693","エアコン・空調","パナソニック エアコン 18畳用 5.6kW 上位 AI自動運転","台","catalog-2026-07","https://panasonic.jp/aircon/LVseries.html","2026-07-21","R1/R2昇格"
"b75ea461c277","エアコン・空調","パナソニック エアコン 18畳用 5.6kW 上位 加湿機能付き","台","catalog-2026-07","https://panasonic.jp/aircon/LVseries.html","2026-07-21","R1/R2昇格"
"f12c62aa51ba","エアコン・空調","パナソニック エアコン 18畳用 5.6kW 上位 換気機能付き","台","catalog-2026-07","https://sumai.panasonic.jp/air/kanki/bathkan/","2026-07-21","R1/R2昇格"
"8f242e973e4c","エアコン・空調","パナソニック エアコン 18畳用 5.6kW 上位 暖房メイン（寒冷地仕様）","台","catalog-2026-07","https://panasonic.jp/aircon/LVseries.html","2026-07-21","R1/R2昇格"
"bce13f598eaf","エアコン・空調","パナソニック エアコン 18畳用 5.6kW 上位 標準仕様","台","catalog-2026-07","https://panasonic.jp/aircon/LVseries.html","2026-07-21","R1/R2昇格"
"c00249aa8c07","エアコン・空調","パナソニック エアコン 18畳用 5.6kW 上位 空気清浄フィルター付き","台","catalog-2026-07","https://panasonic.jp/aircon/LVseries.html","2026-07-21","R1/R2昇格"
"f30872810447","エアコン・空調","パナソニック エアコン 18畳用 5.6kW 上位 自動掃除機能付き","台","catalog-2026-07","https://panasonic.jp/aircon/LVseries.html","2026-07-21","R1/R2昇格"
"d0d70573ecd8","エアコン・空調","パナソニック エアコン 18畳用 5.6kW 最上位 AI自動運転","台","catalog-2026-07","https://panasonic.jp/aircon/LVseries.html","2026-07-21","R1/R2昇格"
"990205a2d4f7","エアコン・空調","パナソニック エアコン 18畳用 5.6kW 最上位 加湿機能付き","台","catalog-2026-07","https://panasonic.jp/aircon/LVseries.html","2026-07-21","R1/R2昇格"
"470eb2f9f333","エアコン・空調","パナソニック エアコン 18畳用 5.6kW 最上位 換気機能付き","台","catalog-2026-07","https://sumai.panasonic.jp/air/kanki/bathkan/","2026-07-21","R1/R2昇格"
"cd09d30e5741","エアコン・空調","パナソニック エアコン 18畳用 5.6kW 最上位 暖房メイン（寒冷地仕様）","台","catalog-2026-07","https://panasonic.jp/aircon/LVseries.html","2026-07-21","R1/R2昇格"
"2fcddfaaf5ea","エアコン・空調","パナソニック エアコン 18畳用 5.6kW 最上位 標準仕様","台","catalog-2026-07","https://panasonic.jp/aircon/LVseries.html","2026-07-21","R1/R2昇格"
"27ee762ff2f5","エアコン・空調","パナソニック エアコン 18畳用 5.6kW 最上位 空気清浄フィルター付き","台","catalog-2026-07","https://panasonic.jp/aircon/LVseries.html","2026-07-21","R1/R2昇格"
"1446a6deb572","エアコン・空調","パナソニック エアコン 18畳用 5.6kW 最上位 自動掃除機能付き","台","catalog-2026-07","https://panasonic.jp/aircon/LVseries.html","2026-07-21","R1/R2昇格"
"b023fe307215","エアコン・空調","パナソニック エアコン 18畳用 スタンダード","台","catalog-2026-07","https://panasonic.jp/aircon/LVseries.html","2026-07-21","R1/R2昇格"
"4d2f17ee8e87","エアコン・空調","パナソニック エアコン 18畳用 ハイスペック","台","catalog-2026-07","https://panasonic.jp/aircon/LVseries.html","2026-07-21","R1/R2昇格"
"d0af90bb6de1","エアコン・空調","パナソニック エアコン 18畳用 プレミアム","台","catalog-2026-07","https://panasonic.jp/aircon/LVseries.html","2026-07-21","R1/R2昇格"
"51c98bd0f294","エアコン・空調","パナソニック エアコン 18畳用 ミドル","台","catalog-2026-07","https://panasonic.jp/aircon/LVseries.html","2026-07-21","R1/R2昇格"
"f1b6d0d0aae9","エアコン・空調","パナソニック エアコン 18畳用 最上位モデル","台","catalog-2026-07","https://panasonic.jp/aircon/LVseries.html","2026-07-21","R1/R2昇格"
"6e7c0792d0e0","エアコン・空調","パナソニック エアコン 20畳用 6.3kW エントリー 暖房メイン（寒冷地仕様）","台","catalog-2026-07","https://panasonic.jp/aircon/LVseries.html","2026-07-21","R1/R2昇格"
"2cda550b28e9","エアコン・空調","パナソニック エアコン 20畳用 6.3kW エントリー 標準仕様","台","catalog-2026-07","https://panasonic.jp/aircon/LVseries.html","2026-07-21","R1/R2昇格"
"5b37df177033","エアコン・空調","パナソニック エアコン 20畳用 6.3kW エントリー 空気清浄フィルター付き","台","catalog-2026-07","https://panasonic.jp/aircon/LVseries.html","2026-07-21","R1/R2昇格"
"e919b303929d","エアコン・空調","パナソニック エアコン 20畳用 6.3kW エントリー 自動掃除機能付き","台","catalog-2026-07","https://panasonic.jp/aircon/LVseries.html","2026-07-21","R1/R2昇格"
"de12eef1a90d","エアコン・空調","パナソニック エアコン 20畳用 6.3kW スタンダード AI自動運転","台","catalog-2026-07","https://panasonic.jp/aircon/LVseries.html","2026-07-21","R1/R2昇格"
"3e745c46eef7","エアコン・空調","パナソニック エアコン 20畳用 6.3kW スタンダード 換気機能付き","台","catalog-2026-07","https://sumai.panasonic.jp/air/kanki/bathkan/","2026-07-21","R1/R2昇格"
"8ba753e32657","エアコン・空調","パナソニック エアコン 20畳用 6.3kW スタンダード 暖房メイン（寒冷地仕様）","台","catalog-2026-07","https://panasonic.jp/aircon/LVseries.html","2026-07-21","R1/R2昇格"
"816e81723893","エアコン・空調","パナソニック エアコン 20畳用 6.3kW スタンダード 標準仕様","台","catalog-2026-07","https://panasonic.jp/aircon/LVseries.html","2026-07-21","R1/R2昇格"
"fed157d20253","エアコン・空調","パナソニック エアコン 20畳用 6.3kW スタンダード 空気清浄フィルター付き","台","catalog-2026-07","https://panasonic.jp/aircon/LVseries.html","2026-07-21","R1/R2昇格"
"0a0fcc444cb6","エアコン・空調","パナソニック エアコン 20畳用 6.3kW スタンダード 自動掃除機能付き","台","catalog-2026-07","https://panasonic.jp/aircon/LVseries.html","2026-07-21","R1/R2昇格"
"4b4c23f19bdc","エアコン・空調","パナソニック エアコン 20畳用 6.3kW 上位 AI自動運転","台","catalog-2026-07","https://panasonic.jp/aircon/LVseries.html","2026-07-21","R1/R2昇格"
"41803df424f8","エアコン・空調","パナソニック エアコン 20畳用 6.3kW 上位 加湿機能付き","台","catalog-2026-07","https://panasonic.jp/aircon/LVseries.html","2026-07-21","R1/R2昇格"
"ee17896b9514","エアコン・空調","パナソニック エアコン 20畳用 6.3kW 上位 換気機能付き","台","catalog-2026-07","https://sumai.panasonic.jp/air/kanki/bathkan/","2026-07-21","R1/R2昇格"
"4452df21793c","エアコン・空調","パナソニック エアコン 20畳用 6.3kW 上位 暖房メイン（寒冷地仕様）","台","catalog-2026-07","https://panasonic.jp/aircon/LVseries.html","2026-07-21","R1/R2昇格"
"e8bf07c5ed14","エアコン・空調","パナソニック エアコン 20畳用 6.3kW 上位 標準仕様","台","catalog-2026-07","https://panasonic.jp/aircon/LVseries.html","2026-07-21","R1/R2昇格"
"9f838367e213","エアコン・空調","パナソニック エアコン 20畳用 6.3kW 上位 空気清浄フィルター付き","台","catalog-2026-07","https://panasonic.jp/aircon/LVseries.html","2026-07-21","R1/R2昇格"
"ddf7f8eadb8d","エアコン・空調","パナソニック エアコン 20畳用 6.3kW 上位 自動掃除機能付き","台","catalog-2026-07","https://panasonic.jp/aircon/LVseries.html","2026-07-21","R1/R2昇格"
"7a7be1f1bcda","エアコン・空調","パナソニック エアコン 20畳用 6.3kW 最上位 AI自動運転","台","catalog-2026-07","https://panasonic.jp/aircon/LVseries.html","2026-07-21","R1/R2昇格"
"a1777299a4d8","エアコン・空調","パナソニック エアコン 20畳用 6.3kW 最上位 加湿機能付き","台","catalog-2026-07","https://panasonic.jp/aircon/LVseries.html","2026-07-21","R1/R2昇格"
"da70d1606a62","エアコン・空調","パナソニック エアコン 20畳用 6.3kW 最上位 換気機能付き","台","catalog-2026-07","https://sumai.panasonic.jp/air/kanki/bathkan/","2026-07-21","R1/R2昇格"
"f3592b1bba58","エアコン・空調","パナソニック エアコン 20畳用 6.3kW 最上位 暖房メイン（寒冷地仕様）","台","catalog-2026-07","https://panasonic.jp/aircon/LVseries.html","2026-07-21","R1/R2昇格"
"0cae7321e431","エアコン・空調","パナソニック エアコン 20畳用 6.3kW 最上位 標準仕様","台","catalog-2026-07","https://panasonic.jp/aircon/LVseries.html","2026-07-21","R1/R2昇格"
"ccfc4bcd6a9c","エアコン・空調","パナソニック エアコン 20畳用 6.3kW 最上位 空気清浄フィルター付き","台","catalog-2026-07","https://panasonic.jp/aircon/LVseries.html","2026-07-21","R1/R2昇格"
"956467bc6372","エアコン・空調","パナソニック エアコン 20畳用 6.3kW 最上位 自動掃除機能付き","台","catalog-2026-07","https://panasonic.jp/aircon/LVseries.html","2026-07-21","R1/R2昇格"
"9eaac8c36add","エアコン・空調","パナソニック エアコン 20畳用 スタンダード","台","catalog-2026-07","https://panasonic.jp/aircon/LVseries.html","2026-07-21","R1/R2昇格"
"2b0d69f8c902","エアコン・空調","パナソニック エアコン 20畳用 ハイスペック","台","catalog-2026-07","https://panasonic.jp/aircon/LVseries.html","2026-07-21","R1/R2昇格"
"553efca364d9","エアコン・空調","パナソニック エアコン 20畳用 プレミアム","台","catalog-2026-07","https://panasonic.jp/aircon/LVseries.html","2026-07-21","R1/R2昇格"
"43350e7ade82","エアコン・空調","パナソニック エアコン 20畳用 ミドル","台","catalog-2026-07","https://panasonic.jp/aircon/LVseries.html","2026-07-21","R1/R2昇格"
"bc161ea738fc","エアコン・空調","パナソニック エアコン 20畳用 最上位モデル","台","catalog-2026-07","https://panasonic.jp/aircon/LVseries.html","2026-07-21","R1/R2昇格"
"1aaaa451d1a3","エアコン・空調","パナソニック エアコン 23畳用 7.1kW エントリー 暖房メイン（寒冷地仕様）","台","catalog-2026-07","https://panasonic.jp/aircon/LVseries.html","2026-07-21","R1/R2昇格"
"a4f090e423c8","エアコン・空調","パナソニック エアコン 23畳用 7.1kW エントリー 標準仕様","台","catalog-2026-07","https://panasonic.jp/aircon/LVseries.html","2026-07-21","R1/R2昇格"
"a1bf42dad47b","エアコン・空調","パナソニック エアコン 23畳用 7.1kW エントリー 空気清浄フィルター付き","台","catalog-2026-07","https://panasonic.jp/aircon/LVseries.html","2026-07-21","R1/R2昇格"
"d57bbb7def33","エアコン・空調","パナソニック エアコン 23畳用 7.1kW エントリー 自動掃除機能付き","台","catalog-2026-07","https://panasonic.jp/aircon/LVseries.html","2026-07-21","R1/R2昇格"
"c1ba79ca82e9","エアコン・空調","パナソニック エアコン 23畳用 7.1kW スタンダード AI自動運転","台","catalog-2026-07","https://panasonic.jp/aircon/LVseries.html","2026-07-21","R1/R2昇格"
"7417ef731a8d","エアコン・空調","パナソニック エアコン 23畳用 7.1kW スタンダード 換気機能付き","台","catalog-2026-07","https://sumai.panasonic.jp/air/kanki/bathkan/","2026-07-21","R1/R2昇格"
"c0e6c77cf9b4","エアコン・空調","パナソニック エアコン 23畳用 7.1kW スタンダード 暖房メイン（寒冷地仕様）","台","catalog-2026-07","https://panasonic.jp/aircon/LVseries.html","2026-07-21","R1/R2昇格"
"3764d974f20f","エアコン・空調","パナソニック エアコン 23畳用 7.1kW スタンダード 標準仕様","台","catalog-2026-07","https://panasonic.jp/aircon/LVseries.html","2026-07-21","R1/R2昇格"
"2ec7a398afd2","エアコン・空調","パナソニック エアコン 23畳用 7.1kW スタンダード 空気清浄フィルター付き","台","catalog-2026-07","https://panasonic.jp/aircon/LVseries.html","2026-07-21","R1/R2昇格"
"a0830123ab58","エアコン・空調","パナソニック エアコン 23畳用 7.1kW スタンダード 自動掃除機能付き","台","catalog-2026-07","https://panasonic.jp/aircon/LVseries.html","2026-07-21","R1/R2昇格"
"959ccdd041ca","エアコン・空調","パナソニック エアコン 23畳用 7.1kW 上位 AI自動運転","台","catalog-2026-07","https://panasonic.jp/aircon/LVseries.html","2026-07-21","R1/R2昇格"
"12246d78ff77","エアコン・空調","パナソニック エアコン 23畳用 7.1kW 上位 加湿機能付き","台","catalog-2026-07","https://panasonic.jp/aircon/LVseries.html","2026-07-21","R1/R2昇格"
"d1255850fced","エアコン・空調","パナソニック エアコン 23畳用 7.1kW 上位 換気機能付き","台","catalog-2026-07","https://sumai.panasonic.jp/air/kanki/bathkan/","2026-07-21","R1/R2昇格"
"5258f4d2e49e","エアコン・空調","パナソニック エアコン 23畳用 7.1kW 上位 暖房メイン（寒冷地仕様）","台","catalog-2026-07","https://panasonic.jp/aircon/LVseries.html","2026-07-21","R1/R2昇格"
"837976e3ce75","エアコン・空調","パナソニック エアコン 23畳用 7.1kW 上位 標準仕様","台","catalog-2026-07","https://panasonic.jp/aircon/LVseries.html","2026-07-21","R1/R2昇格"
"6f076aadce6d","エアコン・空調","パナソニック エアコン 23畳用 7.1kW 上位 空気清浄フィルター付き","台","catalog-2026-07","https://panasonic.jp/aircon/LVseries.html","2026-07-21","R1/R2昇格"
"419b5e236f5d","エアコン・空調","パナソニック エアコン 23畳用 7.1kW 上位 自動掃除機能付き","台","catalog-2026-07","https://panasonic.jp/aircon/LVseries.html","2026-07-21","R1/R2昇格"
"bcac556e211c","エアコン・空調","パナソニック エアコン 23畳用 7.1kW 最上位 AI自動運転","台","catalog-2026-07","https://panasonic.jp/aircon/LVseries.html","2026-07-21","R1/R2昇格"
"051fc609f63b","エアコン・空調","パナソニック エアコン 23畳用 7.1kW 最上位 加湿機能付き","台","catalog-2026-07","https://panasonic.jp/aircon/LVseries.html","2026-07-21","R1/R2昇格"
"3c7f31aaf1e9","エアコン・空調","パナソニック エアコン 23畳用 7.1kW 最上位 換気機能付き","台","catalog-2026-07","https://sumai.panasonic.jp/air/kanki/bathkan/","2026-07-21","R1/R2昇格"
"983055c6b75e","エアコン・空調","パナソニック エアコン 23畳用 7.1kW 最上位 暖房メイン（寒冷地仕様）","台","catalog-2026-07","https://panasonic.jp/aircon/LVseries.html","2026-07-21","R1/R2昇格"
"799f6c533dcc","エアコン・空調","パナソニック エアコン 23畳用 7.1kW 最上位 標準仕様","台","catalog-2026-07","https://panasonic.jp/aircon/LVseries.html","2026-07-21","R1/R2昇格"
"950dd16212fd","エアコン・空調","パナソニック エアコン 23畳用 7.1kW 最上位 空気清浄フィルター付き","台","catalog-2026-07","https://panasonic.jp/aircon/LVseries.html","2026-07-21","R1/R2昇格"
"c120833939aa","エアコン・空調","パナソニック エアコン 23畳用 7.1kW 最上位 自動掃除機能付き","台","catalog-2026-07","https://panasonic.jp/aircon/LVseries.html","2026-07-21","R1/R2昇格"
"c914c3b8b8a7","エアコン・空調","パナソニック エアコン 6畳用 2.2kW エントリー 暖房メイン（寒冷地仕様）","台","catalog-2026-07","https://panasonic.jp/aircon/LVseries.html","2026-07-21","R1/R2昇格"
"b71aa651b66c","エアコン・空調","パナソニック エアコン 6畳用 2.2kW エントリー 標準仕様","台","catalog-2026-07","https://panasonic.jp/aircon/LVseries.html","2026-07-21","R1/R2昇格"
"efe1de0abe5d","エアコン・空調","パナソニック エアコン 6畳用 2.2kW エントリー 空気清浄フィルター付き","台","catalog-2026-07","https://panasonic.jp/aircon/LVseries.html","2026-07-21","R1/R2昇格"
"531e2d468624","エアコン・空調","パナソニック エアコン 6畳用 2.2kW エントリー 自動掃除機能付き","台","catalog-2026-07","https://panasonic.jp/aircon/LVseries.html","2026-07-21","R1/R2昇格"
"9235e3ba6f75","エアコン・空調","パナソニック エアコン 6畳用 2.2kW スタンダード AI自動運転","台","catalog-2026-07","https://panasonic.jp/aircon/LVseries.html","2026-07-21","R1/R2昇格"
"cb956c075577","エアコン・空調","パナソニック エアコン 6畳用 2.2kW スタンダード 換気機能付き","台","catalog-2026-07","https://sumai.panasonic.jp/air/kanki/bathkan/","2026-07-21","R1/R2昇格"
"d90abf9fd8ca","エアコン・空調","パナソニック エアコン 6畳用 2.2kW スタンダード 暖房メイン（寒冷地仕様）","台","catalog-2026-07","https://panasonic.jp/aircon/LVseries.html","2026-07-21","R1/R2昇格"
"f18676520b3f","エアコン・空調","パナソニック エアコン 6畳用 2.2kW スタンダード 標準仕様","台","catalog-2026-07","https://panasonic.jp/aircon/LVseries.html","2026-07-21","R1/R2昇格"
"109c6a539afd","エアコン・空調","パナソニック エアコン 6畳用 2.2kW スタンダード 空気清浄フィルター付き","台","catalog-2026-07","https://panasonic.jp/aircon/LVseries.html","2026-07-21","R1/R2昇格"
"b5610a3d1d60","エアコン・空調","パナソニック エアコン 6畳用 2.2kW スタンダード 自動掃除機能付き","台","catalog-2026-07","https://panasonic.jp/aircon/LVseries.html","2026-07-21","R1/R2昇格"
"08ee5f6f299c","エアコン・空調","パナソニック エアコン 6畳用 2.2kW 上位 AI自動運転","台","catalog-2026-07","https://panasonic.jp/aircon/LVseries.html","2026-07-21","R1/R2昇格"
"8a00b2d16c76","エアコン・空調","パナソニック エアコン 6畳用 2.2kW 上位 加湿機能付き","台","catalog-2026-07","https://panasonic.jp/aircon/LVseries.html","2026-07-21","R1/R2昇格"
"ba8aecab4977","エアコン・空調","パナソニック エアコン 6畳用 2.2kW 上位 換気機能付き","台","catalog-2026-07","https://sumai.panasonic.jp/air/kanki/bathkan/","2026-07-21","R1/R2昇格"
"d705bd45f6d0","エアコン・空調","パナソニック エアコン 6畳用 2.2kW 上位 暖房メイン（寒冷地仕様）","台","catalog-2026-07","https://panasonic.jp/aircon/LVseries.html","2026-07-21","R1/R2昇格"
"7d9b7117a8df","エアコン・空調","パナソニック エアコン 6畳用 2.2kW 上位 標準仕様","台","catalog-2026-07","https://panasonic.jp/aircon/LVseries.html","2026-07-21","R1/R2昇格"
"a8c3ca59b09f","エアコン・空調","パナソニック エアコン 6畳用 2.2kW 上位 空気清浄フィルター付き","台","catalog-2026-07","https://panasonic.jp/aircon/LVseries.html","2026-07-21","R1/R2昇格"
"0f2b02e2e0f8","エアコン・空調","パナソニック エアコン 6畳用 2.2kW 上位 自動掃除機能付き","台","catalog-2026-07","https://panasonic.jp/aircon/LVseries.html","2026-07-21","R1/R2昇格"
"812d57f83aaa","エアコン・空調","パナソニック エアコン 6畳用 スタンダード","台","catalog-2026-07","https://panasonic.jp/aircon/LVseries.html","2026-07-21","R1/R2昇格"
"ff0f38c24fab","エアコン・空調","パナソニック エアコン 6畳用 ハイスペック","台","catalog-2026-07","https://panasonic.jp/aircon/LVseries.html","2026-07-21","R1/R2昇格"
"5f4850916fb4","エアコン・空調","パナソニック エアコン 6畳用 プレミアム","台","catalog-2026-07","https://panasonic.jp/aircon/LVseries.html","2026-07-21","R1/R2昇格"
"4595273337d4","エアコン・空調","パナソニック エアコン 6畳用 ミドル","台","catalog-2026-07","https://panasonic.jp/aircon/LVseries.html","2026-07-21","R1/R2昇格"
"97f5567a992b","エアコン・空調","パナソニック エアコン 6畳用 最上位モデル","台","catalog-2026-07","https://panasonic.jp/aircon/LVseries.html","2026-07-21","R1/R2昇格"
"172ef781cfa2","エアコン・空調","パナソニック エアコン 8畳用 2.5kW エントリー 暖房メイン（寒冷地仕様）","台","catalog-2026-07","https://panasonic.jp/aircon/LVseries.html","2026-07-21","R1/R2昇格"
"3b8b12e45c74","エアコン・空調","パナソニック エアコン 8畳用 2.5kW エントリー 標準仕様","台","catalog-2026-07","https://panasonic.jp/aircon/LVseries.html","2026-07-21","R1/R2昇格"
"6ad957b6962f","エアコン・空調","パナソニック エアコン 8畳用 2.5kW エントリー 空気清浄フィルター付き","台","catalog-2026-07","https://panasonic.jp/aircon/LVseries.html","2026-07-21","R1/R2昇格"
"3f8ad8200019","エアコン・空調","パナソニック エアコン 8畳用 2.5kW エントリー 自動掃除機能付き","台","catalog-2026-07","https://panasonic.jp/aircon/LVseries.html","2026-07-21","R1/R2昇格"
"32d265be5289","エアコン・空調","パナソニック エアコン 8畳用 2.5kW スタンダード AI自動運転","台","catalog-2026-07","https://panasonic.jp/aircon/LVseries.html","2026-07-21","R1/R2昇格"
"96fb1e5fd939","エアコン・空調","パナソニック エアコン 8畳用 2.5kW スタンダード 換気機能付き","台","catalog-2026-07","https://sumai.panasonic.jp/air/kanki/bathkan/","2026-07-21","R1/R2昇格"
"561ceb89def3","エアコン・空調","パナソニック エアコン 8畳用 2.5kW スタンダード 暖房メイン（寒冷地仕様）","台","catalog-2026-07","https://panasonic.jp/aircon/LVseries.html","2026-07-21","R1/R2昇格"
"f68852f76a4a","エアコン・空調","パナソニック エアコン 8畳用 2.5kW スタンダード 標準仕様","台","catalog-2026-07","https://panasonic.jp/aircon/LVseries.html","2026-07-21","R1/R2昇格"
"d26456a68863","エアコン・空調","パナソニック エアコン 8畳用 2.5kW スタンダード 空気清浄フィルター付き","台","catalog-2026-07","https://panasonic.jp/aircon/LVseries.html","2026-07-21","R1/R2昇格"
"aaf1a3124cb4","エアコン・空調","パナソニック エアコン 8畳用 2.5kW スタンダード 自動掃除機能付き","台","catalog-2026-07","https://panasonic.jp/aircon/LVseries.html","2026-07-21","R1/R2昇格"
"a3d9a2e6f9ba","エアコン・空調","パナソニック エアコン 8畳用 2.5kW 上位 AI自動運転","台","catalog-2026-07","https://panasonic.jp/aircon/LVseries.html","2026-07-21","R1/R2昇格"
"ab39b52d7b01","エアコン・空調","パナソニック エアコン 8畳用 2.5kW 上位 加湿機能付き","台","catalog-2026-07","https://panasonic.jp/aircon/LVseries.html","2026-07-21","R1/R2昇格"
"f3bcb170a2b7","エアコン・空調","パナソニック エアコン 8畳用 2.5kW 上位 換気機能付き","台","catalog-2026-07","https://sumai.panasonic.jp/air/kanki/bathkan/","2026-07-21","R1/R2昇格"
"fd45d8c0fb21","エアコン・空調","パナソニック エアコン 8畳用 2.5kW 上位 暖房メイン（寒冷地仕様）","台","catalog-2026-07","https://panasonic.jp/aircon/LVseries.html","2026-07-21","R1/R2昇格"
"5591940da0e1","エアコン・空調","パナソニック エアコン 8畳用 2.5kW 上位 標準仕様","台","catalog-2026-07","https://panasonic.jp/aircon/LVseries.html","2026-07-21","R1/R2昇格"
"481d3a377bc4","エアコン・空調","パナソニック エアコン 8畳用 2.5kW 上位 空気清浄フィルター付き","台","catalog-2026-07","https://panasonic.jp/aircon/LVseries.html","2026-07-21","R1/R2昇格"
"c22246d5c049","エアコン・空調","パナソニック エアコン 8畳用 2.5kW 上位 自動掃除機能付き","台","catalog-2026-07","https://panasonic.jp/aircon/LVseries.html","2026-07-21","R1/R2昇格"
"6ba829781f5c","エアコン・空調","パナソニック エアコン 8畳用 2.5kW 最上位 AI自動運転","台","catalog-2026-07","https://panasonic.jp/aircon/LVseries.html","2026-07-21","R1/R2昇格"
"49490a299260","エアコン・空調","パナソニック エアコン 8畳用 2.5kW 最上位 加湿機能付き","台","catalog-2026-07","https://panasonic.jp/aircon/LVseries.html","2026-07-21","R1/R2昇格"
"d91de5c9a97f","エアコン・空調","パナソニック エアコン 8畳用 2.5kW 最上位 換気機能付き","台","catalog-2026-07","https://sumai.panasonic.jp/air/kanki/bathkan/","2026-07-21","R1/R2昇格"
"676efe149450","エアコン・空調","パナソニック エアコン 8畳用 2.5kW 最上位 暖房メイン（寒冷地仕様）","台","catalog-2026-07","https://panasonic.jp/aircon/LVseries.html","2026-07-21","R1/R2昇格"
"3eba2918d45f","エアコン・空調","パナソニック エアコン 8畳用 2.5kW 最上位 標準仕様","台","catalog-2026-07","https://panasonic.jp/aircon/LVseries.html","2026-07-21","R1/R2昇格"
"a0537587557e","エアコン・空調","パナソニック エアコン 8畳用 2.5kW 最上位 空気清浄フィルター付き","台","catalog-2026-07","https://panasonic.jp/aircon/LVseries.html","2026-07-21","R1/R2昇格"
"f0807c8877f2","エアコン・空調","パナソニック エアコン 8畳用 2.5kW 最上位 自動掃除機能付き","台","catalog-2026-07","https://panasonic.jp/aircon/LVseries.html","2026-07-21","R1/R2昇格"
"57cafe0daa5e","エアコン・空調","パナソニック エアコン 8畳用 スタンダード","台","catalog-2026-07","https://panasonic.jp/aircon/LVseries.html","2026-07-21","R1/R2昇格"
"4238d614afb5","エアコン・空調","パナソニック エアコン 8畳用 ハイスペック","台","catalog-2026-07","https://panasonic.jp/aircon/LVseries.html","2026-07-21","R1/R2昇格"
"662431fcc15b","エアコン・空調","パナソニック エアコン 8畳用 プレミアム","台","catalog-2026-07","https://panasonic.jp/aircon/LVseries.html","2026-07-21","R1/R2昇格"
"a76c3374cd03","エアコン・空調","パナソニック エアコン 8畳用 ミドル","台","catalog-2026-07","https://panasonic.jp/aircon/LVseries.html","2026-07-21","R1/R2昇格"
"dfbd14583d7e","エアコン・空調","パナソニック エアコン 8畳用 最上位モデル","台","catalog-2026-07","https://panasonic.jp/aircon/LVseries.html","2026-07-21","R1/R2昇格"
"03f1bc78ab73","エアコン・空調","パナソニック（全館空調） 全館空調用 給気ダクト（φ150 1m）","台","catalog-2026-07","https://www.ko-spiral.co.jp/pdf/01.pdf","2026-07-21","R1/R2昇格"
"ad41bab0b651","エアコン・空調","パナソニック（全館空調） 全館空調用 還気ダクト（φ200 1m）","台","catalog-2026-07","https://www.ko-spiral.co.jp/pdf/01.pdf","2026-07-21","R1/R2昇格"
"508c6bcd8108","エアコン・空調","パナソニック（業務用） 全熱交換機 業務用 800m³/h","台","catalog-2026-07","https://proshop.ac.daikin.co.jp/business/useful/select/1101_4.html","2026-07-21","R1/R2昇格"
"5564b0986049","エアコン・空調","パナソニック（業務用） 壁掛形 業務用 2.2kW（小型店舗）","台","catalog-2026-07","https://proshop.ac.daikin.co.jp/business/useful/select/1101_4.html","2026-07-21","R1/R2昇格"
"53b73bc1bccd","エアコン・空調","パナソニック（業務用） 天井カセット形 2方向 2HP（6kW）","台","catalog-2026-07","https://proshop.ac.daikin.co.jp/business/useful/select/1101_4.html","2026-07-21","R1/R2昇格"
"7b7717cb4927","エアコン・空調","パナソニック（業務用） 天井カセット形 2方向 3HP（9kW）","台","catalog-2026-07","https://proshop.ac.daikin.co.jp/business/useful/select/1101_4.html","2026-07-21","R1/R2昇格"
"6a543468212c","エアコン・空調","パナソニック（業務用） 天井カセット形 4方向 10HP（30kW）","台","catalog-2026-07","https://proshop.ac.daikin.co.jp/business/useful/select/1101_4.html","2026-07-21","R1/R2昇格"
"39d9e3b02a09","エアコン・空調","パナソニック（業務用） 天井カセット形 4方向 3HP（9kW）","台","catalog-2026-07","https://proshop.ac.daikin.co.jp/business/useful/select/1101_4.html","2026-07-21","R1/R2昇格"
"96b689e7fa7a","エアコン・空調","パナソニック（業務用） 天井カセット形 4方向 5HP（15kW）","台","catalog-2026-07","https://proshop.ac.daikin.co.jp/business/useful/select/1101_4.html","2026-07-21","R1/R2昇格"
"20107604dcce","エアコン・空調","パナソニック（業務用） 天井カセット形 4方向 8HP（24kW）","台","catalog-2026-07","https://proshop.ac.daikin.co.jp/business/useful/select/1101_4.html","2026-07-21","R1/R2昇格"
"418df23b480e","エアコン・空調","パナソニック（業務用） 天井埋込ダクト形 3HP","台","catalog-2026-07","https://proshop.ac.daikin.co.jp/business/useful/select/1101_4.html","2026-07-21","R1/R2昇格"
"a7efd8fb966f","エアコン・空調","パナソニック（業務用） 天井埋込ダクト形 8HP","台","catalog-2026-07","https://proshop.ac.daikin.co.jp/business/useful/select/1101_4.html","2026-07-21","R1/R2昇格"
"c50a16bb670e","エアコン・空調","パナソニック（業務用） 天吊形 3HP（倉庫・バックヤード）","台","catalog-2026-07","https://proshop.ac.daikin.co.jp/business/useful/select/1101_4.html","2026-07-21","R1/R2昇格"
"5c952e377860","エアコン・空調","パナソニック（業務用） 床置き形 3HP（ショーケース向き）","台","catalog-2026-07","https://proshop.ac.daikin.co.jp/business/useful/select/1101_4.html","2026-07-21","R1/R2昇格"
"c32d463f4dab","エアコン・空調","パナソニック（業務用） 業務用マルチ 室外機 16HP","台","catalog-2026-07","https://proshop.ac.daikin.co.jp/business/useful/select/1101_4.html","2026-07-21","R1/R2昇格"
"c7e9ec6c5b7d","エアコン・空調","パナソニック（業務用） 業務用マルチエアコン 室外機 8HP","台","catalog-2026-07","https://proshop.ac.daikin.co.jp/business/useful/select/1101_4.html","2026-07-21","R1/R2昇格"
"1bc54c5c00b3","エアコン・空調","三菱重工 エアコン 10畳用 スタンダード","台","catalog-2026-07","https://www.mhi.com/news/251021.html","2026-07-21","R1/R2昇格"
"36743e7ae15a","エアコン・空調","三菱重工 エアコン 10畳用 プレミアム","台","catalog-2026-07","https://www.mhi.com/news/251021.html","2026-07-21","R1/R2昇格"
"b575ac5df388","エアコン・空調","三菱重工 エアコン 10畳用 ミドル","台","catalog-2026-07","https://www.mhi.com/news/251021.html","2026-07-21","R1/R2昇格"
"0439b79f265c","エアコン・空調","三菱重工 エアコン 14畳用 スタンダード","台","catalog-2026-07","https://www.mhi.com/news/251021.html","2026-07-21","R1/R2昇格"
"16c83a5ce254","エアコン・空調","三菱重工 エアコン 14畳用 プレミアム","台","catalog-2026-07","https://www.mhi.com/news/251021.html","2026-07-21","R1/R2昇格"
"728c1177f675","エアコン・空調","三菱重工 エアコン 14畳用 ミドル","台","catalog-2026-07","https://www.mhi.com/news/251021.html","2026-07-21","R1/R2昇格"
"25e7b0a4d2a3","エアコン・空調","三菱重工 エアコン 18畳用 スタンダード","台","catalog-2026-07","https://www.mhi.com/news/251021.html","2026-07-21","R1/R2昇格"
"59a1efce9004","エアコン・空調","三菱重工 エアコン 18畳用 プレミアム","台","catalog-2026-07","https://www.mhi.com/news/251021.html","2026-07-21","R1/R2昇格"
"b00078f9c225","エアコン・空調","三菱重工 エアコン 18畳用 ミドル","台","catalog-2026-07","https://www.mhi.com/news/251021.html","2026-07-21","R1/R2昇格"
"ea70c5f6d770","エアコン・空調","三菱重工 エアコン 20畳用 スタンダード","台","catalog-2026-07","https://www.mhi.com/news/251021.html","2026-07-21","R1/R2昇格"
"13f6b533c63f","エアコン・空調","三菱重工 エアコン 20畳用 プレミアム","台","catalog-2026-07","https://www.mhi.com/news/251021.html","2026-07-21","R1/R2昇格"
"e06c38e8eeec","エアコン・空調","三菱重工 エアコン 20畳用 ミドル","台","catalog-2026-07","https://www.mhi.com/news/251021.html","2026-07-21","R1/R2昇格"
"d76a7564942b","エアコン・空調","三菱重工 エアコン 6畳用 スタンダード","台","catalog-2026-07","https://www.mhi.com/news/251021.html","2026-07-21","R1/R2昇格"
"e60d7b318196","エアコン・空調","三菱重工 エアコン 6畳用 プレミアム","台","catalog-2026-07","https://www.mhi.com/news/251021.html","2026-07-21","R1/R2昇格"
"b6ecd8bba5bb","エアコン・空調","三菱重工 エアコン 6畳用 ミドル","台","catalog-2026-07","https://www.mhi.com/news/251021.html","2026-07-21","R1/R2昇格"
"a4ae414cedbb","エアコン・空調","三菱重工 エアコン 8畳用 スタンダード","台","catalog-2026-07","https://www.mhi.com/news/251021.html","2026-07-21","R1/R2昇格"
"e52519c07ce9","エアコン・空調","三菱重工 エアコン 8畳用 プレミアム","台","catalog-2026-07","https://www.mhi.com/news/251021.html","2026-07-21","R1/R2昇格"
"4f39b8f5e143","エアコン・空調","三菱重工 エアコン 8畳用 ミドル","台","catalog-2026-07","https://www.mhi.com/news/251021.html","2026-07-21","R1/R2昇格"
"7337ece038ab","エアコン・空調","三菱電機 MSZ-GE2224 6畳 2.2kW","台","catalog-2026-07","https://kakaku.com/item/K0001706678/","2026-07-21","R1/R2昇格"
"2c5cd7498753","エアコン・空調","三菱電機 MSZ-GE2824 10畳 2.8kW","台","catalog-2026-07","https://kakaku.com/item/K0001706678/","2026-07-21","R1/R2昇格"
"4c58f294e18b","エアコン・空調","三菱電機 MSZ-GE4024 14畳 4.0kW","台","catalog-2026-07","https://kakaku.com/item/K0001706678/","2026-07-21","R1/R2昇格"
"ce41f596245e","エアコン・空調","三菱電機 エアコン 10畳用 2.8kW エントリー 暖房メイン（寒冷地仕様）","台","catalog-2026-07","https://kakaku.com/item/K0001706678/","2026-07-21","R1/R2昇格"
"21b87940a3c4","エアコン・空調","三菱電機 エアコン 10畳用 2.8kW エントリー 標準仕様","台","catalog-2026-07","https://kakaku.com/item/K0001706678/","2026-07-21","R1/R2昇格"
"eaea0f4b16ea","エアコン・空調","三菱電機 エアコン 10畳用 2.8kW エントリー 空気清浄フィルター付き","台","catalog-2026-07","https://kakaku.com/item/K0001706678/","2026-07-21","R1/R2昇格"
"3607323a814e","エアコン・空調","三菱電機 エアコン 10畳用 2.8kW エントリー 自動掃除機能付き","台","catalog-2026-07","https://kakaku.com/item/K0001706678/","2026-07-21","R1/R2昇格"
"baea4b26ba91","エアコン・空調","三菱電機 エアコン 10畳用 2.8kW スタンダード AI自動運転","台","catalog-2026-07","https://kakaku.com/item/K0001706678/","2026-07-21","R1/R2昇格"
"13b7a4f30ad8","エアコン・空調","三菱電機 エアコン 10畳用 2.8kW スタンダード 換気機能付き","台","catalog-2026-07","https://www.mitsubishielectric.co.jp/ldg/ja/air/products/ventilationfan/bath/index.html","2026-07-21","R1/R2昇格"
"f8b6f672cf56","エアコン・空調","三菱電機 エアコン 10畳用 2.8kW スタンダード 暖房メイン（寒冷地仕様）","台","catalog-2026-07","https://kakaku.com/item/K0001706678/","2026-07-21","R1/R2昇格"
"6d4433d630a3","エアコン・空調","三菱電機 エアコン 10畳用 2.8kW スタンダード 標準仕様","台","catalog-2026-07","https://kakaku.com/item/K0001706678/","2026-07-21","R1/R2昇格"
"f6a32e69d761","エアコン・空調","三菱電機 エアコン 10畳用 2.8kW スタンダード 空気清浄フィルター付き","台","catalog-2026-07","https://kakaku.com/item/K0001706678/","2026-07-21","R1/R2昇格"
"2935d73e3aa1","エアコン・空調","三菱電機 エアコン 10畳用 2.8kW スタンダード 自動掃除機能付き","台","catalog-2026-07","https://kakaku.com/item/K0001706678/","2026-07-21","R1/R2昇格"
"9fc60c08ac06","エアコン・空調","三菱電機 エアコン 10畳用 2.8kW 上位 AI自動運転","台","catalog-2026-07","https://kakaku.com/item/K0001706678/","2026-07-21","R1/R2昇格"
"f04e23c28ae9","エアコン・空調","三菱電機 エアコン 10畳用 2.8kW 上位 換気機能付き","台","catalog-2026-07","https://www.mitsubishielectric.co.jp/ldg/ja/air/products/ventilationfan/bath/index.html","2026-07-21","R1/R2昇格"
"f463f60410da","エアコン・空調","三菱電機 エアコン 10畳用 2.8kW 上位 暖房メイン（寒冷地仕様）","台","catalog-2026-07","https://kakaku.com/item/K0001706678/","2026-07-21","R1/R2昇格"
"fe145e8a5984","エアコン・空調","三菱電機 エアコン 10畳用 2.8kW 上位 標準仕様","台","catalog-2026-07","https://kakaku.com/item/K0001706678/","2026-07-21","R1/R2昇格"
"1f396ba037b3","エアコン・空調","三菱電機 エアコン 10畳用 2.8kW 上位 空気清浄フィルター付き","台","catalog-2026-07","https://kakaku.com/item/K0001706678/","2026-07-21","R1/R2昇格"
"d6d2cd061a00","エアコン・空調","三菱電機 エアコン 10畳用 2.8kW 上位 自動掃除機能付き","台","catalog-2026-07","https://kakaku.com/item/K0001706678/","2026-07-21","R1/R2昇格"
"766964eecaeb","エアコン・空調","三菱電機 エアコン 10畳用 2.8kW 最上位 AI自動運転","台","catalog-2026-07","https://kakaku.com/item/K0001706678/","2026-07-21","R1/R2昇格"
"68a7377138a8","エアコン・空調","三菱電機 エアコン 10畳用 2.8kW 最上位 換気機能付き","台","catalog-2026-07","https://www.mitsubishielectric.co.jp/ldg/ja/air/products/ventilationfan/bath/index.html","2026-07-21","R1/R2昇格"
"e541c0a70d4c","エアコン・空調","三菱電機 エアコン 10畳用 2.8kW 最上位 暖房メイン（寒冷地仕様）","台","catalog-2026-07","https://kakaku.com/item/K0001706678/","2026-07-21","R1/R2昇格"
"0bbcd92ba239","エアコン・空調","三菱電機 エアコン 10畳用 2.8kW 最上位 標準仕様","台","catalog-2026-07","https://kakaku.com/item/K0001706678/","2026-07-21","R1/R2昇格"
"8f623dafe07f","エアコン・空調","三菱電機 エアコン 10畳用 2.8kW 最上位 空気清浄フィルター付き","台","catalog-2026-07","https://kakaku.com/item/K0001706678/","2026-07-21","R1/R2昇格"
"3afa4e4d9edd","エアコン・空調","三菱電機 エアコン 10畳用 2.8kW 最上位 自動掃除機能付き","台","catalog-2026-07","https://kakaku.com/item/K0001706678/","2026-07-21","R1/R2昇格"
"b92579afcdbe","エアコン・空調","三菱電機 エアコン 10畳用 スタンダード","台","catalog-2026-07","https://kakaku.com/item/K0001706678/","2026-07-21","R1/R2昇格"
"110b2f73b5f3","エアコン・空調","三菱電機 エアコン 10畳用 ハイスペック","台","catalog-2026-07","https://kakaku.com/item/K0001706678/","2026-07-21","R1/R2昇格"
"5dc14f8fa46b","エアコン・空調","三菱電機 エアコン 10畳用 プレミアム","台","catalog-2026-07","https://kakaku.com/item/K0001706678/","2026-07-21","R1/R2昇格"
"6b9252fc8a38","エアコン・空調","三菱電機 エアコン 10畳用 ミドル","台","catalog-2026-07","https://kakaku.com/item/K0001706678/","2026-07-21","R1/R2昇格"
"2b18e007d366","エアコン・空調","三菱電機 エアコン 10畳用 最上位モデル","台","catalog-2026-07","https://kakaku.com/item/K0001706678/","2026-07-21","R1/R2昇格"
"2df55090d9a5","エアコン・空調","三菱電機 エアコン 12畳用 3.6kW エントリー 暖房メイン（寒冷地仕様）","台","catalog-2026-07","https://kakaku.com/item/K0001706678/","2026-07-21","R1/R2昇格"
"acc543065833","エアコン・空調","三菱電機 エアコン 12畳用 3.6kW エントリー 標準仕様","台","catalog-2026-07","https://kakaku.com/item/K0001706678/","2026-07-21","R1/R2昇格"
"748d95980478","エアコン・空調","三菱電機 エアコン 12畳用 3.6kW エントリー 空気清浄フィルター付き","台","catalog-2026-07","https://kakaku.com/item/K0001706678/","2026-07-21","R1/R2昇格"
"d73f8707c4e7","エアコン・空調","三菱電機 エアコン 12畳用 3.6kW エントリー 自動掃除機能付き","台","catalog-2026-07","https://kakaku.com/item/K0001706678/","2026-07-21","R1/R2昇格"
"2b583abfa8ae","エアコン・空調","三菱電機 エアコン 12畳用 3.6kW スタンダード AI自動運転","台","catalog-2026-07","https://kakaku.com/item/K0001706678/","2026-07-21","R1/R2昇格"
"38f93dc44bc9","エアコン・空調","三菱電機 エアコン 12畳用 3.6kW スタンダード 換気機能付き","台","catalog-2026-07","https://www.mitsubishielectric.co.jp/ldg/ja/air/products/ventilationfan/bath/index.html","2026-07-21","R1/R2昇格"
"7586586fb419","エアコン・空調","三菱電機 エアコン 12畳用 3.6kW スタンダード 暖房メイン（寒冷地仕様）","台","catalog-2026-07","https://kakaku.com/item/K0001706678/","2026-07-21","R1/R2昇格"
"53b1f97cc9bf","エアコン・空調","三菱電機 エアコン 12畳用 3.6kW スタンダード 標準仕様","台","catalog-2026-07","https://kakaku.com/item/K0001706678/","2026-07-21","R1/R2昇格"
"81f035229513","エアコン・空調","三菱電機 エアコン 12畳用 3.6kW スタンダード 空気清浄フィルター付き","台","catalog-2026-07","https://kakaku.com/item/K0001706678/","2026-07-21","R1/R2昇格"
"9fd2534cca81","エアコン・空調","三菱電機 エアコン 12畳用 3.6kW スタンダード 自動掃除機能付き","台","catalog-2026-07","https://kakaku.com/item/K0001706678/","2026-07-21","R1/R2昇格"
"366c863a7e88","エアコン・空調","三菱電機 エアコン 12畳用 3.6kW 上位 AI自動運転","台","catalog-2026-07","https://kakaku.com/item/K0001706678/","2026-07-21","R1/R2昇格"
"d536f2c2f0ed","エアコン・空調","三菱電機 エアコン 12畳用 3.6kW 上位 換気機能付き","台","catalog-2026-07","https://www.mitsubishielectric.co.jp/ldg/ja/air/products/ventilationfan/bath/index.html","2026-07-21","R1/R2昇格"
"7d11ca34b68d","エアコン・空調","三菱電機 エアコン 12畳用 3.6kW 上位 暖房メイン（寒冷地仕様）","台","catalog-2026-07","https://kakaku.com/item/K0001706678/","2026-07-21","R1/R2昇格"
"7063d3e1dbbb","エアコン・空調","三菱電機 エアコン 12畳用 3.6kW 上位 標準仕様","台","catalog-2026-07","https://kakaku.com/item/K0001706678/","2026-07-21","R1/R2昇格"
"dd31ab5dcf7f","エアコン・空調","三菱電機 エアコン 12畳用 3.6kW 上位 空気清浄フィルター付き","台","catalog-2026-07","https://kakaku.com/item/K0001706678/","2026-07-21","R1/R2昇格"
"6b9608958de8","エアコン・空調","三菱電機 エアコン 12畳用 3.6kW 上位 自動掃除機能付き","台","catalog-2026-07","https://kakaku.com/item/K0001706678/","2026-07-21","R1/R2昇格"
"d465211338c6","エアコン・空調","三菱電機 エアコン 12畳用 3.6kW 最上位 AI自動運転","台","catalog-2026-07","https://kakaku.com/item/K0001706678/","2026-07-21","R1/R2昇格"
"cfab3e7b677b","エアコン・空調","三菱電機 エアコン 12畳用 3.6kW 最上位 換気機能付き","台","catalog-2026-07","https://www.mitsubishielectric.co.jp/ldg/ja/air/products/ventilationfan/bath/index.html","2026-07-21","R1/R2昇格"
"281ba6fb3e95","エアコン・空調","三菱電機 エアコン 12畳用 3.6kW 最上位 暖房メイン（寒冷地仕様）","台","catalog-2026-07","https://kakaku.com/item/K0001706678/","2026-07-21","R1/R2昇格"
"0e082f51e989","エアコン・空調","三菱電機 エアコン 12畳用 3.6kW 最上位 標準仕様","台","catalog-2026-07","https://kakaku.com/item/K0001706678/","2026-07-21","R1/R2昇格"
"70abaf7cfa1b","エアコン・空調","三菱電機 エアコン 12畳用 3.6kW 最上位 空気清浄フィルター付き","台","catalog-2026-07","https://kakaku.com/item/K0001706678/","2026-07-21","R1/R2昇格"
"25a98fe5ba2c","エアコン・空調","三菱電機 エアコン 12畳用 3.6kW 最上位 自動掃除機能付き","台","catalog-2026-07","https://kakaku.com/item/K0001706678/","2026-07-21","R1/R2昇格"
"0007872ed38d","エアコン・空調","三菱電機 エアコン 14畳用 4.0kW エントリー 暖房メイン（寒冷地仕様）","台","catalog-2026-07","https://kakaku.com/item/K0001706678/","2026-07-21","R1/R2昇格"
"f13fa77f52c1","エアコン・空調","三菱電機 エアコン 14畳用 4.0kW エントリー 標準仕様","台","catalog-2026-07","https://kakaku.com/item/K0001706678/","2026-07-21","R1/R2昇格"
"576c4533ddd3","エアコン・空調","三菱電機 エアコン 14畳用 4.0kW エントリー 空気清浄フィルター付き","台","catalog-2026-07","https://kakaku.com/item/K0001706678/","2026-07-21","R1/R2昇格"
"1da4197d537c","エアコン・空調","三菱電機 エアコン 14畳用 4.0kW エントリー 自動掃除機能付き","台","catalog-2026-07","https://kakaku.com/item/K0001706678/","2026-07-21","R1/R2昇格"
"0f8e8490def6","エアコン・空調","三菱電機 エアコン 14畳用 4.0kW スタンダード AI自動運転","台","catalog-2026-07","https://kakaku.com/item/K0001706678/","2026-07-21","R1/R2昇格"
"0d48a0c37e53","エアコン・空調","三菱電機 エアコン 14畳用 4.0kW スタンダード 換気機能付き","台","catalog-2026-07","https://www.mitsubishielectric.co.jp/ldg/ja/air/products/ventilationfan/bath/index.html","2026-07-21","R1/R2昇格"
"2c74638eced6","エアコン・空調","三菱電機 エアコン 14畳用 4.0kW スタンダード 暖房メイン（寒冷地仕様）","台","catalog-2026-07","https://kakaku.com/item/K0001706678/","2026-07-21","R1/R2昇格"
"ab77ce6a2176","エアコン・空調","三菱電機 エアコン 14畳用 4.0kW スタンダード 標準仕様","台","catalog-2026-07","https://kakaku.com/item/K0001706678/","2026-07-21","R1/R2昇格"
"93de0532f5fa","エアコン・空調","三菱電機 エアコン 14畳用 4.0kW スタンダード 空気清浄フィルター付き","台","catalog-2026-07","https://kakaku.com/item/K0001706678/","2026-07-21","R1/R2昇格"
"479a0c70aac5","エアコン・空調","三菱電機 エアコン 14畳用 4.0kW スタンダード 自動掃除機能付き","台","catalog-2026-07","https://kakaku.com/item/K0001706678/","2026-07-21","R1/R2昇格"
"207d6b7480bf","エアコン・空調","三菱電機 エアコン 14畳用 4.0kW 上位 AI自動運転","台","catalog-2026-07","https://kakaku.com/item/K0001706678/","2026-07-21","R1/R2昇格"
"ab2a055f2356","エアコン・空調","三菱電機 エアコン 14畳用 4.0kW 上位 換気機能付き","台","catalog-2026-07","https://www.mitsubishielectric.co.jp/ldg/ja/air/products/ventilationfan/bath/index.html","2026-07-21","R1/R2昇格"
"56227fb7e61f","エアコン・空調","三菱電機 エアコン 14畳用 4.0kW 上位 暖房メイン（寒冷地仕様）","台","catalog-2026-07","https://kakaku.com/item/K0001706678/","2026-07-21","R1/R2昇格"
"64e454f37a3a","エアコン・空調","三菱電機 エアコン 14畳用 4.0kW 上位 標準仕様","台","catalog-2026-07","https://kakaku.com/item/K0001706678/","2026-07-21","R1/R2昇格"
"01cd4fe487c2","エアコン・空調","三菱電機 エアコン 14畳用 4.0kW 上位 空気清浄フィルター付き","台","catalog-2026-07","https://kakaku.com/item/K0001706678/","2026-07-21","R1/R2昇格"
"3c927b14fc91","エアコン・空調","三菱電機 エアコン 14畳用 4.0kW 上位 自動掃除機能付き","台","catalog-2026-07","https://kakaku.com/item/K0001706678/","2026-07-21","R1/R2昇格"
"0737857bec31","エアコン・空調","三菱電機 エアコン 14畳用 4.0kW 最上位 AI自動運転","台","catalog-2026-07","https://kakaku.com/item/K0001706678/","2026-07-21","R1/R2昇格"
"7eec261f86f8","エアコン・空調","三菱電機 エアコン 14畳用 4.0kW 最上位 換気機能付き","台","catalog-2026-07","https://www.mitsubishielectric.co.jp/ldg/ja/air/products/ventilationfan/bath/index.html","2026-07-21","R1/R2昇格"
"f3bac07d075e","エアコン・空調","三菱電機 エアコン 14畳用 4.0kW 最上位 暖房メイン（寒冷地仕様）","台","catalog-2026-07","https://kakaku.com/item/K0001706678/","2026-07-21","R1/R2昇格"
"ba5be27fe450","エアコン・空調","三菱電機 エアコン 14畳用 4.0kW 最上位 標準仕様","台","catalog-2026-07","https://kakaku.com/item/K0001706678/","2026-07-21","R1/R2昇格"
"1182cab91479","エアコン・空調","三菱電機 エアコン 14畳用 4.0kW 最上位 空気清浄フィルター付き","台","catalog-2026-07","https://kakaku.com/item/K0001706678/","2026-07-21","R1/R2昇格"
"5785b0b7af9e","エアコン・空調","三菱電機 エアコン 14畳用 4.0kW 最上位 自動掃除機能付き","台","catalog-2026-07","https://kakaku.com/item/K0001706678/","2026-07-21","R1/R2昇格"
"4da0385a0434","エアコン・空調","三菱電機 エアコン 14畳用 スタンダード","台","catalog-2026-07","https://kakaku.com/item/K0001706678/","2026-07-21","R1/R2昇格"
"d3b9f3e4f7e0","エアコン・空調","三菱電機 エアコン 14畳用 ハイスペック","台","catalog-2026-07","https://kakaku.com/item/K0001706678/","2026-07-21","R1/R2昇格"
"243ca3b35abf","エアコン・空調","三菱電機 エアコン 14畳用 プレミアム","台","catalog-2026-07","https://kakaku.com/item/K0001706678/","2026-07-21","R1/R2昇格"
"3c85246023f2","エアコン・空調","三菱電機 エアコン 14畳用 ミドル","台","catalog-2026-07","https://kakaku.com/item/K0001706678/","2026-07-21","R1/R2昇格"
"92005abbb2c4","エアコン・空調","三菱電機 エアコン 14畳用 最上位モデル","台","catalog-2026-07","https://kakaku.com/item/K0001706678/","2026-07-21","R1/R2昇格"
"2ed7eff484e9","エアコン・空調","三菱電機 エアコン 18畳用 5.6kW エントリー 暖房メイン（寒冷地仕様）","台","catalog-2026-07","https://kakaku.com/item/K0001706678/","2026-07-21","R1/R2昇格"
"7ecd5e47b085","エアコン・空調","三菱電機 エアコン 18畳用 5.6kW エントリー 標準仕様","台","catalog-2026-07","https://kakaku.com/item/K0001706678/","2026-07-21","R1/R2昇格"
"54d959223f3a","エアコン・空調","三菱電機 エアコン 18畳用 5.6kW エントリー 空気清浄フィルター付き","台","catalog-2026-07","https://kakaku.com/item/K0001706678/","2026-07-21","R1/R2昇格"
"9c6643919697","エアコン・空調","三菱電機 エアコン 18畳用 5.6kW エントリー 自動掃除機能付き","台","catalog-2026-07","https://kakaku.com/item/K0001706678/","2026-07-21","R1/R2昇格"
"11d0e2aac129","エアコン・空調","三菱電機 エアコン 18畳用 5.6kW スタンダード AI自動運転","台","catalog-2026-07","https://kakaku.com/item/K0001706678/","2026-07-21","R1/R2昇格"
"570376a00788","エアコン・空調","三菱電機 エアコン 18畳用 5.6kW スタンダード 換気機能付き","台","catalog-2026-07","https://www.mitsubishielectric.co.jp/ldg/ja/air/products/ventilationfan/bath/index.html","2026-07-21","R1/R2昇格"
"576e4eb2f1bc","エアコン・空調","三菱電機 エアコン 18畳用 5.6kW スタンダード 暖房メイン（寒冷地仕様）","台","catalog-2026-07","https://kakaku.com/item/K0001706678/","2026-07-21","R1/R2昇格"
"df19dc7cb43c","エアコン・空調","三菱電機 エアコン 18畳用 5.6kW スタンダード 標準仕様","台","catalog-2026-07","https://kakaku.com/item/K0001706678/","2026-07-21","R1/R2昇格"
"a210d62a2403","エアコン・空調","三菱電機 エアコン 18畳用 5.6kW スタンダード 空気清浄フィルター付き","台","catalog-2026-07","https://kakaku.com/item/K0001706678/","2026-07-21","R1/R2昇格"
"2c019089bc8c","エアコン・空調","三菱電機 エアコン 18畳用 5.6kW スタンダード 自動掃除機能付き","台","catalog-2026-07","https://kakaku.com/item/K0001706678/","2026-07-21","R1/R2昇格"
"388fe2084798","エアコン・空調","三菱電機 エアコン 18畳用 5.6kW 上位 AI自動運転","台","catalog-2026-07","https://kakaku.com/item/K0001706678/","2026-07-21","R1/R2昇格"
"ad60f04f006e","エアコン・空調","三菱電機 エアコン 18畳用 5.6kW 上位 換気機能付き","台","catalog-2026-07","https://www.mitsubishielectric.co.jp/ldg/ja/air/products/ventilationfan/bath/index.html","2026-07-21","R1/R2昇格"
"99803b1bfbcd","エアコン・空調","三菱電機 エアコン 18畳用 5.6kW 上位 暖房メイン（寒冷地仕様）","台","catalog-2026-07","https://kakaku.com/item/K0001706678/","2026-07-21","R1/R2昇格"
"7dfb547595da","エアコン・空調","三菱電機 エアコン 18畳用 5.6kW 上位 標準仕様","台","catalog-2026-07","https://kakaku.com/item/K0001706678/","2026-07-21","R1/R2昇格"
"dc73f2f4e11c","エアコン・空調","三菱電機 エアコン 18畳用 5.6kW 上位 空気清浄フィルター付き","台","catalog-2026-07","https://kakaku.com/item/K0001706678/","2026-07-21","R1/R2昇格"
"dc1a6cae8210","エアコン・空調","三菱電機 エアコン 18畳用 5.6kW 上位 自動掃除機能付き","台","catalog-2026-07","https://kakaku.com/item/K0001706678/","2026-07-21","R1/R2昇格"
"aeb288670dc7","エアコン・空調","三菱電機 エアコン 18畳用 5.6kW 最上位 AI自動運転","台","catalog-2026-07","https://kakaku.com/item/K0001706678/","2026-07-21","R1/R2昇格"
"cd0028cc0901","エアコン・空調","三菱電機 エアコン 18畳用 5.6kW 最上位 換気機能付き","台","catalog-2026-07","https://www.mitsubishielectric.co.jp/ldg/ja/air/products/ventilationfan/bath/index.html","2026-07-21","R1/R2昇格"
"4b05a5493f94","エアコン・空調","三菱電機 エアコン 18畳用 5.6kW 最上位 暖房メイン（寒冷地仕様）","台","catalog-2026-07","https://kakaku.com/item/K0001706678/","2026-07-21","R1/R2昇格"
"cd4a653367e0","エアコン・空調","三菱電機 エアコン 18畳用 5.6kW 最上位 標準仕様","台","catalog-2026-07","https://kakaku.com/item/K0001706678/","2026-07-21","R1/R2昇格"
"559388c2cde3","エアコン・空調","三菱電機 エアコン 18畳用 5.6kW 最上位 空気清浄フィルター付き","台","catalog-2026-07","https://kakaku.com/item/K0001706678/","2026-07-21","R1/R2昇格"
"883ee100e112","エアコン・空調","三菱電機 エアコン 18畳用 5.6kW 最上位 自動掃除機能付き","台","catalog-2026-07","https://kakaku.com/item/K0001706678/","2026-07-21","R1/R2昇格"
"f496f5c5c8bd","エアコン・空調","三菱電機 エアコン 18畳用 スタンダード","台","catalog-2026-07","https://kakaku.com/item/K0001706678/","2026-07-21","R1/R2昇格"
"58beef846ac5","エアコン・空調","三菱電機 エアコン 18畳用 ハイスペック","台","catalog-2026-07","https://kakaku.com/item/K0001706678/","2026-07-21","R1/R2昇格"
"65295b540e75","エアコン・空調","三菱電機 エアコン 18畳用 プレミアム","台","catalog-2026-07","https://kakaku.com/item/K0001706678/","2026-07-21","R1/R2昇格"
"1268e1357e98","エアコン・空調","三菱電機 エアコン 18畳用 ミドル","台","catalog-2026-07","https://kakaku.com/item/K0001706678/","2026-07-21","R1/R2昇格"
"c5519d50d4ff","エアコン・空調","三菱電機 エアコン 18畳用 最上位モデル","台","catalog-2026-07","https://kakaku.com/item/K0001706678/","2026-07-21","R1/R2昇格"
"c601736a637c","エアコン・空調","三菱電機 エアコン 20畳用 6.3kW エントリー 暖房メイン（寒冷地仕様）","台","catalog-2026-07","https://kakaku.com/item/K0001706678/","2026-07-21","R1/R2昇格"
"0da34caabc6b","エアコン・空調","三菱電機 エアコン 20畳用 6.3kW エントリー 標準仕様","台","catalog-2026-07","https://kakaku.com/item/K0001706678/","2026-07-21","R1/R2昇格"
"3b691e39ad73","エアコン・空調","三菱電機 エアコン 20畳用 6.3kW エントリー 空気清浄フィルター付き","台","catalog-2026-07","https://kakaku.com/item/K0001706678/","2026-07-21","R1/R2昇格"
"a05cebe88fbb","エアコン・空調","三菱電機 エアコン 20畳用 6.3kW エントリー 自動掃除機能付き","台","catalog-2026-07","https://kakaku.com/item/K0001706678/","2026-07-21","R1/R2昇格"
"8eb5e3a6f1ae","エアコン・空調","三菱電機 エアコン 20畳用 6.3kW スタンダード AI自動運転","台","catalog-2026-07","https://kakaku.com/item/K0001706678/","2026-07-21","R1/R2昇格"
"f3ca8dde3d33","エアコン・空調","三菱電機 エアコン 20畳用 6.3kW スタンダード 換気機能付き","台","catalog-2026-07","https://www.mitsubishielectric.co.jp/ldg/ja/air/products/ventilationfan/bath/index.html","2026-07-21","R1/R2昇格"
"e1c5b4c03674","エアコン・空調","三菱電機 エアコン 20畳用 6.3kW スタンダード 暖房メイン（寒冷地仕様）","台","catalog-2026-07","https://kakaku.com/item/K0001706678/","2026-07-21","R1/R2昇格"
"f6a955b4ec94","エアコン・空調","三菱電機 エアコン 20畳用 6.3kW スタンダード 標準仕様","台","catalog-2026-07","https://kakaku.com/item/K0001706678/","2026-07-21","R1/R2昇格"
"a72b835a0cc1","エアコン・空調","三菱電機 エアコン 20畳用 6.3kW スタンダード 空気清浄フィルター付き","台","catalog-2026-07","https://kakaku.com/item/K0001706678/","2026-07-21","R1/R2昇格"
"28c940ec4976","エアコン・空調","三菱電機 エアコン 20畳用 6.3kW スタンダード 自動掃除機能付き","台","catalog-2026-07","https://kakaku.com/item/K0001706678/","2026-07-21","R1/R2昇格"
"7a0e70a3a1b0","エアコン・空調","三菱電機 エアコン 20畳用 6.3kW 上位 AI自動運転","台","catalog-2026-07","https://kakaku.com/item/K0001706678/","2026-07-21","R1/R2昇格"
"594ab6f517b1","エアコン・空調","三菱電機 エアコン 20畳用 6.3kW 上位 換気機能付き","台","catalog-2026-07","https://www.mitsubishielectric.co.jp/ldg/ja/air/products/ventilationfan/bath/index.html","2026-07-21","R1/R2昇格"
"30c5aac1b42c","エアコン・空調","三菱電機 エアコン 20畳用 6.3kW 上位 暖房メイン（寒冷地仕様）","台","catalog-2026-07","https://kakaku.com/item/K0001706678/","2026-07-21","R1/R2昇格"
"beda9ad3b856","エアコン・空調","三菱電機 エアコン 20畳用 6.3kW 上位 標準仕様","台","catalog-2026-07","https://kakaku.com/item/K0001706678/","2026-07-21","R1/R2昇格"
"215def969d66","エアコン・空調","三菱電機 エアコン 20畳用 6.3kW 上位 空気清浄フィルター付き","台","catalog-2026-07","https://kakaku.com/item/K0001706678/","2026-07-21","R1/R2昇格"
"4545214130b9","エアコン・空調","三菱電機 エアコン 20畳用 6.3kW 上位 自動掃除機能付き","台","catalog-2026-07","https://kakaku.com/item/K0001706678/","2026-07-21","R1/R2昇格"
"546716d9314b","エアコン・空調","三菱電機 エアコン 20畳用 6.3kW 最上位 AI自動運転","台","catalog-2026-07","https://kakaku.com/item/K0001706678/","2026-07-21","R1/R2昇格"
"9fcd554683c9","エアコン・空調","三菱電機 エアコン 20畳用 6.3kW 最上位 換気機能付き","台","catalog-2026-07","https://www.mitsubishielectric.co.jp/ldg/ja/air/products/ventilationfan/bath/index.html","2026-07-21","R1/R2昇格"
"cc144dd0b863","エアコン・空調","三菱電機 エアコン 20畳用 6.3kW 最上位 暖房メイン（寒冷地仕様）","台","catalog-2026-07","https://kakaku.com/item/K0001706678/","2026-07-21","R1/R2昇格"
"1a7f4a40d366","エアコン・空調","三菱電機 エアコン 20畳用 6.3kW 最上位 標準仕様","台","catalog-2026-07","https://kakaku.com/item/K0001706678/","2026-07-21","R1/R2昇格"
"5771d8df2d69","エアコン・空調","三菱電機 エアコン 20畳用 6.3kW 最上位 空気清浄フィルター付き","台","catalog-2026-07","https://kakaku.com/item/K0001706678/","2026-07-21","R1/R2昇格"
"559f50284e39","エアコン・空調","三菱電機 エアコン 20畳用 6.3kW 最上位 自動掃除機能付き","台","catalog-2026-07","https://kakaku.com/item/K0001706678/","2026-07-21","R1/R2昇格"
"4e1b26b87841","エアコン・空調","三菱電機 エアコン 20畳用 スタンダード","台","catalog-2026-07","https://kakaku.com/item/K0001706678/","2026-07-21","R1/R2昇格"
"f98b41fcded0","エアコン・空調","三菱電機 エアコン 20畳用 ハイスペック","台","catalog-2026-07","https://kakaku.com/item/K0001706678/","2026-07-21","R1/R2昇格"
"52421b0b2568","エアコン・空調","三菱電機 エアコン 20畳用 プレミアム","台","catalog-2026-07","https://kakaku.com/item/K0001706678/","2026-07-21","R1/R2昇格"
"793d97efe632","エアコン・空調","三菱電機 エアコン 20畳用 ミドル","台","catalog-2026-07","https://kakaku.com/item/K0001706678/","2026-07-21","R1/R2昇格"
"c47c61e87857","エアコン・空調","三菱電機 エアコン 20畳用 最上位モデル","台","catalog-2026-07","https://kakaku.com/item/K0001706678/","2026-07-21","R1/R2昇格"
"a6aada2d4e91","エアコン・空調","三菱電機 エアコン 23畳用 7.1kW エントリー 暖房メイン（寒冷地仕様）","台","catalog-2026-07","https://kakaku.com/item/K0001706678/","2026-07-21","R1/R2昇格"
"bb8f15babb38","エアコン・空調","三菱電機 エアコン 23畳用 7.1kW エントリー 標準仕様","台","catalog-2026-07","https://kakaku.com/item/K0001706678/","2026-07-21","R1/R2昇格"
"70dbc63ae1b4","エアコン・空調","三菱電機 エアコン 23畳用 7.1kW エントリー 空気清浄フィルター付き","台","catalog-2026-07","https://kakaku.com/item/K0001706678/","2026-07-21","R1/R2昇格"
"cc9e87f5334c","エアコン・空調","三菱電機 エアコン 23畳用 7.1kW エントリー 自動掃除機能付き","台","catalog-2026-07","https://kakaku.com/item/K0001706678/","2026-07-21","R1/R2昇格"
"d6648f993437","エアコン・空調","三菱電機 エアコン 23畳用 7.1kW スタンダード AI自動運転","台","catalog-2026-07","https://kakaku.com/item/K0001706678/","2026-07-21","R1/R2昇格"
"962241c0b2aa","エアコン・空調","三菱電機 エアコン 23畳用 7.1kW スタンダード 換気機能付き","台","catalog-2026-07","https://www.mitsubishielectric.co.jp/ldg/ja/air/products/ventilationfan/bath/index.html","2026-07-21","R1/R2昇格"
"9df3b99de76a","エアコン・空調","三菱電機 エアコン 23畳用 7.1kW スタンダード 暖房メイン（寒冷地仕様）","台","catalog-2026-07","https://kakaku.com/item/K0001706678/","2026-07-21","R1/R2昇格"
"43978d691a2f","エアコン・空調","三菱電機 エアコン 23畳用 7.1kW スタンダード 標準仕様","台","catalog-2026-07","https://kakaku.com/item/K0001706678/","2026-07-21","R1/R2昇格"
"1c1e10b21f43","エアコン・空調","三菱電機 エアコン 23畳用 7.1kW スタンダード 空気清浄フィルター付き","台","catalog-2026-07","https://kakaku.com/item/K0001706678/","2026-07-21","R1/R2昇格"
"a80808cbe71c","エアコン・空調","三菱電機 エアコン 23畳用 7.1kW スタンダード 自動掃除機能付き","台","catalog-2026-07","https://kakaku.com/item/K0001706678/","2026-07-21","R1/R2昇格"
"22081ba6bef6","エアコン・空調","三菱電機 エアコン 23畳用 7.1kW 上位 AI自動運転","台","catalog-2026-07","https://kakaku.com/item/K0001706678/","2026-07-21","R1/R2昇格"
"8e354efef0ce","エアコン・空調","三菱電機 エアコン 23畳用 7.1kW 上位 換気機能付き","台","catalog-2026-07","https://www.mitsubishielectric.co.jp/ldg/ja/air/products/ventilationfan/bath/index.html","2026-07-21","R1/R2昇格"
"1c6018b7e43a","エアコン・空調","三菱電機 エアコン 23畳用 7.1kW 上位 暖房メイン（寒冷地仕様）","台","catalog-2026-07","https://kakaku.com/item/K0001706678/","2026-07-21","R1/R2昇格"
"2bfef6d6f17f","エアコン・空調","三菱電機 エアコン 23畳用 7.1kW 上位 標準仕様","台","catalog-2026-07","https://kakaku.com/item/K0001706678/","2026-07-21","R1/R2昇格"
"7b171b8068c2","エアコン・空調","三菱電機 エアコン 23畳用 7.1kW 上位 空気清浄フィルター付き","台","catalog-2026-07","https://kakaku.com/item/K0001706678/","2026-07-21","R1/R2昇格"
"8d55c5ac661b","エアコン・空調","三菱電機 エアコン 23畳用 7.1kW 上位 自動掃除機能付き","台","catalog-2026-07","https://kakaku.com/item/K0001706678/","2026-07-21","R1/R2昇格"
"669895c1bf52","エアコン・空調","三菱電機 エアコン 23畳用 7.1kW 最上位 AI自動運転","台","catalog-2026-07","https://kakaku.com/item/K0001706678/","2026-07-21","R1/R2昇格"
"a28ed759a4ea","エアコン・空調","三菱電機 エアコン 23畳用 7.1kW 最上位 換気機能付き","台","catalog-2026-07","https://www.mitsubishielectric.co.jp/ldg/ja/air/products/ventilationfan/bath/index.html","2026-07-21","R1/R2昇格"
"410c626f99f3","エアコン・空調","三菱電機 エアコン 23畳用 7.1kW 最上位 暖房メイン（寒冷地仕様）","台","catalog-2026-07","https://kakaku.com/item/K0001706678/","2026-07-21","R1/R2昇格"
"f07f4845568b","エアコン・空調","三菱電機 エアコン 23畳用 7.1kW 最上位 標準仕様","台","catalog-2026-07","https://kakaku.com/item/K0001706678/","2026-07-21","R1/R2昇格"
"375caf0fe221","エアコン・空調","三菱電機 エアコン 23畳用 7.1kW 最上位 空気清浄フィルター付き","台","catalog-2026-07","https://kakaku.com/item/K0001706678/","2026-07-21","R1/R2昇格"
"7f844f01ad88","エアコン・空調","三菱電機 エアコン 23畳用 7.1kW 最上位 自動掃除機能付き","台","catalog-2026-07","https://kakaku.com/item/K0001706678/","2026-07-21","R1/R2昇格"
"32d960294746","エアコン・空調","三菱電機 エアコン 6畳用 2.2kW エントリー 暖房メイン（寒冷地仕様）","台","catalog-2026-07","https://kakaku.com/item/K0001706678/","2026-07-21","R1/R2昇格"
"b20244bc9b9a","エアコン・空調","三菱電機 エアコン 6畳用 2.2kW エントリー 標準仕様","台","catalog-2026-07","https://kakaku.com/item/K0001706678/","2026-07-21","R1/R2昇格"
"88419eeaaf81","エアコン・空調","三菱電機 エアコン 6畳用 2.2kW エントリー 空気清浄フィルター付き","台","catalog-2026-07","https://kakaku.com/item/K0001706678/","2026-07-21","R1/R2昇格"
"2c80592e5235","エアコン・空調","三菱電機 エアコン 6畳用 2.2kW エントリー 自動掃除機能付き","台","catalog-2026-07","https://kakaku.com/item/K0001706678/","2026-07-21","R1/R2昇格"
"3055dd55639b","エアコン・空調","三菱電機 エアコン 6畳用 2.2kW スタンダード AI自動運転","台","catalog-2026-07","https://kakaku.com/item/K0001706678/","2026-07-21","R1/R2昇格"
"f949f5fa497f","エアコン・空調","三菱電機 エアコン 6畳用 2.2kW スタンダード 換気機能付き","台","catalog-2026-07","https://www.mitsubishielectric.co.jp/ldg/ja/air/products/ventilationfan/bath/index.html","2026-07-21","R1/R2昇格"
"312c77e3b71e","エアコン・空調","三菱電機 エアコン 6畳用 2.2kW スタンダード 暖房メイン（寒冷地仕様）","台","catalog-2026-07","https://kakaku.com/item/K0001706678/","2026-07-21","R1/R2昇格"
"149dc9adcf34","エアコン・空調","三菱電機 エアコン 6畳用 2.2kW スタンダード 標準仕様","台","catalog-2026-07","https://kakaku.com/item/K0001706678/","2026-07-21","R1/R2昇格"
"57df8bdb0429","エアコン・空調","三菱電機 エアコン 6畳用 2.2kW スタンダード 空気清浄フィルター付き","台","catalog-2026-07","https://kakaku.com/item/K0001706678/","2026-07-21","R1/R2昇格"
"436f310146b7","エアコン・空調","三菱電機 エアコン 6畳用 2.2kW スタンダード 自動掃除機能付き","台","catalog-2026-07","https://kakaku.com/item/K0001706678/","2026-07-21","R1/R2昇格"
"f60659dfeada","エアコン・空調","三菱電機 エアコン 6畳用 2.2kW 上位 AI自動運転","台","catalog-2026-07","https://kakaku.com/item/K0001706678/","2026-07-21","R1/R2昇格"
"73d6876bdf47","エアコン・空調","三菱電機 エアコン 6畳用 2.2kW 上位 換気機能付き","台","catalog-2026-07","https://www.mitsubishielectric.co.jp/ldg/ja/air/products/ventilationfan/bath/index.html","2026-07-21","R1/R2昇格"
"fc57343cb2ca","エアコン・空調","三菱電機 エアコン 6畳用 2.2kW 上位 暖房メイン（寒冷地仕様）","台","catalog-2026-07","https://kakaku.com/item/K0001706678/","2026-07-21","R1/R2昇格"
"a806e05a0618","エアコン・空調","三菱電機 エアコン 6畳用 2.2kW 上位 標準仕様","台","catalog-2026-07","https://kakaku.com/item/K0001706678/","2026-07-21","R1/R2昇格"
"38fc553cf2e2","エアコン・空調","三菱電機 エアコン 6畳用 2.2kW 上位 空気清浄フィルター付き","台","catalog-2026-07","https://kakaku.com/item/K0001706678/","2026-07-21","R1/R2昇格"
"2f6ed27099b4","エアコン・空調","三菱電機 エアコン 6畳用 2.2kW 上位 自動掃除機能付き","台","catalog-2026-07","https://kakaku.com/item/K0001706678/","2026-07-21","R1/R2昇格"
"99468e018d64","エアコン・空調","三菱電機 エアコン 6畳用 スタンダード","台","catalog-2026-07","https://kakaku.com/item/K0001706678/","2026-07-21","R1/R2昇格"
"1d1ee7c19a6c","エアコン・空調","三菱電機 エアコン 6畳用 ハイスペック","台","catalog-2026-07","https://kakaku.com/item/K0001706678/","2026-07-21","R1/R2昇格"
"1e3bc8a8e3a8","エアコン・空調","三菱電機 エアコン 6畳用 プレミアム","台","catalog-2026-07","https://kakaku.com/item/K0001706678/","2026-07-21","R1/R2昇格"
"65381fcb52e1","エアコン・空調","三菱電機 エアコン 6畳用 ミドル","台","catalog-2026-07","https://kakaku.com/item/K0001706678/","2026-07-21","R1/R2昇格"
"924094749a11","エアコン・空調","三菱電機 エアコン 6畳用 最上位モデル","台","catalog-2026-07","https://kakaku.com/item/K0001706678/","2026-07-21","R1/R2昇格"
"eaaf5b7a376e","エアコン・空調","三菱電機 エアコン 8畳用 2.5kW エントリー 暖房メイン（寒冷地仕様）","台","catalog-2026-07","https://kakaku.com/item/K0001706678/","2026-07-21","R1/R2昇格"
"ec8c70c396b2","エアコン・空調","三菱電機 エアコン 8畳用 2.5kW エントリー 標準仕様","台","catalog-2026-07","https://kakaku.com/item/K0001706678/","2026-07-21","R1/R2昇格"
"7d287fd6bfcb","エアコン・空調","三菱電機 エアコン 8畳用 2.5kW エントリー 空気清浄フィルター付き","台","catalog-2026-07","https://kakaku.com/item/K0001706678/","2026-07-21","R1/R2昇格"
"3f873db684a7","エアコン・空調","三菱電機 エアコン 8畳用 2.5kW エントリー 自動掃除機能付き","台","catalog-2026-07","https://kakaku.com/item/K0001706678/","2026-07-21","R1/R2昇格"
"f1dd6a50b455","エアコン・空調","三菱電機 エアコン 8畳用 2.5kW スタンダード AI自動運転","台","catalog-2026-07","https://kakaku.com/item/K0001706678/","2026-07-21","R1/R2昇格"
"3cffcf3c3c18","エアコン・空調","三菱電機 エアコン 8畳用 2.5kW スタンダード 換気機能付き","台","catalog-2026-07","https://www.mitsubishielectric.co.jp/ldg/ja/air/products/ventilationfan/bath/index.html","2026-07-21","R1/R2昇格"
"aef39d6e82ce","エアコン・空調","三菱電機 エアコン 8畳用 2.5kW スタンダード 暖房メイン（寒冷地仕様）","台","catalog-2026-07","https://kakaku.com/item/K0001706678/","2026-07-21","R1/R2昇格"
"cf66c1088d8e","エアコン・空調","三菱電機 エアコン 8畳用 2.5kW スタンダード 標準仕様","台","catalog-2026-07","https://kakaku.com/item/K0001706678/","2026-07-21","R1/R2昇格"
"d139102e22b2","エアコン・空調","三菱電機 エアコン 8畳用 2.5kW スタンダード 空気清浄フィルター付き","台","catalog-2026-07","https://kakaku.com/item/K0001706678/","2026-07-21","R1/R2昇格"
"73ba02ee1c89","エアコン・空調","三菱電機 エアコン 8畳用 2.5kW スタンダード 自動掃除機能付き","台","catalog-2026-07","https://kakaku.com/item/K0001706678/","2026-07-21","R1/R2昇格"
"70c1b063d936","エアコン・空調","三菱電機 エアコン 8畳用 2.5kW 上位 AI自動運転","台","catalog-2026-07","https://kakaku.com/item/K0001706678/","2026-07-21","R1/R2昇格"
"1162cc674642","エアコン・空調","三菱電機 エアコン 8畳用 2.5kW 上位 換気機能付き","台","catalog-2026-07","https://www.mitsubishielectric.co.jp/ldg/ja/air/products/ventilationfan/bath/index.html","2026-07-21","R1/R2昇格"
"edce1acb2bdc","エアコン・空調","三菱電機 エアコン 8畳用 2.5kW 上位 暖房メイン（寒冷地仕様）","台","catalog-2026-07","https://kakaku.com/item/K0001706678/","2026-07-21","R1/R2昇格"
"2cb69a1aee1e","エアコン・空調","三菱電機 エアコン 8畳用 2.5kW 上位 標準仕様","台","catalog-2026-07","https://kakaku.com/item/K0001706678/","2026-07-21","R1/R2昇格"
"e8790ae9beab","エアコン・空調","三菱電機 エアコン 8畳用 2.5kW 上位 空気清浄フィルター付き","台","catalog-2026-07","https://kakaku.com/item/K0001706678/","2026-07-21","R1/R2昇格"
"8da7136a90c9","エアコン・空調","三菱電機 エアコン 8畳用 2.5kW 上位 自動掃除機能付き","台","catalog-2026-07","https://kakaku.com/item/K0001706678/","2026-07-21","R1/R2昇格"
"e3982ba1b2f6","エアコン・空調","三菱電機 エアコン 8畳用 2.5kW 最上位 AI自動運転","台","catalog-2026-07","https://kakaku.com/item/K0001706678/","2026-07-21","R1/R2昇格"
"0afcfa4416db","エアコン・空調","三菱電機 エアコン 8畳用 2.5kW 最上位 換気機能付き","台","catalog-2026-07","https://www.mitsubishielectric.co.jp/ldg/ja/air/products/ventilationfan/bath/index.html","2026-07-21","R1/R2昇格"
"39dca9b5c0de","エアコン・空調","三菱電機 エアコン 8畳用 2.5kW 最上位 暖房メイン（寒冷地仕様）","台","catalog-2026-07","https://kakaku.com/item/K0001706678/","2026-07-21","R1/R2昇格"
"5af823ba4845","エアコン・空調","三菱電機 エアコン 8畳用 2.5kW 最上位 標準仕様","台","catalog-2026-07","https://kakaku.com/item/K0001706678/","2026-07-21","R1/R2昇格"
"27a3be462981","エアコン・空調","三菱電機 エアコン 8畳用 2.5kW 最上位 空気清浄フィルター付き","台","catalog-2026-07","https://kakaku.com/item/K0001706678/","2026-07-21","R1/R2昇格"
"45f44c488e56","エアコン・空調","三菱電機 エアコン 8畳用 2.5kW 最上位 自動掃除機能付き","台","catalog-2026-07","https://kakaku.com/item/K0001706678/","2026-07-21","R1/R2昇格"
"77f9e52d1ceb","エアコン・空調","三菱電機 エアコン 8畳用 スタンダード","台","catalog-2026-07","https://kakaku.com/item/K0001706678/","2026-07-21","R1/R2昇格"
"67a2d0fa250c","エアコン・空調","三菱電機 エアコン 8畳用 ハイスペック","台","catalog-2026-07","https://kakaku.com/item/K0001706678/","2026-07-21","R1/R2昇格"
"9cdeea505e58","エアコン・空調","三菱電機 エアコン 8畳用 プレミアム","台","catalog-2026-07","https://kakaku.com/item/K0001706678/","2026-07-21","R1/R2昇格"
"9e32b66ddd57","エアコン・空調","三菱電機 エアコン 8畳用 ミドル","台","catalog-2026-07","https://kakaku.com/item/K0001706678/","2026-07-21","R1/R2昇格"
"07b071747715","エアコン・空調","三菱電機 エアコン 8畳用 最上位モデル","台","catalog-2026-07","https://kakaku.com/item/K0001706678/","2026-07-21","R1/R2昇格"
"6db549c7af39","エアコン・空調","三菱電機（全館空調） CO2センサー 室内用（HEMS連動）","台","catalog-2026-07","https://dl.mitsubishielectric.co.jp/dl/ldg/wink/wink_doc/contents/doc/WEB_CATA/S1752C5886Q/data/target.pdf","2026-07-21","R1/R2昇格"
"6ae1cd7166f3","エアコン・空調","三菱電機（全館空調） 全熱交換換気 大型 400m³/h","台","catalog-2026-07","https://dl.mitsubishielectric.co.jp/dl/ldg/wink/wink_doc/contents/doc/WEB_CATA/S1752C5886Q/data/target.pdf","2026-07-21","R1/R2昇格"
"96a2be74a312","エアコン・空調","三菱電機（全館空調） 全館空調 120〜160㎡対応 大型","台","catalog-2026-07","https://dl.mitsubishielectric.co.jp/dl/ldg/wink/wink_doc/contents/doc/WEB_CATA/S1752C5886Q/data/target.pdf","2026-07-21","R1/R2昇格"
"d701abadd613","エアコン・空調","三菱電機（全館空調） 全館空調 200㎡以上 業務用クラス","台","catalog-2026-07","https://dl.mitsubishielectric.co.jp/dl/ldg/wink/wink_doc/contents/doc/WEB_CATA/S1752C5886Q/data/target.pdf","2026-07-21","R1/R2昇格"
"f1a0bd97cb68","エアコン・空調","三菱電機（全館空調） 全館空調 スマート制御盤","台","catalog-2026-07","https://dl.mitsubishielectric.co.jp/dl/ldg/wink/wink_doc/contents/doc/WEB_CATA/S1752C5886Q/data/target.pdf","2026-07-21","R1/R2昇格"
"7fa92961fffa","エアコン・空調","三菱電機（全館空調） 全館空調 チャンバーボックス","台","catalog-2026-07","https://dl.mitsubishielectric.co.jp/dl/ldg/wink/wink_doc/contents/doc/WEB_CATA/S1752C5886Q/data/target.pdf","2026-07-21","R1/R2昇格"
"e575a19f1b20","エアコン・空調","三菱電機（全館空調） 全館空調 吹出口グリル（天井 200×200）","台","catalog-2026-07","https://dl.mitsubishielectric.co.jp/dl/ldg/wink/wink_doc/contents/doc/WEB_CATA/S1752C5886Q/data/target.pdf","2026-07-21","R1/R2昇格"
"e4dcad4c4b0b","エアコン・空調","三菱電機（全館空調） 全館空調 風量調整ダンパー","台","catalog-2026-07","https://dl.mitsubishielectric.co.jp/dl/ldg/wink/wink_doc/contents/doc/WEB_CATA/S1752C5886Q/data/target.pdf","2026-07-21","R1/R2昇格"
"ec6418e9a529","エアコン・空調","三菱電機（全館空調） 全館空調システム 本体 80〜120㎡対応","台","catalog-2026-07","https://dl.mitsubishielectric.co.jp/dl/ldg/wink/wink_doc/contents/doc/WEB_CATA/S1752C5886Q/data/target.pdf","2026-07-21","R1/R2昇格"
"4c507bdb2621","エアコン・空調","三菱電機（全館空調） 全館空調用 給気ダクト（φ150 1m）","台","catalog-2026-07","https://www.ko-spiral.co.jp/pdf/01.pdf","2026-07-21","R1/R2昇格"
"bb1085ac20db","エアコン・空調","三菱電機（全館空調） 全館空調用 還気ダクト（φ200 1m）","台","catalog-2026-07","https://www.ko-spiral.co.jp/pdf/01.pdf","2026-07-21","R1/R2昇格"
"33384ad0f2d3","エアコン・空調","三菱電機（全館空調） 床下冷暖房システム（基礎断熱必須）","台","catalog-2026-07","https://dl.mitsubishielectric.co.jp/dl/ldg/wink/wink_doc/contents/doc/WEB_CATA/S1752C5886Q/data/target.pdf","2026-07-21","R1/R2昇格"
"c52b3199004b","エアコン・空調","三菱電機（全館空調） 輻射冷暖房 壁型パネル（1m²）","台","catalog-2026-07","https://dl.mitsubishielectric.co.jp/dl/ldg/wink/wink_doc/contents/doc/WEB_CATA/S1752C5886Q/data/target.pdf","2026-07-21","R1/R2昇格"
"9060206c324e","エアコン・空調","三菱電機（全館空調） 輻射冷暖房パネル 天井型（1m）","台","catalog-2026-07","https://dl.mitsubishielectric.co.jp/dl/ldg/wink/wink_doc/contents/doc/WEB_CATA/S1752C5886Q/data/target.pdf","2026-07-21","R1/R2昇格"
"d7bb2fe01107","エアコン・空調","三菱電機（業務用） 全熱交換機 業務用 800m³/h","台","catalog-2026-07","https://proshop.ac.daikin.co.jp/business/useful/select/1101_4.html","2026-07-21","R1/R2昇格"
"7b43743a600c","エアコン・空調","三菱電機（業務用） 壁掛形 業務用 2.2kW（小型店舗）","台","catalog-2026-07","https://proshop.ac.daikin.co.jp/business/useful/select/1101_4.html","2026-07-21","R1/R2昇格"
"62bbb237db50","エアコン・空調","三菱電機（業務用） 天井カセット形 2方向 2HP（6kW）","台","catalog-2026-07","https://proshop.ac.daikin.co.jp/business/useful/select/1101_4.html","2026-07-21","R1/R2昇格"
"f56f73a49d83","エアコン・空調","三菱電機（業務用） 天井カセット形 2方向 3HP（9kW）","台","catalog-2026-07","https://proshop.ac.daikin.co.jp/business/useful/select/1101_4.html","2026-07-21","R1/R2昇格"
"c997780f8d39","エアコン・空調","三菱電機（業務用） 天井カセット形 4方向 10HP（30kW）","台","catalog-2026-07","https://proshop.ac.daikin.co.jp/business/useful/select/1101_4.html","2026-07-21","R1/R2昇格"
"480a0a36f697","エアコン・空調","三菱電機（業務用） 天井カセット形 4方向 3HP（9kW）","台","catalog-2026-07","https://proshop.ac.daikin.co.jp/business/useful/select/1101_4.html","2026-07-21","R1/R2昇格"
"87e6ba04f9a1","エアコン・空調","三菱電機（業務用） 天井カセット形 4方向 5HP（15kW）","台","catalog-2026-07","https://proshop.ac.daikin.co.jp/business/useful/select/1101_4.html","2026-07-21","R1/R2昇格"
"974e1eb34f82","エアコン・空調","三菱電機（業務用） 天井カセット形 4方向 8HP（24kW）","台","catalog-2026-07","https://proshop.ac.daikin.co.jp/business/useful/select/1101_4.html","2026-07-21","R1/R2昇格"
"d202e945948f","エアコン・空調","三菱電機（業務用） 天井埋込ダクト形 3HP","台","catalog-2026-07","https://proshop.ac.daikin.co.jp/business/useful/select/1101_4.html","2026-07-21","R1/R2昇格"
"33248e3ce110","エアコン・空調","三菱電機（業務用） 天井埋込ダクト形 8HP","台","catalog-2026-07","https://proshop.ac.daikin.co.jp/business/useful/select/1101_4.html","2026-07-21","R1/R2昇格"
"e2d1e45d156e","エアコン・空調","三菱電機（業務用） 天吊形 3HP（倉庫・バックヤード）","台","catalog-2026-07","https://proshop.ac.daikin.co.jp/business/useful/select/1101_4.html","2026-07-21","R1/R2昇格"
"11338311418b","エアコン・空調","三菱電機（業務用） 床置き形 3HP（ショーケース向き）","台","catalog-2026-07","https://proshop.ac.daikin.co.jp/business/useful/select/1101_4.html","2026-07-21","R1/R2昇格"
"5f0f17e0c20d","エアコン・空調","三菱電機（業務用） 業務用マルチ 室外機 16HP","台","catalog-2026-07","https://proshop.ac.daikin.co.jp/business/useful/select/1101_4.html","2026-07-21","R1/R2昇格"
"7533fd95b68d","エアコン・空調","三菱電機（業務用） 業務用マルチエアコン 室外機 8HP","台","catalog-2026-07","https://proshop.ac.daikin.co.jp/business/useful/select/1101_4.html","2026-07-21","R1/R2昇格"
"6551f415cead","エアコン・空調","住友不動産（全館空調） CO2センサー 室内用（HEMS連動）","台","catalog-2026-07","https://ecoyukadan.jp/column/zenkan-hikaku/","2026-07-21","R1/R2昇格"
"a21a17850ed8","エアコン・空調","住友不動産（全館空調） 全熱交換換気 大型 400m³/h","台","catalog-2026-07","https://ecoyukadan.jp/column/zenkan-hikaku/","2026-07-21","R1/R2昇格"
"25809f8f2ad1","エアコン・空調","住友不動産（全館空調） 全館空調 120〜160㎡対応 大型","台","catalog-2026-07","https://ecoyukadan.jp/column/zenkan-hikaku/","2026-07-21","R1/R2昇格"
"1626e6ec8a7a","エアコン・空調","住友不動産（全館空調） 全館空調 200㎡以上 業務用クラス","台","catalog-2026-07","https://ecoyukadan.jp/column/zenkan-hikaku/","2026-07-21","R1/R2昇格"
"7122a380fbff","エアコン・空調","住友不動産（全館空調） 全館空調 スマート制御盤","台","catalog-2026-07","https://ecoyukadan.jp/column/zenkan-hikaku/","2026-07-21","R1/R2昇格"
"ef4588ce83e5","エアコン・空調","住友不動産（全館空調） 全館空調 チャンバーボックス","台","catalog-2026-07","https://ecoyukadan.jp/column/zenkan-hikaku/","2026-07-21","R1/R2昇格"
"1a99f0172c16","エアコン・空調","住友不動産（全館空調） 全館空調 吹出口グリル（天井 200×200）","台","catalog-2026-07","https://ecoyukadan.jp/column/zenkan-hikaku/","2026-07-21","R1/R2昇格"
"1c3ee34cc3a3","エアコン・空調","住友不動産（全館空調） 全館空調 風量調整ダンパー","台","catalog-2026-07","https://ecoyukadan.jp/column/zenkan-hikaku/","2026-07-21","R1/R2昇格"
"771746a1f46e","エアコン・空調","住友不動産（全館空調） 全館空調システム 本体 80〜120㎡対応","台","catalog-2026-07","https://ecoyukadan.jp/column/zenkan-hikaku/","2026-07-21","R1/R2昇格"
"2b7879035e0d","エアコン・空調","住友不動産（全館空調） 全館空調用 給気ダクト（φ150 1m）","台","catalog-2026-07","https://www.ko-spiral.co.jp/pdf/01.pdf","2026-07-21","R1/R2昇格"
"10a6396fb590","エアコン・空調","住友不動産（全館空調） 全館空調用 還気ダクト（φ200 1m）","台","catalog-2026-07","https://www.ko-spiral.co.jp/pdf/01.pdf","2026-07-21","R1/R2昇格"
"dc86c7552741","エアコン・空調","住友不動産（全館空調） 床下冷暖房システム（基礎断熱必須）","台","catalog-2026-07","https://ecoyukadan.jp/column/zenkan-hikaku/","2026-07-21","R1/R2昇格"
"dcbfcba26335","エアコン・空調","住友不動産（全館空調） 輻射冷暖房 壁型パネル（1m²）","台","catalog-2026-07","https://ecoyukadan.jp/column/zenkan-hikaku/","2026-07-21","R1/R2昇格"
"f26f1ea25aca","エアコン・空調","住友不動産（全館空調） 輻射冷暖房パネル 天井型（1m）","台","catalog-2026-07","https://ecoyukadan.jp/column/zenkan-hikaku/","2026-07-21","R1/R2昇格"
"ad3805131f14","エアコン・空調","冷媒ガス R32（1kg）","kg","catalog-2026-07","https://rescue.epark.jp/columns/kaden/aircon/2059","2026-07-21","R1/R2昇格"
"deb07170f0d8","エアコン・空調","冷媒ガス R410A（1kg）","kg","catalog-2026-07","https://rescue.epark.jp/columns/kaden/aircon/2059","2026-07-21","R1/R2昇格"
"370dae1088e3","エアコン・空調","富士通ゼネラル エアコン 10畳用 2.8kW エントリー 暖房メイン（寒冷地仕様）","台","catalog-2026-07","https://www.generalww.com/jp/products/aircon/2026/lineup/nocria-x/index.html","2026-07-21","R1/R2昇格"
"b3982facfe18","エアコン・空調","富士通ゼネラル エアコン 10畳用 2.8kW エントリー 標準仕様","台","catalog-2026-07","https://www.generalww.com/jp/products/aircon/2026/lineup/nocria-x/index.html","2026-07-21","R1/R2昇格"
"184d6a11994d","エアコン・空調","富士通ゼネラル エアコン 10畳用 2.8kW エントリー 空気清浄フィルター付き","台","catalog-2026-07","https://www.generalww.com/jp/products/aircon/2026/lineup/nocria-x/index.html","2026-07-21","R1/R2昇格"
"2a722387364c","エアコン・空調","富士通ゼネラル エアコン 10畳用 2.8kW エントリー 自動掃除機能付き","台","catalog-2026-07","https://www.generalww.com/jp/products/aircon/2026/lineup/nocria-x/index.html","2026-07-21","R1/R2昇格"
"4bbb08d47736","エアコン・空調","富士通ゼネラル エアコン 10畳用 2.8kW スタンダード AI自動運転","台","catalog-2026-07","https://www.generalww.com/jp/products/aircon/2026/lineup/nocria-x/index.html","2026-07-21","R1/R2昇格"
"4ab75f2a50a9","エアコン・空調","富士通ゼネラル エアコン 10畳用 2.8kW スタンダード 暖房メイン（寒冷地仕様）","台","catalog-2026-07","https://www.generalww.com/jp/products/aircon/2026/lineup/nocria-x/index.html","2026-07-21","R1/R2昇格"
"eeda99840558","エアコン・空調","富士通ゼネラル エアコン 10畳用 2.8kW スタンダード 標準仕様","台","catalog-2026-07","https://www.generalww.com/jp/products/aircon/2026/lineup/nocria-x/index.html","2026-07-21","R1/R2昇格"
"dd98a8f7c657","エアコン・空調","富士通ゼネラル エアコン 10畳用 2.8kW スタンダード 空気清浄フィルター付き","台","catalog-2026-07","https://www.generalww.com/jp/products/aircon/2026/lineup/nocria-x/index.html","2026-07-21","R1/R2昇格"
"19dbf962a81f","エアコン・空調","富士通ゼネラル エアコン 10畳用 2.8kW スタンダード 自動掃除機能付き","台","catalog-2026-07","https://www.generalww.com/jp/products/aircon/2026/lineup/nocria-x/index.html","2026-07-21","R1/R2昇格"
"e1b338fae68a","エアコン・空調","富士通ゼネラル エアコン 10畳用 2.8kW 上位 AI自動運転","台","catalog-2026-07","https://www.generalww.com/jp/products/aircon/2026/lineup/nocria-x/index.html","2026-07-21","R1/R2昇格"
"cd5e151dbec8","エアコン・空調","富士通ゼネラル エアコン 10畳用 2.8kW 上位 暖房メイン（寒冷地仕様）","台","catalog-2026-07","https://www.generalww.com/jp/products/aircon/2026/lineup/nocria-x/index.html","2026-07-21","R1/R2昇格"
"9222b51d3382","エアコン・空調","富士通ゼネラル エアコン 10畳用 2.8kW 上位 標準仕様","台","catalog-2026-07","https://www.generalww.com/jp/products/aircon/2026/lineup/nocria-x/index.html","2026-07-21","R1/R2昇格"
"29a6dde30070","エアコン・空調","富士通ゼネラル エアコン 10畳用 2.8kW 上位 空気清浄フィルター付き","台","catalog-2026-07","https://www.generalww.com/jp/products/aircon/2026/lineup/nocria-x/index.html","2026-07-21","R1/R2昇格"
"099b4d5e8cfe","エアコン・空調","富士通ゼネラル エアコン 10畳用 2.8kW 上位 自動掃除機能付き","台","catalog-2026-07","https://www.generalww.com/jp/products/aircon/2026/lineup/nocria-x/index.html","2026-07-21","R1/R2昇格"
"0b22034904b8","エアコン・空調","富士通ゼネラル エアコン 10畳用 2.8kW 最上位 AI自動運転","台","catalog-2026-07","https://www.generalww.com/jp/products/aircon/2026/lineup/nocria-x/index.html","2026-07-21","R1/R2昇格"
"25a5e8a587de","エアコン・空調","富士通ゼネラル エアコン 10畳用 2.8kW 最上位 暖房メイン（寒冷地仕様）","台","catalog-2026-07","https://www.generalww.com/jp/products/aircon/2026/lineup/nocria-x/index.html","2026-07-21","R1/R2昇格"
"beb29d6ffd6d","エアコン・空調","富士通ゼネラル エアコン 10畳用 2.8kW 最上位 標準仕様","台","catalog-2026-07","https://www.generalww.com/jp/products/aircon/2026/lineup/nocria-x/index.html","2026-07-21","R1/R2昇格"
"a9ab2067f8e9","エアコン・空調","富士通ゼネラル エアコン 10畳用 2.8kW 最上位 空気清浄フィルター付き","台","catalog-2026-07","https://www.generalww.com/jp/products/aircon/2026/lineup/nocria-x/index.html","2026-07-21","R1/R2昇格"
"4af5ef68931d","エアコン・空調","富士通ゼネラル エアコン 10畳用 2.8kW 最上位 自動掃除機能付き","台","catalog-2026-07","https://www.generalww.com/jp/products/aircon/2026/lineup/nocria-x/index.html","2026-07-21","R1/R2昇格"
"c33b5ba8a10a","エアコン・空調","富士通ゼネラル エアコン 10畳用 スタンダード","台","catalog-2026-07","https://www.generalww.com/jp/products/aircon/2026/lineup/nocria-x/index.html","2026-07-21","R1/R2昇格"
"f0876e66c065","エアコン・空調","富士通ゼネラル エアコン 10畳用 ハイスペック","台","catalog-2026-07","https://www.generalww.com/jp/products/aircon/2026/lineup/nocria-x/index.html","2026-07-21","R1/R2昇格"
"555cc86e1b13","エアコン・空調","富士通ゼネラル エアコン 10畳用 プレミアム","台","catalog-2026-07","https://www.generalww.com/jp/products/aircon/2026/lineup/nocria-x/index.html","2026-07-21","R1/R2昇格"
"ac6e191d790d","エアコン・空調","富士通ゼネラル エアコン 10畳用 ミドル","台","catalog-2026-07","https://www.generalww.com/jp/products/aircon/2026/lineup/nocria-x/index.html","2026-07-21","R1/R2昇格"
"68d26b5df83f","エアコン・空調","富士通ゼネラル エアコン 10畳用 最上位モデル","台","catalog-2026-07","https://www.generalww.com/jp/products/aircon/2026/lineup/nocria-x/index.html","2026-07-21","R1/R2昇格"
"dbcdf8a8393b","エアコン・空調","富士通ゼネラル エアコン 12畳用 3.6kW エントリー 暖房メイン（寒冷地仕様）","台","catalog-2026-07","https://www.generalww.com/jp/products/aircon/2026/lineup/nocria-x/index.html","2026-07-21","R1/R2昇格"
"23f5987f57be","エアコン・空調","富士通ゼネラル エアコン 12畳用 3.6kW エントリー 標準仕様","台","catalog-2026-07","https://www.generalww.com/jp/products/aircon/2026/lineup/nocria-x/index.html","2026-07-21","R1/R2昇格"
"e6eac83b7c9c","エアコン・空調","富士通ゼネラル エアコン 12畳用 3.6kW エントリー 空気清浄フィルター付き","台","catalog-2026-07","https://www.generalww.com/jp/products/aircon/2026/lineup/nocria-x/index.html","2026-07-21","R1/R2昇格"
"d956dd155fb8","エアコン・空調","富士通ゼネラル エアコン 12畳用 3.6kW エントリー 自動掃除機能付き","台","catalog-2026-07","https://www.generalww.com/jp/products/aircon/2026/lineup/nocria-x/index.html","2026-07-21","R1/R2昇格"
"bd3d4c0131d4","エアコン・空調","富士通ゼネラル エアコン 12畳用 3.6kW スタンダード AI自動運転","台","catalog-2026-07","https://www.generalww.com/jp/products/aircon/2026/lineup/nocria-x/index.html","2026-07-21","R1/R2昇格"
"76c70158bef4","エアコン・空調","富士通ゼネラル エアコン 12畳用 3.6kW スタンダード 暖房メイン（寒冷地仕様）","台","catalog-2026-07","https://www.generalww.com/jp/products/aircon/2026/lineup/nocria-x/index.html","2026-07-21","R1/R2昇格"
"b0ee4b9d8a58","エアコン・空調","富士通ゼネラル エアコン 12畳用 3.6kW スタンダード 標準仕様","台","catalog-2026-07","https://www.generalww.com/jp/products/aircon/2026/lineup/nocria-x/index.html","2026-07-21","R1/R2昇格"
"f97809c3e4e4","エアコン・空調","富士通ゼネラル エアコン 12畳用 3.6kW スタンダード 空気清浄フィルター付き","台","catalog-2026-07","https://www.generalww.com/jp/products/aircon/2026/lineup/nocria-x/index.html","2026-07-21","R1/R2昇格"
"76e04e759625","エアコン・空調","富士通ゼネラル エアコン 12畳用 3.6kW スタンダード 自動掃除機能付き","台","catalog-2026-07","https://www.generalww.com/jp/products/aircon/2026/lineup/nocria-x/index.html","2026-07-21","R1/R2昇格"
"08421d02557f","エアコン・空調","富士通ゼネラル エアコン 12畳用 3.6kW 上位 AI自動運転","台","catalog-2026-07","https://www.generalww.com/jp/products/aircon/2026/lineup/nocria-x/index.html","2026-07-21","R1/R2昇格"
"77843b2590cb","エアコン・空調","富士通ゼネラル エアコン 12畳用 3.6kW 上位 暖房メイン（寒冷地仕様）","台","catalog-2026-07","https://www.generalww.com/jp/products/aircon/2026/lineup/nocria-x/index.html","2026-07-21","R1/R2昇格"
"a47b665aca5e","エアコン・空調","富士通ゼネラル エアコン 12畳用 3.6kW 上位 標準仕様","台","catalog-2026-07","https://www.generalww.com/jp/products/aircon/2026/lineup/nocria-x/index.html","2026-07-21","R1/R2昇格"
"08996cef80be","エアコン・空調","富士通ゼネラル エアコン 12畳用 3.6kW 上位 空気清浄フィルター付き","台","catalog-2026-07","https://www.generalww.com/jp/products/aircon/2026/lineup/nocria-x/index.html","2026-07-21","R1/R2昇格"
"903dd6465bf4","エアコン・空調","富士通ゼネラル エアコン 12畳用 3.6kW 上位 自動掃除機能付き","台","catalog-2026-07","https://www.generalww.com/jp/products/aircon/2026/lineup/nocria-x/index.html","2026-07-21","R1/R2昇格"
"459daca889be","エアコン・空調","富士通ゼネラル エアコン 12畳用 3.6kW 最上位 AI自動運転","台","catalog-2026-07","https://www.generalww.com/jp/products/aircon/2026/lineup/nocria-x/index.html","2026-07-21","R1/R2昇格"
"610abc74bcef","エアコン・空調","富士通ゼネラル エアコン 12畳用 3.6kW 最上位 暖房メイン（寒冷地仕様）","台","catalog-2026-07","https://www.generalww.com/jp/products/aircon/2026/lineup/nocria-x/index.html","2026-07-21","R1/R2昇格"
"ef5c91d5bf47","エアコン・空調","富士通ゼネラル エアコン 12畳用 3.6kW 最上位 標準仕様","台","catalog-2026-07","https://www.generalww.com/jp/products/aircon/2026/lineup/nocria-x/index.html","2026-07-21","R1/R2昇格"
"465f458ae705","エアコン・空調","富士通ゼネラル エアコン 12畳用 3.6kW 最上位 空気清浄フィルター付き","台","catalog-2026-07","https://www.generalww.com/jp/products/aircon/2026/lineup/nocria-x/index.html","2026-07-21","R1/R2昇格"
"d195fc1d50db","エアコン・空調","富士通ゼネラル エアコン 12畳用 3.6kW 最上位 自動掃除機能付き","台","catalog-2026-07","https://www.generalww.com/jp/products/aircon/2026/lineup/nocria-x/index.html","2026-07-21","R1/R2昇格"
"a972e0d75d92","エアコン・空調","富士通ゼネラル エアコン 14畳用 4.0kW エントリー 暖房メイン（寒冷地仕様）","台","catalog-2026-07","https://www.generalww.com/jp/products/aircon/2026/lineup/nocria-x/index.html","2026-07-21","R1/R2昇格"
"8172b24ff6c9","エアコン・空調","富士通ゼネラル エアコン 14畳用 4.0kW エントリー 標準仕様","台","catalog-2026-07","https://www.generalww.com/jp/products/aircon/2026/lineup/nocria-x/index.html","2026-07-21","R1/R2昇格"
"8341ce955a8e","エアコン・空調","富士通ゼネラル エアコン 14畳用 4.0kW エントリー 空気清浄フィルター付き","台","catalog-2026-07","https://www.generalww.com/jp/products/aircon/2026/lineup/nocria-x/index.html","2026-07-21","R1/R2昇格"
"365189f335ba","エアコン・空調","富士通ゼネラル エアコン 14畳用 4.0kW エントリー 自動掃除機能付き","台","catalog-2026-07","https://www.generalww.com/jp/products/aircon/2026/lineup/nocria-x/index.html","2026-07-21","R1/R2昇格"
"c4c3480ccaa8","エアコン・空調","富士通ゼネラル エアコン 14畳用 4.0kW スタンダード AI自動運転","台","catalog-2026-07","https://www.generalww.com/jp/products/aircon/2026/lineup/nocria-x/index.html","2026-07-21","R1/R2昇格"
"7af56a8b3a6c","エアコン・空調","富士通ゼネラル エアコン 14畳用 4.0kW スタンダード 暖房メイン（寒冷地仕様）","台","catalog-2026-07","https://www.generalww.com/jp/products/aircon/2026/lineup/nocria-x/index.html","2026-07-21","R1/R2昇格"
"2d5125e28727","エアコン・空調","富士通ゼネラル エアコン 14畳用 4.0kW スタンダード 標準仕様","台","catalog-2026-07","https://www.generalww.com/jp/products/aircon/2026/lineup/nocria-x/index.html","2026-07-21","R1/R2昇格"
"0e194909b0ff","エアコン・空調","富士通ゼネラル エアコン 14畳用 4.0kW スタンダード 空気清浄フィルター付き","台","catalog-2026-07","https://www.generalww.com/jp/products/aircon/2026/lineup/nocria-x/index.html","2026-07-21","R1/R2昇格"
"b9938530c741","エアコン・空調","富士通ゼネラル エアコン 14畳用 4.0kW スタンダード 自動掃除機能付き","台","catalog-2026-07","https://www.generalww.com/jp/products/aircon/2026/lineup/nocria-x/index.html","2026-07-21","R1/R2昇格"
"99995f9ae66a","エアコン・空調","富士通ゼネラル エアコン 14畳用 4.0kW 上位 AI自動運転","台","catalog-2026-07","https://www.generalww.com/jp/products/aircon/2026/lineup/nocria-x/index.html","2026-07-21","R1/R2昇格"
"089850af0900","エアコン・空調","富士通ゼネラル エアコン 14畳用 4.0kW 上位 暖房メイン（寒冷地仕様）","台","catalog-2026-07","https://www.generalww.com/jp/products/aircon/2026/lineup/nocria-x/index.html","2026-07-21","R1/R2昇格"
"45db38836a3d","エアコン・空調","富士通ゼネラル エアコン 14畳用 4.0kW 上位 標準仕様","台","catalog-2026-07","https://www.generalww.com/jp/products/aircon/2026/lineup/nocria-x/index.html","2026-07-21","R1/R2昇格"
"473afebc7b6f","エアコン・空調","富士通ゼネラル エアコン 14畳用 4.0kW 上位 空気清浄フィルター付き","台","catalog-2026-07","https://www.generalww.com/jp/products/aircon/2026/lineup/nocria-x/index.html","2026-07-21","R1/R2昇格"
"71e92cab2b39","エアコン・空調","富士通ゼネラル エアコン 14畳用 4.0kW 上位 自動掃除機能付き","台","catalog-2026-07","https://www.generalww.com/jp/products/aircon/2026/lineup/nocria-x/index.html","2026-07-21","R1/R2昇格"
"04a013c3b7c5","エアコン・空調","富士通ゼネラル エアコン 14畳用 4.0kW 最上位 AI自動運転","台","catalog-2026-07","https://www.generalww.com/jp/products/aircon/2026/lineup/nocria-x/index.html","2026-07-21","R1/R2昇格"
"438580b08140","エアコン・空調","富士通ゼネラル エアコン 14畳用 4.0kW 最上位 暖房メイン（寒冷地仕様）","台","catalog-2026-07","https://www.generalww.com/jp/products/aircon/2026/lineup/nocria-x/index.html","2026-07-21","R1/R2昇格"
"25f0ac7b2d86","エアコン・空調","富士通ゼネラル エアコン 14畳用 4.0kW 最上位 標準仕様","台","catalog-2026-07","https://www.generalww.com/jp/products/aircon/2026/lineup/nocria-x/index.html","2026-07-21","R1/R2昇格"
"8bd95539d1c7","エアコン・空調","富士通ゼネラル エアコン 14畳用 4.0kW 最上位 空気清浄フィルター付き","台","catalog-2026-07","https://www.generalww.com/jp/products/aircon/2026/lineup/nocria-x/index.html","2026-07-21","R1/R2昇格"
"d41750ff17c1","エアコン・空調","富士通ゼネラル エアコン 14畳用 4.0kW 最上位 自動掃除機能付き","台","catalog-2026-07","https://www.generalww.com/jp/products/aircon/2026/lineup/nocria-x/index.html","2026-07-21","R1/R2昇格"
"9db093384ef3","エアコン・空調","富士通ゼネラル エアコン 14畳用 スタンダード","台","catalog-2026-07","https://www.generalww.com/jp/products/aircon/2026/lineup/nocria-x/index.html","2026-07-21","R1/R2昇格"
"79d9b6bc8389","エアコン・空調","富士通ゼネラル エアコン 14畳用 ハイスペック","台","catalog-2026-07","https://www.generalww.com/jp/products/aircon/2026/lineup/nocria-x/index.html","2026-07-21","R1/R2昇格"
"7586a7ee3a7b","エアコン・空調","富士通ゼネラル エアコン 14畳用 プレミアム","台","catalog-2026-07","https://www.generalww.com/jp/products/aircon/2026/lineup/nocria-x/index.html","2026-07-21","R1/R2昇格"
"2fc18c27335d","エアコン・空調","富士通ゼネラル エアコン 14畳用 ミドル","台","catalog-2026-07","https://www.generalww.com/jp/products/aircon/2026/lineup/nocria-x/index.html","2026-07-21","R1/R2昇格"
"931aec48aedd","エアコン・空調","富士通ゼネラル エアコン 14畳用 最上位モデル","台","catalog-2026-07","https://www.generalww.com/jp/products/aircon/2026/lineup/nocria-x/index.html","2026-07-21","R1/R2昇格"
"0508ccd7db95","エアコン・空調","富士通ゼネラル エアコン 18畳用 5.6kW エントリー 暖房メイン（寒冷地仕様）","台","catalog-2026-07","https://www.generalww.com/jp/products/aircon/2026/lineup/nocria-x/index.html","2026-07-21","R1/R2昇格"
"b114fc7c794f","エアコン・空調","富士通ゼネラル エアコン 18畳用 5.6kW エントリー 標準仕様","台","catalog-2026-07","https://www.generalww.com/jp/products/aircon/2026/lineup/nocria-x/index.html","2026-07-21","R1/R2昇格"
"cc607a5c0643","エアコン・空調","富士通ゼネラル エアコン 18畳用 5.6kW エントリー 空気清浄フィルター付き","台","catalog-2026-07","https://www.generalww.com/jp/products/aircon/2026/lineup/nocria-x/index.html","2026-07-21","R1/R2昇格"
"4acf0dae3e61","エアコン・空調","富士通ゼネラル エアコン 18畳用 5.6kW エントリー 自動掃除機能付き","台","catalog-2026-07","https://www.generalww.com/jp/products/aircon/2026/lineup/nocria-x/index.html","2026-07-21","R1/R2昇格"
"6250bbc2d5bc","エアコン・空調","富士通ゼネラル エアコン 18畳用 5.6kW スタンダード AI自動運転","台","catalog-2026-07","https://www.generalww.com/jp/products/aircon/2026/lineup/nocria-x/index.html","2026-07-21","R1/R2昇格"
"0e43f9f8015a","エアコン・空調","富士通ゼネラル エアコン 18畳用 5.6kW スタンダード 暖房メイン（寒冷地仕様）","台","catalog-2026-07","https://www.generalww.com/jp/products/aircon/2026/lineup/nocria-x/index.html","2026-07-21","R1/R2昇格"
"339812c5a95d","エアコン・空調","富士通ゼネラル エアコン 18畳用 5.6kW スタンダード 標準仕様","台","catalog-2026-07","https://www.generalww.com/jp/products/aircon/2026/lineup/nocria-x/index.html","2026-07-21","R1/R2昇格"
"0795cfe57401","エアコン・空調","富士通ゼネラル エアコン 18畳用 5.6kW スタンダード 空気清浄フィルター付き","台","catalog-2026-07","https://www.generalww.com/jp/products/aircon/2026/lineup/nocria-x/index.html","2026-07-21","R1/R2昇格"
"15176abf3831","エアコン・空調","富士通ゼネラル エアコン 18畳用 5.6kW スタンダード 自動掃除機能付き","台","catalog-2026-07","https://www.generalww.com/jp/products/aircon/2026/lineup/nocria-x/index.html","2026-07-21","R1/R2昇格"
"96ee1ac1089a","エアコン・空調","富士通ゼネラル エアコン 18畳用 5.6kW 上位 AI自動運転","台","catalog-2026-07","https://www.generalww.com/jp/products/aircon/2026/lineup/nocria-x/index.html","2026-07-21","R1/R2昇格"
"123a2c15ded0","エアコン・空調","富士通ゼネラル エアコン 18畳用 5.6kW 上位 暖房メイン（寒冷地仕様）","台","catalog-2026-07","https://www.generalww.com/jp/products/aircon/2026/lineup/nocria-x/index.html","2026-07-21","R1/R2昇格"
"383f75407283","エアコン・空調","富士通ゼネラル エアコン 18畳用 5.6kW 上位 標準仕様","台","catalog-2026-07","https://www.generalww.com/jp/products/aircon/2026/lineup/nocria-x/index.html","2026-07-21","R1/R2昇格"
"bc24cf94fe78","エアコン・空調","富士通ゼネラル エアコン 18畳用 5.6kW 上位 空気清浄フィルター付き","台","catalog-2026-07","https://www.generalww.com/jp/products/aircon/2026/lineup/nocria-x/index.html","2026-07-21","R1/R2昇格"
"42b263bac0ff","エアコン・空調","富士通ゼネラル エアコン 18畳用 5.6kW 上位 自動掃除機能付き","台","catalog-2026-07","https://www.generalww.com/jp/products/aircon/2026/lineup/nocria-x/index.html","2026-07-21","R1/R2昇格"
"e2bf9a0cd639","エアコン・空調","富士通ゼネラル エアコン 18畳用 5.6kW 最上位 AI自動運転","台","catalog-2026-07","https://www.generalww.com/jp/products/aircon/2026/lineup/nocria-x/index.html","2026-07-21","R1/R2昇格"
"54fe56300c40","エアコン・空調","富士通ゼネラル エアコン 18畳用 5.6kW 最上位 暖房メイン（寒冷地仕様）","台","catalog-2026-07","https://www.generalww.com/jp/products/aircon/2026/lineup/nocria-x/index.html","2026-07-21","R1/R2昇格"
"b83eec3ab189","エアコン・空調","富士通ゼネラル エアコン 18畳用 5.6kW 最上位 標準仕様","台","catalog-2026-07","https://www.generalww.com/jp/products/aircon/2026/lineup/nocria-x/index.html","2026-07-21","R1/R2昇格"
"c14405278307","エアコン・空調","富士通ゼネラル エアコン 18畳用 5.6kW 最上位 空気清浄フィルター付き","台","catalog-2026-07","https://www.generalww.com/jp/products/aircon/2026/lineup/nocria-x/index.html","2026-07-21","R1/R2昇格"
"06774eab3c2b","エアコン・空調","富士通ゼネラル エアコン 18畳用 5.6kW 最上位 自動掃除機能付き","台","catalog-2026-07","https://www.generalww.com/jp/products/aircon/2026/lineup/nocria-x/index.html","2026-07-21","R1/R2昇格"
"4f9b6124fba5","エアコン・空調","富士通ゼネラル エアコン 18畳用 スタンダード","台","catalog-2026-07","https://www.generalww.com/jp/products/aircon/2026/lineup/nocria-x/index.html","2026-07-21","R1/R2昇格"
"b0742e38f65e","エアコン・空調","富士通ゼネラル エアコン 18畳用 ハイスペック","台","catalog-2026-07","https://www.generalww.com/jp/products/aircon/2026/lineup/nocria-x/index.html","2026-07-21","R1/R2昇格"
"47f4d5f1ffe6","エアコン・空調","富士通ゼネラル エアコン 18畳用 プレミアム","台","catalog-2026-07","https://www.generalww.com/jp/products/aircon/2026/lineup/nocria-x/index.html","2026-07-21","R1/R2昇格"
"f9081945c2a1","エアコン・空調","富士通ゼネラル エアコン 18畳用 ミドル","台","catalog-2026-07","https://www.generalww.com/jp/products/aircon/2026/lineup/nocria-x/index.html","2026-07-21","R1/R2昇格"
"06265aa57be3","エアコン・空調","富士通ゼネラル エアコン 18畳用 最上位モデル","台","catalog-2026-07","https://www.generalww.com/jp/products/aircon/2026/lineup/nocria-x/index.html","2026-07-21","R1/R2昇格"
"1b82f3fb81db","エアコン・空調","富士通ゼネラル エアコン 20畳用 6.3kW エントリー 暖房メイン（寒冷地仕様）","台","catalog-2026-07","https://www.generalww.com/jp/products/aircon/2026/lineup/nocria-x/index.html","2026-07-21","R1/R2昇格"
"fe42099ba708","エアコン・空調","富士通ゼネラル エアコン 20畳用 6.3kW エントリー 標準仕様","台","catalog-2026-07","https://www.generalww.com/jp/products/aircon/2026/lineup/nocria-x/index.html","2026-07-21","R1/R2昇格"
"d30889f4468e","エアコン・空調","富士通ゼネラル エアコン 20畳用 6.3kW エントリー 空気清浄フィルター付き","台","catalog-2026-07","https://www.generalww.com/jp/products/aircon/2026/lineup/nocria-x/index.html","2026-07-21","R1/R2昇格"
"99a9f0bfb856","エアコン・空調","富士通ゼネラル エアコン 20畳用 6.3kW エントリー 自動掃除機能付き","台","catalog-2026-07","https://www.generalww.com/jp/products/aircon/2026/lineup/nocria-x/index.html","2026-07-21","R1/R2昇格"
"d797acfaeea5","エアコン・空調","富士通ゼネラル エアコン 20畳用 6.3kW スタンダード AI自動運転","台","catalog-2026-07","https://www.generalww.com/jp/products/aircon/2026/lineup/nocria-x/index.html","2026-07-21","R1/R2昇格"
"472980a32278","エアコン・空調","富士通ゼネラル エアコン 20畳用 6.3kW スタンダード 暖房メイン（寒冷地仕様）","台","catalog-2026-07","https://www.generalww.com/jp/products/aircon/2026/lineup/nocria-x/index.html","2026-07-21","R1/R2昇格"
"1e84001e213f","エアコン・空調","富士通ゼネラル エアコン 20畳用 6.3kW スタンダード 標準仕様","台","catalog-2026-07","https://www.generalww.com/jp/products/aircon/2026/lineup/nocria-x/index.html","2026-07-21","R1/R2昇格"
"dcd4e7f278ee","エアコン・空調","富士通ゼネラル エアコン 20畳用 6.3kW スタンダード 空気清浄フィルター付き","台","catalog-2026-07","https://www.generalww.com/jp/products/aircon/2026/lineup/nocria-x/index.html","2026-07-21","R1/R2昇格"
"1729979668e9","エアコン・空調","富士通ゼネラル エアコン 20畳用 6.3kW スタンダード 自動掃除機能付き","台","catalog-2026-07","https://www.generalww.com/jp/products/aircon/2026/lineup/nocria-x/index.html","2026-07-21","R1/R2昇格"
"7a0fcf193ede","エアコン・空調","富士通ゼネラル エアコン 20畳用 6.3kW 上位 AI自動運転","台","catalog-2026-07","https://www.generalww.com/jp/products/aircon/2026/lineup/nocria-x/index.html","2026-07-21","R1/R2昇格"
"11452dca8a1f","エアコン・空調","富士通ゼネラル エアコン 20畳用 6.3kW 上位 暖房メイン（寒冷地仕様）","台","catalog-2026-07","https://www.generalww.com/jp/products/aircon/2026/lineup/nocria-x/index.html","2026-07-21","R1/R2昇格"
"db8c49f522cd","エアコン・空調","富士通ゼネラル エアコン 20畳用 6.3kW 上位 標準仕様","台","catalog-2026-07","https://www.generalww.com/jp/products/aircon/2026/lineup/nocria-x/index.html","2026-07-21","R1/R2昇格"
"e216d925f52e","エアコン・空調","富士通ゼネラル エアコン 20畳用 6.3kW 上位 空気清浄フィルター付き","台","catalog-2026-07","https://www.generalww.com/jp/products/aircon/2026/lineup/nocria-x/index.html","2026-07-21","R1/R2昇格"
"3e33b038d3d6","エアコン・空調","富士通ゼネラル エアコン 20畳用 6.3kW 上位 自動掃除機能付き","台","catalog-2026-07","https://www.generalww.com/jp/products/aircon/2026/lineup/nocria-x/index.html","2026-07-21","R1/R2昇格"
"b73c6439a67c","エアコン・空調","富士通ゼネラル エアコン 20畳用 6.3kW 最上位 AI自動運転","台","catalog-2026-07","https://www.generalww.com/jp/products/aircon/2026/lineup/nocria-x/index.html","2026-07-21","R1/R2昇格"
"c63920b09157","エアコン・空調","富士通ゼネラル エアコン 20畳用 6.3kW 最上位 暖房メイン（寒冷地仕様）","台","catalog-2026-07","https://www.generalww.com/jp/products/aircon/2026/lineup/nocria-x/index.html","2026-07-21","R1/R2昇格"
"620a6e0ab7be","エアコン・空調","富士通ゼネラル エアコン 20畳用 6.3kW 最上位 標準仕様","台","catalog-2026-07","https://www.generalww.com/jp/products/aircon/2026/lineup/nocria-x/index.html","2026-07-21","R1/R2昇格"
"804f21b0a7ab","エアコン・空調","富士通ゼネラル エアコン 20畳用 6.3kW 最上位 空気清浄フィルター付き","台","catalog-2026-07","https://www.generalww.com/jp/products/aircon/2026/lineup/nocria-x/index.html","2026-07-21","R1/R2昇格"
"537d8da68972","エアコン・空調","富士通ゼネラル エアコン 20畳用 6.3kW 最上位 自動掃除機能付き","台","catalog-2026-07","https://www.generalww.com/jp/products/aircon/2026/lineup/nocria-x/index.html","2026-07-21","R1/R2昇格"
"e16a4c4bf8ee","エアコン・空調","富士通ゼネラル エアコン 20畳用 スタンダード","台","catalog-2026-07","https://www.generalww.com/jp/products/aircon/2026/lineup/nocria-x/index.html","2026-07-21","R1/R2昇格"
"287185c2f194","エアコン・空調","富士通ゼネラル エアコン 20畳用 ハイスペック","台","catalog-2026-07","https://www.generalww.com/jp/products/aircon/2026/lineup/nocria-x/index.html","2026-07-21","R1/R2昇格"
"995c42daeb79","エアコン・空調","富士通ゼネラル エアコン 20畳用 プレミアム","台","catalog-2026-07","https://www.generalww.com/jp/products/aircon/2026/lineup/nocria-x/index.html","2026-07-21","R1/R2昇格"
"e8d0d2e499ed","エアコン・空調","富士通ゼネラル エアコン 20畳用 ミドル","台","catalog-2026-07","https://www.generalww.com/jp/products/aircon/2026/lineup/nocria-x/index.html","2026-07-21","R1/R2昇格"
"b739843b508b","エアコン・空調","富士通ゼネラル エアコン 20畳用 最上位モデル","台","catalog-2026-07","https://www.generalww.com/jp/products/aircon/2026/lineup/nocria-x/index.html","2026-07-21","R1/R2昇格"
"eb6dea9ede67","エアコン・空調","富士通ゼネラル エアコン 23畳用 7.1kW エントリー 暖房メイン（寒冷地仕様）","台","catalog-2026-07","https://www.generalww.com/jp/products/aircon/2026/lineup/nocria-x/index.html","2026-07-21","R1/R2昇格"
"f7f9c5da9a74","エアコン・空調","富士通ゼネラル エアコン 23畳用 7.1kW エントリー 標準仕様","台","catalog-2026-07","https://www.generalww.com/jp/products/aircon/2026/lineup/nocria-x/index.html","2026-07-21","R1/R2昇格"
"b06c3432051e","エアコン・空調","富士通ゼネラル エアコン 23畳用 7.1kW エントリー 空気清浄フィルター付き","台","catalog-2026-07","https://www.generalww.com/jp/products/aircon/2026/lineup/nocria-x/index.html","2026-07-21","R1/R2昇格"
"b9c67e441477","エアコン・空調","富士通ゼネラル エアコン 23畳用 7.1kW エントリー 自動掃除機能付き","台","catalog-2026-07","https://www.generalww.com/jp/products/aircon/2026/lineup/nocria-x/index.html","2026-07-21","R1/R2昇格"
"61ac46cd0d2c","エアコン・空調","富士通ゼネラル エアコン 23畳用 7.1kW スタンダード AI自動運転","台","catalog-2026-07","https://www.generalww.com/jp/products/aircon/2026/lineup/nocria-x/index.html","2026-07-21","R1/R2昇格"
"b103a4e1227e","エアコン・空調","富士通ゼネラル エアコン 23畳用 7.1kW スタンダード 暖房メイン（寒冷地仕様）","台","catalog-2026-07","https://www.generalww.com/jp/products/aircon/2026/lineup/nocria-x/index.html","2026-07-21","R1/R2昇格"
"1cd9cdb14d37","エアコン・空調","富士通ゼネラル エアコン 23畳用 7.1kW スタンダード 標準仕様","台","catalog-2026-07","https://www.generalww.com/jp/products/aircon/2026/lineup/nocria-x/index.html","2026-07-21","R1/R2昇格"
"57651e4dbfcb","エアコン・空調","富士通ゼネラル エアコン 23畳用 7.1kW スタンダード 空気清浄フィルター付き","台","catalog-2026-07","https://www.generalww.com/jp/products/aircon/2026/lineup/nocria-x/index.html","2026-07-21","R1/R2昇格"
"e5eb846783bb","エアコン・空調","富士通ゼネラル エアコン 23畳用 7.1kW スタンダード 自動掃除機能付き","台","catalog-2026-07","https://www.generalww.com/jp/products/aircon/2026/lineup/nocria-x/index.html","2026-07-21","R1/R2昇格"
"b18095a6488f","エアコン・空調","富士通ゼネラル エアコン 23畳用 7.1kW 上位 AI自動運転","台","catalog-2026-07","https://www.generalww.com/jp/products/aircon/2026/lineup/nocria-x/index.html","2026-07-21","R1/R2昇格"
"2ea457361877","エアコン・空調","富士通ゼネラル エアコン 23畳用 7.1kW 上位 暖房メイン（寒冷地仕様）","台","catalog-2026-07","https://www.generalww.com/jp/products/aircon/2026/lineup/nocria-x/index.html","2026-07-21","R1/R2昇格"
"ba06fff5a134","エアコン・空調","富士通ゼネラル エアコン 23畳用 7.1kW 上位 標準仕様","台","catalog-2026-07","https://www.generalww.com/jp/products/aircon/2026/lineup/nocria-x/index.html","2026-07-21","R1/R2昇格"
"01e3068f8562","エアコン・空調","富士通ゼネラル エアコン 23畳用 7.1kW 上位 空気清浄フィルター付き","台","catalog-2026-07","https://www.generalww.com/jp/products/aircon/2026/lineup/nocria-x/index.html","2026-07-21","R1/R2昇格"
"d8bcbb46277a","エアコン・空調","富士通ゼネラル エアコン 23畳用 7.1kW 上位 自動掃除機能付き","台","catalog-2026-07","https://www.generalww.com/jp/products/aircon/2026/lineup/nocria-x/index.html","2026-07-21","R1/R2昇格"
"da5d09c9293d","エアコン・空調","富士通ゼネラル エアコン 23畳用 7.1kW 最上位 AI自動運転","台","catalog-2026-07","https://www.generalww.com/jp/products/aircon/2026/lineup/nocria-x/index.html","2026-07-21","R1/R2昇格"
"07816c35d971","エアコン・空調","富士通ゼネラル エアコン 23畳用 7.1kW 最上位 暖房メイン（寒冷地仕様）","台","catalog-2026-07","https://www.generalww.com/jp/products/aircon/2026/lineup/nocria-x/index.html","2026-07-21","R1/R2昇格"
"bfcb500152b5","エアコン・空調","富士通ゼネラル エアコン 23畳用 7.1kW 最上位 標準仕様","台","catalog-2026-07","https://www.generalww.com/jp/products/aircon/2026/lineup/nocria-x/index.html","2026-07-21","R1/R2昇格"
"47b005f84094","エアコン・空調","富士通ゼネラル エアコン 23畳用 7.1kW 最上位 空気清浄フィルター付き","台","catalog-2026-07","https://www.generalww.com/jp/products/aircon/2026/lineup/nocria-x/index.html","2026-07-21","R1/R2昇格"
"0deff76ccda6","エアコン・空調","富士通ゼネラル エアコン 23畳用 7.1kW 最上位 自動掃除機能付き","台","catalog-2026-07","https://www.generalww.com/jp/products/aircon/2026/lineup/nocria-x/index.html","2026-07-21","R1/R2昇格"
"2976ee4597b5","エアコン・空調","富士通ゼネラル エアコン 6畳用 2.2kW エントリー 暖房メイン（寒冷地仕様）","台","catalog-2026-07","https://www.generalww.com/jp/products/aircon/2026/lineup/nocria-x/index.html","2026-07-21","R1/R2昇格"
"ee5d71e6825d","エアコン・空調","富士通ゼネラル エアコン 6畳用 2.2kW エントリー 標準仕様","台","catalog-2026-07","https://www.generalww.com/jp/products/aircon/2026/lineup/nocria-x/index.html","2026-07-21","R1/R2昇格"
"3ae25aca0d88","エアコン・空調","富士通ゼネラル エアコン 6畳用 2.2kW エントリー 空気清浄フィルター付き","台","catalog-2026-07","https://www.generalww.com/jp/products/aircon/2026/lineup/nocria-x/index.html","2026-07-21","R1/R2昇格"
"9bf1f814a856","エアコン・空調","富士通ゼネラル エアコン 6畳用 2.2kW エントリー 自動掃除機能付き","台","catalog-2026-07","https://www.generalww.com/jp/products/aircon/2026/lineup/nocria-x/index.html","2026-07-21","R1/R2昇格"
"46917547b81b","エアコン・空調","富士通ゼネラル エアコン 6畳用 2.2kW スタンダード AI自動運転","台","catalog-2026-07","https://www.generalww.com/jp/products/aircon/2026/lineup/nocria-x/index.html","2026-07-21","R1/R2昇格"
"19ed90369f96","エアコン・空調","富士通ゼネラル エアコン 6畳用 2.2kW スタンダード 暖房メイン（寒冷地仕様）","台","catalog-2026-07","https://www.generalww.com/jp/products/aircon/2026/lineup/nocria-x/index.html","2026-07-21","R1/R2昇格"
"fd62323a4621","エアコン・空調","富士通ゼネラル エアコン 6畳用 2.2kW スタンダード 標準仕様","台","catalog-2026-07","https://www.generalww.com/jp/products/aircon/2026/lineup/nocria-x/index.html","2026-07-21","R1/R2昇格"
"f02001efe8c5","エアコン・空調","富士通ゼネラル エアコン 6畳用 2.2kW スタンダード 空気清浄フィルター付き","台","catalog-2026-07","https://www.generalww.com/jp/products/aircon/2026/lineup/nocria-x/index.html","2026-07-21","R1/R2昇格"
"3f35dd3ad3ed","エアコン・空調","富士通ゼネラル エアコン 6畳用 2.2kW スタンダード 自動掃除機能付き","台","catalog-2026-07","https://www.generalww.com/jp/products/aircon/2026/lineup/nocria-x/index.html","2026-07-21","R1/R2昇格"
"098a6756a2f5","エアコン・空調","富士通ゼネラル エアコン 6畳用 2.2kW 上位 AI自動運転","台","catalog-2026-07","https://www.generalww.com/jp/products/aircon/2026/lineup/nocria-x/index.html","2026-07-21","R1/R2昇格"
"ef29542e5aa0","エアコン・空調","富士通ゼネラル エアコン 6畳用 2.2kW 上位 暖房メイン（寒冷地仕様）","台","catalog-2026-07","https://www.generalww.com/jp/products/aircon/2026/lineup/nocria-x/index.html","2026-07-21","R1/R2昇格"
"d1333aba1220","エアコン・空調","富士通ゼネラル エアコン 6畳用 2.2kW 上位 標準仕様","台","catalog-2026-07","https://www.generalww.com/jp/products/aircon/2026/lineup/nocria-x/index.html","2026-07-21","R1/R2昇格"
"5275a2e16678","エアコン・空調","富士通ゼネラル エアコン 6畳用 2.2kW 上位 空気清浄フィルター付き","台","catalog-2026-07","https://www.generalww.com/jp/products/aircon/2026/lineup/nocria-x/index.html","2026-07-21","R1/R2昇格"
"1bbe48350b4f","エアコン・空調","富士通ゼネラル エアコン 6畳用 2.2kW 上位 自動掃除機能付き","台","catalog-2026-07","https://www.generalww.com/jp/products/aircon/2026/lineup/nocria-x/index.html","2026-07-21","R1/R2昇格"
"294345db6c2b","エアコン・空調","富士通ゼネラル エアコン 6畳用 スタンダード","台","catalog-2026-07","https://www.generalww.com/jp/products/aircon/2026/lineup/nocria-x/index.html","2026-07-21","R1/R2昇格"
"ebde33eb2064","エアコン・空調","富士通ゼネラル エアコン 6畳用 ハイスペック","台","catalog-2026-07","https://www.generalww.com/jp/products/aircon/2026/lineup/nocria-x/index.html","2026-07-21","R1/R2昇格"
"e0e75cf1f1f7","エアコン・空調","富士通ゼネラル エアコン 6畳用 プレミアム","台","catalog-2026-07","https://www.generalww.com/jp/products/aircon/2026/lineup/nocria-x/index.html","2026-07-21","R1/R2昇格"
"58363476be6a","エアコン・空調","富士通ゼネラル エアコン 6畳用 ミドル","台","catalog-2026-07","https://www.generalww.com/jp/products/aircon/2026/lineup/nocria-x/index.html","2026-07-21","R1/R2昇格"
"81b667ee1c5f","エアコン・空調","富士通ゼネラル エアコン 6畳用 最上位モデル","台","catalog-2026-07","https://www.generalww.com/jp/products/aircon/2026/lineup/nocria-x/index.html","2026-07-21","R1/R2昇格"
"45486052ba11","エアコン・空調","富士通ゼネラル エアコン 8畳用 2.5kW エントリー 暖房メイン（寒冷地仕様）","台","catalog-2026-07","https://www.generalww.com/jp/products/aircon/2026/lineup/nocria-x/index.html","2026-07-21","R1/R2昇格"
"6a6d7b7b863d","エアコン・空調","富士通ゼネラル エアコン 8畳用 2.5kW エントリー 標準仕様","台","catalog-2026-07","https://www.generalww.com/jp/products/aircon/2026/lineup/nocria-x/index.html","2026-07-21","R1/R2昇格"
"128b2a1d839e","エアコン・空調","富士通ゼネラル エアコン 8畳用 2.5kW エントリー 空気清浄フィルター付き","台","catalog-2026-07","https://www.generalww.com/jp/products/aircon/2026/lineup/nocria-x/index.html","2026-07-21","R1/R2昇格"
"38bbec85ae60","エアコン・空調","富士通ゼネラル エアコン 8畳用 2.5kW エントリー 自動掃除機能付き","台","catalog-2026-07","https://www.generalww.com/jp/products/aircon/2026/lineup/nocria-x/index.html","2026-07-21","R1/R2昇格"
"271823fc7b82","エアコン・空調","富士通ゼネラル エアコン 8畳用 2.5kW スタンダード AI自動運転","台","catalog-2026-07","https://www.generalww.com/jp/products/aircon/2026/lineup/nocria-x/index.html","2026-07-21","R1/R2昇格"
"0e2dfc83c583","エアコン・空調","富士通ゼネラル エアコン 8畳用 2.5kW スタンダード 暖房メイン（寒冷地仕様）","台","catalog-2026-07","https://www.generalww.com/jp/products/aircon/2026/lineup/nocria-x/index.html","2026-07-21","R1/R2昇格"
"c5364772a996","エアコン・空調","富士通ゼネラル エアコン 8畳用 2.5kW スタンダード 標準仕様","台","catalog-2026-07","https://www.generalww.com/jp/products/aircon/2026/lineup/nocria-x/index.html","2026-07-21","R1/R2昇格"
"65dc6d5b32ec","エアコン・空調","富士通ゼネラル エアコン 8畳用 2.5kW スタンダード 空気清浄フィルター付き","台","catalog-2026-07","https://www.generalww.com/jp/products/aircon/2026/lineup/nocria-x/index.html","2026-07-21","R1/R2昇格"
"f1c3c2080362","エアコン・空調","富士通ゼネラル エアコン 8畳用 2.5kW スタンダード 自動掃除機能付き","台","catalog-2026-07","https://www.generalww.com/jp/products/aircon/2026/lineup/nocria-x/index.html","2026-07-21","R1/R2昇格"
"e04a7329a20b","エアコン・空調","富士通ゼネラル エアコン 8畳用 2.5kW 上位 AI自動運転","台","catalog-2026-07","https://www.generalww.com/jp/products/aircon/2026/lineup/nocria-x/index.html","2026-07-21","R1/R2昇格"
"398a6fe1283e","エアコン・空調","富士通ゼネラル エアコン 8畳用 2.5kW 上位 暖房メイン（寒冷地仕様）","台","catalog-2026-07","https://www.generalww.com/jp/products/aircon/2026/lineup/nocria-x/index.html","2026-07-21","R1/R2昇格"
"fb135f600fa0","エアコン・空調","富士通ゼネラル エアコン 8畳用 2.5kW 上位 標準仕様","台","catalog-2026-07","https://www.generalww.com/jp/products/aircon/2026/lineup/nocria-x/index.html","2026-07-21","R1/R2昇格"
"15f7ab6965c7","エアコン・空調","富士通ゼネラル エアコン 8畳用 2.5kW 上位 空気清浄フィルター付き","台","catalog-2026-07","https://www.generalww.com/jp/products/aircon/2026/lineup/nocria-x/index.html","2026-07-21","R1/R2昇格"
"b1e8d20a5971","エアコン・空調","富士通ゼネラル エアコン 8畳用 2.5kW 上位 自動掃除機能付き","台","catalog-2026-07","https://www.generalww.com/jp/products/aircon/2026/lineup/nocria-x/index.html","2026-07-21","R1/R2昇格"
"89eac1efd02b","エアコン・空調","富士通ゼネラル エアコン 8畳用 2.5kW 最上位 AI自動運転","台","catalog-2026-07","https://www.generalww.com/jp/products/aircon/2026/lineup/nocria-x/index.html","2026-07-21","R1/R2昇格"
"1d0813773f13","エアコン・空調","富士通ゼネラル エアコン 8畳用 2.5kW 最上位 暖房メイン（寒冷地仕様）","台","catalog-2026-07","https://www.generalww.com/jp/products/aircon/2026/lineup/nocria-x/index.html","2026-07-21","R1/R2昇格"
"18a09a3999bf","エアコン・空調","富士通ゼネラル エアコン 8畳用 2.5kW 最上位 標準仕様","台","catalog-2026-07","https://www.generalww.com/jp/products/aircon/2026/lineup/nocria-x/index.html","2026-07-21","R1/R2昇格"
"8d59ce71e7fa","エアコン・空調","富士通ゼネラル エアコン 8畳用 2.5kW 最上位 空気清浄フィルター付き","台","catalog-2026-07","https://www.generalww.com/jp/products/aircon/2026/lineup/nocria-x/index.html","2026-07-21","R1/R2昇格"
"9dbad8f6c612","エアコン・空調","富士通ゼネラル エアコン 8畳用 2.5kW 最上位 自動掃除機能付き","台","catalog-2026-07","https://www.generalww.com/jp/products/aircon/2026/lineup/nocria-x/index.html","2026-07-21","R1/R2昇格"
"81e9ab159820","エアコン・空調","富士通ゼネラル エアコン 8畳用 スタンダード","台","catalog-2026-07","https://www.generalww.com/jp/products/aircon/2026/lineup/nocria-x/index.html","2026-07-21","R1/R2昇格"
"bd1a16393f12","エアコン・空調","富士通ゼネラル エアコン 8畳用 ハイスペック","台","catalog-2026-07","https://www.generalww.com/jp/products/aircon/2026/lineup/nocria-x/index.html","2026-07-21","R1/R2昇格"
"04428f4344f6","エアコン・空調","富士通ゼネラル エアコン 8畳用 プレミアム","台","catalog-2026-07","https://www.generalww.com/jp/products/aircon/2026/lineup/nocria-x/index.html","2026-07-21","R1/R2昇格"
"63d15e6d6ece","エアコン・空調","富士通ゼネラル エアコン 8畳用 ミドル","台","catalog-2026-07","https://www.generalww.com/jp/products/aircon/2026/lineup/nocria-x/index.html","2026-07-21","R1/R2昇格"
"cdcb9f026ca4","エアコン・空調","富士通ゼネラル エアコン 8畳用 最上位モデル","台","catalog-2026-07","https://www.generalww.com/jp/products/aircon/2026/lineup/nocria-x/index.html","2026-07-21","R1/R2昇格"
"4bb51a0fdfce","エアコン・空調","富士通ゼネラル（業務用） 全熱交換機 業務用 800m³/h","台","catalog-2026-07","https://proshop.ac.daikin.co.jp/business/useful/select/1101_4.html","2026-07-21","R1/R2昇格"
"465aa292cb5c","エアコン・空調","富士通ゼネラル（業務用） 壁掛形 業務用 2.2kW（小型店舗）","台","catalog-2026-07","https://proshop.ac.daikin.co.jp/business/useful/select/1101_4.html","2026-07-21","R1/R2昇格"
"b91551b9e3f9","エアコン・空調","富士通ゼネラル（業務用） 天井カセット形 2方向 2HP（6kW）","台","catalog-2026-07","https://proshop.ac.daikin.co.jp/business/useful/select/1101_4.html","2026-07-21","R1/R2昇格"
"cbc90da10902","エアコン・空調","富士通ゼネラル（業務用） 天井カセット形 2方向 3HP（9kW）","台","catalog-2026-07","https://proshop.ac.daikin.co.jp/business/useful/select/1101_4.html","2026-07-21","R1/R2昇格"
"4d133a463b7c","エアコン・空調","富士通ゼネラル（業務用） 天井カセット形 4方向 10HP（30kW）","台","catalog-2026-07","https://proshop.ac.daikin.co.jp/business/useful/select/1101_4.html","2026-07-21","R1/R2昇格"
"50985c90ba07","エアコン・空調","富士通ゼネラル（業務用） 天井カセット形 4方向 3HP（9kW）","台","catalog-2026-07","https://proshop.ac.daikin.co.jp/business/useful/select/1101_4.html","2026-07-21","R1/R2昇格"
"5a7a0f7644fb","エアコン・空調","富士通ゼネラル（業務用） 天井カセット形 4方向 5HP（15kW）","台","catalog-2026-07","https://proshop.ac.daikin.co.jp/business/useful/select/1101_4.html","2026-07-21","R1/R2昇格"
"a3ecc03f9e70","エアコン・空調","富士通ゼネラル（業務用） 天井カセット形 4方向 8HP（24kW）","台","catalog-2026-07","https://proshop.ac.daikin.co.jp/business/useful/select/1101_4.html","2026-07-21","R1/R2昇格"
"1c0ffb6aa314","エアコン・空調","富士通ゼネラル（業務用） 天井埋込ダクト形 3HP","台","catalog-2026-07","https://proshop.ac.daikin.co.jp/business/useful/select/1101_4.html","2026-07-21","R1/R2昇格"
"bffd9dd0285c","エアコン・空調","富士通ゼネラル（業務用） 天井埋込ダクト形 8HP","台","catalog-2026-07","https://proshop.ac.daikin.co.jp/business/useful/select/1101_4.html","2026-07-21","R1/R2昇格"
"9539aadd64cc","エアコン・空調","富士通ゼネラル（業務用） 天吊形 3HP（倉庫・バックヤード）","台","catalog-2026-07","https://proshop.ac.daikin.co.jp/business/useful/select/1101_4.html","2026-07-21","R1/R2昇格"
"50105cdb4dfd","エアコン・空調","富士通ゼネラル（業務用） 床置き形 3HP（ショーケース向き）","台","catalog-2026-07","https://proshop.ac.daikin.co.jp/business/useful/select/1101_4.html","2026-07-21","R1/R2昇格"
"0d474e0df381","エアコン・空調","富士通ゼネラル（業務用） 業務用マルチ 室外機 16HP","台","catalog-2026-07","https://proshop.ac.daikin.co.jp/business/useful/select/1101_4.html","2026-07-21","R1/R2昇格"
"28afe383ba97","エアコン・空調","富士通ゼネラル（業務用） 業務用マルチエアコン 室外機 8HP","台","catalog-2026-07","https://proshop.ac.daikin.co.jp/business/useful/select/1101_4.html","2026-07-21","R1/R2昇格"
"0a0545af9be2","エアコン・空調","換気フィルター交換（1台）","台","catalog-2026-07","https://sumai.panasonic.jp/air/kanki/bathkan/","2026-07-21","R1/R2昇格"
"88bb8d3ded4b","エアコン・空調","日立 エアコン 10畳用 2.8kW エントリー 暖房メイン（寒冷地仕様）","台","catalog-2026-07","https://kadenfan.hitachi.co.jp/ra/lineup/xseries_26/","2026-07-21","R1/R2昇格"
"d96b61ec0a48","エアコン・空調","日立 エアコン 10畳用 2.8kW エントリー 標準仕様","台","catalog-2026-07","https://kadenfan.hitachi.co.jp/ra/lineup/xseries_26/","2026-07-21","R1/R2昇格"
"8c6dd5f203d7","エアコン・空調","日立 エアコン 10畳用 2.8kW エントリー 空気清浄フィルター付き","台","catalog-2026-07","https://kadenfan.hitachi.co.jp/ra/lineup/xseries_26/","2026-07-21","R1/R2昇格"
"6ede0e0527ff","エアコン・空調","日立 エアコン 10畳用 2.8kW エントリー 自動掃除機能付き","台","catalog-2026-07","https://kadenfan.hitachi.co.jp/ra/lineup/xseries_26/","2026-07-21","R1/R2昇格"
"9af121e8594d","エアコン・空調","日立 エアコン 10畳用 2.8kW スタンダード AI自動運転","台","catalog-2026-07","https://kadenfan.hitachi.co.jp/ra/lineup/xseries_26/","2026-07-21","R1/R2昇格"
"89e44bbadf5e","エアコン・空調","日立 エアコン 10畳用 2.8kW スタンダード 暖房メイン（寒冷地仕様）","台","catalog-2026-07","https://kadenfan.hitachi.co.jp/ra/lineup/xseries_26/","2026-07-21","R1/R2昇格"
"3cc12e5bece2","エアコン・空調","日立 エアコン 10畳用 2.8kW スタンダード 標準仕様","台","catalog-2026-07","https://kadenfan.hitachi.co.jp/ra/lineup/xseries_26/","2026-07-21","R1/R2昇格"
"df0b68982d9c","エアコン・空調","日立 エアコン 10畳用 2.8kW スタンダード 空気清浄フィルター付き","台","catalog-2026-07","https://kadenfan.hitachi.co.jp/ra/lineup/xseries_26/","2026-07-21","R1/R2昇格"
"733fcdee6798","エアコン・空調","日立 エアコン 10畳用 2.8kW スタンダード 自動掃除機能付き","台","catalog-2026-07","https://kadenfan.hitachi.co.jp/ra/lineup/xseries_26/","2026-07-21","R1/R2昇格"
"d8fedef93a26","エアコン・空調","日立 エアコン 10畳用 2.8kW 上位 AI自動運転","台","catalog-2026-07","https://kadenfan.hitachi.co.jp/ra/lineup/xseries_26/","2026-07-21","R1/R2昇格"
"f779632d1ae0","エアコン・空調","日立 エアコン 10畳用 2.8kW 上位 暖房メイン（寒冷地仕様）","台","catalog-2026-07","https://kadenfan.hitachi.co.jp/ra/lineup/xseries_26/","2026-07-21","R1/R2昇格"
"f681d1280fd3","エアコン・空調","日立 エアコン 10畳用 2.8kW 上位 標準仕様","台","catalog-2026-07","https://kadenfan.hitachi.co.jp/ra/lineup/xseries_26/","2026-07-21","R1/R2昇格"
"eb9e689346f4","エアコン・空調","日立 エアコン 10畳用 2.8kW 上位 空気清浄フィルター付き","台","catalog-2026-07","https://kadenfan.hitachi.co.jp/ra/lineup/xseries_26/","2026-07-21","R1/R2昇格"
"ad0142749ec4","エアコン・空調","日立 エアコン 10畳用 2.8kW 上位 自動掃除機能付き","台","catalog-2026-07","https://kadenfan.hitachi.co.jp/ra/lineup/xseries_26/","2026-07-21","R1/R2昇格"
"8d14d52f249b","エアコン・空調","日立 エアコン 10畳用 2.8kW 最上位 AI自動運転","台","catalog-2026-07","https://kadenfan.hitachi.co.jp/ra/lineup/xseries_26/","2026-07-21","R1/R2昇格"
"d877d4f11897","エアコン・空調","日立 エアコン 10畳用 2.8kW 最上位 暖房メイン（寒冷地仕様）","台","catalog-2026-07","https://kadenfan.hitachi.co.jp/ra/lineup/xseries_26/","2026-07-21","R1/R2昇格"
"7e41138326da","エアコン・空調","日立 エアコン 10畳用 2.8kW 最上位 標準仕様","台","catalog-2026-07","https://kadenfan.hitachi.co.jp/ra/lineup/xseries_26/","2026-07-21","R1/R2昇格"
"ef10aef7f38c","エアコン・空調","日立 エアコン 10畳用 2.8kW 最上位 空気清浄フィルター付き","台","catalog-2026-07","https://kadenfan.hitachi.co.jp/ra/lineup/xseries_26/","2026-07-21","R1/R2昇格"
"b2036f6c8ba3","エアコン・空調","日立 エアコン 10畳用 2.8kW 最上位 自動掃除機能付き","台","catalog-2026-07","https://kadenfan.hitachi.co.jp/ra/lineup/xseries_26/","2026-07-21","R1/R2昇格"
"f85f491964b5","エアコン・空調","日立 エアコン 10畳用 スタンダード","台","catalog-2026-07","https://kadenfan.hitachi.co.jp/ra/lineup/xseries_26/","2026-07-21","R1/R2昇格"
"2d1c50f38335","エアコン・空調","日立 エアコン 10畳用 ハイスペック","台","catalog-2026-07","https://kadenfan.hitachi.co.jp/ra/lineup/xseries_26/","2026-07-21","R1/R2昇格"
"c66ca4ece78a","エアコン・空調","日立 エアコン 10畳用 プレミアム","台","catalog-2026-07","https://kadenfan.hitachi.co.jp/ra/lineup/xseries_26/","2026-07-21","R1/R2昇格"
"d061d7e2e8cd","エアコン・空調","日立 エアコン 10畳用 ミドル","台","catalog-2026-07","https://kadenfan.hitachi.co.jp/ra/lineup/xseries_26/","2026-07-21","R1/R2昇格"
"8ac99102c687","エアコン・空調","日立 エアコン 10畳用 最上位モデル","台","catalog-2026-07","https://kadenfan.hitachi.co.jp/ra/lineup/xseries_26/","2026-07-21","R1/R2昇格"
"3c7903a955ec","エアコン・空調","日立 エアコン 12畳用 3.6kW エントリー 暖房メイン（寒冷地仕様）","台","catalog-2026-07","https://kadenfan.hitachi.co.jp/ra/lineup/xseries_26/","2026-07-21","R1/R2昇格"
"94806f746c8b","エアコン・空調","日立 エアコン 12畳用 3.6kW エントリー 標準仕様","台","catalog-2026-07","https://kadenfan.hitachi.co.jp/ra/lineup/xseries_26/","2026-07-21","R1/R2昇格"
"f8ecfeb5838d","エアコン・空調","日立 エアコン 12畳用 3.6kW エントリー 空気清浄フィルター付き","台","catalog-2026-07","https://kadenfan.hitachi.co.jp/ra/lineup/xseries_26/","2026-07-21","R1/R2昇格"
"688915f293ca","エアコン・空調","日立 エアコン 12畳用 3.6kW エントリー 自動掃除機能付き","台","catalog-2026-07","https://kadenfan.hitachi.co.jp/ra/lineup/xseries_26/","2026-07-21","R1/R2昇格"
"6b9ba8b50ed7","エアコン・空調","日立 エアコン 12畳用 3.6kW スタンダード AI自動運転","台","catalog-2026-07","https://kadenfan.hitachi.co.jp/ra/lineup/xseries_26/","2026-07-21","R1/R2昇格"
"954d9346e529","エアコン・空調","日立 エアコン 12畳用 3.6kW スタンダード 暖房メイン（寒冷地仕様）","台","catalog-2026-07","https://kadenfan.hitachi.co.jp/ra/lineup/xseries_26/","2026-07-21","R1/R2昇格"
"8404d83175a4","エアコン・空調","日立 エアコン 12畳用 3.6kW スタンダード 標準仕様","台","catalog-2026-07","https://kadenfan.hitachi.co.jp/ra/lineup/xseries_26/","2026-07-21","R1/R2昇格"
"4d3c06f6ccb4","エアコン・空調","日立 エアコン 12畳用 3.6kW スタンダード 空気清浄フィルター付き","台","catalog-2026-07","https://kadenfan.hitachi.co.jp/ra/lineup/xseries_26/","2026-07-21","R1/R2昇格"
"c5042df2f4c2","エアコン・空調","日立 エアコン 12畳用 3.6kW スタンダード 自動掃除機能付き","台","catalog-2026-07","https://kadenfan.hitachi.co.jp/ra/lineup/xseries_26/","2026-07-21","R1/R2昇格"
"2716e33bea09","エアコン・空調","日立 エアコン 12畳用 3.6kW 上位 AI自動運転","台","catalog-2026-07","https://kadenfan.hitachi.co.jp/ra/lineup/xseries_26/","2026-07-21","R1/R2昇格"
"7583b8948cf0","エアコン・空調","日立 エアコン 12畳用 3.6kW 上位 暖房メイン（寒冷地仕様）","台","catalog-2026-07","https://kadenfan.hitachi.co.jp/ra/lineup/xseries_26/","2026-07-21","R1/R2昇格"
"43e44801dbe3","エアコン・空調","日立 エアコン 12畳用 3.6kW 上位 標準仕様","台","catalog-2026-07","https://kadenfan.hitachi.co.jp/ra/lineup/xseries_26/","2026-07-21","R1/R2昇格"
"66a4d06c98b5","エアコン・空調","日立 エアコン 12畳用 3.6kW 上位 空気清浄フィルター付き","台","catalog-2026-07","https://kadenfan.hitachi.co.jp/ra/lineup/xseries_26/","2026-07-21","R1/R2昇格"
"57c5c98f289d","エアコン・空調","日立 エアコン 12畳用 3.6kW 上位 自動掃除機能付き","台","catalog-2026-07","https://kadenfan.hitachi.co.jp/ra/lineup/xseries_26/","2026-07-21","R1/R2昇格"
"2974ec46875b","エアコン・空調","日立 エアコン 12畳用 3.6kW 最上位 AI自動運転","台","catalog-2026-07","https://kadenfan.hitachi.co.jp/ra/lineup/xseries_26/","2026-07-21","R1/R2昇格"
"11a8fc498daa","エアコン・空調","日立 エアコン 12畳用 3.6kW 最上位 暖房メイン（寒冷地仕様）","台","catalog-2026-07","https://kadenfan.hitachi.co.jp/ra/lineup/xseries_26/","2026-07-21","R1/R2昇格"
"70e8b48ebd28","エアコン・空調","日立 エアコン 12畳用 3.6kW 最上位 標準仕様","台","catalog-2026-07","https://kadenfan.hitachi.co.jp/ra/lineup/xseries_26/","2026-07-21","R1/R2昇格"
"ff911e8cd4aa","エアコン・空調","日立 エアコン 12畳用 3.6kW 最上位 空気清浄フィルター付き","台","catalog-2026-07","https://kadenfan.hitachi.co.jp/ra/lineup/xseries_26/","2026-07-21","R1/R2昇格"
"c97479c08e50","エアコン・空調","日立 エアコン 12畳用 3.6kW 最上位 自動掃除機能付き","台","catalog-2026-07","https://kadenfan.hitachi.co.jp/ra/lineup/xseries_26/","2026-07-21","R1/R2昇格"
"77d3bcd3fb7a","エアコン・空調","日立 エアコン 14畳用 4.0kW エントリー 暖房メイン（寒冷地仕様）","台","catalog-2026-07","https://kadenfan.hitachi.co.jp/ra/lineup/xseries_26/","2026-07-21","R1/R2昇格"
"7ddd7237f0f4","エアコン・空調","日立 エアコン 14畳用 4.0kW エントリー 標準仕様","台","catalog-2026-07","https://kadenfan.hitachi.co.jp/ra/lineup/xseries_26/","2026-07-21","R1/R2昇格"
"ca3b57b6c1dd","エアコン・空調","日立 エアコン 14畳用 4.0kW エントリー 空気清浄フィルター付き","台","catalog-2026-07","https://kadenfan.hitachi.co.jp/ra/lineup/xseries_26/","2026-07-21","R1/R2昇格"
"cab6ff1c3a9f","エアコン・空調","日立 エアコン 14畳用 4.0kW エントリー 自動掃除機能付き","台","catalog-2026-07","https://kadenfan.hitachi.co.jp/ra/lineup/xseries_26/","2026-07-21","R1/R2昇格"
"998652c0729d","エアコン・空調","日立 エアコン 14畳用 4.0kW スタンダード AI自動運転","台","catalog-2026-07","https://kadenfan.hitachi.co.jp/ra/lineup/xseries_26/","2026-07-21","R1/R2昇格"
"a9883886ffa4","エアコン・空調","日立 エアコン 14畳用 4.0kW スタンダード 暖房メイン（寒冷地仕様）","台","catalog-2026-07","https://kadenfan.hitachi.co.jp/ra/lineup/xseries_26/","2026-07-21","R1/R2昇格"
"e49c46126d7f","エアコン・空調","日立 エアコン 14畳用 4.0kW スタンダード 標準仕様","台","catalog-2026-07","https://kadenfan.hitachi.co.jp/ra/lineup/xseries_26/","2026-07-21","R1/R2昇格"
"f01545648efd","エアコン・空調","日立 エアコン 14畳用 4.0kW スタンダード 空気清浄フィルター付き","台","catalog-2026-07","https://kadenfan.hitachi.co.jp/ra/lineup/xseries_26/","2026-07-21","R1/R2昇格"
"6db60661cb06","エアコン・空調","日立 エアコン 14畳用 4.0kW スタンダード 自動掃除機能付き","台","catalog-2026-07","https://kadenfan.hitachi.co.jp/ra/lineup/xseries_26/","2026-07-21","R1/R2昇格"
"0f58a735a64f","エアコン・空調","日立 エアコン 14畳用 4.0kW 上位 AI自動運転","台","catalog-2026-07","https://kadenfan.hitachi.co.jp/ra/lineup/xseries_26/","2026-07-21","R1/R2昇格"
"efd872f15bc3","エアコン・空調","日立 エアコン 14畳用 4.0kW 上位 暖房メイン（寒冷地仕様）","台","catalog-2026-07","https://kadenfan.hitachi.co.jp/ra/lineup/xseries_26/","2026-07-21","R1/R2昇格"
"8cffa358b461","エアコン・空調","日立 エアコン 14畳用 4.0kW 上位 標準仕様","台","catalog-2026-07","https://kadenfan.hitachi.co.jp/ra/lineup/xseries_26/","2026-07-21","R1/R2昇格"
"247ede0951de","エアコン・空調","日立 エアコン 14畳用 4.0kW 上位 空気清浄フィルター付き","台","catalog-2026-07","https://kadenfan.hitachi.co.jp/ra/lineup/xseries_26/","2026-07-21","R1/R2昇格"
"01ff578fda6d","エアコン・空調","日立 エアコン 14畳用 4.0kW 上位 自動掃除機能付き","台","catalog-2026-07","https://kadenfan.hitachi.co.jp/ra/lineup/xseries_26/","2026-07-21","R1/R2昇格"
"65d3e6802b50","エアコン・空調","日立 エアコン 14畳用 4.0kW 最上位 AI自動運転","台","catalog-2026-07","https://kadenfan.hitachi.co.jp/ra/lineup/xseries_26/","2026-07-21","R1/R2昇格"
"54e45b60037e","エアコン・空調","日立 エアコン 14畳用 4.0kW 最上位 暖房メイン（寒冷地仕様）","台","catalog-2026-07","https://kadenfan.hitachi.co.jp/ra/lineup/xseries_26/","2026-07-21","R1/R2昇格"
"894070810cc3","エアコン・空調","日立 エアコン 14畳用 4.0kW 最上位 標準仕様","台","catalog-2026-07","https://kadenfan.hitachi.co.jp/ra/lineup/xseries_26/","2026-07-21","R1/R2昇格"
"ef13ffa29f68","エアコン・空調","日立 エアコン 14畳用 4.0kW 最上位 空気清浄フィルター付き","台","catalog-2026-07","https://kadenfan.hitachi.co.jp/ra/lineup/xseries_26/","2026-07-21","R1/R2昇格"
"53f582290409","エアコン・空調","日立 エアコン 14畳用 4.0kW 最上位 自動掃除機能付き","台","catalog-2026-07","https://kadenfan.hitachi.co.jp/ra/lineup/xseries_26/","2026-07-21","R1/R2昇格"
"09535f367201","エアコン・空調","日立 エアコン 14畳用 スタンダード","台","catalog-2026-07","https://kadenfan.hitachi.co.jp/ra/lineup/xseries_26/","2026-07-21","R1/R2昇格"
"1f3df80c3794","エアコン・空調","日立 エアコン 14畳用 ハイスペック","台","catalog-2026-07","https://kadenfan.hitachi.co.jp/ra/lineup/xseries_26/","2026-07-21","R1/R2昇格"
"e9d08512b63c","エアコン・空調","日立 エアコン 14畳用 プレミアム","台","catalog-2026-07","https://kadenfan.hitachi.co.jp/ra/lineup/xseries_26/","2026-07-21","R1/R2昇格"
"b1c8244aa304","エアコン・空調","日立 エアコン 14畳用 ミドル","台","catalog-2026-07","https://kadenfan.hitachi.co.jp/ra/lineup/xseries_26/","2026-07-21","R1/R2昇格"
"f435f09956a4","エアコン・空調","日立 エアコン 14畳用 最上位モデル","台","catalog-2026-07","https://kadenfan.hitachi.co.jp/ra/lineup/xseries_26/","2026-07-21","R1/R2昇格"
"bb378e104cb0","エアコン・空調","日立 エアコン 18畳用 5.6kW エントリー 暖房メイン（寒冷地仕様）","台","catalog-2026-07","https://kadenfan.hitachi.co.jp/ra/lineup/xseries_26/","2026-07-21","R1/R2昇格"
"e3420d2f3866","エアコン・空調","日立 エアコン 18畳用 5.6kW エントリー 標準仕様","台","catalog-2026-07","https://kadenfan.hitachi.co.jp/ra/lineup/xseries_26/","2026-07-21","R1/R2昇格"
"d287e4ed91de","エアコン・空調","日立 エアコン 18畳用 5.6kW エントリー 空気清浄フィルター付き","台","catalog-2026-07","https://kadenfan.hitachi.co.jp/ra/lineup/xseries_26/","2026-07-21","R1/R2昇格"
"502f45e0b9be","エアコン・空調","日立 エアコン 18畳用 5.6kW エントリー 自動掃除機能付き","台","catalog-2026-07","https://kadenfan.hitachi.co.jp/ra/lineup/xseries_26/","2026-07-21","R1/R2昇格"
"e3171244738c","エアコン・空調","日立 エアコン 18畳用 5.6kW スタンダード AI自動運転","台","catalog-2026-07","https://kadenfan.hitachi.co.jp/ra/lineup/xseries_26/","2026-07-21","R1/R2昇格"
"514bd205b3a1","エアコン・空調","日立 エアコン 18畳用 5.6kW スタンダード 暖房メイン（寒冷地仕様）","台","catalog-2026-07","https://kadenfan.hitachi.co.jp/ra/lineup/xseries_26/","2026-07-21","R1/R2昇格"
"0394f327f84e","エアコン・空調","日立 エアコン 18畳用 5.6kW スタンダード 標準仕様","台","catalog-2026-07","https://kadenfan.hitachi.co.jp/ra/lineup/xseries_26/","2026-07-21","R1/R2昇格"
"dde9a69465b6","エアコン・空調","日立 エアコン 18畳用 5.6kW スタンダード 空気清浄フィルター付き","台","catalog-2026-07","https://kadenfan.hitachi.co.jp/ra/lineup/xseries_26/","2026-07-21","R1/R2昇格"
"8b24d678e84c","エアコン・空調","日立 エアコン 18畳用 5.6kW スタンダード 自動掃除機能付き","台","catalog-2026-07","https://kadenfan.hitachi.co.jp/ra/lineup/xseries_26/","2026-07-21","R1/R2昇格"
"a9a1a426ae0b","エアコン・空調","日立 エアコン 18畳用 5.6kW 上位 AI自動運転","台","catalog-2026-07","https://kadenfan.hitachi.co.jp/ra/lineup/xseries_26/","2026-07-21","R1/R2昇格"
"2c2eacc0c03b","エアコン・空調","日立 エアコン 18畳用 5.6kW 上位 暖房メイン（寒冷地仕様）","台","catalog-2026-07","https://kadenfan.hitachi.co.jp/ra/lineup/xseries_26/","2026-07-21","R1/R2昇格"
"81d7148d188f","エアコン・空調","日立 エアコン 18畳用 5.6kW 上位 標準仕様","台","catalog-2026-07","https://kadenfan.hitachi.co.jp/ra/lineup/xseries_26/","2026-07-21","R1/R2昇格"
"de74e5c6fbab","エアコン・空調","日立 エアコン 18畳用 5.6kW 上位 空気清浄フィルター付き","台","catalog-2026-07","https://kadenfan.hitachi.co.jp/ra/lineup/xseries_26/","2026-07-21","R1/R2昇格"
"7f0e93383582","エアコン・空調","日立 エアコン 18畳用 5.6kW 上位 自動掃除機能付き","台","catalog-2026-07","https://kadenfan.hitachi.co.jp/ra/lineup/xseries_26/","2026-07-21","R1/R2昇格"
"b7668435e29c","エアコン・空調","日立 エアコン 18畳用 5.6kW 最上位 AI自動運転","台","catalog-2026-07","https://kadenfan.hitachi.co.jp/ra/lineup/xseries_26/","2026-07-21","R1/R2昇格"
"946ed92fb851","エアコン・空調","日立 エアコン 18畳用 5.6kW 最上位 暖房メイン（寒冷地仕様）","台","catalog-2026-07","https://kadenfan.hitachi.co.jp/ra/lineup/xseries_26/","2026-07-21","R1/R2昇格"
"5df098f2f0a5","エアコン・空調","日立 エアコン 18畳用 5.6kW 最上位 標準仕様","台","catalog-2026-07","https://kadenfan.hitachi.co.jp/ra/lineup/xseries_26/","2026-07-21","R1/R2昇格"
"d0a9ad403e1e","エアコン・空調","日立 エアコン 18畳用 5.6kW 最上位 空気清浄フィルター付き","台","catalog-2026-07","https://kadenfan.hitachi.co.jp/ra/lineup/xseries_26/","2026-07-21","R1/R2昇格"
"1549eff6c4c3","エアコン・空調","日立 エアコン 18畳用 5.6kW 最上位 自動掃除機能付き","台","catalog-2026-07","https://kadenfan.hitachi.co.jp/ra/lineup/xseries_26/","2026-07-21","R1/R2昇格"
"3d58fea21aa0","エアコン・空調","日立 エアコン 18畳用 スタンダード","台","catalog-2026-07","https://kadenfan.hitachi.co.jp/ra/lineup/xseries_26/","2026-07-21","R1/R2昇格"
"13d99aad5042","エアコン・空調","日立 エアコン 18畳用 ハイスペック","台","catalog-2026-07","https://kadenfan.hitachi.co.jp/ra/lineup/xseries_26/","2026-07-21","R1/R2昇格"
"486b3c8795d5","エアコン・空調","日立 エアコン 18畳用 プレミアム","台","catalog-2026-07","https://kadenfan.hitachi.co.jp/ra/lineup/xseries_26/","2026-07-21","R1/R2昇格"
"942b044c9b92","エアコン・空調","日立 エアコン 18畳用 ミドル","台","catalog-2026-07","https://kadenfan.hitachi.co.jp/ra/lineup/xseries_26/","2026-07-21","R1/R2昇格"
"98cd2960e409","エアコン・空調","日立 エアコン 18畳用 最上位モデル","台","catalog-2026-07","https://kadenfan.hitachi.co.jp/ra/lineup/xseries_26/","2026-07-21","R1/R2昇格"
"355d91511304","エアコン・空調","日立 エアコン 20畳用 6.3kW エントリー 暖房メイン（寒冷地仕様）","台","catalog-2026-07","https://kadenfan.hitachi.co.jp/ra/lineup/xseries_26/","2026-07-21","R1/R2昇格"
"2ecebe13865a","エアコン・空調","日立 エアコン 20畳用 6.3kW エントリー 標準仕様","台","catalog-2026-07","https://kadenfan.hitachi.co.jp/ra/lineup/xseries_26/","2026-07-21","R1/R2昇格"
"8f16a1fa11be","エアコン・空調","日立 エアコン 20畳用 6.3kW エントリー 空気清浄フィルター付き","台","catalog-2026-07","https://kadenfan.hitachi.co.jp/ra/lineup/xseries_26/","2026-07-21","R1/R2昇格"
"14d1dfedacda","エアコン・空調","日立 エアコン 20畳用 6.3kW エントリー 自動掃除機能付き","台","catalog-2026-07","https://kadenfan.hitachi.co.jp/ra/lineup/xseries_26/","2026-07-21","R1/R2昇格"
"e04e7396e45b","エアコン・空調","日立 エアコン 20畳用 6.3kW スタンダード AI自動運転","台","catalog-2026-07","https://kadenfan.hitachi.co.jp/ra/lineup/xseries_26/","2026-07-21","R1/R2昇格"
"cc56d0a4489f","エアコン・空調","日立 エアコン 20畳用 6.3kW スタンダード 暖房メイン（寒冷地仕様）","台","catalog-2026-07","https://kadenfan.hitachi.co.jp/ra/lineup/xseries_26/","2026-07-21","R1/R2昇格"
"6fc4412d838c","エアコン・空調","日立 エアコン 20畳用 6.3kW スタンダード 標準仕様","台","catalog-2026-07","https://kadenfan.hitachi.co.jp/ra/lineup/xseries_26/","2026-07-21","R1/R2昇格"
"60e6cb9afe53","エアコン・空調","日立 エアコン 20畳用 6.3kW スタンダード 空気清浄フィルター付き","台","catalog-2026-07","https://kadenfan.hitachi.co.jp/ra/lineup/xseries_26/","2026-07-21","R1/R2昇格"
"1ff64b7fd9a9","エアコン・空調","日立 エアコン 20畳用 6.3kW スタンダード 自動掃除機能付き","台","catalog-2026-07","https://kadenfan.hitachi.co.jp/ra/lineup/xseries_26/","2026-07-21","R1/R2昇格"
"606c312a009f","エアコン・空調","日立 エアコン 20畳用 6.3kW 上位 AI自動運転","台","catalog-2026-07","https://kadenfan.hitachi.co.jp/ra/lineup/xseries_26/","2026-07-21","R1/R2昇格"
"0ced79f3ba69","エアコン・空調","日立 エアコン 20畳用 6.3kW 上位 暖房メイン（寒冷地仕様）","台","catalog-2026-07","https://kadenfan.hitachi.co.jp/ra/lineup/xseries_26/","2026-07-21","R1/R2昇格"
"186381e00f81","エアコン・空調","日立 エアコン 20畳用 6.3kW 上位 標準仕様","台","catalog-2026-07","https://kadenfan.hitachi.co.jp/ra/lineup/xseries_26/","2026-07-21","R1/R2昇格"
"1895f5e1378b","エアコン・空調","日立 エアコン 20畳用 6.3kW 上位 空気清浄フィルター付き","台","catalog-2026-07","https://kadenfan.hitachi.co.jp/ra/lineup/xseries_26/","2026-07-21","R1/R2昇格"
"ed8c6cdcdb51","エアコン・空調","日立 エアコン 20畳用 6.3kW 上位 自動掃除機能付き","台","catalog-2026-07","https://kadenfan.hitachi.co.jp/ra/lineup/xseries_26/","2026-07-21","R1/R2昇格"
"3190d514fb1c","エアコン・空調","日立 エアコン 20畳用 6.3kW 最上位 AI自動運転","台","catalog-2026-07","https://kadenfan.hitachi.co.jp/ra/lineup/xseries_26/","2026-07-21","R1/R2昇格"
"ff8766a485e7","エアコン・空調","日立 エアコン 20畳用 6.3kW 最上位 暖房メイン（寒冷地仕様）","台","catalog-2026-07","https://kadenfan.hitachi.co.jp/ra/lineup/xseries_26/","2026-07-21","R1/R2昇格"
"d650a4a1900d","エアコン・空調","日立 エアコン 20畳用 6.3kW 最上位 標準仕様","台","catalog-2026-07","https://kadenfan.hitachi.co.jp/ra/lineup/xseries_26/","2026-07-21","R1/R2昇格"
"4b225bd7cf2a","エアコン・空調","日立 エアコン 20畳用 6.3kW 最上位 空気清浄フィルター付き","台","catalog-2026-07","https://kadenfan.hitachi.co.jp/ra/lineup/xseries_26/","2026-07-21","R1/R2昇格"
"be55ec0c6de8","エアコン・空調","日立 エアコン 20畳用 6.3kW 最上位 自動掃除機能付き","台","catalog-2026-07","https://kadenfan.hitachi.co.jp/ra/lineup/xseries_26/","2026-07-21","R1/R2昇格"
"e1a0c1bc818f","エアコン・空調","日立 エアコン 20畳用 スタンダード","台","catalog-2026-07","https://kadenfan.hitachi.co.jp/ra/lineup/xseries_26/","2026-07-21","R1/R2昇格"
"6e1482dd0bda","エアコン・空調","日立 エアコン 20畳用 ハイスペック","台","catalog-2026-07","https://kadenfan.hitachi.co.jp/ra/lineup/xseries_26/","2026-07-21","R1/R2昇格"
"1a779ee94450","エアコン・空調","日立 エアコン 20畳用 プレミアム","台","catalog-2026-07","https://kadenfan.hitachi.co.jp/ra/lineup/xseries_26/","2026-07-21","R1/R2昇格"
"c46aba422bce","エアコン・空調","日立 エアコン 20畳用 ミドル","台","catalog-2026-07","https://kadenfan.hitachi.co.jp/ra/lineup/xseries_26/","2026-07-21","R1/R2昇格"
"5fe70b46c4d7","エアコン・空調","日立 エアコン 20畳用 最上位モデル","台","catalog-2026-07","https://kadenfan.hitachi.co.jp/ra/lineup/xseries_26/","2026-07-21","R1/R2昇格"
"be2b420cce40","エアコン・空調","日立 エアコン 23畳用 7.1kW エントリー 暖房メイン（寒冷地仕様）","台","catalog-2026-07","https://kadenfan.hitachi.co.jp/ra/lineup/xseries_26/","2026-07-21","R1/R2昇格"
"2d8493d677fe","エアコン・空調","日立 エアコン 23畳用 7.1kW エントリー 標準仕様","台","catalog-2026-07","https://kadenfan.hitachi.co.jp/ra/lineup/xseries_26/","2026-07-21","R1/R2昇格"
"af665a893c79","エアコン・空調","日立 エアコン 23畳用 7.1kW エントリー 空気清浄フィルター付き","台","catalog-2026-07","https://kadenfan.hitachi.co.jp/ra/lineup/xseries_26/","2026-07-21","R1/R2昇格"
"84990e097f64","エアコン・空調","日立 エアコン 23畳用 7.1kW エントリー 自動掃除機能付き","台","catalog-2026-07","https://kadenfan.hitachi.co.jp/ra/lineup/xseries_26/","2026-07-21","R1/R2昇格"
"62bac4ef6764","エアコン・空調","日立 エアコン 23畳用 7.1kW スタンダード AI自動運転","台","catalog-2026-07","https://kadenfan.hitachi.co.jp/ra/lineup/xseries_26/","2026-07-21","R1/R2昇格"
"2ed494f0ae23","エアコン・空調","日立 エアコン 23畳用 7.1kW スタンダード 暖房メイン（寒冷地仕様）","台","catalog-2026-07","https://kadenfan.hitachi.co.jp/ra/lineup/xseries_26/","2026-07-21","R1/R2昇格"
"538d16a8cae1","エアコン・空調","日立 エアコン 23畳用 7.1kW スタンダード 標準仕様","台","catalog-2026-07","https://kadenfan.hitachi.co.jp/ra/lineup/xseries_26/","2026-07-21","R1/R2昇格"
"8d8f5727bab3","エアコン・空調","日立 エアコン 23畳用 7.1kW スタンダード 空気清浄フィルター付き","台","catalog-2026-07","https://kadenfan.hitachi.co.jp/ra/lineup/xseries_26/","2026-07-21","R1/R2昇格"
"d1b28f430b73","エアコン・空調","日立 エアコン 23畳用 7.1kW スタンダード 自動掃除機能付き","台","catalog-2026-07","https://kadenfan.hitachi.co.jp/ra/lineup/xseries_26/","2026-07-21","R1/R2昇格"
"78ed00276f17","エアコン・空調","日立 エアコン 23畳用 7.1kW 上位 AI自動運転","台","catalog-2026-07","https://kadenfan.hitachi.co.jp/ra/lineup/xseries_26/","2026-07-21","R1/R2昇格"
"90cbc83d2205","エアコン・空調","日立 エアコン 23畳用 7.1kW 上位 暖房メイン（寒冷地仕様）","台","catalog-2026-07","https://kadenfan.hitachi.co.jp/ra/lineup/xseries_26/","2026-07-21","R1/R2昇格"
"62d62ecfb3e6","エアコン・空調","日立 エアコン 23畳用 7.1kW 上位 標準仕様","台","catalog-2026-07","https://kadenfan.hitachi.co.jp/ra/lineup/xseries_26/","2026-07-21","R1/R2昇格"
"7bbafcfebc67","エアコン・空調","日立 エアコン 23畳用 7.1kW 上位 空気清浄フィルター付き","台","catalog-2026-07","https://kadenfan.hitachi.co.jp/ra/lineup/xseries_26/","2026-07-21","R1/R2昇格"
"ea657b1ff438","エアコン・空調","日立 エアコン 23畳用 7.1kW 上位 自動掃除機能付き","台","catalog-2026-07","https://kadenfan.hitachi.co.jp/ra/lineup/xseries_26/","2026-07-21","R1/R2昇格"
"f21616f315ee","エアコン・空調","日立 エアコン 23畳用 7.1kW 最上位 AI自動運転","台","catalog-2026-07","https://kadenfan.hitachi.co.jp/ra/lineup/xseries_26/","2026-07-21","R1/R2昇格"
"c8169be35ed5","エアコン・空調","日立 エアコン 23畳用 7.1kW 最上位 暖房メイン（寒冷地仕様）","台","catalog-2026-07","https://kadenfan.hitachi.co.jp/ra/lineup/xseries_26/","2026-07-21","R1/R2昇格"
"4fb1f14b4dee","エアコン・空調","日立 エアコン 23畳用 7.1kW 最上位 標準仕様","台","catalog-2026-07","https://kadenfan.hitachi.co.jp/ra/lineup/xseries_26/","2026-07-21","R1/R2昇格"
"2b6011e9c578","エアコン・空調","日立 エアコン 23畳用 7.1kW 最上位 空気清浄フィルター付き","台","catalog-2026-07","https://kadenfan.hitachi.co.jp/ra/lineup/xseries_26/","2026-07-21","R1/R2昇格"
"62f82dde2296","エアコン・空調","日立 エアコン 23畳用 7.1kW 最上位 自動掃除機能付き","台","catalog-2026-07","https://kadenfan.hitachi.co.jp/ra/lineup/xseries_26/","2026-07-21","R1/R2昇格"
"e24e13086f02","エアコン・空調","日立 エアコン 6畳用 2.2kW エントリー 暖房メイン（寒冷地仕様）","台","catalog-2026-07","https://kadenfan.hitachi.co.jp/ra/lineup/xseries_26/","2026-07-21","R1/R2昇格"
"a71594bd5e8c","エアコン・空調","日立 エアコン 6畳用 2.2kW エントリー 標準仕様","台","catalog-2026-07","https://kadenfan.hitachi.co.jp/ra/lineup/xseries_26/","2026-07-21","R1/R2昇格"
"dee4948954ea","エアコン・空調","日立 エアコン 6畳用 2.2kW エントリー 空気清浄フィルター付き","台","catalog-2026-07","https://kadenfan.hitachi.co.jp/ra/lineup/xseries_26/","2026-07-21","R1/R2昇格"
"fe0cda79e6a1","エアコン・空調","日立 エアコン 6畳用 2.2kW エントリー 自動掃除機能付き","台","catalog-2026-07","https://kadenfan.hitachi.co.jp/ra/lineup/xseries_26/","2026-07-21","R1/R2昇格"
"65ad8a11d83f","エアコン・空調","日立 エアコン 6畳用 2.2kW スタンダード AI自動運転","台","catalog-2026-07","https://kadenfan.hitachi.co.jp/ra/lineup/xseries_26/","2026-07-21","R1/R2昇格"
"9a31be918c5d","エアコン・空調","日立 エアコン 6畳用 2.2kW スタンダード 暖房メイン（寒冷地仕様）","台","catalog-2026-07","https://kadenfan.hitachi.co.jp/ra/lineup/xseries_26/","2026-07-21","R1/R2昇格"
"a419a1483e3b","エアコン・空調","日立 エアコン 6畳用 2.2kW スタンダード 標準仕様","台","catalog-2026-07","https://kadenfan.hitachi.co.jp/ra/lineup/xseries_26/","2026-07-21","R1/R2昇格"
"f69e75ddd394","エアコン・空調","日立 エアコン 6畳用 2.2kW スタンダード 空気清浄フィルター付き","台","catalog-2026-07","https://kadenfan.hitachi.co.jp/ra/lineup/xseries_26/","2026-07-21","R1/R2昇格"
"01bb44f86062","エアコン・空調","日立 エアコン 6畳用 2.2kW スタンダード 自動掃除機能付き","台","catalog-2026-07","https://kadenfan.hitachi.co.jp/ra/lineup/xseries_26/","2026-07-21","R1/R2昇格"
"3fc1fd49b9ce","エアコン・空調","日立 エアコン 6畳用 2.2kW 上位 AI自動運転","台","catalog-2026-07","https://kadenfan.hitachi.co.jp/ra/lineup/xseries_26/","2026-07-21","R1/R2昇格"
"161e8f871078","エアコン・空調","日立 エアコン 6畳用 2.2kW 上位 暖房メイン（寒冷地仕様）","台","catalog-2026-07","https://kadenfan.hitachi.co.jp/ra/lineup/xseries_26/","2026-07-21","R1/R2昇格"
"d39a0fb8e8ff","エアコン・空調","日立 エアコン 6畳用 2.2kW 上位 標準仕様","台","catalog-2026-07","https://kadenfan.hitachi.co.jp/ra/lineup/xseries_26/","2026-07-21","R1/R2昇格"
"0f7eb9fce9e6","エアコン・空調","日立 エアコン 6畳用 2.2kW 上位 空気清浄フィルター付き","台","catalog-2026-07","https://kadenfan.hitachi.co.jp/ra/lineup/xseries_26/","2026-07-21","R1/R2昇格"
"e018e8698db5","エアコン・空調","日立 エアコン 6畳用 2.2kW 上位 自動掃除機能付き","台","catalog-2026-07","https://kadenfan.hitachi.co.jp/ra/lineup/xseries_26/","2026-07-21","R1/R2昇格"
"08e41b14da4f","エアコン・空調","日立 エアコン 6畳用 スタンダード","台","catalog-2026-07","https://kadenfan.hitachi.co.jp/ra/lineup/xseries_26/","2026-07-21","R1/R2昇格"
"331f8d7c16f8","エアコン・空調","日立 エアコン 6畳用 ハイスペック","台","catalog-2026-07","https://kadenfan.hitachi.co.jp/ra/lineup/xseries_26/","2026-07-21","R1/R2昇格"
"5a9f87a60b3c","エアコン・空調","日立 エアコン 6畳用 プレミアム","台","catalog-2026-07","https://kadenfan.hitachi.co.jp/ra/lineup/xseries_26/","2026-07-21","R1/R2昇格"
"7d243be7c651","エアコン・空調","日立 エアコン 6畳用 ミドル","台","catalog-2026-07","https://kadenfan.hitachi.co.jp/ra/lineup/xseries_26/","2026-07-21","R1/R2昇格"
"50620a62bc29","エアコン・空調","日立 エアコン 6畳用 最上位モデル","台","catalog-2026-07","https://kadenfan.hitachi.co.jp/ra/lineup/xseries_26/","2026-07-21","R1/R2昇格"
"024f731aca17","エアコン・空調","日立 エアコン 8畳用 2.5kW エントリー 暖房メイン（寒冷地仕様）","台","catalog-2026-07","https://kadenfan.hitachi.co.jp/ra/lineup/xseries_26/","2026-07-21","R1/R2昇格"
"51d78dfa881b","エアコン・空調","日立 エアコン 8畳用 2.5kW エントリー 標準仕様","台","catalog-2026-07","https://kadenfan.hitachi.co.jp/ra/lineup/xseries_26/","2026-07-21","R1/R2昇格"
"e3805509540e","エアコン・空調","日立 エアコン 8畳用 2.5kW エントリー 空気清浄フィルター付き","台","catalog-2026-07","https://kadenfan.hitachi.co.jp/ra/lineup/xseries_26/","2026-07-21","R1/R2昇格"
"a299b392778f","エアコン・空調","日立 エアコン 8畳用 2.5kW エントリー 自動掃除機能付き","台","catalog-2026-07","https://kadenfan.hitachi.co.jp/ra/lineup/xseries_26/","2026-07-21","R1/R2昇格"
"7b7d1e9e6bed","エアコン・空調","日立 エアコン 8畳用 2.5kW スタンダード AI自動運転","台","catalog-2026-07","https://kadenfan.hitachi.co.jp/ra/lineup/xseries_26/","2026-07-21","R1/R2昇格"
"49c5f1ebdfe4","エアコン・空調","日立 エアコン 8畳用 2.5kW スタンダード 暖房メイン（寒冷地仕様）","台","catalog-2026-07","https://kadenfan.hitachi.co.jp/ra/lineup/xseries_26/","2026-07-21","R1/R2昇格"
"2f600aea8b64","エアコン・空調","日立 エアコン 8畳用 2.5kW スタンダード 標準仕様","台","catalog-2026-07","https://kadenfan.hitachi.co.jp/ra/lineup/xseries_26/","2026-07-21","R1/R2昇格"
"c60723990d9d","エアコン・空調","日立 エアコン 8畳用 2.5kW スタンダード 空気清浄フィルター付き","台","catalog-2026-07","https://kadenfan.hitachi.co.jp/ra/lineup/xseries_26/","2026-07-21","R1/R2昇格"
"cba560e7dea6","エアコン・空調","日立 エアコン 8畳用 2.5kW スタンダード 自動掃除機能付き","台","catalog-2026-07","https://kadenfan.hitachi.co.jp/ra/lineup/xseries_26/","2026-07-21","R1/R2昇格"
"aa0fd7cfedca","エアコン・空調","日立 エアコン 8畳用 2.5kW 上位 AI自動運転","台","catalog-2026-07","https://kadenfan.hitachi.co.jp/ra/lineup/xseries_26/","2026-07-21","R1/R2昇格"
"851ee26c3f82","エアコン・空調","日立 エアコン 8畳用 2.5kW 上位 暖房メイン（寒冷地仕様）","台","catalog-2026-07","https://kadenfan.hitachi.co.jp/ra/lineup/xseries_26/","2026-07-21","R1/R2昇格"
"7880373711e4","エアコン・空調","日立 エアコン 8畳用 2.5kW 上位 標準仕様","台","catalog-2026-07","https://kadenfan.hitachi.co.jp/ra/lineup/xseries_26/","2026-07-21","R1/R2昇格"
"33011e4cf415","エアコン・空調","日立 エアコン 8畳用 2.5kW 上位 空気清浄フィルター付き","台","catalog-2026-07","https://kadenfan.hitachi.co.jp/ra/lineup/xseries_26/","2026-07-21","R1/R2昇格"
"560b1babccb8","エアコン・空調","日立 エアコン 8畳用 2.5kW 上位 自動掃除機能付き","台","catalog-2026-07","https://kadenfan.hitachi.co.jp/ra/lineup/xseries_26/","2026-07-21","R1/R2昇格"
"865a3c103c7f","エアコン・空調","日立 エアコン 8畳用 2.5kW 最上位 AI自動運転","台","catalog-2026-07","https://kadenfan.hitachi.co.jp/ra/lineup/xseries_26/","2026-07-21","R1/R2昇格"
"8270c79d6e6d","エアコン・空調","日立 エアコン 8畳用 2.5kW 最上位 暖房メイン（寒冷地仕様）","台","catalog-2026-07","https://kadenfan.hitachi.co.jp/ra/lineup/xseries_26/","2026-07-21","R1/R2昇格"
"5860c05630da","エアコン・空調","日立 エアコン 8畳用 2.5kW 最上位 標準仕様","台","catalog-2026-07","https://kadenfan.hitachi.co.jp/ra/lineup/xseries_26/","2026-07-21","R1/R2昇格"
"2e18c7de1dcc","エアコン・空調","日立 エアコン 8畳用 2.5kW 最上位 空気清浄フィルター付き","台","catalog-2026-07","https://kadenfan.hitachi.co.jp/ra/lineup/xseries_26/","2026-07-21","R1/R2昇格"
"d7573f2649eb","エアコン・空調","日立 エアコン 8畳用 2.5kW 最上位 自動掃除機能付き","台","catalog-2026-07","https://kadenfan.hitachi.co.jp/ra/lineup/xseries_26/","2026-07-21","R1/R2昇格"
"16f86eac8d26","エアコン・空調","日立 エアコン 8畳用 スタンダード","台","catalog-2026-07","https://kadenfan.hitachi.co.jp/ra/lineup/xseries_26/","2026-07-21","R1/R2昇格"
"336c220d3e78","エアコン・空調","日立 エアコン 8畳用 ハイスペック","台","catalog-2026-07","https://kadenfan.hitachi.co.jp/ra/lineup/xseries_26/","2026-07-21","R1/R2昇格"
"c0085f5403fe","エアコン・空調","日立 エアコン 8畳用 プレミアム","台","catalog-2026-07","https://kadenfan.hitachi.co.jp/ra/lineup/xseries_26/","2026-07-21","R1/R2昇格"
"2a2d69dc45d1","エアコン・空調","日立 エアコン 8畳用 ミドル","台","catalog-2026-07","https://kadenfan.hitachi.co.jp/ra/lineup/xseries_26/","2026-07-21","R1/R2昇格"
"b774e32ef324","エアコン・空調","日立 エアコン 8畳用 最上位モデル","台","catalog-2026-07","https://kadenfan.hitachi.co.jp/ra/lineup/xseries_26/","2026-07-21","R1/R2昇格"
"11cbb719c8d0","エアコン・空調","日立（業務用） 全熱交換機 業務用 800m³/h","台","catalog-2026-07","https://proshop.ac.daikin.co.jp/business/useful/select/1101_4.html","2026-07-21","R1/R2昇格"
"7659e2bae59d","エアコン・空調","日立（業務用） 壁掛形 業務用 2.2kW（小型店舗）","台","catalog-2026-07","https://proshop.ac.daikin.co.jp/business/useful/select/1101_4.html","2026-07-21","R1/R2昇格"
"f18fb8560db4","エアコン・空調","日立（業務用） 天井カセット形 2方向 2HP（6kW）","台","catalog-2026-07","https://proshop.ac.daikin.co.jp/business/useful/select/1101_4.html","2026-07-21","R1/R2昇格"
"62948413398e","エアコン・空調","日立（業務用） 天井カセット形 2方向 3HP（9kW）","台","catalog-2026-07","https://proshop.ac.daikin.co.jp/business/useful/select/1101_4.html","2026-07-21","R1/R2昇格"
"28291c3ecac0","エアコン・空調","日立（業務用） 天井カセット形 4方向 10HP（30kW）","台","catalog-2026-07","https://proshop.ac.daikin.co.jp/business/useful/select/1101_4.html","2026-07-21","R1/R2昇格"
"e31f7b5957a4","エアコン・空調","日立（業務用） 天井カセット形 4方向 3HP（9kW）","台","catalog-2026-07","https://proshop.ac.daikin.co.jp/business/useful/select/1101_4.html","2026-07-21","R1/R2昇格"
"e3fe281b555a","エアコン・空調","日立（業務用） 天井カセット形 4方向 5HP（15kW）","台","catalog-2026-07","https://proshop.ac.daikin.co.jp/business/useful/select/1101_4.html","2026-07-21","R1/R2昇格"
"ca84afa01944","エアコン・空調","日立（業務用） 天井カセット形 4方向 8HP（24kW）","台","catalog-2026-07","https://proshop.ac.daikin.co.jp/business/useful/select/1101_4.html","2026-07-21","R1/R2昇格"
"629a9ff8b8b1","エアコン・空調","日立（業務用） 天井埋込ダクト形 3HP","台","catalog-2026-07","https://proshop.ac.daikin.co.jp/business/useful/select/1101_4.html","2026-07-21","R1/R2昇格"
"d71170d39f31","エアコン・空調","日立（業務用） 天井埋込ダクト形 8HP","台","catalog-2026-07","https://proshop.ac.daikin.co.jp/business/useful/select/1101_4.html","2026-07-21","R1/R2昇格"
"f94704ea85c2","エアコン・空調","日立（業務用） 天吊形 3HP（倉庫・バックヤード）","台","catalog-2026-07","https://proshop.ac.daikin.co.jp/business/useful/select/1101_4.html","2026-07-21","R1/R2昇格"
"f98dabb81bd3","エアコン・空調","日立（業務用） 床置き形 3HP（ショーケース向き）","台","catalog-2026-07","https://proshop.ac.daikin.co.jp/business/useful/select/1101_4.html","2026-07-21","R1/R2昇格"
"c3ff46b12950","エアコン・空調","日立（業務用） 業務用マルチ 室外機 16HP","台","catalog-2026-07","https://proshop.ac.daikin.co.jp/business/useful/select/1101_4.html","2026-07-21","R1/R2昇格"
"7769f7555e8d","エアコン・空調","日立（業務用） 業務用マルチエアコン 室外機 8HP","台","catalog-2026-07","https://proshop.ac.daikin.co.jp/business/useful/select/1101_4.html","2026-07-21","R1/R2昇格"
"cdd989e207b1","エアコン・空調","東芝 エアコン 10畳用 2.8kW エントリー 暖房メイン（寒冷地仕様）","台","catalog-2026-07","https://www.toshiba-lifestyle.com/jp/air_conditioners/","2026-07-21","R1/R2昇格"
"589d5ab2865b","エアコン・空調","東芝 エアコン 10畳用 2.8kW エントリー 標準仕様","台","catalog-2026-07","https://www.toshiba-lifestyle.com/jp/air_conditioners/","2026-07-21","R1/R2昇格"
"80deac85e3dd","エアコン・空調","東芝 エアコン 10畳用 2.8kW エントリー 空気清浄フィルター付き","台","catalog-2026-07","https://www.toshiba-lifestyle.com/jp/air_conditioners/","2026-07-21","R1/R2昇格"
"5f6938967ea1","エアコン・空調","東芝 エアコン 10畳用 2.8kW エントリー 自動掃除機能付き","台","catalog-2026-07","https://www.toshiba-lifestyle.com/jp/air_conditioners/","2026-07-21","R1/R2昇格"
"a41796b2f66c","エアコン・空調","東芝 エアコン 10畳用 2.8kW スタンダード AI自動運転","台","catalog-2026-07","https://www.toshiba-lifestyle.com/jp/air_conditioners/","2026-07-21","R1/R2昇格"
"2fbfb067e36e","エアコン・空調","東芝 エアコン 10畳用 2.8kW スタンダード 暖房メイン（寒冷地仕様）","台","catalog-2026-07","https://www.toshiba-lifestyle.com/jp/air_conditioners/","2026-07-21","R1/R2昇格"
"b53e88f02a70","エアコン・空調","東芝 エアコン 10畳用 2.8kW スタンダード 標準仕様","台","catalog-2026-07","https://www.toshiba-lifestyle.com/jp/air_conditioners/","2026-07-21","R1/R2昇格"
"8c7376d9ff9f","エアコン・空調","東芝 エアコン 10畳用 2.8kW スタンダード 空気清浄フィルター付き","台","catalog-2026-07","https://www.toshiba-lifestyle.com/jp/air_conditioners/","2026-07-21","R1/R2昇格"
"42bdf30a875d","エアコン・空調","東芝 エアコン 10畳用 2.8kW スタンダード 自動掃除機能付き","台","catalog-2026-07","https://www.toshiba-lifestyle.com/jp/air_conditioners/","2026-07-21","R1/R2昇格"
"88a9a335ad2f","エアコン・空調","東芝 エアコン 10畳用 2.8kW 上位 AI自動運転","台","catalog-2026-07","https://www.toshiba-lifestyle.com/jp/air_conditioners/","2026-07-21","R1/R2昇格"
"9d3aa22be2fe","エアコン・空調","東芝 エアコン 10畳用 2.8kW 上位 暖房メイン（寒冷地仕様）","台","catalog-2026-07","https://www.toshiba-lifestyle.com/jp/air_conditioners/","2026-07-21","R1/R2昇格"
"6e10dd6dffa4","エアコン・空調","東芝 エアコン 10畳用 2.8kW 上位 標準仕様","台","catalog-2026-07","https://www.toshiba-lifestyle.com/jp/air_conditioners/","2026-07-21","R1/R2昇格"
"d04c4609b927","エアコン・空調","東芝 エアコン 10畳用 2.8kW 上位 空気清浄フィルター付き","台","catalog-2026-07","https://www.toshiba-lifestyle.com/jp/air_conditioners/","2026-07-21","R1/R2昇格"
"4ada9ab2fd3a","エアコン・空調","東芝 エアコン 10畳用 2.8kW 上位 自動掃除機能付き","台","catalog-2026-07","https://www.toshiba-lifestyle.com/jp/air_conditioners/","2026-07-21","R1/R2昇格"
"51391a3e7e2f","エアコン・空調","東芝 エアコン 10畳用 2.8kW 最上位 AI自動運転","台","catalog-2026-07","https://www.toshiba-lifestyle.com/jp/air_conditioners/","2026-07-21","R1/R2昇格"
"5d5b802c30b2","エアコン・空調","東芝 エアコン 10畳用 2.8kW 最上位 暖房メイン（寒冷地仕様）","台","catalog-2026-07","https://www.toshiba-lifestyle.com/jp/air_conditioners/","2026-07-21","R1/R2昇格"
"a77cf85ea18b","エアコン・空調","東芝 エアコン 10畳用 2.8kW 最上位 標準仕様","台","catalog-2026-07","https://www.toshiba-lifestyle.com/jp/air_conditioners/","2026-07-21","R1/R2昇格"
"19b57f73dc4a","エアコン・空調","東芝 エアコン 10畳用 2.8kW 最上位 空気清浄フィルター付き","台","catalog-2026-07","https://www.toshiba-lifestyle.com/jp/air_conditioners/","2026-07-21","R1/R2昇格"
"70552349950c","エアコン・空調","東芝 エアコン 10畳用 2.8kW 最上位 自動掃除機能付き","台","catalog-2026-07","https://www.toshiba-lifestyle.com/jp/air_conditioners/","2026-07-21","R1/R2昇格"
"9da7bdbbec09","エアコン・空調","東芝 エアコン 10畳用 スタンダード","台","catalog-2026-07","https://www.toshiba-lifestyle.com/jp/air_conditioners/","2026-07-21","R1/R2昇格"
"503644e3488d","エアコン・空調","東芝 エアコン 10畳用 ハイスペック","台","catalog-2026-07","https://www.toshiba-lifestyle.com/jp/air_conditioners/","2026-07-21","R1/R2昇格"
"df261546fd4c","エアコン・空調","東芝 エアコン 10畳用 プレミアム","台","catalog-2026-07","https://www.toshiba-lifestyle.com/jp/air_conditioners/","2026-07-21","R1/R2昇格"
"1b5300e61f25","エアコン・空調","東芝 エアコン 10畳用 ミドル","台","catalog-2026-07","https://www.toshiba-lifestyle.com/jp/air_conditioners/","2026-07-21","R1/R2昇格"
"f7f015e6d5d6","エアコン・空調","東芝 エアコン 10畳用 最上位モデル","台","catalog-2026-07","https://www.toshiba-lifestyle.com/jp/air_conditioners/","2026-07-21","R1/R2昇格"
"0221ed6724fa","エアコン・空調","東芝 エアコン 12畳用 3.6kW エントリー 暖房メイン（寒冷地仕様）","台","catalog-2026-07","https://www.toshiba-lifestyle.com/jp/air_conditioners/","2026-07-21","R1/R2昇格"
"f91907fde81d","エアコン・空調","東芝 エアコン 12畳用 3.6kW エントリー 標準仕様","台","catalog-2026-07","https://www.toshiba-lifestyle.com/jp/air_conditioners/","2026-07-21","R1/R2昇格"
"385076bb84bc","エアコン・空調","東芝 エアコン 12畳用 3.6kW エントリー 空気清浄フィルター付き","台","catalog-2026-07","https://www.toshiba-lifestyle.com/jp/air_conditioners/","2026-07-21","R1/R2昇格"
"c3ab07c781f6","エアコン・空調","東芝 エアコン 12畳用 3.6kW エントリー 自動掃除機能付き","台","catalog-2026-07","https://www.toshiba-lifestyle.com/jp/air_conditioners/","2026-07-21","R1/R2昇格"
"084197e57d47","エアコン・空調","東芝 エアコン 12畳用 3.6kW スタンダード AI自動運転","台","catalog-2026-07","https://www.toshiba-lifestyle.com/jp/air_conditioners/","2026-07-21","R1/R2昇格"
"645beecd10c4","エアコン・空調","東芝 エアコン 12畳用 3.6kW スタンダード 暖房メイン（寒冷地仕様）","台","catalog-2026-07","https://www.toshiba-lifestyle.com/jp/air_conditioners/","2026-07-21","R1/R2昇格"
"ad7272560d12","エアコン・空調","東芝 エアコン 12畳用 3.6kW スタンダード 標準仕様","台","catalog-2026-07","https://www.toshiba-lifestyle.com/jp/air_conditioners/","2026-07-21","R1/R2昇格"
"88f9b12acdbb","エアコン・空調","東芝 エアコン 12畳用 3.6kW スタンダード 空気清浄フィルター付き","台","catalog-2026-07","https://www.toshiba-lifestyle.com/jp/air_conditioners/","2026-07-21","R1/R2昇格"
"0c339aecb2b8","エアコン・空調","東芝 エアコン 12畳用 3.6kW スタンダード 自動掃除機能付き","台","catalog-2026-07","https://www.toshiba-lifestyle.com/jp/air_conditioners/","2026-07-21","R1/R2昇格"
"cf1b4ca7d77e","エアコン・空調","東芝 エアコン 12畳用 3.6kW 上位 AI自動運転","台","catalog-2026-07","https://www.toshiba-lifestyle.com/jp/air_conditioners/","2026-07-21","R1/R2昇格"
"f75e61cfbe39","エアコン・空調","東芝 エアコン 12畳用 3.6kW 上位 暖房メイン（寒冷地仕様）","台","catalog-2026-07","https://www.toshiba-lifestyle.com/jp/air_conditioners/","2026-07-21","R1/R2昇格"
"ba533cb4d2e3","エアコン・空調","東芝 エアコン 12畳用 3.6kW 上位 標準仕様","台","catalog-2026-07","https://www.toshiba-lifestyle.com/jp/air_conditioners/","2026-07-21","R1/R2昇格"
"3db33ea10fd6","エアコン・空調","東芝 エアコン 12畳用 3.6kW 上位 空気清浄フィルター付き","台","catalog-2026-07","https://www.toshiba-lifestyle.com/jp/air_conditioners/","2026-07-21","R1/R2昇格"
"ad7855fd3c67","エアコン・空調","東芝 エアコン 12畳用 3.6kW 上位 自動掃除機能付き","台","catalog-2026-07","https://www.toshiba-lifestyle.com/jp/air_conditioners/","2026-07-21","R1/R2昇格"
"f6c9f9748914","エアコン・空調","東芝 エアコン 12畳用 3.6kW 最上位 AI自動運転","台","catalog-2026-07","https://www.toshiba-lifestyle.com/jp/air_conditioners/","2026-07-21","R1/R2昇格"
"c97f838387bc","エアコン・空調","東芝 エアコン 12畳用 3.6kW 最上位 暖房メイン（寒冷地仕様）","台","catalog-2026-07","https://www.toshiba-lifestyle.com/jp/air_conditioners/","2026-07-21","R1/R2昇格"
"dfcd24073080","エアコン・空調","東芝 エアコン 12畳用 3.6kW 最上位 標準仕様","台","catalog-2026-07","https://www.toshiba-lifestyle.com/jp/air_conditioners/","2026-07-21","R1/R2昇格"
"35b4bed89948","エアコン・空調","東芝 エアコン 12畳用 3.6kW 最上位 空気清浄フィルター付き","台","catalog-2026-07","https://www.toshiba-lifestyle.com/jp/air_conditioners/","2026-07-21","R1/R2昇格"
"0ee6b8de4c27","エアコン・空調","東芝 エアコン 12畳用 3.6kW 最上位 自動掃除機能付き","台","catalog-2026-07","https://www.toshiba-lifestyle.com/jp/air_conditioners/","2026-07-21","R1/R2昇格"
"c99fd2d85158","エアコン・空調","東芝 エアコン 14畳用 4.0kW エントリー 暖房メイン（寒冷地仕様）","台","catalog-2026-07","https://www.toshiba-lifestyle.com/jp/air_conditioners/","2026-07-21","R1/R2昇格"
"25ba700a0816","エアコン・空調","東芝 エアコン 14畳用 4.0kW エントリー 標準仕様","台","catalog-2026-07","https://www.toshiba-lifestyle.com/jp/air_conditioners/","2026-07-21","R1/R2昇格"
"b7662a05fc92","エアコン・空調","東芝 エアコン 14畳用 4.0kW エントリー 空気清浄フィルター付き","台","catalog-2026-07","https://www.toshiba-lifestyle.com/jp/air_conditioners/","2026-07-21","R1/R2昇格"
"70cb53bea378","エアコン・空調","東芝 エアコン 14畳用 4.0kW エントリー 自動掃除機能付き","台","catalog-2026-07","https://www.toshiba-lifestyle.com/jp/air_conditioners/","2026-07-21","R1/R2昇格"
"b1e385b1e5b9","エアコン・空調","東芝 エアコン 14畳用 4.0kW スタンダード AI自動運転","台","catalog-2026-07","https://www.toshiba-lifestyle.com/jp/air_conditioners/","2026-07-21","R1/R2昇格"
"28412e14649d","エアコン・空調","東芝 エアコン 14畳用 4.0kW スタンダード 暖房メイン（寒冷地仕様）","台","catalog-2026-07","https://www.toshiba-lifestyle.com/jp/air_conditioners/","2026-07-21","R1/R2昇格"
"0ebee215760c","エアコン・空調","東芝 エアコン 14畳用 4.0kW スタンダード 標準仕様","台","catalog-2026-07","https://www.toshiba-lifestyle.com/jp/air_conditioners/","2026-07-21","R1/R2昇格"
"6d39370d436d","エアコン・空調","東芝 エアコン 14畳用 4.0kW スタンダード 空気清浄フィルター付き","台","catalog-2026-07","https://www.toshiba-lifestyle.com/jp/air_conditioners/","2026-07-21","R1/R2昇格"
"a4c15ff3fd11","エアコン・空調","東芝 エアコン 14畳用 4.0kW スタンダード 自動掃除機能付き","台","catalog-2026-07","https://www.toshiba-lifestyle.com/jp/air_conditioners/","2026-07-21","R1/R2昇格"
"55e344eeafb0","エアコン・空調","東芝 エアコン 14畳用 4.0kW 上位 AI自動運転","台","catalog-2026-07","https://www.toshiba-lifestyle.com/jp/air_conditioners/","2026-07-21","R1/R2昇格"
"ddc0a41b31f6","エアコン・空調","東芝 エアコン 14畳用 4.0kW 上位 暖房メイン（寒冷地仕様）","台","catalog-2026-07","https://www.toshiba-lifestyle.com/jp/air_conditioners/","2026-07-21","R1/R2昇格"
"c7eeea0a1646","エアコン・空調","東芝 エアコン 14畳用 4.0kW 上位 標準仕様","台","catalog-2026-07","https://www.toshiba-lifestyle.com/jp/air_conditioners/","2026-07-21","R1/R2昇格"
"b6140d380f32","エアコン・空調","東芝 エアコン 14畳用 4.0kW 上位 空気清浄フィルター付き","台","catalog-2026-07","https://www.toshiba-lifestyle.com/jp/air_conditioners/","2026-07-21","R1/R2昇格"
"7adc0e622026","エアコン・空調","東芝 エアコン 14畳用 4.0kW 上位 自動掃除機能付き","台","catalog-2026-07","https://www.toshiba-lifestyle.com/jp/air_conditioners/","2026-07-21","R1/R2昇格"
"e9f63f0504c3","エアコン・空調","東芝 エアコン 14畳用 4.0kW 最上位 AI自動運転","台","catalog-2026-07","https://www.toshiba-lifestyle.com/jp/air_conditioners/","2026-07-21","R1/R2昇格"
"da1d95e2e895","エアコン・空調","東芝 エアコン 14畳用 4.0kW 最上位 暖房メイン（寒冷地仕様）","台","catalog-2026-07","https://www.toshiba-lifestyle.com/jp/air_conditioners/","2026-07-21","R1/R2昇格"
"ed0235cfeb89","エアコン・空調","東芝 エアコン 14畳用 4.0kW 最上位 標準仕様","台","catalog-2026-07","https://www.toshiba-lifestyle.com/jp/air_conditioners/","2026-07-21","R1/R2昇格"
"ab35a141ad0c","エアコン・空調","東芝 エアコン 14畳用 4.0kW 最上位 空気清浄フィルター付き","台","catalog-2026-07","https://www.toshiba-lifestyle.com/jp/air_conditioners/","2026-07-21","R1/R2昇格"
"233afdae58ef","エアコン・空調","東芝 エアコン 14畳用 4.0kW 最上位 自動掃除機能付き","台","catalog-2026-07","https://www.toshiba-lifestyle.com/jp/air_conditioners/","2026-07-21","R1/R2昇格"
"f89abe2d1252","エアコン・空調","東芝 エアコン 14畳用 スタンダード","台","catalog-2026-07","https://www.toshiba-lifestyle.com/jp/air_conditioners/","2026-07-21","R1/R2昇格"
"a21fd01f7d29","エアコン・空調","東芝 エアコン 14畳用 ハイスペック","台","catalog-2026-07","https://www.toshiba-lifestyle.com/jp/air_conditioners/","2026-07-21","R1/R2昇格"
"df329e55b4c9","エアコン・空調","東芝 エアコン 14畳用 プレミアム","台","catalog-2026-07","https://www.toshiba-lifestyle.com/jp/air_conditioners/","2026-07-21","R1/R2昇格"
"94a9709e5ad6","エアコン・空調","東芝 エアコン 14畳用 ミドル","台","catalog-2026-07","https://www.toshiba-lifestyle.com/jp/air_conditioners/","2026-07-21","R1/R2昇格"
"5166467dd45a","エアコン・空調","東芝 エアコン 14畳用 最上位モデル","台","catalog-2026-07","https://www.toshiba-lifestyle.com/jp/air_conditioners/","2026-07-21","R1/R2昇格"
"4a39701cc10e","エアコン・空調","東芝 エアコン 18畳用 5.6kW エントリー 暖房メイン（寒冷地仕様）","台","catalog-2026-07","https://www.toshiba-lifestyle.com/jp/air_conditioners/","2026-07-21","R1/R2昇格"
"03130a45c6e2","エアコン・空調","東芝 エアコン 18畳用 5.6kW エントリー 標準仕様","台","catalog-2026-07","https://www.toshiba-lifestyle.com/jp/air_conditioners/","2026-07-21","R1/R2昇格"
"061eae85543b","エアコン・空調","東芝 エアコン 18畳用 5.6kW エントリー 空気清浄フィルター付き","台","catalog-2026-07","https://www.toshiba-lifestyle.com/jp/air_conditioners/","2026-07-21","R1/R2昇格"
"0073e42d2ee4","エアコン・空調","東芝 エアコン 18畳用 5.6kW エントリー 自動掃除機能付き","台","catalog-2026-07","https://www.toshiba-lifestyle.com/jp/air_conditioners/","2026-07-21","R1/R2昇格"
"aa2abc1081b5","エアコン・空調","東芝 エアコン 18畳用 5.6kW スタンダード AI自動運転","台","catalog-2026-07","https://www.toshiba-lifestyle.com/jp/air_conditioners/","2026-07-21","R1/R2昇格"
"ab68b2f914ac","エアコン・空調","東芝 エアコン 18畳用 5.6kW スタンダード 暖房メイン（寒冷地仕様）","台","catalog-2026-07","https://www.toshiba-lifestyle.com/jp/air_conditioners/","2026-07-21","R1/R2昇格"
"fe1d0fbbd2a1","エアコン・空調","東芝 エアコン 18畳用 5.6kW スタンダード 標準仕様","台","catalog-2026-07","https://www.toshiba-lifestyle.com/jp/air_conditioners/","2026-07-21","R1/R2昇格"
"850901566907","エアコン・空調","東芝 エアコン 18畳用 5.6kW スタンダード 空気清浄フィルター付き","台","catalog-2026-07","https://www.toshiba-lifestyle.com/jp/air_conditioners/","2026-07-21","R1/R2昇格"
"925413ff1ad8","エアコン・空調","東芝 エアコン 18畳用 5.6kW スタンダード 自動掃除機能付き","台","catalog-2026-07","https://www.toshiba-lifestyle.com/jp/air_conditioners/","2026-07-21","R1/R2昇格"
"c5ab4160f943","エアコン・空調","東芝 エアコン 18畳用 5.6kW 上位 AI自動運転","台","catalog-2026-07","https://www.toshiba-lifestyle.com/jp/air_conditioners/","2026-07-21","R1/R2昇格"
"c4270b8af420","エアコン・空調","東芝 エアコン 18畳用 5.6kW 上位 暖房メイン（寒冷地仕様）","台","catalog-2026-07","https://www.toshiba-lifestyle.com/jp/air_conditioners/","2026-07-21","R1/R2昇格"
"b97fd5dd0a60","エアコン・空調","東芝 エアコン 18畳用 5.6kW 上位 標準仕様","台","catalog-2026-07","https://www.toshiba-lifestyle.com/jp/air_conditioners/","2026-07-21","R1/R2昇格"
"04cb9fbcca85","エアコン・空調","東芝 エアコン 18畳用 5.6kW 上位 空気清浄フィルター付き","台","catalog-2026-07","https://www.toshiba-lifestyle.com/jp/air_conditioners/","2026-07-21","R1/R2昇格"
"ac9997bb6aa1","エアコン・空調","東芝 エアコン 18畳用 5.6kW 上位 自動掃除機能付き","台","catalog-2026-07","https://www.toshiba-lifestyle.com/jp/air_conditioners/","2026-07-21","R1/R2昇格"
"dd3b11649edd","エアコン・空調","東芝 エアコン 18畳用 5.6kW 最上位 AI自動運転","台","catalog-2026-07","https://www.toshiba-lifestyle.com/jp/air_conditioners/","2026-07-21","R1/R2昇格"
"470c46adad09","エアコン・空調","東芝 エアコン 18畳用 5.6kW 最上位 暖房メイン（寒冷地仕様）","台","catalog-2026-07","https://www.toshiba-lifestyle.com/jp/air_conditioners/","2026-07-21","R1/R2昇格"
"4ecac068d5cf","エアコン・空調","東芝 エアコン 18畳用 5.6kW 最上位 標準仕様","台","catalog-2026-07","https://www.toshiba-lifestyle.com/jp/air_conditioners/","2026-07-21","R1/R2昇格"
"d17511661b16","エアコン・空調","東芝 エアコン 18畳用 5.6kW 最上位 空気清浄フィルター付き","台","catalog-2026-07","https://www.toshiba-lifestyle.com/jp/air_conditioners/","2026-07-21","R1/R2昇格"
"42b1c81f298d","エアコン・空調","東芝 エアコン 18畳用 5.6kW 最上位 自動掃除機能付き","台","catalog-2026-07","https://www.toshiba-lifestyle.com/jp/air_conditioners/","2026-07-21","R1/R2昇格"
"97c297e013bf","エアコン・空調","東芝 エアコン 18畳用 スタンダード","台","catalog-2026-07","https://www.toshiba-lifestyle.com/jp/air_conditioners/","2026-07-21","R1/R2昇格"
"c99d4b64b90f","エアコン・空調","東芝 エアコン 18畳用 ハイスペック","台","catalog-2026-07","https://www.toshiba-lifestyle.com/jp/air_conditioners/","2026-07-21","R1/R2昇格"
"3f870febded3","エアコン・空調","東芝 エアコン 18畳用 プレミアム","台","catalog-2026-07","https://www.toshiba-lifestyle.com/jp/air_conditioners/","2026-07-21","R1/R2昇格"
"e7eeaf06f785","エアコン・空調","東芝 エアコン 18畳用 ミドル","台","catalog-2026-07","https://www.toshiba-lifestyle.com/jp/air_conditioners/","2026-07-21","R1/R2昇格"
"6795a73907e3","エアコン・空調","東芝 エアコン 18畳用 最上位モデル","台","catalog-2026-07","https://www.toshiba-lifestyle.com/jp/air_conditioners/","2026-07-21","R1/R2昇格"
"0b96cc465511","エアコン・空調","東芝 エアコン 20畳用 6.3kW エントリー 暖房メイン（寒冷地仕様）","台","catalog-2026-07","https://www.toshiba-lifestyle.com/jp/air_conditioners/","2026-07-21","R1/R2昇格"
"b5e6d9227880","エアコン・空調","東芝 エアコン 20畳用 6.3kW エントリー 標準仕様","台","catalog-2026-07","https://www.toshiba-lifestyle.com/jp/air_conditioners/","2026-07-21","R1/R2昇格"
"498fffe4c81d","エアコン・空調","東芝 エアコン 20畳用 6.3kW エントリー 空気清浄フィルター付き","台","catalog-2026-07","https://www.toshiba-lifestyle.com/jp/air_conditioners/","2026-07-21","R1/R2昇格"
"ea5069529961","エアコン・空調","東芝 エアコン 20畳用 6.3kW エントリー 自動掃除機能付き","台","catalog-2026-07","https://www.toshiba-lifestyle.com/jp/air_conditioners/","2026-07-21","R1/R2昇格"
"f2d070083aca","エアコン・空調","東芝 エアコン 20畳用 6.3kW スタンダード AI自動運転","台","catalog-2026-07","https://www.toshiba-lifestyle.com/jp/air_conditioners/","2026-07-21","R1/R2昇格"
"f487ff7e2797","エアコン・空調","東芝 エアコン 20畳用 6.3kW スタンダード 暖房メイン（寒冷地仕様）","台","catalog-2026-07","https://www.toshiba-lifestyle.com/jp/air_conditioners/","2026-07-21","R1/R2昇格"
"4717d21b7001","エアコン・空調","東芝 エアコン 20畳用 6.3kW スタンダード 標準仕様","台","catalog-2026-07","https://www.toshiba-lifestyle.com/jp/air_conditioners/","2026-07-21","R1/R2昇格"
"4ab132b1165b","エアコン・空調","東芝 エアコン 20畳用 6.3kW スタンダード 空気清浄フィルター付き","台","catalog-2026-07","https://www.toshiba-lifestyle.com/jp/air_conditioners/","2026-07-21","R1/R2昇格"
"87dba591f7d7","エアコン・空調","東芝 エアコン 20畳用 6.3kW スタンダード 自動掃除機能付き","台","catalog-2026-07","https://www.toshiba-lifestyle.com/jp/air_conditioners/","2026-07-21","R1/R2昇格"
"d50d6146b722","エアコン・空調","東芝 エアコン 20畳用 6.3kW 上位 AI自動運転","台","catalog-2026-07","https://www.toshiba-lifestyle.com/jp/air_conditioners/","2026-07-21","R1/R2昇格"
"4d3d8b71c466","エアコン・空調","東芝 エアコン 20畳用 6.3kW 上位 暖房メイン（寒冷地仕様）","台","catalog-2026-07","https://www.toshiba-lifestyle.com/jp/air_conditioners/","2026-07-21","R1/R2昇格"
"9aa9cccfd8a2","エアコン・空調","東芝 エアコン 20畳用 6.3kW 上位 標準仕様","台","catalog-2026-07","https://www.toshiba-lifestyle.com/jp/air_conditioners/","2026-07-21","R1/R2昇格"
"b6a838da3e28","エアコン・空調","東芝 エアコン 20畳用 6.3kW 上位 空気清浄フィルター付き","台","catalog-2026-07","https://www.toshiba-lifestyle.com/jp/air_conditioners/","2026-07-21","R1/R2昇格"
"18ec28bb9e52","エアコン・空調","東芝 エアコン 20畳用 6.3kW 上位 自動掃除機能付き","台","catalog-2026-07","https://www.toshiba-lifestyle.com/jp/air_conditioners/","2026-07-21","R1/R2昇格"
"4c0082250dfe","エアコン・空調","東芝 エアコン 20畳用 6.3kW 最上位 AI自動運転","台","catalog-2026-07","https://www.toshiba-lifestyle.com/jp/air_conditioners/","2026-07-21","R1/R2昇格"
"d84f4da1efa3","エアコン・空調","東芝 エアコン 20畳用 6.3kW 最上位 暖房メイン（寒冷地仕様）","台","catalog-2026-07","https://www.toshiba-lifestyle.com/jp/air_conditioners/","2026-07-21","R1/R2昇格"
"a094bb9307c0","エアコン・空調","東芝 エアコン 20畳用 6.3kW 最上位 標準仕様","台","catalog-2026-07","https://www.toshiba-lifestyle.com/jp/air_conditioners/","2026-07-21","R1/R2昇格"
"cc97bd1d2a4a","エアコン・空調","東芝 エアコン 20畳用 6.3kW 最上位 空気清浄フィルター付き","台","catalog-2026-07","https://www.toshiba-lifestyle.com/jp/air_conditioners/","2026-07-21","R1/R2昇格"
"c82e26f78340","エアコン・空調","東芝 エアコン 20畳用 6.3kW 最上位 自動掃除機能付き","台","catalog-2026-07","https://www.toshiba-lifestyle.com/jp/air_conditioners/","2026-07-21","R1/R2昇格"
"a8a9df714320","エアコン・空調","東芝 エアコン 20畳用 スタンダード","台","catalog-2026-07","https://www.toshiba-lifestyle.com/jp/air_conditioners/","2026-07-21","R1/R2昇格"
"4bc0a20f4f72","エアコン・空調","東芝 エアコン 20畳用 ハイスペック","台","catalog-2026-07","https://www.toshiba-lifestyle.com/jp/air_conditioners/","2026-07-21","R1/R2昇格"
"6c7442572a9c","エアコン・空調","東芝 エアコン 20畳用 プレミアム","台","catalog-2026-07","https://www.toshiba-lifestyle.com/jp/air_conditioners/","2026-07-21","R1/R2昇格"
"cb5fa194c263","エアコン・空調","東芝 エアコン 20畳用 ミドル","台","catalog-2026-07","https://www.toshiba-lifestyle.com/jp/air_conditioners/","2026-07-21","R1/R2昇格"
"b205bd09a039","エアコン・空調","東芝 エアコン 20畳用 最上位モデル","台","catalog-2026-07","https://www.toshiba-lifestyle.com/jp/air_conditioners/","2026-07-21","R1/R2昇格"
"da9a7443798d","エアコン・空調","東芝 エアコン 23畳用 7.1kW エントリー 暖房メイン（寒冷地仕様）","台","catalog-2026-07","https://www.toshiba-lifestyle.com/jp/air_conditioners/","2026-07-21","R1/R2昇格"
"b0f1194a9761","エアコン・空調","東芝 エアコン 23畳用 7.1kW エントリー 標準仕様","台","catalog-2026-07","https://www.toshiba-lifestyle.com/jp/air_conditioners/","2026-07-21","R1/R2昇格"
"9f01b4b082f6","エアコン・空調","東芝 エアコン 23畳用 7.1kW エントリー 空気清浄フィルター付き","台","catalog-2026-07","https://www.toshiba-lifestyle.com/jp/air_conditioners/","2026-07-21","R1/R2昇格"
"0859576ecd79","エアコン・空調","東芝 エアコン 23畳用 7.1kW エントリー 自動掃除機能付き","台","catalog-2026-07","https://www.toshiba-lifestyle.com/jp/air_conditioners/","2026-07-21","R1/R2昇格"
"a8068dd3ee64","エアコン・空調","東芝 エアコン 23畳用 7.1kW スタンダード AI自動運転","台","catalog-2026-07","https://www.toshiba-lifestyle.com/jp/air_conditioners/","2026-07-21","R1/R2昇格"
"545cc0529a01","エアコン・空調","東芝 エアコン 23畳用 7.1kW スタンダード 暖房メイン（寒冷地仕様）","台","catalog-2026-07","https://www.toshiba-lifestyle.com/jp/air_conditioners/","2026-07-21","R1/R2昇格"
"b44a2919b6c3","エアコン・空調","東芝 エアコン 23畳用 7.1kW スタンダード 標準仕様","台","catalog-2026-07","https://www.toshiba-lifestyle.com/jp/air_conditioners/","2026-07-21","R1/R2昇格"
"61055ae5b257","エアコン・空調","東芝 エアコン 23畳用 7.1kW スタンダード 空気清浄フィルター付き","台","catalog-2026-07","https://www.toshiba-lifestyle.com/jp/air_conditioners/","2026-07-21","R1/R2昇格"
"2f09440bd466","エアコン・空調","東芝 エアコン 23畳用 7.1kW スタンダード 自動掃除機能付き","台","catalog-2026-07","https://www.toshiba-lifestyle.com/jp/air_conditioners/","2026-07-21","R1/R2昇格"
"25639578f680","エアコン・空調","東芝 エアコン 23畳用 7.1kW 上位 AI自動運転","台","catalog-2026-07","https://www.toshiba-lifestyle.com/jp/air_conditioners/","2026-07-21","R1/R2昇格"
"8ef12d2ca3f4","エアコン・空調","東芝 エアコン 23畳用 7.1kW 上位 暖房メイン（寒冷地仕様）","台","catalog-2026-07","https://www.toshiba-lifestyle.com/jp/air_conditioners/","2026-07-21","R1/R2昇格"
"e62879d4dfc1","エアコン・空調","東芝 エアコン 23畳用 7.1kW 上位 標準仕様","台","catalog-2026-07","https://www.toshiba-lifestyle.com/jp/air_conditioners/","2026-07-21","R1/R2昇格"
"a2795a4cbf61","エアコン・空調","東芝 エアコン 23畳用 7.1kW 上位 空気清浄フィルター付き","台","catalog-2026-07","https://www.toshiba-lifestyle.com/jp/air_conditioners/","2026-07-21","R1/R2昇格"
"1d03ce7a4d9e","エアコン・空調","東芝 エアコン 23畳用 7.1kW 上位 自動掃除機能付き","台","catalog-2026-07","https://www.toshiba-lifestyle.com/jp/air_conditioners/","2026-07-21","R1/R2昇格"
"e67c52ead966","エアコン・空調","東芝 エアコン 23畳用 7.1kW 最上位 AI自動運転","台","catalog-2026-07","https://www.toshiba-lifestyle.com/jp/air_conditioners/","2026-07-21","R1/R2昇格"
"9d20cdb2a2ca","エアコン・空調","東芝 エアコン 23畳用 7.1kW 最上位 暖房メイン（寒冷地仕様）","台","catalog-2026-07","https://www.toshiba-lifestyle.com/jp/air_conditioners/","2026-07-21","R1/R2昇格"
"b55102df3791","エアコン・空調","東芝 エアコン 23畳用 7.1kW 最上位 標準仕様","台","catalog-2026-07","https://www.toshiba-lifestyle.com/jp/air_conditioners/","2026-07-21","R1/R2昇格"
"62091d09962a","エアコン・空調","東芝 エアコン 23畳用 7.1kW 最上位 空気清浄フィルター付き","台","catalog-2026-07","https://www.toshiba-lifestyle.com/jp/air_conditioners/","2026-07-21","R1/R2昇格"
"12f8ee50aa1e","エアコン・空調","東芝 エアコン 23畳用 7.1kW 最上位 自動掃除機能付き","台","catalog-2026-07","https://www.toshiba-lifestyle.com/jp/air_conditioners/","2026-07-21","R1/R2昇格"
"f8c440e3cb50","エアコン・空調","東芝 エアコン 6畳用 2.2kW エントリー 暖房メイン（寒冷地仕様）","台","catalog-2026-07","https://www.toshiba-lifestyle.com/jp/air_conditioners/","2026-07-21","R1/R2昇格"
"ea452d5be0b9","エアコン・空調","東芝 エアコン 6畳用 2.2kW エントリー 標準仕様","台","catalog-2026-07","https://www.toshiba-lifestyle.com/jp/air_conditioners/","2026-07-21","R1/R2昇格"
"a63b7df4be9c","エアコン・空調","東芝 エアコン 6畳用 2.2kW エントリー 空気清浄フィルター付き","台","catalog-2026-07","https://www.toshiba-lifestyle.com/jp/air_conditioners/","2026-07-21","R1/R2昇格"
"9a9c80b382df","エアコン・空調","東芝 エアコン 6畳用 2.2kW エントリー 自動掃除機能付き","台","catalog-2026-07","https://www.toshiba-lifestyle.com/jp/air_conditioners/","2026-07-21","R1/R2昇格"
"859a92a677ac","エアコン・空調","東芝 エアコン 6畳用 2.2kW スタンダード AI自動運転","台","catalog-2026-07","https://www.toshiba-lifestyle.com/jp/air_conditioners/","2026-07-21","R1/R2昇格"
"2a68bc24a1fc","エアコン・空調","東芝 エアコン 6畳用 2.2kW スタンダード 暖房メイン（寒冷地仕様）","台","catalog-2026-07","https://www.toshiba-lifestyle.com/jp/air_conditioners/","2026-07-21","R1/R2昇格"
"f8089be13e96","エアコン・空調","東芝 エアコン 6畳用 2.2kW スタンダード 標準仕様","台","catalog-2026-07","https://www.toshiba-lifestyle.com/jp/air_conditioners/","2026-07-21","R1/R2昇格"
"b51bed614302","エアコン・空調","東芝 エアコン 6畳用 2.2kW スタンダード 空気清浄フィルター付き","台","catalog-2026-07","https://www.toshiba-lifestyle.com/jp/air_conditioners/","2026-07-21","R1/R2昇格"
"a19da0a7780b","エアコン・空調","東芝 エアコン 6畳用 2.2kW スタンダード 自動掃除機能付き","台","catalog-2026-07","https://www.toshiba-lifestyle.com/jp/air_conditioners/","2026-07-21","R1/R2昇格"
"8fef8b315e66","エアコン・空調","東芝 エアコン 6畳用 2.2kW 上位 AI自動運転","台","catalog-2026-07","https://www.toshiba-lifestyle.com/jp/air_conditioners/","2026-07-21","R1/R2昇格"
"2c8f352f8397","エアコン・空調","東芝 エアコン 6畳用 2.2kW 上位 暖房メイン（寒冷地仕様）","台","catalog-2026-07","https://www.toshiba-lifestyle.com/jp/air_conditioners/","2026-07-21","R1/R2昇格"
"60f3d465d220","エアコン・空調","東芝 エアコン 6畳用 2.2kW 上位 標準仕様","台","catalog-2026-07","https://www.toshiba-lifestyle.com/jp/air_conditioners/","2026-07-21","R1/R2昇格"
"d7333f3e30a2","エアコン・空調","東芝 エアコン 6畳用 2.2kW 上位 空気清浄フィルター付き","台","catalog-2026-07","https://www.toshiba-lifestyle.com/jp/air_conditioners/","2026-07-21","R1/R2昇格"
"1cbf1df33983","エアコン・空調","東芝 エアコン 6畳用 2.2kW 上位 自動掃除機能付き","台","catalog-2026-07","https://www.toshiba-lifestyle.com/jp/air_conditioners/","2026-07-21","R1/R2昇格"
"c201cb861dbd","エアコン・空調","東芝 エアコン 6畳用 スタンダード","台","catalog-2026-07","https://www.toshiba-lifestyle.com/jp/air_conditioners/","2026-07-21","R1/R2昇格"
"0096c4c02c8b","エアコン・空調","東芝 エアコン 6畳用 ハイスペック","台","catalog-2026-07","https://www.toshiba-lifestyle.com/jp/air_conditioners/","2026-07-21","R1/R2昇格"
"919a16759ed3","エアコン・空調","東芝 エアコン 6畳用 プレミアム","台","catalog-2026-07","https://www.toshiba-lifestyle.com/jp/air_conditioners/","2026-07-21","R1/R2昇格"
"4dbb0e7416ac","エアコン・空調","東芝 エアコン 6畳用 ミドル","台","catalog-2026-07","https://www.toshiba-lifestyle.com/jp/air_conditioners/","2026-07-21","R1/R2昇格"
"4105d5c58e67","エアコン・空調","東芝 エアコン 6畳用 最上位モデル","台","catalog-2026-07","https://www.toshiba-lifestyle.com/jp/air_conditioners/","2026-07-21","R1/R2昇格"
"3b16db68b751","エアコン・空調","東芝 エアコン 8畳用 2.5kW エントリー 暖房メイン（寒冷地仕様）","台","catalog-2026-07","https://www.toshiba-lifestyle.com/jp/air_conditioners/","2026-07-21","R1/R2昇格"
"619e2902fefb","エアコン・空調","東芝 エアコン 8畳用 2.5kW エントリー 標準仕様","台","catalog-2026-07","https://www.toshiba-lifestyle.com/jp/air_conditioners/","2026-07-21","R1/R2昇格"
"86a8517deb97","エアコン・空調","東芝 エアコン 8畳用 2.5kW エントリー 空気清浄フィルター付き","台","catalog-2026-07","https://www.toshiba-lifestyle.com/jp/air_conditioners/","2026-07-21","R1/R2昇格"
"f20de26d8c29","エアコン・空調","東芝 エアコン 8畳用 2.5kW エントリー 自動掃除機能付き","台","catalog-2026-07","https://www.toshiba-lifestyle.com/jp/air_conditioners/","2026-07-21","R1/R2昇格"
"7551e1563099","エアコン・空調","東芝 エアコン 8畳用 2.5kW スタンダード AI自動運転","台","catalog-2026-07","https://www.toshiba-lifestyle.com/jp/air_conditioners/","2026-07-21","R1/R2昇格"
"590c902b8e5d","エアコン・空調","東芝 エアコン 8畳用 2.5kW スタンダード 暖房メイン（寒冷地仕様）","台","catalog-2026-07","https://www.toshiba-lifestyle.com/jp/air_conditioners/","2026-07-21","R1/R2昇格"
"f6b582b361fb","エアコン・空調","東芝 エアコン 8畳用 2.5kW スタンダード 標準仕様","台","catalog-2026-07","https://www.toshiba-lifestyle.com/jp/air_conditioners/","2026-07-21","R1/R2昇格"
"bc034c11d8f2","エアコン・空調","東芝 エアコン 8畳用 2.5kW スタンダード 空気清浄フィルター付き","台","catalog-2026-07","https://www.toshiba-lifestyle.com/jp/air_conditioners/","2026-07-21","R1/R2昇格"
"ba711bc38643","エアコン・空調","東芝 エアコン 8畳用 2.5kW スタンダード 自動掃除機能付き","台","catalog-2026-07","https://www.toshiba-lifestyle.com/jp/air_conditioners/","2026-07-21","R1/R2昇格"
"6d28acb87a8c","エアコン・空調","東芝 エアコン 8畳用 2.5kW 上位 AI自動運転","台","catalog-2026-07","https://www.toshiba-lifestyle.com/jp/air_conditioners/","2026-07-21","R1/R2昇格"
"ce4035e01b8e","エアコン・空調","東芝 エアコン 8畳用 2.5kW 上位 暖房メイン（寒冷地仕様）","台","catalog-2026-07","https://www.toshiba-lifestyle.com/jp/air_conditioners/","2026-07-21","R1/R2昇格"
"d8d01ed5d403","エアコン・空調","東芝 エアコン 8畳用 2.5kW 上位 標準仕様","台","catalog-2026-07","https://www.toshiba-lifestyle.com/jp/air_conditioners/","2026-07-21","R1/R2昇格"
"4fcdef3afb5a","エアコン・空調","東芝 エアコン 8畳用 2.5kW 上位 空気清浄フィルター付き","台","catalog-2026-07","https://www.toshiba-lifestyle.com/jp/air_conditioners/","2026-07-21","R1/R2昇格"
"8bd2d94aae39","エアコン・空調","東芝 エアコン 8畳用 2.5kW 上位 自動掃除機能付き","台","catalog-2026-07","https://www.toshiba-lifestyle.com/jp/air_conditioners/","2026-07-21","R1/R2昇格"
"0cf6ebf77dc9","エアコン・空調","東芝 エアコン 8畳用 2.5kW 最上位 AI自動運転","台","catalog-2026-07","https://www.toshiba-lifestyle.com/jp/air_conditioners/","2026-07-21","R1/R2昇格"
"d06c7faa39e7","エアコン・空調","東芝 エアコン 8畳用 2.5kW 最上位 暖房メイン（寒冷地仕様）","台","catalog-2026-07","https://www.toshiba-lifestyle.com/jp/air_conditioners/","2026-07-21","R1/R2昇格"
"d54f0b2fa87d","エアコン・空調","東芝 エアコン 8畳用 2.5kW 最上位 標準仕様","台","catalog-2026-07","https://www.toshiba-lifestyle.com/jp/air_conditioners/","2026-07-21","R1/R2昇格"
"f27d5101294d","エアコン・空調","東芝 エアコン 8畳用 2.5kW 最上位 空気清浄フィルター付き","台","catalog-2026-07","https://www.toshiba-lifestyle.com/jp/air_conditioners/","2026-07-21","R1/R2昇格"
"11d73bb19453","エアコン・空調","東芝 エアコン 8畳用 2.5kW 最上位 自動掃除機能付き","台","catalog-2026-07","https://www.toshiba-lifestyle.com/jp/air_conditioners/","2026-07-21","R1/R2昇格"
"e795b47e3358","エアコン・空調","東芝 エアコン 8畳用 スタンダード","台","catalog-2026-07","https://www.toshiba-lifestyle.com/jp/air_conditioners/","2026-07-21","R1/R2昇格"
"dbb093dc5627","エアコン・空調","東芝 エアコン 8畳用 ハイスペック","台","catalog-2026-07","https://www.toshiba-lifestyle.com/jp/air_conditioners/","2026-07-21","R1/R2昇格"
"11e802243178","エアコン・空調","東芝 エアコン 8畳用 プレミアム","台","catalog-2026-07","https://www.toshiba-lifestyle.com/jp/air_conditioners/","2026-07-21","R1/R2昇格"
"b9d9dc254b2d","エアコン・空調","東芝 エアコン 8畳用 ミドル","台","catalog-2026-07","https://www.toshiba-lifestyle.com/jp/air_conditioners/","2026-07-21","R1/R2昇格"
"4d8576553a5a","エアコン・空調","東芝 エアコン 8畳用 最上位モデル","台","catalog-2026-07","https://www.toshiba-lifestyle.com/jp/air_conditioners/","2026-07-21","R1/R2昇格"
"0967aeca3284","エアコン・空調","東芝（業務用） 全熱交換機 業務用 800m³/h","台","catalog-2026-07","https://proshop.ac.daikin.co.jp/business/useful/select/1101_4.html","2026-07-21","R1/R2昇格"
"ce4992e5fdfe","エアコン・空調","東芝（業務用） 壁掛形 業務用 2.2kW（小型店舗）","台","catalog-2026-07","https://proshop.ac.daikin.co.jp/business/useful/select/1101_4.html","2026-07-21","R1/R2昇格"
"803761e44e54","エアコン・空調","東芝（業務用） 天井カセット形 2方向 2HP（6kW）","台","catalog-2026-07","https://proshop.ac.daikin.co.jp/business/useful/select/1101_4.html","2026-07-21","R1/R2昇格"
"8a1ce21d70fa","エアコン・空調","東芝（業務用） 天井カセット形 2方向 3HP（9kW）","台","catalog-2026-07","https://proshop.ac.daikin.co.jp/business/useful/select/1101_4.html","2026-07-21","R1/R2昇格"
"b05bc2fabdf4","エアコン・空調","東芝（業務用） 天井カセット形 4方向 10HP（30kW）","台","catalog-2026-07","https://proshop.ac.daikin.co.jp/business/useful/select/1101_4.html","2026-07-21","R1/R2昇格"
"3e2b3c16b31b","エアコン・空調","東芝（業務用） 天井カセット形 4方向 3HP（9kW）","台","catalog-2026-07","https://proshop.ac.daikin.co.jp/business/useful/select/1101_4.html","2026-07-21","R1/R2昇格"
"b2144de72703","エアコン・空調","東芝（業務用） 天井カセット形 4方向 5HP（15kW）","台","catalog-2026-07","https://proshop.ac.daikin.co.jp/business/useful/select/1101_4.html","2026-07-21","R1/R2昇格"
"7bec7f99f989","エアコン・空調","東芝（業務用） 天井カセット形 4方向 8HP（24kW）","台","catalog-2026-07","https://proshop.ac.daikin.co.jp/business/useful/select/1101_4.html","2026-07-21","R1/R2昇格"
"5fc2a76f3c82","エアコン・空調","東芝（業務用） 天井埋込ダクト形 3HP","台","catalog-2026-07","https://proshop.ac.daikin.co.jp/business/useful/select/1101_4.html","2026-07-21","R1/R2昇格"
"1206d38bf9bc","エアコン・空調","東芝（業務用） 天井埋込ダクト形 8HP","台","catalog-2026-07","https://proshop.ac.daikin.co.jp/business/useful/select/1101_4.html","2026-07-21","R1/R2昇格"
"e6f556e46fd2","エアコン・空調","東芝（業務用） 天吊形 3HP（倉庫・バックヤード）","台","catalog-2026-07","https://proshop.ac.daikin.co.jp/business/useful/select/1101_4.html","2026-07-21","R1/R2昇格"
"3dabdfce9eed","エアコン・空調","東芝（業務用） 床置き形 3HP（ショーケース向き）","台","catalog-2026-07","https://proshop.ac.daikin.co.jp/business/useful/select/1101_4.html","2026-07-21","R1/R2昇格"
"d8621207b200","エアコン・空調","東芝（業務用） 業務用マルチ 室外機 16HP","台","catalog-2026-07","https://proshop.ac.daikin.co.jp/business/useful/select/1101_4.html","2026-07-21","R1/R2昇格"
"de6aacb55d98","エアコン・空調","東芝（業務用） 業務用マルチエアコン 室外機 8HP","台","catalog-2026-07","https://proshop.ac.daikin.co.jp/business/useful/select/1101_4.html","2026-07-21","R1/R2昇格"
"b7c27a49d3d8","エアコン・空調","業務用エアコン清掃（天カセ 1台）","台","catalog-2026-07","https://proshop.ac.daikin.co.jp/business/useful/select/1101_4.html","2026-07-21","R1/R2昇格"
"6f2e2f5b4257","給湯器","ノーリツ GT-C72シリーズ GT-C2472PWAW-1 BL 24号 フルオート プレミアムW除菌 屋外壁掛形","台","catalog-2026-07","https://www.noritz.co.jp/product/kyutou_bath/gas/gasfuro_eco/gasfuro_c72.html","2026-07-21","収穫第1便"
"30ccc1b06d9b","給湯器","ノーリツ GT-C72シリーズ GT-C2472PAW-1 BL 24号 フルオート プレミアム除菌 屋外壁掛形","台","catalog-2026-07","https://www.noritz.co.jp/product/kyutou_bath/gas/gasfuro_eco/gasfuro_c72.html","2026-07-21","収穫第1便"
"2efe860e4651","給湯器","ノーリツ GT-C72シリーズ GT-C2472AW-1 BL 24号 フルオート スタンダード 屋外壁掛形","台","catalog-2026-07","https://www.noritz.co.jp/product/kyutou_bath/gas/gasfuro_eco/gasfuro_c72.html","2026-07-21","収穫第1便"
"4d5cff884d34","給湯器","ノーリツ GT-C72シリーズ GT-C2472SAW-1 BL 24号 オート シンプル 屋外壁掛形","台","catalog-2026-07","https://www.noritz.co.jp/product/kyutou_bath/gas/gasfuro_eco/gasfuro_c72.html","2026-07-21","収穫第1便"
"7373133174ee","給湯器","ノーリツ GT-C72シリーズ GT-C2072PWAW-1 BL 20号 フルオート プレミアムW除菌 屋外壁掛形","台","catalog-2026-07","https://www.noritz.co.jp/product/kyutou_bath/gas/gasfuro_eco/gasfuro_c72.html","2026-07-21","収穫第1便"
"4694f5e979d2","給湯器","ノーリツ GT-C72シリーズ GT-C2072PAW-1 BL 20号 フルオート プレミアム除菌 屋外壁掛形","台","catalog-2026-07","https://www.noritz.co.jp/product/kyutou_bath/gas/gasfuro_eco/gasfuro_c72.html","2026-07-21","収穫第1便"
"61d4e2fbc397","給湯器","ノーリツ GT-C72シリーズ GT-C2072AW-1 BL 20号 フルオート スタンダード 屋外壁掛形","台","catalog-2026-07","https://www.noritz.co.jp/product/kyutou_bath/gas/gasfuro_eco/gasfuro_c72.html","2026-07-21","収穫第1便"
"fad2e04508a5","給湯器","ノーリツ GT-C72シリーズ GT-C2072SAW-1 BL 20号 オート シンプル 屋外壁掛形","台","catalog-2026-07","https://www.noritz.co.jp/product/kyutou_bath/gas/gasfuro_eco/gasfuro_c72.html","2026-07-21","収穫第1便"
"c99341aec4ca","給湯器","ノーリツ GT-C72シリーズ GT-C1672PWAW-1 BL 16号 フルオート プレミアムW除菌 屋外壁掛形","台","catalog-2026-07","https://www.noritz.co.jp/product/kyutou_bath/gas/gasfuro_eco/gasfuro_c72.html","2026-07-21","収穫第1便"
"9a3f96153ff3","給湯器","ノーリツ GT-C72シリーズ GT-C1672PAW-1 BL 16号 フルオート プレミアム除菌 屋外壁掛形","台","catalog-2026-07","https://www.noritz.co.jp/product/kyutou_bath/gas/gasfuro_eco/gasfuro_c72.html","2026-07-21","収穫第1便"
"99bb436246f4","給湯器","ノーリツ GT-C72シリーズ GT-C1672AW-1 BL 16号 フルオート スタンダード 屋外壁掛形","台","catalog-2026-07","https://www.noritz.co.jp/product/kyutou_bath/gas/gasfuro_eco/gasfuro_c72.html","2026-07-21","収穫第1便"
"30a5e6923baf","給湯器","ノーリツ GT-C72シリーズ GT-C1672SAW-1 BL 16号 オート シンプル 屋外壁掛形","台","catalog-2026-07","https://www.noritz.co.jp/product/kyutou_bath/gas/gasfuro_eco/gasfuro_c72.html","2026-07-21","収穫第1便"
"7298d669f647","給湯器","ノーリツ GT-C72シリーズ GT-C2472PWAR-1 BL 24号 フルオート プレミアムW除菌 屋外据置形","台","catalog-2026-07","https://www.noritz.co.jp/product/kyutou_bath/gas/gasfuro_eco/gasfuro_c72.html","2026-07-21","収穫第1便"
"404431ee2eee","給湯器","ノーリツ GT-C72シリーズ GT-C2472PAR-1 BL 24号 フルオート プレミアム除菌 屋外据置形","台","catalog-2026-07","https://www.noritz.co.jp/product/kyutou_bath/gas/gasfuro_eco/gasfuro_c72.html","2026-07-21","収穫第1便"
"a607f4716079","給湯器","ノーリツ GT-C72シリーズ GT-C2472AR-1 BL 24号 フルオート スタンダード 屋外据置形","台","catalog-2026-07","https://www.noritz.co.jp/product/kyutou_bath/gas/gasfuro_eco/gasfuro_c72.html","2026-07-21","収穫第1便"
"8b4233c1b141","給湯器","ノーリツ GT-C72シリーズ GT-C2472SAR-1 BL 24号 オート シンプル 屋外据置形","台","catalog-2026-07","https://www.noritz.co.jp/product/kyutou_bath/gas/gasfuro_eco/gasfuro_c72.html","2026-07-21","収穫第1便"
"7a6c39bd096e","給湯器","ノーリツ GT-C72シリーズ GT-C2072PWAR-1 BL 20号 フルオート プレミアムW除菌 屋外据置形","台","catalog-2026-07","https://www.noritz.co.jp/product/kyutou_bath/gas/gasfuro_eco/gasfuro_c72.html","2026-07-21","収穫第1便"
"9424e01a466b","給湯器","ノーリツ GT-C72シリーズ GT-C2072PAR-1 BL 20号 フルオート プレミアム除菌 屋外据置形","台","catalog-2026-07","https://www.noritz.co.jp/product/kyutou_bath/gas/gasfuro_eco/gasfuro_c72.html","2026-07-21","収穫第1便"
"2f125cef2959","給湯器","ノーリツ GT-C72シリーズ GT-C2072AR-1 BL 20号 フルオート スタンダード 屋外据置形","台","catalog-2026-07","https://www.noritz.co.jp/product/kyutou_bath/gas/gasfuro_eco/gasfuro_c72.html","2026-07-21","収穫第1便"
"49f328502156","給湯器","ノーリツ GT-C72シリーズ GT-C2072SAR-1 BL 20号 オート シンプル 屋外据置形","台","catalog-2026-07","https://www.noritz.co.jp/product/kyutou_bath/gas/gasfuro_eco/gasfuro_c72.html","2026-07-21","収穫第1便"
"3e63145d3de4","給湯器","ノーリツ GT-C72シリーズ GT-C1672PWAR-1 BL 16号 フルオート プレミアムW除菌 屋外据置形","台","catalog-2026-07","https://www.noritz.co.jp/product/kyutou_bath/gas/gasfuro_eco/gasfuro_c72.html","2026-07-21","収穫第1便"
"b2e9475ce7e6","給湯器","ノーリツ GT-C72シリーズ GT-C1672PAR-1 BL 16号 フルオート プレミアム除菌 屋外据置形","台","catalog-2026-07","https://www.noritz.co.jp/product/kyutou_bath/gas/gasfuro_eco/gasfuro_c72.html","2026-07-21","収穫第1便"
"bb021ee4e0b5","給湯器","ノーリツ GT-C72シリーズ GT-C1672AR-1 BL 16号 フルオート スタンダード 屋外据置形","台","catalog-2026-07","https://www.noritz.co.jp/product/kyutou_bath/gas/gasfuro_eco/gasfuro_c72.html","2026-07-21","収穫第1便"
"147666a8c1f9","給湯器","ノーリツ GT-C72シリーズ GT-C1672SAR-1 BL 16号 オート シンプル 屋外据置形","台","catalog-2026-07","https://www.noritz.co.jp/product/kyutou_bath/gas/gasfuro_eco/gasfuro_c72.html","2026-07-21","収穫第1便"
"2796e5923758","給湯器","ノーリツ GT-C72シリーズ GT-C2472AW-PS-1 BL 24号 フルオート スタンダード PS標準設置形","台","catalog-2026-07","https://www.noritz.co.jp/product/kyutou_bath/gas/gasfuro_eco/gasfuro_c72.html","2026-07-21","収穫第1便"
"4dfd6ee28ca5","給湯器","ノーリツ GT-C72シリーズ GT-C2472SAW-PS-1 BL 24号 オート シンプル PS標準設置形","台","catalog-2026-07","https://www.noritz.co.jp/product/kyutou_bath/gas/gasfuro_eco/gasfuro_c72.html","2026-07-21","収穫第1便"
"00d7317a04dd","給湯器","ノーリツ GT-C72シリーズ GT-C2072AW-PS-1 BL 20号 フルオート スタンダード PS標準設置形","台","catalog-2026-07","https://www.noritz.co.jp/product/kyutou_bath/gas/gasfuro_eco/gasfuro_c72.html","2026-07-21","収穫第1便"
"df0f576986c9","給湯器","ノーリツ GT-C72シリーズ GT-C2072SAW-PS-1 BL 20号 オート シンプル PS標準設置形","台","catalog-2026-07","https://www.noritz.co.jp/product/kyutou_bath/gas/gasfuro_eco/gasfuro_c72.html","2026-07-21","収穫第1便"
"6b8665d88a07","給湯器","ノーリツ GT-C72シリーズ GT-C1672AW-PS-1 BL 16号 フルオート スタンダード PS標準設置形","台","catalog-2026-07","https://www.noritz.co.jp/product/kyutou_bath/gas/gasfuro_eco/gasfuro_c72.html","2026-07-21","収穫第1便"
"25a6f732be55","給湯器","ノーリツ GT-C72シリーズ GT-C1672SAW-PS-1 BL 16号 オート シンプル PS標準設置形","台","catalog-2026-07","https://www.noritz.co.jp/product/kyutou_bath/gas/gasfuro_eco/gasfuro_c72.html","2026-07-21","収穫第1便"
"ce57744f5e3a","給湯器","ノーリツ GT-C72シリーズ GT-C2472AW-SFF BL 24号 フルオート スタンダード 屋内壁掛強制給排気形","台","catalog-2026-07","https://www.noritz.co.jp/product/kyutou_bath/gas/gasfuro_eco/gasfuro_c72.html","2026-07-21","収穫第1便"
"c81d1dd52efa","給湯器","ノーリツ GT-C72シリーズ GT-C2472SAW-SFF BL 24号 オート シンプル 屋内壁掛強制給排気形","台","catalog-2026-07","https://www.noritz.co.jp/product/kyutou_bath/gas/gasfuro_eco/gasfuro_c72.html","2026-07-21","収穫第1便"
"4425523b2de9","給湯器","ノーリツ GT-C72シリーズ GT-C2072AW-SFF BL 20号 フルオート スタンダード 屋内壁掛強制給排気形","台","catalog-2026-07","https://www.noritz.co.jp/product/kyutou_bath/gas/gasfuro_eco/gasfuro_c72.html","2026-07-21","収穫第1便"
"fe119fc29bc4","給湯器","ノーリツ GT-C72シリーズ GT-C2072SAW-SFF BL 20号 オート シンプル 屋内壁掛強制給排気形","台","catalog-2026-07","https://www.noritz.co.jp/product/kyutou_bath/gas/gasfuro_eco/gasfuro_c72.html","2026-07-21","収穫第1便"
"2a29505b5833","給湯器","ノーリツ GT-C72シリーズ GT-C1672AW-SFF BL 16号 フルオート スタンダード 屋内壁掛強制給排気形","台","catalog-2026-07","https://www.noritz.co.jp/product/kyutou_bath/gas/gasfuro_eco/gasfuro_c72.html","2026-07-21","収穫第1便"
"45f5f358288a","給湯器","ノーリツ GT-C72シリーズ GT-C1672SAW-SFF BL 16号 オート シンプル 屋内壁掛強制給排気形","台","catalog-2026-07","https://www.noritz.co.jp/product/kyutou_bath/gas/gasfuro_eco/gasfuro_c72.html","2026-07-21","収穫第1便"
"dbff3da76eaf","給湯器","ノーリツ GTH-C2471シリーズ GTH-C2471PWAW6H BL 24号 温水暖房付ふろ給湯器 屋外壁掛形","台","catalog-2026-07","https://www.noritz.co.jp/product/kyutou_bath/gas/onsuifuro_eco/onsuifuro_c2471.html","2026-07-21","収穫第1便"
"0fc1f77dc1c3","給湯器","ノーリツ GTH-C2471シリーズ GTH-C2471PAW6H BL 24号 温水暖房付ふろ給湯器 屋外壁掛形","台","catalog-2026-07","https://www.noritz.co.jp/product/kyutou_bath/gas/onsuifuro_eco/onsuifuro_c2471.html","2026-07-21","収穫第1便"
"d4be42c57ea1","給湯器","ノーリツ GTH-C2471シリーズ GTH-C2471AW6H BL 24号 温水暖房付ふろ給湯器 屋外壁掛形","台","catalog-2026-07","https://www.noritz.co.jp/product/kyutou_bath/gas/onsuifuro_eco/onsuifuro_c2471.html","2026-07-21","収穫第1便"
"968cfb6c5e10","給湯器","ノーリツ GTH-C2471シリーズ GTH-C2471SAW6H BL 24号 温水暖房付ふろ給湯器 屋外壁掛形","台","catalog-2026-07","https://www.noritz.co.jp/product/kyutou_bath/gas/onsuifuro_eco/onsuifuro_c2471.html","2026-07-21","収穫第1便"
"f604b68d132c","給湯器","ノーリツ GTH-C2471シリーズ GTH-C2471AW3H BL 24号 温水暖房付ふろ給湯器 屋外壁掛形","台","catalog-2026-07","https://www.noritz.co.jp/product/kyutou_bath/gas/onsuifuro_eco/onsuifuro_c2471.html","2026-07-21","収穫第1便"
"0e398aab99fa","給湯器","ノーリツ GTH-C2471シリーズ GTH-C2471SAW3H BL 24号 温水暖房付ふろ給湯器 屋外壁掛形","台","catalog-2026-07","https://www.noritz.co.jp/product/kyutou_bath/gas/onsuifuro_eco/onsuifuro_c2471.html","2026-07-21","収穫第1便"
"0abc07055978","給湯器","ノーリツ GTH-C2471シリーズ GTH-C2471AWD BL 24号 温水暖房付ふろ給湯器 屋外壁掛形","台","catalog-2026-07","https://www.noritz.co.jp/product/kyutou_bath/gas/onsuifuro_eco/onsuifuro_c2471.html","2026-07-21","収穫第1便"
"30d3089b6077","給湯器","ノーリツ GTH-C2471シリーズ GTH-C2471SAWD BL 24号 温水暖房付ふろ給湯器 屋外壁掛形","台","catalog-2026-07","https://www.noritz.co.jp/product/kyutou_bath/gas/onsuifuro_eco/onsuifuro_c2471.html","2026-07-21","収穫第1便"
"caae726ed5f7","給湯器","ノーリツ GTH-C2471シリーズ GTH-C2471PWAW6H-L BL 24号 温水暖房付ふろ給湯器 PSアルコーブ設置形","台","catalog-2026-07","https://www.noritz.co.jp/product/kyutou_bath/gas/onsuifuro_eco/onsuifuro_c2471.html","2026-07-21","収穫第1便"
"54aacd1c5e54","給湯器","ノーリツ GTH-C2471シリーズ GTH-C2471AW6H-L BL 24号 温水暖房付ふろ給湯器 PSアルコーブ設置形","台","catalog-2026-07","https://www.noritz.co.jp/product/kyutou_bath/gas/onsuifuro_eco/onsuifuro_c2471.html","2026-07-21","収穫第1便"
"7fb3abbea3ee","給湯器","ノーリツ GTH-C2471シリーズ GTH-C2471SAW6H-L BL 24号 温水暖房付ふろ給湯器 PSアルコーブ設置形","台","catalog-2026-07","https://www.noritz.co.jp/product/kyutou_bath/gas/onsuifuro_eco/onsuifuro_c2471.html","2026-07-21","収穫第1便"
"74cb1fe8a264","給湯器","ノーリツ GTH-C2471シリーズ GTH-C2471AW3H-L BL 24号 温水暖房付ふろ給湯器 PSアルコーブ設置形","台","catalog-2026-07","https://www.noritz.co.jp/product/kyutou_bath/gas/onsuifuro_eco/onsuifuro_c2471.html","2026-07-21","収穫第1便"
"b84400b91737","給湯器","ノーリツ ガス温水暖房付ふろ給湯器 GTH-C(P/V)70シリーズ 温水暖房付ふろ給湯器","台","catalog-2026-07","https://www.noritz.co.jp/product/kyutou_bath/gas/onsuifuro_eco/","2026-07-21","収穫第1便"
"e44e405f327d","給湯器","ノーリツ ガス温水暖房付ふろ給湯器 GTH-C2461-SFFシリーズ 温水暖房付ふろ給湯器","台","catalog-2026-07","https://www.noritz.co.jp/product/kyutou_bath/gas/onsuifuro_eco/","2026-07-21","収穫第1便"
"c6e7b1c83a01","給湯器","ノーリツ ガス温水暖房付ふろ給湯器 GTH-1660-SFFシリーズ 温水暖房付ふろ給湯器","台","catalog-2026-07","https://www.noritz.co.jp/product/kyutou_bath/gas/onsuifuro_eco/","2026-07-21","収穫第1便"
"c85d8ab558a0","給湯器","ノーリツ ガス温水暖房付ふろ給湯器 GTH-C59-1シリーズ 温水暖房付ふろ給湯器 コンパクトタイプ","台","catalog-2026-07","https://www.noritz.co.jp/product/kyutou_bath/gas/onsuifuro_eco/","2026-07-21","収穫第1便"
"1e9faf0f5263","給湯器","ノーリツ ガス温水暖房付ふろ給湯器 GTH-C63シリーズ 温水暖房付ふろ給湯器 スリムタイプ","台","catalog-2026-07","https://www.noritz.co.jp/product/kyutou_bath/gas/onsuifuro_eco/","2026-07-21","収穫第1便"
"cd98ed79fc73","給湯器","ノーリツ ガス温水暖房付ふろ給湯器 GTH-54シリーズ 温水暖房付ふろ給湯器","台","catalog-2026-07","https://www.noritz.co.jp/product/kyutou_bath/gas/onsuifuro_eco/","2026-07-21","収穫第1便"
"055201bcb415","給湯器","ノーリツ ガス給湯器 GQ-C32WXシリーズ 24号 給湯専用 設置フリー形","台","catalog-2026-07","https://www.noritz.co.jp/product/kyutou_bath/gas/gas_eco/","2026-07-21","収穫第1便"
"ba712142fc79","給湯器","ノーリツ ガス給湯器 GQ-C38WXSシリーズ 16号・20号 給湯専用 スリムタイプ 設置フリー形","台","catalog-2026-07","https://www.noritz.co.jp/product/kyutou_bath/gas/gas_eco/","2026-07-21","収穫第1便"
"40e261ef4765","給湯器","ノーリツ ガス給湯器 GQ-C34WSシリーズ 16号・20号・24号 給湯専用 設置フリー形","台","catalog-2026-07","https://www.noritz.co.jp/product/kyutou_bath/gas/gas_eco/","2026-07-21","収穫第1便"
"01732ac6b2f1","給湯器","ノーリツ ガス給湯器 GQ-C34AWXシリーズ 16号 給湯専用 設置フリー形","台","catalog-2026-07","https://www.noritz.co.jp/product/kyutou_bath/gas/gas_eco/","2026-07-21","収穫第1便"
"4bd8f2ef8095","給湯器","ノーリツ ガス給湯器 GQ-39WSシリーズ 16号・20号・24号 給湯専用","台","catalog-2026-07","https://www.noritz.co.jp/product/kyutou_bath/gas/gas_eco/","2026-07-21","収穫第1便"
"731b335f46f2","給湯器","ノーリツ ガス給湯器 GQ-28WSシリーズ 16号・20号 給湯専用","台","catalog-2026-07","https://www.noritz.co.jp/product/kyutou_bath/gas/gas_eco/","2026-07-21","収穫第1便"
"60628fd8147b","給湯器","ノーリツ ガス給湯器 GQ-39WEシリーズ 16号・20号 給湯専用","台","catalog-2026-07","https://www.noritz.co.jp/product/kyutou_bath/gas/gas_eco/","2026-07-21","収穫第1便"
"24bb2ea799ea","給湯器","ノーリツ ガス給湯器 GQ-37シリーズ 16号・20号・24号 給湯専用","台","catalog-2026-07","https://www.noritz.co.jp/product/kyutou_bath/gas/gas_eco/","2026-07-21","収穫第1便"
"0bc27e04d4dd","給湯器","ノーリツ 従来型ガスふろ給湯器 GT-70シリーズ ふろ給湯","台","catalog-2026-07","https://www.noritz.co.jp/product/kyutou_bath/gas/gasfuro_eco/","2026-07-21","収穫第1便"
"94e12883cde2","給湯器","ノーリツ 従来型ガスふろ給湯器 GT-53シリーズ ふろ給湯","台","catalog-2026-07","https://www.noritz.co.jp/product/kyutou_bath/gas/gasfuro_eco/","2026-07-21","収穫第1便"
"8f7998934e12","給湯器","ノーリツ 従来型ガスふろ給湯器 GT-35-KBシリーズ ふろ給湯 壁組み込み設置形","台","catalog-2026-07","https://www.noritz.co.jp/product/kyutou_bath/gas/gasfuro_eco/","2026-07-21","収穫第1便"
"1968139a0a43","給湯器","ノーリツ 従来型ガスふろ給湯器 GT-35シリーズ ふろ給湯 取替推奨品","台","catalog-2026-07","https://www.noritz.co.jp/product/kyutou_bath/gas/gasfuro_eco/","2026-07-21","収穫第1便"
"b84974cd29fd","給湯器","ノーリツ 従来型ガスふろ給湯器 GT-44・70シリーズ ふろ給湯 屋内壁掛形 取替推奨品","台","catalog-2026-07","https://www.noritz.co.jp/product/kyutou_bath/gas/gasfuro_eco/","2026-07-21","収穫第1便"
"edf09031ce25","給湯器","ノーリツ ガスバランス形ふろがま GBSシリーズ バランス形ふろがま","台","catalog-2026-07","https://www.noritz.co.jp/product/kyutou_bath/gas/furobalance.html","2026-07-21","収穫第1便"
"5e46eb89c505","給湯器","ノーリツ ガスバランス形ふろがま GUQシリーズ バランス形ふろがま","台","catalog-2026-07","https://www.noritz.co.jp/product/kyutou_bath/gas/furobalance.html","2026-07-21","収穫第1便"
"0d83527f564c","給湯器","ノーリツ ガスバランス形ふろがま GUSシリーズ バランス形ふろがま","台","catalog-2026-07","https://www.noritz.co.jp/product/kyutou_bath/gas/furobalance.html","2026-07-21","収穫第1便"
"fc54d9ede716","給湯器","リンナイ RUF-Eシリーズ RUF-E240EAW 24号 フルオート 屋外壁掛型","台","catalog-2026-07","https://rinnai.jp/products/waterheater/gas/ruf/e-series/","2026-07-21","収穫第1便"
"4df88d5e3b55","給湯器","リンナイ RUF-Eシリーズ RUF-E240ESAW 24号 オート 屋外壁掛型","台","catalog-2026-07","https://rinnai.jp/products/waterheater/gas/ruf/e-series/","2026-07-21","収穫第1便"
"154450e232ba","給湯器","リンナイ RUF-Eシリーズ RUF-E200FAW 20号 フルオート 屋外壁掛型","台","catalog-2026-07","https://rinnai.jp/products/waterheater/gas/ruf/e-series/","2026-07-21","収穫第1便"
"ffbc6af17308","給湯器","リンナイ RUF-Eシリーズ RUF-E200FSAW 20号 オート 屋外壁掛型","台","catalog-2026-07","https://rinnai.jp/products/waterheater/gas/ruf/e-series/","2026-07-21","収穫第1便"
"a144abb011c3","給湯器","リンナイ RUF-Eシリーズ RUF-E161EAW 16号 フルオート 屋外壁掛型","台","catalog-2026-07","https://rinnai.jp/products/waterheater/gas/ruf/e-series/","2026-07-21","収穫第1便"
"d050f6eaee30","給湯器","リンナイ RUF-Eシリーズ RUF-E161ESAW 16号 オート 屋外壁掛型","台","catalog-2026-07","https://rinnai.jp/products/waterheater/gas/ruf/e-series/","2026-07-21","収穫第1便"
"307d501ef8da","給湯器","リンナイ RUFH-Eシリーズ RUFH-E2408AW2-6(A) 24号 フルオート 壁掛型","台","catalog-2026-07","https://rinnai.jp/products/waterheater/gas/rufh-rvd/e-series/","2026-07-21","収穫第1便"
"c15a185d76c9","給湯器","リンナイ RUFH-Eシリーズ RUFH-E2408SAW2-6(A) 24号 オート 壁掛型","台","catalog-2026-07","https://rinnai.jp/products/waterheater/gas/rufh-rvd/e-series/","2026-07-21","収穫第1便"
"e0045a86b1f8","給湯器","リンナイ RVD-Eシリーズ RVD-E2405AW2-3(C) 24号 フルオート","台","catalog-2026-07","https://rinnai.jp/products/waterheater/gas/rufh-rvd/e-series/","2026-07-21","収穫第1便"
"48d7c2cd43c3","給湯器","リンナイ RVD-Eシリーズ RVD-E2405SAW2-3(C) 24号 オート","台","catalog-2026-07","https://rinnai.jp/products/waterheater/gas/rufh-rvd/e-series/","2026-07-21","収穫第1便"
"9637b555d9c4","給湯器","リンナイ RVD-Eシリーズ RVD-E2005AW2-3(C) 20号 フルオート","台","catalog-2026-07","https://rinnai.jp/products/waterheater/gas/rufh-rvd/e-series/","2026-07-21","収穫第1便"
"5e7ddd924348","給湯器","リンナイ RVD-Eシリーズ RVD-E2005SAW2-3(C) 20号 オート","台","catalog-2026-07","https://rinnai.jp/products/waterheater/gas/rufh-rvd/e-series/","2026-07-21","収穫第1便"
"dba823a23513","給湯器","リンナイ RUX-Eシリーズ RUX-E2016W(A) 20号 給湯専用 屋外壁掛型","台","catalog-2026-07","https://rinnai.jp/products/waterheater/gas/rux/e-series/","2026-07-21","収穫第1便"
"0c5e460c6146","給湯器","リンナイ RUX-Eシリーズ RUX-E1616W(A) 16号 給湯専用 屋外壁掛型","台","catalog-2026-07","https://rinnai.jp/products/waterheater/gas/rux/e-series/","2026-07-21","収穫第1便"
"50eee67ca7a5","給湯器","リンナイ RUF-HEシリーズ RUF-HE163A 16号 フルオート 壁貫通型","台","catalog-2026-07","https://rinnai.jp/products/waterheater/gas/ruf/he/","2026-07-21","収穫第1便"
"9ecc4248917a","給湯器","リンナイ RUF-HEシリーズ RUF-HE83SA 8.2号 オート 壁貫通型","台","catalog-2026-07","https://rinnai.jp/products/waterheater/gas/ruf/he/","2026-07-21","収穫第1便"
"a80ce9a7d0e8","給湯器","リンナイ 給湯専用機 RUX-UEシリーズ 給湯専用","台","catalog-2026-07","https://rinnai.jp/products/waterheater/gas/rux/","2026-07-21","収穫第1便"
"7b1c2ae30b94","給湯器","パロマ BRIGHTS FH-EH2422FAWL 24号 フルオート 壁掛型","台","catalog-2026-07","https://www.paloma.co.jp/cgi-bin/productDetail.cgi?rno=275","2026-07-21","収穫第1便"
"24de7473b88b","給湯器","パロマ BRIGHTS FH-EH2422FATL 24号 フルオート PS扉内前方排気型・PS標準設置型","台","catalog-2026-07","https://www.paloma.co.jp/cgi-bin/productDetail.cgi?rno=275","2026-07-21","収穫第1便"
"5a23c3f05659","給湯器","パロマ BRIGHTS FH-EH2422FAAL 24号 フルオート PSアルコーブ・屋外壁掛型","台","catalog-2026-07","https://www.paloma.co.jp/cgi-bin/productDetail.cgi?rno=275","2026-07-21","収穫第1便"
"d0d483183bf3","給湯器","パロマ BRIGHTS FH-EH2422FAT2L 24号 フルオート PS扉内前方排気延長型","台","catalog-2026-07","https://www.paloma.co.jp/cgi-bin/productDetail.cgi?rno=275","2026-07-21","収穫第1便"
"c70cee2b0abf","給湯器","パロマ BRIGHTS FH-EH2422FABL 24号 フルオート PS扉内後方排気延長型","台","catalog-2026-07","https://www.paloma.co.jp/cgi-bin/productDetail.cgi?rno=275","2026-07-21","収穫第1便"
"b5fa0adebc58","給湯器","パロマ BRIGHTS FH-EH2422FAUL 24号 フルオート PS扉内上方排気延長型","台","catalog-2026-07","https://www.paloma.co.jp/cgi-bin/productDetail.cgi?rno=275","2026-07-21","収穫第1便"
"6848a28cccec","給湯器","パロマ BRIGHTS FH-EH2422FA 24号 フルオート 壁掛型","台","catalog-2026-07","https://www.paloma.co.jp/product/waterheater/oidaki/index.html","2026-07-21","収穫第1便"
"3d4cad76b2aa","給湯器","パロマ BRIGHTS FH-EH2022FA 20号 フルオート 壁掛型","台","catalog-2026-07","https://www.paloma.co.jp/product/waterheater/oidaki/index.html","2026-07-21","収穫第1便"
"cd6f169fb547","給湯器","パロマ BRIGHTS FH-EH1612FA 16号 フルオート 壁掛型","台","catalog-2026-07","https://www.paloma.co.jp/product/waterheater/oidaki/index.html","2026-07-21","収穫第1便"
"9e2e77325fb5","給湯器","パロマ BRIGHTS FH-EH2422SA 24号 オート 壁掛型","台","catalog-2026-07","https://www.paloma.co.jp/product/waterheater/oidaki/index.html","2026-07-21","収穫第1便"
"edd2c8779928","給湯器","パロマ BRIGHTS FH-EH2022SA 20号 オート 壁掛型","台","catalog-2026-07","https://www.paloma.co.jp/product/waterheater/oidaki/index.html","2026-07-21","収穫第1便"
"d33c5a1c61fd","給湯器","パロマ BRIGHTS FH-EH1612SA 16号 オート 壁掛型","台","catalog-2026-07","https://www.paloma.co.jp/product/waterheater/oidaki/index.html","2026-07-21","収穫第1便"
"008a706d6083","給湯器","パロマ BRIGHTS FH-EH2422FARL 24号 フルオート 据置型","台","catalog-2026-07","https://www.paloma.co.jp/product/waterheater/oidaki/index.html","2026-07-21","収穫第1便"
"c136b3da58b1","給湯器","パロマ BRIGHTS FH-EH2012FARL 20号 フルオート 据置型","台","catalog-2026-07","https://www.paloma.co.jp/product/waterheater/oidaki/index.html","2026-07-21","収穫第1便"
"7a8b9a7649db","給湯器","パロマ BRIGHTS FH-EH1612FARL 16号 フルオート 据置型","台","catalog-2026-07","https://www.paloma.co.jp/product/waterheater/oidaki/index.html","2026-07-21","収穫第1便"
"6e48912eeb7a","給湯器","パロマ BRIGHTS FH-EH2422SARL 24号 オート 据置型","台","catalog-2026-07","https://www.paloma.co.jp/product/waterheater/oidaki/index.html","2026-07-21","収穫第1便"
"25b8db979964","給湯器","パロマ BRIGHTS FH-EH2012SARL 20号 オート 据置型","台","catalog-2026-07","https://www.paloma.co.jp/product/waterheater/oidaki/index.html","2026-07-21","収穫第1便"
"aba54a00da9e","給湯器","パロマ BRIGHTS FH-EH1612SARL 16号 オート 据置型","台","catalog-2026-07","https://www.paloma.co.jp/product/waterheater/oidaki/index.html","2026-07-21","収穫第1便"
"728201a93a89","給湯器","パロマ BRIGHTS FH-E2422KFAWL 24号 フルオート 壁掛型 準寒冷地","台","catalog-2026-07","https://www.paloma.co.jp/product/waterheater/oidaki/index.html","2026-07-21","収穫第1便"
"74c562860399","給湯器","パロマ BRIGHTS FH-E2022KFAWL 20号 フルオート 壁掛型 準寒冷地","台","catalog-2026-07","https://www.paloma.co.jp/product/waterheater/oidaki/index.html","2026-07-21","収穫第1便"
"3689bd18cde6","給湯器","パロマ BRIGHTS FH-E1612KFAWL 16号 フルオート 壁掛型 準寒冷地","台","catalog-2026-07","https://www.paloma.co.jp/product/waterheater/oidaki/index.html","2026-07-21","収穫第1便"
"6c41f48e3dfc","給湯器","パロマ BRIGHTS FH-E2422KSAWL 24号 オート 壁掛型 準寒冷地","台","catalog-2026-07","https://www.paloma.co.jp/product/waterheater/oidaki/index.html","2026-07-21","収穫第1便"
"01f751e50d76","給湯器","パロマ BRIGHTS FH-E2022KSAWL 20号 オート 壁掛型 準寒冷地","台","catalog-2026-07","https://www.paloma.co.jp/product/waterheater/oidaki/index.html","2026-07-21","収穫第1便"
"0b6686820c58","給湯器","パロマ BRIGHTS FH-E1612KSAWL 16号 オート 壁掛型 準寒冷地","台","catalog-2026-07","https://www.paloma.co.jp/product/waterheater/oidaki/index.html","2026-07-21","収穫第1便"
"b691d46a7c28","給湯器","パロマ ふろ給湯器 FH-E2422FAFL 24号 フルオート 屋内設置","台","catalog-2026-07","https://www.paloma.co.jp/product/waterheater/oidaki/index.html","2026-07-21","収穫第1便"
"025a4f66ab82","給湯器","パロマ ふろ給湯器 FH-E2022FAFL 20号 フルオート 屋内設置","台","catalog-2026-07","https://www.paloma.co.jp/product/waterheater/oidaki/index.html","2026-07-21","収穫第1便"
"7f39f26069a9","給湯器","パロマ ふろ給湯器 FH-E1612FAFL 16号 フルオート 屋内設置","台","catalog-2026-07","https://www.paloma.co.jp/product/waterheater/oidaki/index.html","2026-07-21","収穫第1便"
"0ea9d4b12228","給湯器","パロマ ふろ給湯器 FH-E2422AFL 24号 オート 屋内設置","台","catalog-2026-07","https://www.paloma.co.jp/product/waterheater/oidaki/index.html","2026-07-21","収穫第1便"
"3bc4343ac05f","給湯器","パロマ ふろ給湯器 FH-E2022AFL 20号 オート 屋内設置","台","catalog-2026-07","https://www.paloma.co.jp/product/waterheater/oidaki/index.html","2026-07-21","収穫第1便"
"1a8cbd2e213a","給湯器","パロマ ふろ給湯器 FH-E1612AFL 16号 オート 屋内設置","台","catalog-2026-07","https://www.paloma.co.jp/product/waterheater/oidaki/index.html","2026-07-21","収穫第1便"
"3d40403ebedd","給湯器","パロマ SLIM FH-SE2024FA 20号 フルオート 壁掛型","台","catalog-2026-07","https://www.paloma.co.jp/product/waterheater/oidaki/index.html","2026-07-21","収穫第1便"
"b8671e3a22d2","給湯器","パロマ SLIM FH-SE2014FA 20号 フルオート 壁掛型","台","catalog-2026-07","https://www.paloma.co.jp/product/waterheater/oidaki/index.html","2026-07-21","収穫第1便"
"9539d6456a47","給湯器","パロマ SLIM FH-SE1614FA 16号 フルオート 壁掛型","台","catalog-2026-07","https://www.paloma.co.jp/product/waterheater/oidaki/index.html","2026-07-21","収穫第1便"
"f1b774151ed6","給湯器","パロマ SLIM FH-SE2024SA 20号 オート 壁掛型","台","catalog-2026-07","https://www.paloma.co.jp/product/waterheater/oidaki/index.html","2026-07-21","収穫第1便"
"e1fddfc594a1","給湯器","パロマ SLIM FH-SE2014SA 20号 オート 壁掛型","台","catalog-2026-07","https://www.paloma.co.jp/product/waterheater/oidaki/index.html","2026-07-21","収穫第1便"
"dd1b7cabde9d","給湯器","パロマ SLIM FH-SE1614SA 16号 オート 壁掛型","台","catalog-2026-07","https://www.paloma.co.jp/product/waterheater/oidaki/index.html","2026-07-21","収穫第1便"
"e50530f8ac2b","給湯器","パロマ 従来型ふろ給湯器 FH-2423FA 24号 フルオート 壁掛型","台","catalog-2026-07","https://www.paloma.co.jp/product/waterheater/oidaki/index.html","2026-07-21","収穫第1便"
"995421c73c14","給湯器","パロマ 従来型ふろ給湯器 FH-2023FA 20号 フルオート 壁掛型","台","catalog-2026-07","https://www.paloma.co.jp/product/waterheater/oidaki/index.html","2026-07-21","収穫第1便"
"a26fba3361c9","給湯器","パロマ 従来型ふろ給湯器 FH-1613FA 16号 フルオート 壁掛型","台","catalog-2026-07","https://www.paloma.co.jp/product/waterheater/oidaki/index.html","2026-07-21","収穫第1便"
"e4b0b5c734ca","給湯器","パロマ 従来型ふろ給湯器 FH-2423SA 24号 オート 壁掛型","台","catalog-2026-07","https://www.paloma.co.jp/product/waterheater/oidaki/index.html","2026-07-21","収穫第1便"
"6b03fc0aa1f6","給湯器","パロマ 従来型ふろ給湯器 FH-2023SA 20号 オート 壁掛型","台","catalog-2026-07","https://www.paloma.co.jp/product/waterheater/oidaki/index.html","2026-07-21","収穫第1便"
"07e3e7250230","給湯器","パロマ 従来型ふろ給湯器 FH-2013SA 20号 オート 壁掛型","台","catalog-2026-07","https://www.paloma.co.jp/product/waterheater/oidaki/index.html","2026-07-21","収穫第1便"
"f894b9491664","給湯器","パロマ 従来型ふろ給湯器 FH-1613SA 16号 オート 壁掛型","台","catalog-2026-07","https://www.paloma.co.jp/product/waterheater/oidaki/index.html","2026-07-21","収穫第1便"
"2dafb0f31107","給湯器","パロマ 従来型ふろ給湯器 FH-2423FAR 24号 フルオート 据置型","台","catalog-2026-07","https://www.paloma.co.jp/product/waterheater/oidaki/index.html","2026-07-21","収穫第1便"
"5d41b931d330","給湯器","パロマ 従来型ふろ給湯器 FH-2023FAR 20号 フルオート 据置型","台","catalog-2026-07","https://www.paloma.co.jp/product/waterheater/oidaki/index.html","2026-07-21","収穫第1便"
"dd2fbe76f577","給湯器","パロマ 従来型ふろ給湯器 FH-2013FAR 20号 フルオート 据置型","台","catalog-2026-07","https://www.paloma.co.jp/product/waterheater/oidaki/index.html","2026-07-21","収穫第1便"
"c2c1f17f2474","給湯器","パロマ 従来型ふろ給湯器 FH-1613FAR 16号 フルオート 据置型","台","catalog-2026-07","https://www.paloma.co.jp/product/waterheater/oidaki/index.html","2026-07-21","収穫第1便"
"fd955fd6e01a","給湯器","パロマ 従来型ふろ給湯器 FH-2423SAR 24号 オート 据置型","台","catalog-2026-07","https://www.paloma.co.jp/product/waterheater/oidaki/index.html","2026-07-21","収穫第1便"
"00285e3c1cae","給湯器","パロマ 従来型ふろ給湯器 FH-2023SAR 20号 オート 据置型","台","catalog-2026-07","https://www.paloma.co.jp/product/waterheater/oidaki/index.html","2026-07-21","収穫第1便"
"2d7c9a8207a3","給湯器","パロマ 従来型ふろ給湯器 FH-2013SAR 20号 オート 据置型","台","catalog-2026-07","https://www.paloma.co.jp/product/waterheater/oidaki/index.html","2026-07-21","収穫第1便"
"b43c8242a39b","給湯器","パロマ 従来型ふろ給湯器 FH-1613SAR 16号 オート 据置型","台","catalog-2026-07","https://www.paloma.co.jp/product/waterheater/oidaki/index.html","2026-07-21","収穫第1便"
"c108121fe982","給湯器","パロマ BRIGHTS GRAND FH-UEH2422FAWL 24号 フルオート 壁掛型","台","catalog-2026-07","https://www.paloma.co.jp/product/waterheater/oidaki/index.html","2026-07-21","収穫第1便"
"dfae33f8b25a","給湯器","パロマ BRIGHTS GRAND FH-UEH2422SAWL 24号 セミオート 壁掛型","台","catalog-2026-07","https://www.paloma.co.jp/product/waterheater/oidaki/index.html","2026-07-21","収穫第1便"
"eaeefe76f512","給湯器","パロマ BRIGHTS GRAND FH-UEH2022FAWL 20号 フルオート 壁掛型","台","catalog-2026-07","https://www.paloma.co.jp/product/waterheater/oidaki/index.html","2026-07-21","収穫第1便"
"15bb3be877d4","給湯器","パロマ BRIGHTS GRAND FH-UEH2022SAWL 20号 セミオート 壁掛型","台","catalog-2026-07","https://www.paloma.co.jp/product/waterheater/oidaki/index.html","2026-07-21","収穫第1便"
"20dadd5fa273","給湯器","パロマ HYBRID PLUS HBF-E242FAWL 24号 フルオート 壁掛型","台","catalog-2026-07","https://www.paloma.co.jp/product/waterheater/oidaki/index.html","2026-07-21","収穫第1便"
"b945129441bd","給湯器","パロマ HYBRID PLUS HBF-E242FARL 24号 フルオート 据置型","台","catalog-2026-07","https://www.paloma.co.jp/product/waterheater/oidaki/index.html","2026-07-21","収穫第1便"
"89b9e662ed28","給湯器","パロマ HYBRID PLUS HBF-E242SAWL 24号 オート 壁掛型","台","catalog-2026-07","https://www.paloma.co.jp/product/waterheater/oidaki/index.html","2026-07-21","収穫第1便"
"bba53234d19b","給湯器","パロマ T-ino FH-C2010A 20号 オート 壁掛型","台","catalog-2026-07","https://www.paloma.co.jp/product/waterheater/oidaki/index.html","2026-07-21","収穫第1便"
"4b1bd9007e5f","給湯器","パロマ T-ino FH-C2020A 20号 オート 壁掛型","台","catalog-2026-07","https://www.paloma.co.jp/product/waterheater/oidaki/index.html","2026-07-21","収穫第1便"
"e2fdbce2a40b","給湯器","パーパス GXシリーズ GX-HFL241ZW 24号 フルオート 屋外壁掛形 エコジョーズ","台","catalog-2026-07","https://www.purpose.co.jp/home/waterheater/gx_gn","2026-07-21","収穫第1便"
"68f85771cb06","給湯器","パーパス GXシリーズ GX-HFL201ZW-1 20号 フルオート 屋外壁掛形 エコジョーズ","台","catalog-2026-07","https://www.purpose.co.jp/home/waterheater/gx_gn","2026-07-21","収穫第1便"
"19f8e97d8995","給湯器","パーパス GXシリーズ GX-HFL161ZW-1 16号 フルオート 屋外壁掛形 エコジョーズ","台","catalog-2026-07","https://www.purpose.co.jp/home/waterheater/gx_gn","2026-07-21","収穫第1便"
"24dac19c8135","給湯器","パーパス GXシリーズ GX-HFL200ZWS-1 20号 フルオート 屋外壁掛形 エコジョーズ","台","catalog-2026-07","https://www.purpose.co.jp/home/waterheater/gx_gn","2026-07-21","収穫第1便"
"a0a0d08b05e6","給湯器","パーパス GXシリーズ GX-HFL200ZWS-2 20号 フルオート 屋外壁掛形 エコジョーズ","台","catalog-2026-07","https://www.purpose.co.jp/home/waterheater/gx_gn","2026-07-21","収穫第1便"
"ac2e00168503","給湯器","パーパス GXシリーズ GX-HFL160ZWS-1 16号 フルオート 屋外壁掛形 エコジョーズ","台","catalog-2026-07","https://www.purpose.co.jp/home/waterheater/gx_gn","2026-07-21","収穫第1便"
"e8b9d882b930","給湯器","パーパス GXシリーズ GX-HFL160ZWS-2 16号 フルオート 屋外壁掛形 エコジョーズ","台","catalog-2026-07","https://www.purpose.co.jp/home/waterheater/gx_gn","2026-07-21","収穫第1便"
"e5f40fa52419","給湯器","パーパス GXシリーズ GX-H2403ZW 24号 フルオート 屋外壁掛形 エコジョーズ","台","catalog-2026-07","https://www.purpose.co.jp/home/waterheater/gx_gn","2026-07-21","収穫第1便"
"2235d3391cbe","給湯器","パーパス GXシリーズ GX-H2003ZW-1 20号 フルオート 屋外壁掛形 エコジョーズ","台","catalog-2026-07","https://www.purpose.co.jp/home/waterheater/gx_gn","2026-07-21","収穫第1便"
"42b100ba97a1","給湯器","パーパス GXシリーズ GX-H1603ZW-1 16号 フルオート 屋外壁掛形 エコジョーズ","台","catalog-2026-07","https://www.purpose.co.jp/home/waterheater/gx_gn","2026-07-21","収穫第1便"
"a1a93976bcb3","給湯器","パーパス GXシリーズ GX-HFL241AW 24号 オート 屋外壁掛形 エコジョーズ","台","catalog-2026-07","https://www.purpose.co.jp/home/waterheater/gx_gn","2026-07-21","収穫第1便"
"9bde5781aa48","給湯器","パーパス GXシリーズ GX-HFL201AW-1 20号 オート 屋外壁掛形 エコジョーズ","台","catalog-2026-07","https://www.purpose.co.jp/home/waterheater/gx_gn","2026-07-21","収穫第1便"
"e7da750ceffb","給湯器","パーパス GXシリーズ GX-HFL161AW-1 16号 オート 屋外壁掛形 エコジョーズ","台","catalog-2026-07","https://www.purpose.co.jp/home/waterheater/gx_gn","2026-07-21","収穫第1便"
"a47d4cdf5f30","給湯器","パーパス GXシリーズ GX-HFL200AWS-1 20号 オート 屋外壁掛形 エコジョーズ","台","catalog-2026-07","https://www.purpose.co.jp/home/waterheater/gx_gn","2026-07-21","収穫第1便"
"e0260f32bb09","給湯器","パーパス GXシリーズ GX-HFL200AWS-2 20号 オート 屋外壁掛形 エコジョーズ","台","catalog-2026-07","https://www.purpose.co.jp/home/waterheater/gx_gn","2026-07-21","収穫第1便"
"f7b9b42da42c","給湯器","パーパス GXシリーズ GX-HFL160AWS-1 16号 オート 屋外壁掛形 エコジョーズ","台","catalog-2026-07","https://www.purpose.co.jp/home/waterheater/gx_gn","2026-07-21","収穫第1便"
"67d22f6d824c","給湯器","パーパス GXシリーズ GX-HFL160AWS-2 16号 オート 屋外壁掛形 エコジョーズ","台","catalog-2026-07","https://www.purpose.co.jp/home/waterheater/gx_gn","2026-07-21","収穫第1便"
"efcf80d4ffdf","給湯器","パーパス GXシリーズ GX-H2403AW 24号 オート 屋外壁掛形 エコジョーズ","台","catalog-2026-07","https://www.purpose.co.jp/home/waterheater/gx_gn","2026-07-21","収穫第1便"
"33745672ce79","給湯器","パーパス GXシリーズ GX-H2003AW-1 20号 オート 屋外壁掛形 エコジョーズ","台","catalog-2026-07","https://www.purpose.co.jp/home/waterheater/gx_gn","2026-07-21","収穫第1便"
"daa3d821d6ee","給湯器","パーパス GXシリーズ GX-H1603AW-1 16号 オート 屋外壁掛形 エコジョーズ","台","catalog-2026-07","https://www.purpose.co.jp/home/waterheater/gx_gn","2026-07-21","収穫第1便"
"d3e939157884","給湯器","パーパス GXシリーズ GX-H2403AWP 24号 オート 屋外壁掛形 エコジョーズ","台","catalog-2026-07","https://www.purpose.co.jp/home/waterheater/gx_gn","2026-07-21","収穫第1便"
"c39905ed7855","給湯器","パーパス GXシリーズ GX-SD2400ZW 24号 フルオート パイプシャフト標準設置 ドレンマジック エコジョーズ","台","catalog-2026-07","https://www.purpose.co.jp/home/waterheater/gx_gn","2026-07-21","収穫第1便"
"39d5a6f0a685","給湯器","パーパス GXシリーズ GX-SD1600ZW-1 16号 フルオート パイプシャフト標準設置 ドレンマジック エコジョーズ","台","catalog-2026-07","https://www.purpose.co.jp/home/waterheater/gx_gn","2026-07-21","収穫第1便"
"7273837fbf32","給湯器","パーパス GXシリーズ GX-SD2000AW-1 20号 オート パイプシャフト標準設置 ドレンマジック エコジョーズ","台","catalog-2026-07","https://www.purpose.co.jp/home/waterheater/gx_gn","2026-07-21","収穫第1便"
"a53a8ec90f0f","給湯器","パーパス GXシリーズ GX-H2401ZR 24号 フルオート 屋外据置形 エコジョーズ","台","catalog-2026-07","https://www.purpose.co.jp/home/waterheater/gx_gn","2026-07-21","収穫第1便"
"cfd9505f4f9b","給湯器","パーパス GXシリーズ GX-H2001ZR-1 20号 フルオート 屋外据置形 エコジョーズ","台","catalog-2026-07","https://www.purpose.co.jp/home/waterheater/gx_gn","2026-07-21","収穫第1便"
"bbf9c22f0779","給湯器","パーパス GXシリーズ GX-H2401AR 24号 オート 屋外据置形 エコジョーズ","台","catalog-2026-07","https://www.purpose.co.jp/home/waterheater/gx_gn","2026-07-21","収穫第1便"
"034d858c2fb7","給湯器","パーパス GXシリーズ GX-H2001AR-1 20号 オート 屋外据置形 エコジョーズ","台","catalog-2026-07","https://www.purpose.co.jp/home/waterheater/gx_gn","2026-07-21","収穫第1便"
"a8726ee7f9c0","給湯器","パーパス GXシリーズ GX-2403ZW 24号 フルオート 屋外壁掛形","台","catalog-2026-07","https://www.purpose.co.jp/home/waterheater/gx_gn","2026-07-21","収穫第1便"
"d3d127622570","給湯器","パーパス GXシリーズ GX-2003ZW-1 20号 フルオート 屋外壁掛形","台","catalog-2026-07","https://www.purpose.co.jp/home/waterheater/gx_gn","2026-07-21","収穫第1便"
"0355cecc125e","給湯器","パーパス GXシリーズ GX-1603ZW-1 16号 フルオート 屋外壁掛形","台","catalog-2026-07","https://www.purpose.co.jp/home/waterheater/gx_gn","2026-07-21","収穫第1便"
"8875ba582047","給湯器","パーパス GXシリーズ GX-2003ZWS-1 20号 フルオート 屋外壁掛形","台","catalog-2026-07","https://www.purpose.co.jp/home/waterheater/gx_gn","2026-07-21","収穫第1便"
"c78ee8d458d0","給湯器","パーパス GXシリーズ GX-2003ZWS-2 20号 フルオート 屋外壁掛形","台","catalog-2026-07","https://www.purpose.co.jp/home/waterheater/gx_gn","2026-07-21","収穫第1便"
"45c80093e3dd","給湯器","パーパス GXシリーズ GX-1603ZWS-1 16号 フルオート 屋外壁掛形","台","catalog-2026-07","https://www.purpose.co.jp/home/waterheater/gx_gn","2026-07-21","収穫第1便"
"39ee89cc9922","給湯器","パーパス GXシリーズ GX-1603ZWS-2 16号 フルオート 屋外壁掛形","台","catalog-2026-07","https://www.purpose.co.jp/home/waterheater/gx_gn","2026-07-21","収穫第1便"
"f0239ee6cdb3","給湯器","パーパス GXシリーズ GX-2403AW 24号 オート 屋外壁掛形","台","catalog-2026-07","https://www.purpose.co.jp/home/waterheater/gx_gn","2026-07-21","収穫第1便"
"2abd38ad6191","給湯器","パーパス GXシリーズ GX-2003AW-1 20号 オート 屋外壁掛形","台","catalog-2026-07","https://www.purpose.co.jp/home/waterheater/gx_gn","2026-07-21","収穫第1便"
"009303ccefa9","給湯器","パーパス GXシリーズ GX-2003AW-2 20号 オート 屋外壁掛形","台","catalog-2026-07","https://www.purpose.co.jp/home/waterheater/gx_gn","2026-07-21","収穫第1便"
"ed661723117f","給湯器","パーパス GXシリーズ GX-1603AW-1 16号 オート 屋外壁掛形","台","catalog-2026-07","https://www.purpose.co.jp/home/waterheater/gx_gn","2026-07-21","収穫第1便"
"09514c6c1a01","給湯器","パーパス GXシリーズ GX-2003AWS-1 20号 オート 屋外壁掛形","台","catalog-2026-07","https://www.purpose.co.jp/home/waterheater/gx_gn","2026-07-21","収穫第1便"
"8cab1472d116","給湯器","パーパス GXシリーズ GX-2003AWS-2 20号 オート 屋外壁掛形","台","catalog-2026-07","https://www.purpose.co.jp/home/waterheater/gx_gn","2026-07-21","収穫第1便"
"aff7ceb56a7d","給湯器","パーパス GXシリーズ GX-1603AWS-1 16号 オート 屋外壁掛形","台","catalog-2026-07","https://www.purpose.co.jp/home/waterheater/gx_gn","2026-07-21","収穫第1便"
"1dc7b21077b7","給湯器","パーパス GXシリーズ GX-1603AWS-2 16号 オート 屋外壁掛形","台","catalog-2026-07","https://www.purpose.co.jp/home/waterheater/gx_gn","2026-07-21","収穫第1便"
"269d1a6787b9","給湯器","パーパス GXシリーズ GX-2003AC-1 20号 オート 壁組込形","台","catalog-2026-07","https://www.purpose.co.jp/home/waterheater/gx_gn","2026-07-21","収穫第1便"
"30612ef48079","給湯器","パーパス GXシリーズ GX-1603AC-1 16号 オート 壁組込形","台","catalog-2026-07","https://www.purpose.co.jp/home/waterheater/gx_gn","2026-07-21","収穫第1便"
"b8f3663f759d","給湯器","パーパス GXシリーズ GX-2403ZR 24号 フルオート 屋外据置形","台","catalog-2026-07","https://www.purpose.co.jp/home/waterheater/gx_gn","2026-07-21","収穫第1便"
"92efbea82d76","給湯器","パーパス GXシリーズ GX-2403AR 24号 オート 屋外据置形","台","catalog-2026-07","https://www.purpose.co.jp/home/waterheater/gx_gn","2026-07-21","収穫第1便"
"393acfb3d46f","給湯器","パーパス GXシリーズ GX-2003AR-1 20号 オート 屋外据置形","台","catalog-2026-07","https://www.purpose.co.jp/home/waterheater/gx_gn","2026-07-21","収穫第1便"
"91e0ac3d454a","給湯器","パーパス GXシリーズ GX-1603AR-1 16号 オート 屋外据置形","台","catalog-2026-07","https://www.purpose.co.jp/home/waterheater/gx_gn","2026-07-21","収穫第1便"
"d0b8f5d16ef5","給湯器","パーパス GXシリーズ GX-A2001AF-1 20号 オート 屋内壁掛形","台","catalog-2026-07","https://www.purpose.co.jp/home/waterheater/gx_gn","2026-07-21","収穫第1便"
"d8eccd4da7eb","給湯器","パーパス GNシリーズ GN-H2401ZR 24号 フルオート 屋外据置形 エコジョーズ","台","catalog-2026-07","https://www.purpose.co.jp/home/waterheater/gx_gn","2026-07-21","収穫第1便"
"84f1a26058de","給湯器","パーパス GNシリーズ GN-H2001ZR-1 20号 フルオート 屋外据置形 エコジョーズ","台","catalog-2026-07","https://www.purpose.co.jp/home/waterheater/gx_gn","2026-07-21","収穫第1便"
"010141f1ad66","給湯器","パーパス GNシリーズ GN-H2401AR 24号 オート 屋外据置形 エコジョーズ","台","catalog-2026-07","https://www.purpose.co.jp/home/waterheater/gx_gn","2026-07-21","収穫第1便"
"07dcaa5c3935","給湯器","パーパス GNシリーズ GN-H2001AR-1 20号 オート 屋外据置形 エコジョーズ","台","catalog-2026-07","https://www.purpose.co.jp/home/waterheater/gx_gn","2026-07-21","収穫第1便"
"42621215dc6d","給湯器","パーパス GNシリーズ GN-2403AR 24号 オート 屋外据置形","台","catalog-2026-07","https://www.purpose.co.jp/home/waterheater/gx_gn","2026-07-21","収穫第1便"
"99bf6047d4ab","給湯器","パーパス GNシリーズ GN-2003AR-1 20号 オート 屋外据置形","台","catalog-2026-07","https://www.purpose.co.jp/home/waterheater/gx_gn","2026-07-21","収穫第1便"
"c3062527b20f","給湯器","パーパス GNシリーズ GN-A2000AE-1 20号 オート 屋内据置形","台","catalog-2026-07","https://www.purpose.co.jp/home/waterheater/gx_gn","2026-07-21","収穫第1便"
"f04304cb7bb9","給湯器","長府製作所 エコジョーズガスふろ給湯器 GFK-WS2452WKX 24号 フルオートタイプ 壁掛型 屋外","台","catalog-2026-07","https://www.chofu.co.jp/products/supply/list.php?cid=49","2026-07-21","収穫第1便"
"fa090ee736a8","給湯器","長府製作所 エコジョーズガスふろ給湯器 GFK-WS2052WKX 20号 フルオートタイプ 壁掛型 屋外","台","catalog-2026-07","https://www.chofu.co.jp/products/supply/list.php?cid=49","2026-07-21","収穫第1便"
"315dcff7e658","給湯器","長府製作所 エコジョーズガスふろ給湯器 GFK-WS2452WKA 24号 オートタイプ 壁掛型 屋外","台","catalog-2026-07","https://www.chofu.co.jp/products/supply/list.php?cid=49","2026-07-21","収穫第1便"
"921489053793","給湯器","長府製作所 エコジョーズガスふろ給湯器 GFK-WS2052WKA 20号 オートタイプ 壁掛型 屋外","台","catalog-2026-07","https://www.chofu.co.jp/products/supply/list.php?cid=49","2026-07-21","収穫第1便"
"e42aa97da053","給湯器","長府製作所 エコジョーズガスふろ給湯器 GFK-WS2452WX 24号 フルオートタイプ 据置型 屋外","台","catalog-2026-07","https://www.chofu.co.jp/products/supply/list.php?cid=49","2026-07-21","収穫第1便"
"22d6ef5561d7","給湯器","長府製作所 エコジョーズガスふろ給湯器 GFK-WS2052WX 20号 フルオートタイプ 据置型 屋外","台","catalog-2026-07","https://www.chofu.co.jp/products/supply/list.php?cid=49","2026-07-21","収穫第1便"
"2b90d77bfd78","給湯器","長府製作所 エコジョーズガスふろ給湯器 GFK-WS2452WA 24号 オートタイプ 据置型 屋外","台","catalog-2026-07","https://www.chofu.co.jp/products/supply/list.php?cid=49","2026-07-21","収穫第1便"
"b8c57a150b4e","給湯器","長府製作所 エコジョーズガスふろ給湯器 GFK-WS2052WA 20号 オートタイプ 据置型 屋外","台","catalog-2026-07","https://www.chofu.co.jp/products/supply/list.php?cid=49","2026-07-21","収穫第1便"
"1f0af8f605d0","給湯器","長府製作所 エコジョーズガスふろ給湯器 GFK-S2452WKX 24号 フルオートタイプ 壁掛型 屋外","台","catalog-2026-07","https://www.chofu.co.jp/products/supply/list.php?cid=49","2026-07-21","収穫第1便"
"c3456bc7dc84","給湯器","長府製作所 エコジョーズガスふろ給湯器 GFK-S2052WKX 20号 フルオートタイプ 壁掛型 屋外","台","catalog-2026-07","https://www.chofu.co.jp/products/supply/list.php?cid=49","2026-07-21","収穫第1便"
"1a876a180643","給湯器","長府製作所 エコジョーズガスふろ給湯器 GFK-S2452WKA 24号 オートタイプ 壁掛型 屋外","台","catalog-2026-07","https://www.chofu.co.jp/products/supply/list.php?cid=49","2026-07-21","収穫第1便"
"9b67baba42d1","給湯器","長府製作所 エコジョーズガスふろ給湯器 GFK-S2052WKA 20号 オートタイプ 壁掛型 屋外","台","catalog-2026-07","https://www.chofu.co.jp/products/supply/list.php?cid=49","2026-07-21","収穫第1便"
"3b71ace5663e","給湯器","長府製作所 エコジョーズガスふろ給湯器 GFK-S1652WKA 16号 オートタイプ 壁掛型 屋外","台","catalog-2026-07","https://www.chofu.co.jp/products/supply/list.php?cid=49","2026-07-21","収穫第1便"
"1939e66b343e","給湯器","長府製作所 エコジョーズガスふろ給湯器 GFK-S2052WX 20号 フルオートタイプ 据置型 屋外","台","catalog-2026-07","https://www.chofu.co.jp/products/supply/list.php?cid=49","2026-07-21","収穫第1便"
"bc54c8684625","給湯器","長府製作所 エコジョーズガスふろ給湯器 GFK-S2452WA 24号 オートタイプ 据置型 屋外","台","catalog-2026-07","https://www.chofu.co.jp/products/supply/list.php?cid=49","2026-07-21","収穫第1便"
"daf33a2583d0","給湯器","長府製作所 エコジョーズガスふろ給湯器 GFK-S2052WA 20号 オートタイプ 据置型 屋外","台","catalog-2026-07","https://www.chofu.co.jp/products/supply/list.php?cid=49","2026-07-21","収穫第1便"
"cda09cb7d69e","給湯器","長府製作所 エコジョーズガスふろ給湯器 GFK-S2052A 20号 オートタイプ 据置型 屋外 浴そう隣接設置","台","catalog-2026-07","https://www.chofu.co.jp/products/supply/list.php?cid=49","2026-07-21","収穫第1便"
"275260397b1b","給湯器","長府製作所 エコジョーズガスふろ給湯器 GFK-US2452WKA 24号 オートタイプ 壁掛型 屋外","台","catalog-2026-07","https://www.chofu.co.jp/products/supply/list.php?cid=49","2026-07-21","収穫第1便"
"7d9c724778ab","給湯器","長府製作所 エコジョーズガスふろ給湯器 GFK-US2052WKA 20号 オートタイプ 壁掛型 屋外","台","catalog-2026-07","https://www.chofu.co.jp/products/supply/list.php?cid=49","2026-07-21","収穫第1便"
"7c1ccae3fe3d","給湯器","コロナ 石油給湯機 UKB-EF472F エコフィールEFシリーズ 水道直圧式 フルオート 屋外","台","catalog-2026-07","https://www.corona.co.jp/oil_hot-water/products/index.html","2026-07-21","収穫第1便"
"66301083171f","給湯器","コロナ 石油給湯機 UKB-EF472A エコフィールEFシリーズ 水道直圧式 オート 屋外","台","catalog-2026-07","https://www.corona.co.jp/oil_hot-water/products/index.html","2026-07-21","収穫第1便"
"a85711ccbfe0","給湯器","コロナ 石油給湯機 UKB-EF472B エコフィールEFシリーズ 水道直圧式 給湯+追いだき 屋外","台","catalog-2026-07","https://www.corona.co.jp/oil_hot-water/products/index.html","2026-07-21","収穫第1便"
"561bce236c03","給湯器","コロナ 石油給湯機 UIB-EF472V エコフィールEFシリーズ 水道直圧式 給湯専用 屋外","台","catalog-2026-07","https://www.corona.co.jp/oil_hot-water/products/index.html","2026-07-21","収穫第1便"
"74928c8837d7","給湯器","コロナ 石油給湯機 UIB-EF472 エコフィールEFシリーズ 水道直圧式 給湯専用 屋内FF","台","catalog-2026-07","https://www.corona.co.jp/oil_hot-water/products/index.html","2026-07-21","収穫第1便"
"ea5e71551da6","給湯器","コロナ 石油給湯機 UKB-EG472F エコフィールEGシリーズ 水道直圧式 フルオート 屋外","台","catalog-2026-07","https://www.corona.co.jp/oil_hot-water/products/index.html","2026-07-21","収穫第1便"
"9c3b465ec04b","給湯器","コロナ 石油給湯機 UKB-EG472A エコフィールEGシリーズ 水道直圧式 オート 屋外","台","catalog-2026-07","https://www.corona.co.jp/oil_hot-water/products/index.html","2026-07-21","収穫第1便"
"b8a864f0cb9e","給湯器","コロナ 石油給湯機 UIB-EG472 エコフィールEGシリーズ 水道直圧式 給湯専用 屋内FF","台","catalog-2026-07","https://www.corona.co.jp/oil_hot-water/products/index.html","2026-07-21","収穫第1便"
"54500256084d","給湯器","コロナ 石油給湯機 UKB-NE462A エコフィールNEシリーズ 貯湯式 オート 屋外","台","catalog-2026-07","https://www.corona.co.jp/oil_hot-water/products/index.html","2026-07-21","収穫第1便"
"a7a6e7744a1c","給湯器","コロナ 石油給湯機 UIB-NE462 エコフィールNEシリーズ 貯湯式 給湯専用 屋内","台","catalog-2026-07","https://www.corona.co.jp/oil_hot-water/products/index.html","2026-07-21","収穫第1便"
"95ed09916896","給湯器","コロナ 石油給湯機 UKB-AG472F AGシリーズ 水道直圧式 フルオート 屋外","台","catalog-2026-07","https://www.corona.co.jp/oil_hot-water/products/index.html","2026-07-21","収穫第1便"
"385dc66db395","給湯器","コロナ 石油給湯機 UKB-AG472A AGシリーズ 水道直圧式 オート 屋外","台","catalog-2026-07","https://www.corona.co.jp/oil_hot-water/products/index.html","2026-07-21","収穫第1便"
"eb87010560ad","給湯器","コロナ 石油給湯機 UKB-AG472B AGシリーズ 水道直圧式 給湯+追いだき 屋外","台","catalog-2026-07","https://www.corona.co.jp/oil_hot-water/products/index.html","2026-07-21","収穫第1便"
"9f1459717002","給湯器","コロナ 石油給湯機 UIB-AG472 AGシリーズ 水道直圧式 給湯専用 屋内","台","catalog-2026-07","https://www.corona.co.jp/oil_hot-water/products/index.html","2026-07-21","収穫第1便"
"f0061125bdac","給湯器","コロナ 石油給湯機 UKB-SA472F SAシリーズ 水道直圧式 フルオート 屋外","台","catalog-2026-07","https://www.corona.co.jp/oil_hot-water/products/index.html","2026-07-21","収穫第1便"
"7a116bf45a2a","給湯器","コロナ 石油給湯機 UKB-SA472A SAシリーズ 水道直圧式 オート 屋外","台","catalog-2026-07","https://www.corona.co.jp/oil_hot-water/products/index.html","2026-07-21","収穫第1便"
"92347d4dde47","給湯器","コロナ 石油給湯機 UKB-SA382A SAシリーズ 水道直圧式 オート 屋外","台","catalog-2026-07","https://www.corona.co.jp/oil_hot-water/products/index.html","2026-07-21","収穫第1便"
"72f9b8ef3f33","給湯器","コロナ 石油給湯機 UKB-SA472B SAシリーズ 水道直圧式 給湯+追いだき 屋外","台","catalog-2026-07","https://www.corona.co.jp/oil_hot-water/products/index.html","2026-07-21","収穫第1便"
"9ec02b5e139e","給湯器","コロナ 石油給湯機 UKB-SA382B SAシリーズ 水道直圧式 給湯+追いだき 屋外","台","catalog-2026-07","https://www.corona.co.jp/oil_hot-water/products/index.html","2026-07-21","収穫第1便"
"9baa39aea7a9","給湯器","コロナ 石油給湯機 UIB-SA472 SAシリーズ 水道直圧式 給湯専用 屋内","台","catalog-2026-07","https://www.corona.co.jp/oil_hot-water/products/index.html","2026-07-21","収穫第1便"
"93caf7f93fec","給湯器","コロナ 石油給湯機 UIB-SA382 SAシリーズ 水道直圧式 給湯専用 屋内","台","catalog-2026-07","https://www.corona.co.jp/oil_hot-water/products/index.html","2026-07-21","収穫第1便"
"e9a848e64456","給湯器","コロナ 石油給湯機 UKB-NX462A NXシリーズ 貯湯式 オート 屋外","台","catalog-2026-07","https://www.corona.co.jp/oil_hot-water/products/index.html","2026-07-21","収穫第1便"
"d09f0a725dfa","給湯器","コロナ 石油給湯機 UKB-NX372A NXシリーズ 貯湯式 オート 屋外","台","catalog-2026-07","https://www.corona.co.jp/oil_hot-water/products/index.html","2026-07-21","収穫第1便"
"d65e5c9cc3ba","給湯器","コロナ 石油給湯機 UKB-NX462B NXシリーズ 貯湯式 給湯+追いだき 屋外","台","catalog-2026-07","https://www.corona.co.jp/oil_hot-water/products/index.html","2026-07-21","収穫第1便"
"f7ad2e6aec00","給湯器","コロナ 石油給湯機 UKB-NX372B NXシリーズ 貯湯式 給湯+追いだき 屋外","台","catalog-2026-07","https://www.corona.co.jp/oil_hot-water/products/index.html","2026-07-21","収穫第1便"
"4caae392b40b","給湯器","コロナ 石油給湯機 UIB-NX462 NXシリーズ 貯湯式 給湯専用 屋内","台","catalog-2026-07","https://www.corona.co.jp/oil_hot-water/products/index.html","2026-07-21","収穫第1便"
"96ac5d0cc413","給湯器","コロナ 石油給湯機 UIB-NX372 NXシリーズ 貯湯式 給湯専用 屋内","台","catalog-2026-07","https://www.corona.co.jp/oil_hot-water/products/index.html","2026-07-21","収穫第1便"
"05712501b8ec","給湯器","コロナ 石油給湯機 UKB-NX460HAR NX-Hシリーズ 高圧力型貯湯式","台","catalog-2026-07","https://www.corona.co.jp/oil_hot-water/nx/ukb-nx460har.html","2026-07-21","収穫第1便"
"66c52870adc4","給湯器","コロナ 石油給湯機 UKB-NX460R NXシリーズ","台","catalog-2026-07","https://www.corona.co.jp/oil_hot-water/nx/ukb-nx460r.html","2026-07-21","収穫第1便"
"79c0aaf31d45","給湯器","コロナ 石油給湯機 UKB-NE460HAP-S エコフィールNE-Hシリーズ","台","catalog-2026-07","https://www.corona.co.jp/oil_hot-water/ecofeel/neh/ukb-ne460hap.html","2026-07-21","収穫第1便"
"8d7da6597c6e","給湯器","コロナ 石油給湯機 UKB-NE460AP-S エコフィールNEシリーズ","台","catalog-2026-07","https://www.corona.co.jp/oil_hot-water/ecofeel/ne/ukb-ne460ap.html","2026-07-21","収穫第1便"
"22ef9158e208","給湯器","コロナ 石油給湯機 NX-Hシリーズ 高圧力型貯湯式","台","catalog-2026-07","https://www.corona.co.jp/oil_hot-water/nxh/index.html","2026-07-21","収穫第1便"
"9d9d96347378","給湯器","コロナ 石油給湯機 エコフィールNE-Hシリーズ 高圧力型貯湯式","台","catalog-2026-07","https://www.corona.co.jp/oil_hot-water/ecofeel/neh/index.html","2026-07-21","収穫第1便"
"00e8d4ef7618","給湯器","コロナ エコキュート CHP-E37LUX1 370L フルオート マイクロバブル内蔵 高圧力","台","catalog-2026-07","https://www.corona.co.jp/eco/products/","2026-07-21","収穫第1便"
"7961b544a61f","給湯器","コロナ エコキュート CHP-ES46LUX1 460L フルオート マイクロバブル内蔵 スリム","台","catalog-2026-07","https://www.corona.co.jp/eco/products/","2026-07-21","収穫第1便"
"acf8d09df8d8","給湯器","コロナ エコキュート CHP-HXE37AZ2 370L フルオート プレミアム","台","catalog-2026-07","https://www.corona.co.jp/eco/products/","2026-07-21","収穫第1便"
"c50e7c8b3c28","給湯器","コロナ エコキュート CHP-HXE46AZ2 460L フルオート プレミアム","台","catalog-2026-07","https://www.corona.co.jp/eco/products/","2026-07-21","収穫第1便"
"b9d80e196265","給湯器","コロナ エコキュート CHP-HXE37AZ1 370L フルオート プレミアム","台","catalog-2026-07","https://www.corona.co.jp/eco/products/","2026-07-21","収穫第1便"
"9b3bca41c937","給湯器","コロナ エコキュート CHP-HXE46AZ1 460L フルオート プレミアム","台","catalog-2026-07","https://www.corona.co.jp/eco/products/","2026-07-21","収穫第1便"
"8315eae622cb","給湯器","コロナ エコキュート CHP-XE37AZ2 370L フルオート アドバンス","台","catalog-2026-07","https://www.corona.co.jp/eco/products/","2026-07-21","収穫第1便"
"f493a4ac5349","給湯器","コロナ エコキュート CHP-XE46AZ2 460L フルオート アドバンス","台","catalog-2026-07","https://www.corona.co.jp/eco/products/","2026-07-21","収穫第1便"
"df13b2d10805","給湯器","コロナ エコキュート CHP-E37AZ2 370L フルオート 高圧力パワフル給湯ハイグレード","台","catalog-2026-07","https://www.corona.co.jp/eco/products/","2026-07-21","収穫第1便"
"773eb416fa3c","給湯器","コロナ エコキュート CHP-E46AZ2 460L フルオート 高圧力パワフル給湯ハイグレード","台","catalog-2026-07","https://www.corona.co.jp/eco/products/","2026-07-21","収穫第1便"
"faa500f84913","給湯器","コロナ エコキュート CHP-E37AZ1 370L フルオート 高圧力パワフル給湯ハイグレード","台","catalog-2026-07","https://www.corona.co.jp/eco/products/","2026-07-21","収穫第1便"
"45f45ec02020","給湯器","コロナ エコキュート CHP-E46AZ1 460L フルオート 高圧力パワフル給湯ハイグレード","台","catalog-2026-07","https://www.corona.co.jp/eco/products/","2026-07-21","収穫第1便"
"fa044a4ea101","給湯器","コロナ エコキュート CHP-ES46AZ2 460L フルオート 高圧力・省スペーススリム","台","catalog-2026-07","https://www.corona.co.jp/eco/products/","2026-07-21","収穫第1便"
"2223f3b9d834","給湯器","コロナ エコキュート CHP-ES46AZ1 460L フルオート 高圧力・省スペーススリム","台","catalog-2026-07","https://www.corona.co.jp/eco/products/","2026-07-21","収穫第1便"
"ff37c564540b","給湯器","コロナ エコキュート CHP-37AZ2 370L フルオート ハイグレード","台","catalog-2026-07","https://www.corona.co.jp/eco/products/","2026-07-21","収穫第1便"
"df3ccfef63b4","給湯器","コロナ エコキュート CHP-37AZ2-2 370L フルオート ハイグレード","台","catalog-2026-07","https://www.corona.co.jp/eco/products/","2026-07-21","収穫第1便"
"aaa9d8ec67ef","給湯器","コロナ エコキュート CHP-46AZ2 460L フルオート ハイグレード","台","catalog-2026-07","https://www.corona.co.jp/eco/products/","2026-07-21","収穫第1便"
"1ee329a9918b","給湯器","コロナ エコキュート CHP-37AZ1 370L フルオート ハイグレード","台","catalog-2026-07","https://www.corona.co.jp/eco/products/","2026-07-21","収穫第1便"
"83f5cbad16c4","給湯器","コロナ エコキュート CHP-37AZ1-2 370L フルオート ハイグレード","台","catalog-2026-07","https://www.corona.co.jp/eco/products/","2026-07-21","収穫第1便"
"2327ec993b2e","給湯器","コロナ エコキュート CHP-46AZ1 460L フルオート ハイグレード","台","catalog-2026-07","https://www.corona.co.jp/eco/products/","2026-07-21","収穫第1便"
"8e9823503066","給湯器","コロナ エコキュート CHP-ED302AZ2 300L フルオート 薄型デザインエコ 高圧力","台","catalog-2026-07","https://www.corona.co.jp/eco/products/","2026-07-21","収穫第1便"
"240f1c8cf3df","給湯器","コロナ エコキュート CHP-ED302AZ1 300L フルオート 薄型デザインエコ 高圧力","台","catalog-2026-07","https://www.corona.co.jp/eco/products/","2026-07-21","収穫第1便"
"d00d65f3aced","給湯器","コロナ エコキュート CHP-E372AZ2 370L フルオート 薄型・省スペース 高圧力","台","catalog-2026-07","https://www.corona.co.jp/eco/products/","2026-07-21","収穫第1便"
"d8cd2612c4ff","給湯器","コロナ エコキュート CHP-E462AZ2 460L フルオート 薄型・省スペース 高圧力","台","catalog-2026-07","https://www.corona.co.jp/eco/products/","2026-07-21","収穫第1便"
"97586c28947b","給湯器","コロナ エコキュート CHP-E372AZ1 370L フルオート 薄型・省スペース 高圧力","台","catalog-2026-07","https://www.corona.co.jp/eco/products/","2026-07-21","収穫第1便"
"05e41fbbedf2","給湯器","コロナ エコキュート CHP-E462AZ1 460L フルオート 薄型・省スペース 高圧力","台","catalog-2026-07","https://www.corona.co.jp/eco/products/","2026-07-21","収穫第1便"
"4e7c10032527","給湯器","コロナ エコキュート CHP-37AZ2JE 370L フルオート 耐塩害仕様","台","catalog-2026-07","https://www.corona.co.jp/eco/products/","2026-07-21","収穫第1便"
"15f85c360d8d","給湯器","コロナ エコキュート CHP-46AZ2JE 460L フルオート 耐塩害仕様","台","catalog-2026-07","https://www.corona.co.jp/eco/products/","2026-07-21","収穫第1便"
"bf1ab6e9c83f","給湯器","コロナ エコキュート CHP-37AZ1JE 370L フルオート 耐塩害仕様","台","catalog-2026-07","https://www.corona.co.jp/eco/products/","2026-07-21","収穫第1便"
"2258392fa0a3","給湯器","コロナ エコキュート CHP-46AZ1JE 460L フルオート 耐塩害仕様","台","catalog-2026-07","https://www.corona.co.jp/eco/products/","2026-07-21","収穫第1便"
"7c53c3476688","給湯器","コロナ エコキュート CHP-37AZ2JJ 370L フルオート 耐重塩害仕様","台","catalog-2026-07","https://www.corona.co.jp/eco/products/","2026-07-21","収穫第1便"
"d96b9e74c202","給湯器","コロナ エコキュート CHP-46AZ2JJ 460L フルオート 耐重塩害仕様","台","catalog-2026-07","https://www.corona.co.jp/eco/products/","2026-07-21","収穫第1便"
"49ddae0fd48d","給湯器","コロナ エコキュート CHP-37AZ1JJ 370L フルオート 耐重塩害仕様","台","catalog-2026-07","https://www.corona.co.jp/eco/products/","2026-07-21","収穫第1便"
"1a1afbb4dfdf","給湯器","コロナ エコキュート CHP-46AZ1JJ 460L フルオート 耐重塩害仕様","台","catalog-2026-07","https://www.corona.co.jp/eco/products/","2026-07-21","収穫第1便"
"c1768f71311e","給湯器","コロナ エコキュート CHP-37SAZ2 370L オート スタンダード","台","catalog-2026-07","https://www.corona.co.jp/eco/products/","2026-07-21","収穫第1便"
"0c94739f4784","給湯器","コロナ エコキュート CHP-46SAZ2 460L オート スタンダード","台","catalog-2026-07","https://www.corona.co.jp/eco/products/","2026-07-21","収穫第1便"
"55182d43ef85","給湯器","コロナ エコキュート CHP-37SAZ1 370L オート スタンダード","台","catalog-2026-07","https://www.corona.co.jp/eco/products/","2026-07-21","収穫第1便"
"ebc39e065e84","給湯器","コロナ エコキュート CHP-46SAZ1 460L オート スタンダード","台","catalog-2026-07","https://www.corona.co.jp/eco/products/","2026-07-21","収穫第1便"
"aa1b90d29fe9","給湯器","コロナ エコキュート CHP-S30NZ2 300L 給湯専用 スリム","台","catalog-2026-07","https://www.corona.co.jp/eco/products/","2026-07-21","収穫第1便"
"fb278c2c3a88","給湯器","コロナ エコキュート CHP-37NZ2 370L 給湯専用 スタンダード","台","catalog-2026-07","https://www.corona.co.jp/eco/products/","2026-07-21","収穫第1便"
"b26f29e9d75a","給湯器","コロナ エコキュート CHP-S30NZ1 300L 給湯専用 スリム","台","catalog-2026-07","https://www.corona.co.jp/eco/products/","2026-07-21","収穫第1便"
"a2bc5c11e632","給湯器","コロナ エコキュート CHP-37NZ1 370L 給湯専用 スタンダード","台","catalog-2026-07","https://www.corona.co.jp/eco/products/","2026-07-21","収穫第1便"
"9236e7af502b","給湯器","コロナ エコキュート CHP-46NZ2 460L 給湯専用 スタンダード","台","catalog-2026-07","https://www.corona.co.jp/eco/products/","2026-07-21","収穫第1便"
"8da2b0ca3b2f","給湯器","コロナ エコキュート CHP-46NZ1 460L 給湯専用 スタンダード","台","catalog-2026-07","https://www.corona.co.jp/eco/products/","2026-07-21","収穫第1便"
"6f0d8622133d","給湯器","コロナ エコキュート CHP-37NZ2JJ 370L 給湯専用 耐重塩害仕様","台","catalog-2026-07","https://www.corona.co.jp/eco/products/","2026-07-21","収穫第1便"
"9469dbb9a201","給湯器","コロナ エコキュート CHP-46NZ2JJ 460L 給湯専用 耐重塩害仕様","台","catalog-2026-07","https://www.corona.co.jp/eco/products/","2026-07-21","収穫第1便"
"3fcc766bad90","給湯器","コロナ エコキュート CHP-37NZ1JJ 370L 給湯専用 耐重塩害仕様","台","catalog-2026-07","https://www.corona.co.jp/eco/products/","2026-07-21","収穫第1便"
"452a4d75e326","給湯器","コロナ エコキュート CHP-46NZ1JJ 460L 給湯専用 耐重塩害仕様","台","catalog-2026-07","https://www.corona.co.jp/eco/products/","2026-07-21","収穫第1便"
"672c3fbe7963","給湯器","コロナ エコキュート CHP-HXE37AZ2K 370L フルオート プレミアム 寒冷地","台","catalog-2026-07","https://www.corona.co.jp/eco/products/","2026-07-21","収穫第1便"
"585fdaaf5ed0","給湯器","コロナ エコキュート CHP-HXE46AZ2K 460L フルオート プレミアム 寒冷地","台","catalog-2026-07","https://www.corona.co.jp/eco/products/","2026-07-21","収穫第1便"
"0046d8c980a3","給湯器","コロナ エコキュート CHP-HXE37AZ1K 370L フルオート プレミアム 寒冷地","台","catalog-2026-07","https://www.corona.co.jp/eco/products/","2026-07-21","収穫第1便"
"2ea652f5218e","給湯器","コロナ エコキュート CHP-HXE46AZ1K 460L フルオート プレミアム 寒冷地","台","catalog-2026-07","https://www.corona.co.jp/eco/products/","2026-07-21","収穫第1便"
"9467de7f06e8","給湯器","コロナ エコキュート CHP-E37AZ2K 370L フルオート 高圧力ハイグレード 寒冷地","台","catalog-2026-07","https://www.corona.co.jp/eco/products/","2026-07-21","収穫第1便"
"d4a8ea2ffa0a","給湯器","コロナ エコキュート CHP-E37AZ1K 370L フルオート 高圧力ハイグレード 寒冷地","台","catalog-2026-07","https://www.corona.co.jp/eco/products/","2026-07-21","収穫第1便"
"1bd96d7685a7","給湯器","コロナ エコキュート CHP-ES46AZ2K 460L フルオート 高圧力スリム 寒冷地","台","catalog-2026-07","https://www.corona.co.jp/eco/products/","2026-07-21","収穫第1便"
"9af66fd7390f","給湯器","コロナ エコキュート CHP-ES46AZ1K 460L フルオート 高圧力スリム 寒冷地","台","catalog-2026-07","https://www.corona.co.jp/eco/products/","2026-07-21","収穫第1便"
"8f742007af23","給湯器","コロナ エコキュート CHP-S46AZ2K 460L フルオート スリム 寒冷地","台","catalog-2026-07","https://www.corona.co.jp/eco/products/","2026-07-21","収穫第1便"
"0ab45e3b3844","給湯器","コロナ エコキュート CHP-S46AZ2K-2 460L フルオート スリム 寒冷地","台","catalog-2026-07","https://www.corona.co.jp/eco/products/","2026-07-21","収穫第1便"
"429e77111924","給湯器","コロナ エコキュート CHP-S46AZ1K 460L フルオート スリム 寒冷地","台","catalog-2026-07","https://www.corona.co.jp/eco/products/","2026-07-21","収穫第1便"
"a5387c1d26e2","給湯器","コロナ エコキュート CHP-S46AZ1K-2 460L フルオート スリム 寒冷地","台","catalog-2026-07","https://www.corona.co.jp/eco/products/","2026-07-21","収穫第1便"
"62fc3d746f84","給湯器","コロナ エコキュート CHP-37AZ2K 370L フルオート ハイグレード 寒冷地","台","catalog-2026-07","https://www.corona.co.jp/eco/products/","2026-07-21","収穫第1便"
"e314069f6d4c","給湯器","コロナ エコキュート CHP-37AZ2K-2 370L フルオート ハイグレード 寒冷地","台","catalog-2026-07","https://www.corona.co.jp/eco/products/","2026-07-21","収穫第1便"
"e81c2841d05f","給湯器","コロナ エコキュート CHP-46AZ2K 460L フルオート ハイグレード 寒冷地","台","catalog-2026-07","https://www.corona.co.jp/eco/products/","2026-07-21","収穫第1便"
"4b54cbdebd13","給湯器","コロナ エコキュート CHP-37AZ1K 370L フルオート ハイグレード 寒冷地","台","catalog-2026-07","https://www.corona.co.jp/eco/products/","2026-07-21","収穫第1便"
"fabec31fd058","給湯器","コロナ エコキュート CHP-37AZ1K-2 370L フルオート ハイグレード 寒冷地","台","catalog-2026-07","https://www.corona.co.jp/eco/products/","2026-07-21","収穫第1便"
"5caea0a845fa","給湯器","コロナ エコキュート CHP-46AZ1K 460L フルオート ハイグレード 寒冷地","台","catalog-2026-07","https://www.corona.co.jp/eco/products/","2026-07-21","収穫第1便"
"329f74359a84","給湯器","コロナ エコキュート CHP-37NZ2K 370L 給湯専用 寒冷地","台","catalog-2026-07","https://www.corona.co.jp/eco/products/","2026-07-21","収穫第1便"
"b738d58dfa30","給湯器","コロナ エコキュート CHP-46NZ2K 460L 給湯専用 寒冷地","台","catalog-2026-07","https://www.corona.co.jp/eco/products/","2026-07-21","収穫第1便"
"b3706085c196","給湯器","コロナ エコキュート CHP-37NZ1K 370L 給湯専用 寒冷地","台","catalog-2026-07","https://www.corona.co.jp/eco/products/","2026-07-21","収穫第1便"
"6954f3f33be7","給湯器","コロナ エコキュート CHP-46NZ1K 460L 給湯専用 寒冷地","台","catalog-2026-07","https://www.corona.co.jp/eco/products/","2026-07-21","収穫第1便"
"a92695e24a67","給湯器","コロナ エコキュート CHP-S30AZ1-12 300L フルオート スリム 集合住宅・省施工仕様","台","catalog-2026-07","https://www.corona.co.jp/eco/products/","2026-07-21","収穫第1便"
"ba6805358552","給湯器","コロナ エコキュート CHP-S30AZ1JE-12 300L フルオート スリム 集合住宅・耐塩害仕様","台","catalog-2026-07","https://www.corona.co.jp/eco/products/","2026-07-21","収穫第1便"
"f452d8fb6bd3","給湯器","コロナ エコキュート CHP-S30AZ1JJ-12 300L フルオート スリム 集合住宅・耐重塩害仕様","台","catalog-2026-07","https://www.corona.co.jp/eco/products/","2026-07-21","収穫第1便"
"e54904e4575f","給湯器","コロナ エコキュート CHP-37AZ1-42 370L フルオート 集合住宅・標準仕様","台","catalog-2026-07","https://www.corona.co.jp/eco/products/","2026-07-21","収穫第1便"
"7c9afef37508","給湯器","コロナ エコキュート CHP-37AZ1E-42 370L フルオート 集合住宅・耐塩害仕様","台","catalog-2026-07","https://www.corona.co.jp/eco/products/","2026-07-21","収穫第1便"
"785811677f5b","給湯器","コロナ 電気温水器 UWH-46X2A2U-2 460L フルオート","台","catalog-2026-07","https://www.corona.co.jp/denon/products/index.html","2026-07-21","収穫第1便"
"fa21dbd6d3fe","給湯器","コロナ 電気温水器 UWH-37X2A2U-2 370L フルオート","台","catalog-2026-07","https://www.corona.co.jp/denon/products/index.html","2026-07-21","収穫第1便"
"9b7bb0a5e91b","給湯器","コロナ 電気温水器 UWH-46X2A2U-12 460L フルオート 省施工","台","catalog-2026-07","https://www.corona.co.jp/denon/products/index.html","2026-07-21","収穫第1便"
"24794149f7cc","給湯器","コロナ 電気温水器 UWH-37X2A2U-12 370L フルオート 省施工","台","catalog-2026-07","https://www.corona.co.jp/denon/products/index.html","2026-07-21","収穫第1便"
"54c8d90c5ad7","給湯器","コロナ 電気温水器 UWH-46SX1A2U 460L フルオート スリム","台","catalog-2026-07","https://www.corona.co.jp/denon/products/index.html","2026-07-21","収穫第1便"
"05caf19082ba","給湯器","コロナ 電気温水器 UWH-46X1SA2U 460L オート","台","catalog-2026-07","https://www.corona.co.jp/denon/products/index.html","2026-07-21","収穫第1便"
"e9943911a98a","給湯器","コロナ 電気温水器 UWH-37X1SA2U 370L オート","台","catalog-2026-07","https://www.corona.co.jp/denon/products/index.html","2026-07-21","収穫第1便"
"be6eca8fbea7","給湯器","コロナ 電気温水器 UWH-30X1SA2U 300L オート","台","catalog-2026-07","https://www.corona.co.jp/denon/products/index.html","2026-07-21","収穫第1便"
"64b503991664","給湯器","コロナ 電気温水器 UWH-46SX1SA2U 460L オート スリム","台","catalog-2026-07","https://www.corona.co.jp/denon/products/index.html","2026-07-21","収穫第1便"
"35e973252147","給湯器","コロナ 電気温水器 UWH-18X1SA1U 185L オート スリム 受注生産","台","catalog-2026-07","https://www.corona.co.jp/denon/products/index.html","2026-07-21","収穫第1便"
"39ce06b50682","給湯器","コロナ 電気温水器 UWH-37X1N2U 370L 給湯専用","台","catalog-2026-07","https://www.corona.co.jp/denon/products/index.html","2026-07-21","収穫第1便"
"328896e7cb4c","給湯器","コロナ 電気温水器 UWH-30X1N2U 300L 給湯専用","台","catalog-2026-07","https://www.corona.co.jp/denon/products/index.html","2026-07-21","収穫第1便"
"669819297892","給湯器","コロナ 電気温水器 UWH-37X1N1L2 370L 給湯専用 受注生産","台","catalog-2026-07","https://www.corona.co.jp/denon/products/index.html","2026-07-21","収穫第1便"
"cc9577c5da96","給湯器","コロナ 電気温水器 UWH-46SX1N2U 460L 給湯専用 スリム","台","catalog-2026-07","https://www.corona.co.jp/denon/products/index.html","2026-07-21","収穫第1便"
"2b08424e5823","給湯器","コロナ 電気温水器 UWH-18X1N1L2 185L 給湯専用 スリム 受注生産","台","catalog-2026-07","https://www.corona.co.jp/denon/products/index.html","2026-07-21","収穫第1便"
"bda53ff11ec5","給湯器","長府製作所 エコフィール 水道直圧式 給湯+強制追いだき","台","catalog-2026-07","https://www.chofu.co.jp/products/supply/list.php?cid=16","2026-07-21","収穫第1便"
"f069b7c933a4","給湯器","長府製作所 エコフィール 減圧式標準圧力型","台","catalog-2026-07","https://www.chofu.co.jp/products/supply/ecofeel_cat03.php","2026-07-21","収穫第1便"
"9bd5427f5d15","給湯器","長府製作所 石油給湯器 全カテゴリ","台","catalog-2026-07","https://www.chofu.co.jp/products/supply/oil_heat.php","2026-07-21","収穫第1便"
"0a24d2c8ff22","給湯器","長府製作所 エコキュート 一般地仕様","台","catalog-2026-07","https://www.chofu.co.jp/products/supply/list.php?cid=58","2026-07-21","収穫第1便"
"f8ec08ace882","給湯器","長府製作所 エコキュート 塩害地仕様","台","catalog-2026-07","https://www.chofu.co.jp/products/supply/list.php?cid=59","2026-07-21","収穫第1便"
"9ef28a7553a4","給湯器","長府製作所 エコキュート 寒冷地仕様","台","catalog-2026-07","https://www.chofu.co.jp/products/supply/list.php?cid=60","2026-07-21","収穫第1便"
"ebca66100235","給湯器","長府製作所 おひさまエコキュート","台","catalog-2026-07","https://www.chofu.co.jp/products/supply/solar_ecocute.php","2026-07-21","収穫第1便"
"39ae0fcd787d","給湯器","長府製作所 電気温水器","台","catalog-2026-07","https://www.chofu.co.jp/products/supply/list.php?cid=12","2026-07-21","収穫第1便"
"e08d0821a372","給湯器","ノーリツ 石油ふろ給湯機 OTQ-C06シリーズ エコフィール","台","catalog-2026-07","https://www.noritz.co.jp/product/kyutou_bath/oil/furo_eco/furo_c06.html","2026-07-21","収穫第1便"
"cb67aad09537","給湯器","ノーリツ 石油ふろ給湯機 OTQ-CG06シリーズ エコフィール","台","catalog-2026-07","https://www.noritz.co.jp/product/kyutou_bath/oil/furo_eco/furo_cg06.html","2026-07-21","収穫第1便"
"8162852392c7","給湯器","ノーリツ 石油ふろ給湯機 OTX-CHシリーズ エコフィール","台","catalog-2026-07","https://www.noritz.co.jp/product/kyutou_bath/oil/furo_eco/furo_ch.html","2026-07-21","収穫第1便"
"eb8deb873a5e","給湯器","ノーリツ 石油ふろ給湯機 OTQ-06シリーズ","台","catalog-2026-07","https://www.noritz.co.jp/product/kyutou_bath/oil/furo_eco/","2026-07-21","収穫第1便"
"726b061ff806","給湯器","ノーリツ 石油ふろ給湯機 OTQ-G06シリーズ","台","catalog-2026-07","https://www.noritz.co.jp/product/kyutou_bath/oil/furo_eco/","2026-07-21","収穫第1便"
"2511c135acf3","給湯器","ノーリツ 石油ふろ給湯機 OTX-Hシリーズ","台","catalog-2026-07","https://www.noritz.co.jp/product/kyutou_bath/oil/furo_eco/","2026-07-21","収穫第1便"
"263523612eb7","給湯器","ノーリツ 石油ふろ給湯機 OTXシリーズ","台","catalog-2026-07","https://www.noritz.co.jp/product/kyutou_bath/oil/furo_eco/","2026-07-21","収穫第1便"
"0630fd99f861","給湯器","ノーリツ 石油給湯機 OQB-C06シリーズ エコフィール 給湯専用 4万キロ","台","catalog-2026-07","https://www.noritz.co.jp/product/kyutou_bath/oil/kyutou_eco/kyutou_c06.html","2026-07-21","収穫第1便"
"064d80d1f342","給湯器","ノーリツ 石油給湯機 OQB-C4711シリーズ エコフィール 給湯専用 4万キロ","台","catalog-2026-07","https://www.noritz.co.jp/product/kyutou_bath/oil/kyutou_eco/kyutou_c4711.html","2026-07-21","収穫第1便"
"b87ecc200d62","給湯器","ノーリツ 石油給湯機 OQB-CG06シリーズ エコフィール 給湯専用 4万キロ","台","catalog-2026-07","https://www.noritz.co.jp/product/kyutou_bath/oil/kyutou_eco/","2026-07-21","収穫第1便"
"e0ee614ba4a4","給湯器","ノーリツ 石油給湯機 OX-CHシリーズ エコフィール セミ貯湯式高圧力型 4万キロ","台","catalog-2026-07","https://www.noritz.co.jp/product/kyutou_bath/oil/kyutou_eco/","2026-07-21","収穫第1便"
"a91133d9743f","給湯器","ノーリツ 石油給湯機 OX-Cシリーズ エコフィール セミ貯湯式 4万キロ","台","catalog-2026-07","https://www.noritz.co.jp/product/kyutou_bath/oil/kyutou_eco/","2026-07-21","収穫第1便"
"d7ed9d39b067","給湯器","ノーリツ 石油給湯機 OQB-06シリーズ 標準 給湯専用 3万キロ","台","catalog-2026-07","https://www.noritz.co.jp/product/kyutou_bath/oil/kyutou_eco/","2026-07-21","収穫第1便"
"00bea0a4335e","給湯器","ノーリツ 石油給湯機 OQB-G06シリーズ 標準 給湯専用 3万キロ","台","catalog-2026-07","https://www.noritz.co.jp/product/kyutou_bath/oil/kyutou_eco/","2026-07-21","収穫第1便"
"9526ef2c17c7","給湯器","ノーリツ 石油給湯機 OX-Hシリーズ 標準 セミ貯湯式 4万キロ","台","catalog-2026-07","https://www.noritz.co.jp/product/kyutou_bath/oil/kyutou_eco/","2026-07-21","収穫第1便"
"feee45d53bdf","給湯器","ノーリツ 石油給湯機 OXシリーズ 標準 セミ貯湯式 3万キロ","台","catalog-2026-07","https://www.noritz.co.jp/product/kyutou_bath/oil/kyutou_eco/","2026-07-21","収穫第1便"
"83a34ed9d518","給湯器","ノーリツ 石油給湯機 OQB-C4706Y エコフィール 給湯専用","台","catalog-2026-07","https://www.noritz.co.jp/product/kyutou_bath/oil/kyutou_eco/","2026-07-21","収穫第1便"
"aa319cda92e1","給湯器","ノーリツ 石油給湯機 OQB-C4711WS エコフィール 給湯専用","台","catalog-2026-07","https://www.noritz.co.jp/product/kyutou_bath/oil/kyutou_eco/","2026-07-21","収穫第1便"
"35c9bf81d2a7","給湯器","ノーリツ 石油給湯機 OQB-CG4706WFF エコフィール 給湯専用 FF式","台","catalog-2026-07","https://www.noritz.co.jp/product/kyutou_bath/oil/kyutou_eco/","2026-07-21","収穫第1便"
"14cf6298583e","給湯器","ノーリツ 石油給湯機 OX-CH4502YSV エコフィール セミ貯湯式高圧力型 給湯専用","台","catalog-2026-07","https://www.noritz.co.jp/product/kyutou_bath/oil/kyutou_eco/","2026-07-21","収穫第1便"
"58d6708793ff","給湯器","パナソニック エコキュート HE-JPU37LQS 370L ウルトラ高圧フルオート JPシリーズ","台","catalog-2026-07","https://sumai.panasonic.jp/hp/lineup/","2026-07-21","収穫第1便"
"98f15b228937","給湯器","パナソニック エコキュート HE-JPU46LQS 460L ウルトラ高圧フルオート JPシリーズ","台","catalog-2026-07","https://sumai.panasonic.jp/hp/lineup/","2026-07-21","収穫第1便"
"feca4d18aeb8","給湯器","パナソニック エコキュート HE-JU37LQS 370L ウルトラ高圧フルオート Jシリーズ","台","catalog-2026-07","https://sumai.panasonic.jp/hp/lineup/","2026-07-21","収穫第1便"
"6277029d907a","給湯器","パナソニック エコキュート HE-JU46LQS 460L ウルトラ高圧フルオート Jシリーズ","台","catalog-2026-07","https://sumai.panasonic.jp/hp/lineup/","2026-07-21","収穫第1便"
"420fa1bd14a3","給湯器","パナソニック エコキュート HE-N37LQS 370L フルオート Nシリーズ","台","catalog-2026-07","https://sumai.panasonic.jp/hp/lineup/","2026-07-21","収穫第1便"
"6bd60c4fc3e1","給湯器","パナソニック エコキュート HE-N46LQS 460L フルオート Nシリーズ","台","catalog-2026-07","https://sumai.panasonic.jp/hp/lineup/","2026-07-21","収穫第1便"
"186ee9df81d8","給湯器","パナソニック エコキュート HE-S37LQS 370L 高圧フルオート Sシリーズ","台","catalog-2026-07","https://sumai.panasonic.jp/hp/lineup/","2026-07-21","収穫第1便"
"3fb06de2527a","給湯器","パナソニック エコキュート HE-S46LQS 460L 高圧フルオート Sシリーズ","台","catalog-2026-07","https://sumai.panasonic.jp/hp/lineup/","2026-07-21","収穫第1便"
"d8a6358aa1a8","給湯器","パナソニック エコキュート HE-WU37LQS 370L 薄型パワフル高圧フルオート Wシリーズ","台","catalog-2026-07","https://sumai.panasonic.jp/hp/lineup/","2026-07-21","収穫第1便"
"b38119aa4e0d","給湯器","パナソニック エコキュート HE-WU46LQS 460L 薄型パワフル高圧フルオート Wシリーズ","台","catalog-2026-07","https://sumai.panasonic.jp/hp/lineup/","2026-07-21","収穫第1便"
"84587e9f72bd","給湯器","パナソニック エコキュート HE-J37LQS 370L 高圧フルオート Jシリーズ","台","catalog-2026-07","https://sumai.panasonic.jp/hp/lineup/","2026-07-21","収穫第1便"
"8e5f966eee05","給湯器","パナソニック エコキュート HE-J46LQS 460L 高圧フルオート Jシリーズ","台","catalog-2026-07","https://sumai.panasonic.jp/hp/lineup/","2026-07-21","収穫第1便"
"04676aab6baa","給湯器","パナソニック エコキュート HE-C30LQS 300L 高圧フルオート Cシリーズ","台","catalog-2026-07","https://sumai.panasonic.jp/hp/lineup/","2026-07-21","収穫第1便"
"c9762124d98a","給湯器","パナソニック エコキュート HE-B56HQS 560L 高圧フルオート Bシリーズ","台","catalog-2026-07","https://sumai.panasonic.jp/hp/lineup/","2026-07-21","収穫第1便"
"b98c03798b27","給湯器","パナソニック エコキュート HE-W46LQS 460L 薄型高圧フルオート Wシリーズ","台","catalog-2026-07","https://sumai.panasonic.jp/hp/lineup/","2026-07-21","収穫第1便"
"c4ebbe4896c2","給湯器","パナソニック エコキュート HE-W37LQS 370L 薄型高圧フルオート Wシリーズ","台","catalog-2026-07","https://sumai.panasonic.jp/hp/lineup/","2026-07-21","収穫第1便"
"9b7b9e301a94","給湯器","パナソニック エコキュート HE-H46LQS 460L 薄型高圧フルオート Hシリーズ","台","catalog-2026-07","https://sumai.panasonic.jp/hp/lineup/","2026-07-21","収穫第1便"
"cd3243cd83a3","給湯器","パナソニック エコキュート HE-H37LQS 370L 薄型高圧フルオート Hシリーズ","台","catalog-2026-07","https://sumai.panasonic.jp/hp/lineup/","2026-07-21","収穫第1便"
"deff82fca87a","給湯器","パナソニック エコキュート HE-V20HQCS 195L コンパクト高圧フルオート Vシリーズ","台","catalog-2026-07","https://sumai.panasonic.jp/hp/lineup/","2026-07-21","収穫第1便"
"66b0c5c199c6","給湯器","パナソニック エコキュート HE-D46FQS 460L 床暖房機能付高圧フルオート DFシリーズ","台","catalog-2026-07","https://sumai.panasonic.jp/hp/lineup/","2026-07-21","収穫第1便"
"21ad524fc28d","給湯器","パナソニック エコキュート HE-D37FQS 370L 床暖房機能付高圧フルオート DFシリーズ","台","catalog-2026-07","https://sumai.panasonic.jp/hp/lineup/","2026-07-21","収穫第1便"
"be32c68ab47b","給湯器","パナソニック エコキュート HE-FPU46LQS 460L ウルトラ高圧フルオート FPシリーズ 寒冷地","台","catalog-2026-07","https://sumai.panasonic.jp/hp/lineup/","2026-07-21","収穫第1便"
"adfa4ae3e77d","給湯器","パナソニック エコキュート HE-FPU37LQS 370L ウルトラ高圧フルオート FPシリーズ 寒冷地","台","catalog-2026-07","https://sumai.panasonic.jp/hp/lineup/","2026-07-21","収穫第1便"
"7c3c4d314d4a","給湯器","パナソニック エコキュート HE-FU46LQS 460L ウルトラ高圧フルオート Fシリーズ 寒冷地","台","catalog-2026-07","https://sumai.panasonic.jp/hp/lineup/","2026-07-21","収穫第1便"
"b6463aef3aa8","給湯器","パナソニック エコキュート HE-FU37LQS 370L ウルトラ高圧フルオート Fシリーズ 寒冷地","台","catalog-2026-07","https://sumai.panasonic.jp/hp/lineup/","2026-07-21","収穫第1便"
"84ae841aea1b","給湯器","パナソニック エコキュート HE-F46LQS 460L 高圧フルオート Fシリーズ 寒冷地","台","catalog-2026-07","https://sumai.panasonic.jp/hp/lineup/","2026-07-21","収穫第1便"
"976750c148f5","給湯器","パナソニック エコキュート HE-F37LQS 370L 高圧フルオート Fシリーズ 寒冷地","台","catalog-2026-07","https://sumai.panasonic.jp/hp/lineup/","2026-07-21","収穫第1便"
"9b026697eb97","給湯器","パナソニック エコキュート HE-LS46LQS 460L 高圧フルオート LSシリーズ 寒冷地","台","catalog-2026-07","https://sumai.panasonic.jp/hp/lineup/","2026-07-21","収穫第1便"
"dbdde3475ed2","給湯器","パナソニック エコキュート HE-LS37LQS 370L 高圧フルオート LSシリーズ 寒冷地","台","catalog-2026-07","https://sumai.panasonic.jp/hp/lineup/","2026-07-21","収穫第1便"
"e8bec2acfbc9","給湯器","パナソニック エコキュート HE-F46LZMS 460L 給湯専用 Fシリーズ 寒冷地","台","catalog-2026-07","https://sumai.panasonic.jp/hp/lineup/","2026-07-21","収穫第1便"
"b77bdae54da8","給湯器","パナソニック エコキュート HE-F37LZMS 370L 給湯専用 Fシリーズ 寒冷地","台","catalog-2026-07","https://sumai.panasonic.jp/hp/lineup/","2026-07-21","収穫第1便"
"a36cfeb730a1","給湯器","パナソニック エコキュート HE-F46LQES 460L 高圧フルオート Fシリーズ 寒冷地・耐塩害仕様","台","catalog-2026-07","https://sumai.panasonic.jp/hp/lineup/","2026-07-21","収穫第1便"
"d441963182e4","給湯器","パナソニック エコキュート HE-F37LQES 370L 高圧フルオート Fシリーズ 寒冷地・耐塩害仕様","台","catalog-2026-07","https://sumai.panasonic.jp/hp/lineup/","2026-07-21","収穫第1便"
"bf7df31b8b6a","給湯器","パナソニック エコキュート HE-SU37LQES 370L ウルトラ高圧フルオート Sシリーズ 耐塩害仕様","台","catalog-2026-07","https://sumai.panasonic.jp/hp/lineup/","2026-07-21","収穫第1便"
"4594dcd37780","給湯器","パナソニック エコキュート HE-SU46LQES 460L ウルトラ高圧フルオート Sシリーズ 耐塩害仕様","台","catalog-2026-07","https://sumai.panasonic.jp/hp/lineup/","2026-07-21","収穫第1便"
"1c085c894556","給湯器","パナソニック エコキュート HE-J37LQES 370L 高圧フルオート Jシリーズ 耐塩害仕様","台","catalog-2026-07","https://sumai.panasonic.jp/hp/lineup/","2026-07-21","収穫第1便"
"520851b8ab74","給湯器","パナソニック エコキュート HE-J46LQES 460L 高圧フルオート Jシリーズ 耐塩害仕様","台","catalog-2026-07","https://sumai.panasonic.jp/hp/lineup/","2026-07-21","収穫第1便"
"5e96315df5a0","給湯器","パナソニック エコキュート HE-C30LQES 300L 高圧フルオート Cシリーズ 耐塩害仕様","台","catalog-2026-07","https://sumai.panasonic.jp/hp/lineup/","2026-07-21","収穫第1便"
"ff985b82c1c5","給湯器","パナソニック エコキュート HE-S37LQES 370L 高圧フルオート Sシリーズ 耐塩害仕様","台","catalog-2026-07","https://sumai.panasonic.jp/hp/lineup/","2026-07-21","収穫第1便"
"28974134f5b2","給湯器","パナソニック エコキュート HE-S46LQES 460L 高圧フルオート Sシリーズ 耐塩害仕様","台","catalog-2026-07","https://sumai.panasonic.jp/hp/lineup/","2026-07-21","収穫第1便"
"0bb3efd8c4ee","給湯器","パナソニック エコキュート HE-D46FQES 460L 床暖房機能付高圧フルオート DFシリーズ 耐塩害仕様","台","catalog-2026-07","https://sumai.panasonic.jp/hp/lineup/","2026-07-21","収穫第1便"
"4ad22cb9ecdf","給湯器","パナソニック エコキュート HE-D37FQES 370L 床暖房機能付高圧フルオート DFシリーズ 耐塩害仕様","台","catalog-2026-07","https://sumai.panasonic.jp/hp/lineup/","2026-07-21","収穫第1便"
"be9b023c6114","給湯器","パナソニック おひさまエコキュート HE-YU37LQV 370L ウルトラ高圧フルオート Yシリーズ","台","catalog-2026-07","https://sumai.panasonic.jp/hp/lineup/","2026-07-21","収穫第1便"
"b9c4e6670c90","給湯器","パナソニック おひさまエコキュート HE-YU46LQV 460L ウルトラ高圧フルオート Yシリーズ","台","catalog-2026-07","https://sumai.panasonic.jp/hp/lineup/","2026-07-21","収穫第1便"
"349caf6437ca","給湯器","パナソニック おひさまエコキュート HE-YWU46LQV 460L 薄型パワフル高圧フルオート YWシリーズ","台","catalog-2026-07","https://sumai.panasonic.jp/hp/lineup/","2026-07-21","収穫第1便"
"97e134f5beb1","給湯器","パナソニック おひさまエコキュート HE-YWU37LQV 370L 薄型パワフル高圧フルオート YWシリーズ","台","catalog-2026-07","https://sumai.panasonic.jp/hp/lineup/","2026-07-21","収穫第1便"
"1f18b850db96","給湯器","パナソニック おひさまエコキュート HE-Y37LQV 370L 高圧フルオート Yシリーズ","台","catalog-2026-07","https://sumai.panasonic.jp/hp/lineup/","2026-07-21","収穫第1便"
"0a9db179f205","給湯器","パナソニック おひさまエコキュート HE-Y46LQV 460L 高圧フルオート Yシリーズ","台","catalog-2026-07","https://sumai.panasonic.jp/hp/lineup/","2026-07-21","収穫第1便"
"7200006b4efc","給湯器","パナソニック おひさまエコキュート HE-YL37LQV 370L 高圧フルオート YLシリーズ 寒冷地","台","catalog-2026-07","https://sumai.panasonic.jp/hp/lineup/","2026-07-21","収穫第1便"
"b2cfe269ea82","給湯器","パナソニック おひさまエコキュート HE-YL46LQV 460L 高圧フルオート YLシリーズ 寒冷地","台","catalog-2026-07","https://sumai.panasonic.jp/hp/lineup/","2026-07-21","収穫第1便"
"9d4df52518a3","給湯器","パナソニック エコキュート HE-SU46LQS 460L ウルトラ高圧フルオート Sシリーズ","台","catalog-2026-07","https://sumai.panasonic.jp/hp/lineup/product.php?id=ippan_uk_sl_460","2026-07-21","収穫第1便"
"e0a969b8a985","給湯器","パナソニック エコキュート HE-SU46LQMS 460L ウルトラ高圧フルオート Sシリーズ","台","catalog-2026-07","https://sumai.panasonic.jp/hp/lineup/product.php?id=ippan_uk_sl_460","2026-07-21","収穫第1便"
"0bfe2e78d9d4","給湯器","パナソニック エコキュート HE-S46LQMS 460L 高圧フルオート Sシリーズ","台","catalog-2026-07","https://sumai.panasonic.jp/hp/lineup/product.php?id=ippan_fa_sl_460","2026-07-21","収穫第1便"
"8bbfe3bf2c92","給湯器","パナソニック エコキュート HE-J46LSS 460L セミオート Jシリーズ","台","catalog-2026-07","https://sumai.panasonic.jp/hp/lineup/product.php?id=ippan_sa_jl_460","2026-07-21","収穫第1便"
"a2f3cd96a7b2","給湯器","パナソニック エコキュート HE-J46LSMS 460L セミオート Jシリーズ","台","catalog-2026-07","https://sumai.panasonic.jp/hp/lineup/product.php?id=ippan_sa_jl_460","2026-07-21","収穫第1便"
"631a82cff749","給湯器","パナソニック エコキュート HE-J46LZS 460L 給湯専用 Jシリーズ","台","catalog-2026-07","https://sumai.panasonic.jp/hp/lineup/product.php?id=ippan_ks_jl_460","2026-07-21","収穫第1便"
"e6d37bdeacdc","給湯器","パナソニック エコキュート HE-J46LZMS 460L 給湯専用 Jシリーズ","台","catalog-2026-07","https://sumai.panasonic.jp/hp/lineup/product.php?id=ippan_ks_jl_460","2026-07-21","収穫第1便"
"073936805f29","給湯器","三菱電機 エコキュート Pシリーズ 一般地向け","台","catalog-2026-07","https://www.mitsubishielectric.co.jp/home/ecocute/product/p/index.html","2026-07-21","収穫第1便"
"bc58c07e7473","給湯器","三菱電機 エコキュート Sシリーズ 一般地向け","台","catalog-2026-07","https://www.mitsubishielectric.co.jp/home/ecocute/product/s/index.html","2026-07-21","収穫第1便"
"e5f4d029dec5","給湯器","三菱電機 エコキュート Vシリーズ 180L-550L 一般地/寒冷地/コンパクト/薄型","台","catalog-2026-07","https://www.mitsubishielectric.co.jp/home/ecocute/product/index.html","2026-07-21","収穫第1便"
"3d8941639561","給湯器","ダイキン エコキュート フルオートタイプ 460L 角型 パワフル高圧330kPa","台","catalog-2026-07","https://www.ac.daikin.co.jp/sumai/alldenka/ecocute/lineup","2026-07-21","収穫第1便"
"95001f7dec9b","給湯器","ダイキン エコキュート フルオートタイプ 370L 角型","台","catalog-2026-07","https://www.ac.daikin.co.jp/sumai/alldenka/ecocute/lineup","2026-07-21","収穫第1便"
"a77dfa5c88d6","給湯器","ダイキン エコキュート フルオートタイプ 薄型","台","catalog-2026-07","https://www.ac.daikin.co.jp/sumai/alldenka/ecocute/lineup","2026-07-21","収穫第1便"
"2aea673ae917","給湯器","ダイキン エコキュート オートタイプ","台","catalog-2026-07","https://www.ac.daikin.co.jp/sumai/alldenka/ecocute/lineup","2026-07-21","収穫第1便"
"4dd63e693d21","給湯器","ダイキン エコキュート 給湯専用らくタイプ","台","catalog-2026-07","https://www.ac.daikin.co.jp/sumai/alldenka/ecocute/lineup","2026-07-21","収穫第1便"
"05b9e9f04ab9","給湯器","日立 エコキュート BHP-FG37XU フルオート FGタイプ 一般地仕様","台","catalog-2026-07","https://kadenfan.hitachi.co.jp/kyutou/pdf/full.pdf","2026-07-21","収穫第1便"
"3e1ec27123d6","給湯器","東芝 エコキュート ESTIA HWH-B376HW-R フルオート","台","catalog-2026-07","https://toshiba-carrier.co.jp/products/small/eco/lineup/b376hw.htm","2026-07-21","収穫第1便"
"639136fa0601","給湯器","東芝 エコキュート ESTIA HWH-B466N-R フルオート","台","catalog-2026-07","https://www.toshiba-carrier.co.jp/products/small/eco/lineup/b466n.htm","2026-07-21","収穫第1便"
"39e46c57f79c","給湯器","東芝 エコキュート ESTIA HWH-F376H-R フルオート","台","catalog-2026-07","https://www.toshiba-carrier.co.jp/products/small/eco/lineup/f376h.htm","2026-07-21","収穫第1便"
"4b974128a73b","給湯器","東芝 エコキュート ESTIA HWH-B466H フルオート","台","catalog-2026-07","https://www.toshiba-carrier.co.jp/products/small/eco/lineup/pdf/b466h.pdf","2026-07-21","収穫第1便"
"9e11b00faf35","給湯器","東芝 エコキュート ESTIA HWH-B466H-GZ 耐重塩害仕様","台","catalog-2026-07","https://www.toshiba-carrier.co.jp/products/small/eco/lineup/pdf/b466h.pdf","2026-07-21","収穫第1便"
